page,indexed,icao_index,icao_header,icao_conflict,chart_number,number_seen_on_pdf,chart_name,index_category,detected_category,proposed_category,confidence,decision,needs_review,review_reason,signal,has_pdf_text,not_to_scale,printed_from_jeppview,has_bracketed_code,has_tilde,page_width,page_height,text_chars,top_header
1,True,OIAA,OIAA,False,,False,AIRPORT INFORMATION,AIRPORT,AIRPORT,AIRPORT,88,MATCH,False,independently_consistent,airport_header,True,False,True,False,False,612.0,792.0,1753,"General Information Location: ABADAN IRN ICAO/IATA: OIAA / ABD Lat/Long: N30° 22.3', E048° 13.7' Elevation: 8 ft Airport Use: Public Daylight Savings: Not Observed UTC Conversion: -3:30 = UTC Magnetic Variation: 4.0° E Fuel Types: Jet A-1 Customs: Yes General Information Location: ABADAN IRN ICAO/IATA: OIAA / ABD Lat/Long: N30° 22.3', E048° 13.7' E"
2,True,OIAA,OIAA,False,10-2,True,"BOPIS 1N, BOPIS 2P, DEMPO 1N, DEMPO 2P, GABSU 2N, GABSU 2P",STAR,STAR,STAR,98,MATCH,False,independently_consistent,printed_STAR_header,True,True,True,False,False,612.0,792.0,5211,"GABSU 202^ OIAA/ABD 10-2 .STAR. ABADAN ABADAN, IRAN JEPPESEN N, 2P Alt Set: hPa Trans level: By ATC Trans alt: 5000' 31 MAR 23 126.850 ATIS 8' Apt Elev 120.2 BAGHDAD Approach 1. Actual descent clearance will be as directed by ATC. 2. Aircraft executing instrument approach procedure to Abadan airport and will route within 5NM from Baghdad FIR shall "
3,True,OIAA,OIAA,False,10-2A,True,"BOPIS 2T, DEMPO 2T, GABSU 2T",STAR,STAR,STAR,98,MATCH,False,independently_consistent,printed_STAR_header,True,True,True,False,False,612.0,792.0,4601,"GABSU 202^ OIAA/ABD .STAR. ABADAN ABADAN, IRAN JEPPESEN 10-2A 2T 31 MAR 23 Alt Set: hPa Trans level: By ATC Trans alt: 5000' ATIS 126.850 Apt Elev 8' 120.2 Approach BAGHDAD 1. Actual descent clearance will be as directed by ATC. 2. Aircraft executing instrument approach procedure to Abadan airport and will route within 5NM from Baghdad FIR shall co"
4,True,OIAA,OIAA,False,10-2B,True,"BOPIS 1Q, DEMPO 1Q, IBSAL 1N, IBSAL 1Q",STAR,STAR,STAR,98,MATCH,False,independently_consistent,printed_STAR_header,True,True,True,False,False,612.0,792.0,4925,"OIAA/ABD .STAR. ABADAN ABADAN, IRAN JEPPESEN 10-2B 31 MAR 23 Alt Set: hPa Trans level: By ATC Trans alt: 5000' ATIS 126.850 Apt Elev 8' 120.2 BAGHDAD Approach 1. Actual descent clearance will be as directed by ATC. 2. Aircraft executing instrument approach procedure to Abadan airport and will route within 5NM from Baghdad FIR shall contact BAGHDAD "
5,True,OIAA,OIAA,False,10-3,True,"BOPIS 2G, BOPIS 2H, DEMPO 2G, DEMPO 2H",SID,SID,SID,98,MATCH,False,independently_consistent,printed_SID_header,True,True,True,False,False,612.0,792.0,2250,".SID. OIAA/ABD 10-3 ABADAN ABADAN, IRAN Apt Elev Trans level: By ATC Trans alt: 5000' JEPPESEN 8' 31 MAR 23 MSA ABD VOR 3000 BOPIS 2G [BOPI2G], BOPIS 2H [BOPI2H] DEMPO 2G [DEMP2G], DEMPO 2H [DEMP2H] DEPARTURES (ALL RWYS)"
6,True,OIAA,OIAA,False,10-3A,True,"BOPIS 1K, BOPIS 1L, DEMPO 2K, DEMPO 2L",SID,SID,SID,98,MATCH,False,independently_consistent,printed_SID_header,True,True,True,False,False,612.0,792.0,2226,".SID. OIAA/ABD ABADAN ABADAN, IRAN Apt Elev Trans level: By ATC Trans alt: 5000' JEPPESEN 10-3A 8' 31 MAR 23 MSA ABD NDB 3000 NOT TO SCALE BOPIS 1K [BOPI1K], BOPIS 1L [BOPI1L] DEMPO 2K [DEMP2K], DEMPO 2L [DEMP2L] DEPARTURES (ALL RWYS)"
7,True,OIAA,OIAA,False,10-3B,True,"GABSU 2G, GABSU 2H, IBSAL 2G, IBSAL 2H",SID,SID,SID,98,MATCH,False,independently_consistent,printed_SID_header,True,True,True,False,False,612.0,792.0,2337,".SID. OIAA/ABD ABADAN ABADAN, IRAN GABSU Apt Elev Trans level: By ATC Trans alt: 5000' JEPPESEN 8' 10-3B 31 MAR 23 MSA ABD VOR 3000 IBSAL 2G [IBSA2G], IBSAL 2H [IBSA2H] GABSU 2G [GABS2G], GABSU 2H [GABS2H] DEPARTURES (ALL RWYS)"
8,True,OIAA,OIAA,False,10-3C,True,"GABSU 2K, GABSU 2L, IBSAL 1K, IBSAL 1L",SID,SID,SID,98,MATCH,False,independently_consistent,printed_SID_header,True,True,True,False,False,612.0,792.0,2402,".SID. OIAA/ABD ABADAN ABADAN, IRAN GABSU Apt Elev Trans level: By ATC Trans alt: 5000' JEPPESEN 10-3C 8' L 31 MAR 23 MSA ABD NDB 3000 GABSU 2K [GABS2K], GABSU 2L [GABS2L] DEPARTURES IBSAL 1K [IBSA1K], IBSAL 1L [IBSA1L] (ALL RWYS)"
9,True,OIAA,OIAA,False,10-9,True,Airport Diagram Chart (ADC),AIRPORT,AIRPORT,AIRPORT,96,MATCH,False,independently_consistent,Jeppesen_10_20_airport_series,True,False,True,False,False,612.0,792.0,4473,"Apt Elev 10-9 ABADAN, IRAN ABADAN OIAA/ABD Elev 8' Stopway 197'60m 30-23 30-23 48-13 48-14 48-15 118.1 121.8 JEPPESEN NDB B E H G K 8' 04^E 13 DEC 24"
10,True,OIAA,OIAA,False,11-1,True,ILS Z OR LOC Z RWY 32L,APP,APP,APP,84,MATCH,False,independently_consistent,Jeppesen_approach_number_series,True,False,True,False,False,612.0,792.0,6517,"MISSED APCH: 11-1 ABADAN, IRAN ABADAN LOC IABD 109.9 Final Apch Crs 321^ DA(H) 10 OIAA/ABD Alt Set: hPa Rwy Elev: 0 hPa Trans level: By ATC Trans alt: 5000' BRIEFING STRIP TM JEPPESEN 118.1 121.8 118.7 BASRAH Tower 318^"
11,True,OIAA,OIAA,False,11-2,True,ILS Y OR LOC Y RWY 32L,APP,APP,APP,84,MATCH,False,independently_consistent,Jeppesen_approach_number_series,True,False,True,False,False,612.0,792.0,6780,"IRAN IRAQ OI(R)-19 MISSED APCH: 11-2 ABADAN, IRAN ABADAN 10 OIAA/ABD Alt Set: hPa Rwy Elev: 0 hPa Trans level: By ATC Trans alt: 5000' BRIEFING STRIP TM JEPPESEN 118.1 121.8 118.7 BASRAH Tower 24 FEB 23 126.850 ATIS ABADAN Tower ABADAN"
12,True,OIAA,OIAA,False,13-1,True,VOR Z RWY 14R,APP,APP,APP,84,MATCH,False,independently_consistent,Jeppesen_approach_number_series,True,True,True,False,False,612.0,792.0,6474,"341^ IRAN IRAQ MISSED APCH: 13-1 ABADAN, IRAN ABADAN VOR ABD 115.1 Final Apch Crs 150^ D5.0 1600'(1592') 650'(642') Apt Elev 10 15 OIAA/ABD Alt Set: hPa Apt Elev: 0 hPa Trans level: By ATC Trans alt: 5000'"
13,True,OIAA,OIAA,False,13-2,True,VOR Y RWY 14R,APP,APP,APP,84,MATCH,False,independently_consistent,Jeppesen_approach_number_series,True,False,True,False,False,612.0,792.0,6306,"IRAN IRAQ MISSED APCH: 13-2 ABADAN, IRAN ABADAN VOR ABD 115.1 Final Apch Crs 150^ D3.0 1000' 650'(642') Apt Elev 10 150 OIAA/ABD Alt Set: hPa Apt Elev: 0 hPa Trans level: By ATC Trans alt: 5000' BRIEFING STRIP"
14,True,OIAA,OIAA,False,13-3,True,VOR X RWY 14R,APP,APP,APP,84,MATCH,False,independently_consistent,Jeppesen_approach_number_series,True,False,True,False,False,612.0,792.0,6255,"IRAN IRAQ MISSED APCH: 13-3 ABADAN, IRAN ABADAN VOR ABD 115.1 Final Apch Crs 150^ 650'(642') Apt Elev 10 OIAA/ABD Alt Set: hPa Apt Elev: 0 hPa Trans level: By ATC Trans alt: 5000' BRIEFING STRIP TM JEPPESEN 118.1"
15,True,OIAA,OIAA,False,13-4,True,VOR Z RWY 32L,APP,APP,APP,84,MATCH,False,independently_consistent,Jeppesen_approach_number_series,True,False,True,False,False,612.0,792.0,6203,"IRAQ IRAN MISSED APCH: 13-4 ABADAN, IRAN ABADAN VOR ABD 115.1 Final Apch Crs 318^ D5.0 1200' 750'(742') Apt Elev 10 OIAA/ABD Alt Set: hPa Apt Elev: 0 hPa Trans level: By ATC Trans alt: 5000' BRIEFING STRIP TM"
16,True,OIAA,OIAA,False,13-5,True,VOR Y RWY 32L,APP,APP,APP,84,MATCH,False,independently_consistent,Jeppesen_approach_number_series,True,False,True,False,False,612.0,792.0,5881,"IRAQ IRAN OI(R)-19 MISSED APCH: 13-5 ABADAN, IRAN ABADAN VOR ABD 115.1 Final Apch Crs 318^ D5.0 1200' 750'(742') Apt Elev 10 OIAA/ABD Alt Set: hPa Apt Elev: 0 hPa Trans level: By ATC Trans alt: 5000' BRIEFING STRIP"
17,True,OIAA,OIAA,False,13-6,True,VOR X RWY 32L,APP,APP,APP,84,MATCH,False,independently_consistent,Jeppesen_approach_number_series,True,False,True,False,False,612.0,792.0,5913,"IRAQ IRAN MISSED APCH: 13-6 ABADAN, IRAN ABADAN VOR ABD 115.1 Final Apch Crs 318^ 750'(742') Apt Elev 10 OIAA/ABD Alt Set: hPa Apt Elev: 0 hPa Trans level: By ATC Trans alt: 5000' BRIEFING STRIP TM JEPPESEN 118.1"
18,True,OIAA,OIAA,False,16-1,True,NDB RWY 14R,APP,APP,APP,84,MATCH,False,independently_consistent,Jeppesen_approach_number_series,True,True,True,False,False,612.0,792.0,6560,"167^ IRAN IRAQ MISSED APCH: 16-1 ABADAN, IRAN ABADAN NDB ABD Final Apch Crs 156^ D5.0 1600'(1592') 650'(642') Apt Elev 10 1 OIAA/ABD Alt Set: hPa Apt Elev: 0 hPa Trans level: By ATC Trans alt: 5000' BRIEFING STRIP"
19,True,OIAM,OIAM,False,,False,AIRPORT INFORMATION,AIRPORT,AIRPORT,AIRPORT,88,MATCH,False,independently_consistent,airport_header,True,False,True,False,False,612.0,792.0,1810,"General Information Location: BANDAR MAHSHAHR IRN ICAO/IATA: OIAM / MRX Lat/Long: N30° 33.5', E049° 09.0' Elevation: 18 ft Airport Use: Public Daylight Savings: Not Observed UTC Conversion: -3:30 = UTC Magnetic Variation: 4.0° E Fuel Types: Jet A-1 Customs: No General Information Location: BANDAR MAHSHAHR IRN ICAO/IATA: OIAM / MRX Lat/Long: N30° 33"
20,True,OIAM,OIAM,False,10-2,True,"BOPIS 1A, BOPIS 1B, BOPIS 1C, GODMO 1E, GODMO 1F, GODMO 1G, VATAN 1A, VATAN 1B, VATAN 1C",STAR,STAR,STAR,98,MATCH,False,independently_consistent,printed_STAR_header,True,True,True,False,False,612.0,792.0,4915,"GODMO Apt Elev OIAM/MRX 10-2 .STAR. BANDAR MAHSHAHR, IRAN MAHSHAHR 8' Alt Set: hPa Trans level: FL50 Trans alt: 3000' 146^ 154^ 175^ 2000 20 GODM 136^ Actual descent clearance will be as directed by ATC. JEPPESEN 11.3 2 21 JUN 19 GODMO 1 MSA MAH VOR"
21,True,OIAM,OIAM,False,10-3,True,"BOPIS 1A, BOPIS 1B, GODMO 1E, GODMO 1F, VATAN 1A, VATAN 1B",SID,SID,SID,98,MATCH,False,independently_consistent,printed_SID_header,True,True,True,False,False,612.0,792.0,2600,"GODMO Apt Elev OIAM/MRX 10-3 BANDAR MAHSHAHR, IRAN MAHSHAHR 8' .SID. Trans level: FL50 Trans alt: 3000' JEPPESEN 21 JUN 19 MSA MAH VOR 1500 BOPIS 1A [BOPI1A], BOPIS 1B [BOPI1B] GODMO 1E [GODM1E], GODMO 1F [GODM1F] VATAN 1A [VATA1A], VATAN 1B [VATA1B] DEPARTURES"
22,True,OIAM,OIAM,False,10-9,True,Airport Diagram Chart (ADC),AIRPORT,AIRPORT,AIRPORT,96,MATCH,False,independently_consistent,Jeppesen_10_20_airport_series,True,False,True,False,False,612.0,792.0,3988,04^E Apt Elev Birds in the vincity of AD particularly in winter period. 30-34 30-34 49-08 49-09 49-10 JEPPESEN 28 MAY 21 118.650 Strolling dog observed on the movement area. *MAHSHAHR Information (AFIS) ARP 10-9 MAHSHAHR 13 133^ 8842' 2 VOR N30 33.5 E049 09.0 OIAM/MRX
23,True,OIAM,OIAM,False,13-1,False,VOR DME RWY 13,APP,APP,APP,84,MATCH,False,independently_consistent,Jeppesen_approach_number_series,True,False,True,False,False,612.0,792.0,4551,"OI(R)-26 MISSED APCH: BRIEFING STRIP TM VOR MAH 115.8 Final Apch Crs 136^ MDA(H) 470'(452') Apt Elev Climb STRAIGHT AHEAD to VOR, then turn RIGHT to rejoin holding at 2000'. 10 D3.0 800' (782') OIAM/MRX 30-40 JEPPESEN 28 MAY 21 118.650 [CD13]"
24,True,OIAM,OIAM,False,13-2,False,VOR DME RWY 31,APP,APP,APP,84,MATCH,False,independently_consistent,Jeppesen_approach_number_series,True,False,True,False,False,612.0,792.0,4774,"MISSED APCH: BRIEFING STRIP TM OIAM/MRX VOR MAH 115.8 Final Apch Crs 312^ MDA(H) 350'(332') Apt Elev Climb STRAIGHT AHEAD to VOR, then turn LEFT to 10 D3.0 800'(782') rejoin holding at 2000'. [FD31] [MD31] JEPPESEN 16 JUL 21 115.8 MAH D M A H"
25,True,OIAM,OIAM,False,13-3,False,VOR RWY 31,APP,APP,APP,84,MATCH,False,independently_consistent,Jeppesen_approach_number_series,True,False,True,False,False,612.0,792.0,5024,"MISSED APCH: BRIEFING STRIP TM OIAM/MRX MAH 115.8 Final Apch Crs 312^ MDA(H) 510'(492') Apt Elev 10 No FAF 115.8 MAH D M A H VOR Turn LEFT climb on R-300 to 1200', then turn LEFT to rejoin holding at 2000'. JEPPESEN 16 JUL 21 BANDAR MAHSHAHR 30-40 18'"
26,True,OIAM,OIAM,False,13-4,False,VOR RWY 31,APP,APP,APP,84,MATCH,False,independently_consistent,Jeppesen_approach_number_series,True,False,True,False,False,612.0,792.0,3933,"MISSED APCH: BRIEFING STRIP TM OIAM/MRX MAH 115.8 Final Apch Crs 312^ MDA(H) 510'(492') Apt Elev 10 No FAF 115.8 MAH D M A H VOR Turn LEFT climb on R-300 to 1200', then turn LEFT to rejoin holding at 2000'. JEPPESEN 16 JUL 21 BANDAR MAHSHAHR 30-40 18'"
27,True,OIAW,OIAW,False,,False,AIRPORT INFORMATION,AIRPORT,AIRPORT,AIRPORT,55,REVIEW,True,only_old_index_supports_category,prior_index_only,True,False,True,False,False,612.0,792.0,1866,"General Information Location: AHWAZ IRN ICAO/IATA: OIAW / AWZ Lat/Long: N31° 20.2', E048° 45.6' Elevation: 65 ft Airport Use: Public Daylight Savings: Not Observed UTC Conversion: -3:30 = UTC Magnetic Variation: 4.0° E Fuel Types: Jet A-1 Customs: Yes Ahwaz Tower: 121.100 Ahwaz Ground: 121.900 Ahwaz Approach: 121.100 Ahwaz Approach: 122.700 General"
28,True,OIAW,OIAW,False,,False,AIRPORT INFORMATION,AIRPORT,AIRPORT,AIRPORT,88,MATCH,False,independently_consistent,airport_header,True,False,True,False,False,612.0,792.0,1335,"General Information Location: AHWAZ IRN ICAO/IATA: OIAW / AWZ Lat/Long: N31° 20.2', E048° 45.6' Elevation: 65 ft Airport Use: Public Daylight Savings: Not Observed UTC Conversion: -3:30 = UTC Magnetic Variation: 4.0° E Fuel Types: Jet A-1 Customs: Yes Ahwaz Tower: 121.100 Ahwaz Ground: 121.900 Ahwaz Approach: 121.100 Ahwaz Approach: 122.700 Ahwaz T"
29,True,OIAW,OIAW,False,10-2,True,"EGVAX 1X, EGVAX 1Y, EGVAX 1Z, ITIBI 1X, ITIBI 1Y, ITIBI 1Z",STAR,STAR,STAR,98,MATCH,False,independently_consistent,printed_STAR_header,True,True,True,False,False,612.0,792.0,3761,"192^ EGVAX 238^ 216^ OIAW/AWZ .STAR. AHWAZ AHWAZ, IRAN *ATIS 126.4 10-2 JEPPESEN .Eff.28.Feb. Alt Set: hPa Trans level: By ATC Trans alt: 4000' Actual descent clearance will be as directed by ATC. 65' Apt Elev 22 FEB 19 MSA AWZ VOR 1800 RWYS 12, 30 ARRIVALS EGVAX 1X [EGVA1X], EGVAX 1Y [EGVA1Y]"
30,True,OIAW,OIAW,False,10-2A,True,"GABSU 1X, GABSU 1Y, GABSU 1Z, GODMO 1X, GODMO 1Y, GODMO 1Z",STAR,STAR,STAR,98,MATCH,False,independently_consistent,printed_STAR_header,True,True,True,False,False,612.0,792.0,3852,"R299^ AHWAZ 114.0 AWZ AWZ N31 20.3 E048 45.9 119^ OIAW/AWZ .STAR. AHWAZ 10-2A AHWAZ, IRAN JEPPESEN .Eff.28.Feb. *ATIS 126.4 Alt Set: hPa Trans level: By ATC Trans alt: 4000' Actual descent clearance will be as directed by ATC. 65' Apt Elev 22 FEB 19 (IAF) D13.0 AWZ MHA 3000"
31,True,OIAW,OIAW,False,10-2B,True,"EGVAX 1W, GABSU 1W, GODMO 1W, ITIBI 1W",STAR,STAR,STAR,98,MATCH,False,independently_consistent,printed_STAR_header,True,True,True,False,False,612.0,792.0,2714,"OIAW/AWZ .STAR. AHWAZ AHWAZ, IRAN 10-2B JEPPESEN .Eff.28.Feb. *ATIS 126.4 Alt Set: hPa Trans level: By ATC Trans alt: 4000' Actual descent clearance will be as directed by ATC. 65' Apt Elev 22 FEB 19 MSA AWZ NDB 1800 217^ EGVAX RWYS 12, 30 ARRIVALS EGVAX 1W [EGVA1W] GABSU 1W [GABS1W] GODMO 1W [GODM1W]"
32,True,OIAW,OIAW,False,10-3,True,"EGVAX 1A, EGVAX 1B, EGVAX 1C, EGVAX 1D",SID,SID,SID,98,MATCH,False,independently_consistent,printed_SID_header,True,True,True,False,False,612.0,792.0,3443,"EGVAX .SID. OIAW/AWZ AHWAZ AHWAZ, IRAN At or above FL140 Apt Elev 65' Trans level: By ATC Trans alt: 4000' 25 NOV 22 .Eff.1.Dec. JEPPESEN 10-3 MSA AWZ VOR 1800 RWYS 12, 30 DEPARTURES EGVAX 1A [EGVA1A] EGVAX 1B [EGVA1B] EGVAX 1C [EGVA1C] EGVAX 1D [EGVA1D]"
33,True,OIAW,OIAW,False,10-3A,True,"EGVAX 1E, EGVAX 1F, EGVAX 1G, EGVAX 1H",SID,SID,SID,98,MATCH,False,independently_consistent,printed_SID_header,True,True,True,False,False,612.0,792.0,3752,"EGVAX Apt Elev .SID. 65' OIAW/AWZ Trans level: By ATC Trans alt: 4000' AHWAZ AHWAZ, IRAN At or above FL140 25 NOV 22 .Eff.1.Dec. JEPPESEN 10-3A MSA AWZ NDB 1800 RWYS 12, 30 DEPARTURES EGVAX 1F [EGVA1F] EGVAX 1E [EGVA1E] EGVAX 1G [EGVA1G] EGVAX 1H [EGVA1H]"
34,True,OIAW,OIAW,False,10-3B,True,"GABSU 1A, GABSU 1B, GODMO 1A, GODMO 1B",SID,SID,SID,98,MATCH,False,independently_consistent,printed_SID_header,True,True,True,False,False,612.0,792.0,2710,"300^ 120^ .SID. OIAW/AWZ AHWAZ 10-3B AHWAZ, IRAN Apt Elev 65' Trans level: By ATC Trans alt: 4000' JEPPESEN .Eff.23.Mar. 10 MAR 23 MSA AWZ VOR 1800 D AHWAZ 114.0 AWZ AWZ N31 20.3 E048 45.9 1100' At At 1100'"
35,True,OIAW,OIAW,False,10-3C,True,"GABSU 1G, GABSU 1H, GODMO 1G, GODMO 1H",SID,SID,SID,98,MATCH,False,independently_consistent,printed_SID_header,True,True,True,False,False,612.0,792.0,2846,".SID. OIAW/AWZ AHWAZ 10-3C AHWAZ, IRAN Apt Elev 65' Trans level: By ATC Trans alt: 4000' JEPPESEN .Eff.23.Mar. 10 MAR 23 MSA AWZ NDB 1800 AWZ 415 AWZ AHWAZ N31 20.6 E048 44.7 At 1100' 1100' At GABSU 1G [GABS1G] GABSU 1H [GABS1H] GODMO 1G [GODM1G]"
36,True,OIAW,OIAW,False,10-3D,True,"ITIBI 1A, ITIBI 1B, ITIBI 1C, ITIBI 1D",SID,SID,SID,98,MATCH,False,independently_consistent,printed_SID_header,True,True,True,False,False,612.0,792.0,3547,".SID. OIAW/AWZ AHWAZ 10-3D AHWAZ, IRAN Apt Elev 65' Trans level: By ATC Trans alt: 4000' JEPPESEN .Eff.1.Dec. 25 NOV 22 MSA AWZ VOR 1800 ITIBI At or above FL110 ITIBI 1A, 1B RWYS 12, 30 DEPARTURES ITIBI 1A [ITIB1A] ITIBI 1B [ITIB1B] ITIBI 1C [ITIB1C] ITIBI 1D [ITIB1D]"
37,True,OIAW,OIAW,False,10-3E,True,"ITIBI 1E, ITIBI 1F, ITIBI 1G, ITIBI 1H",SID,SID,SID,98,MATCH,False,independently_consistent,printed_SID_header,True,True,True,False,False,612.0,792.0,3559,".SID. OIAW/AWZ AHWAZ 10-3E AHWAZ, IRAN Apt Elev 65' Trans level: By ATC Trans alt: 4000' JEPPESEN .Eff.1.Dec. 25 NOV 22 MSA AWZ NDB 1800 ITIBI RWYS 12, 30 DEPARTURES At or above FL110 ITIBI 1G, 1H ITIBI 1G [ITIB1G] ITIBI 1E [ITIB1E] ITIBI 1H [ITIB1H] ITIBI 1F [ITIB1F]"
38,True,OIAW,OIAW,False,10-9,True,Airport Diagram Chart (ADC),AIRPORT,AIRPORT,AIRPORT,96,MATCH,False,independently_consistent,Jeppesen_10_20_airport_series,True,False,True,False,False,612.0,792.0,5719,"ARP 12 120^ Apt Elev 10-9 AHWAZ, IRAN AHWAZ N31 20.3 E048 45.6 65' *ATIS 126.4 04^E OIAW/AWZ Elev 65' B C D MET A 121.9 Tower JEPPESEN AHWAZ Tower (GND)"
39,True,OIAW,,False,10-9S,True,MINIMUMS,AIRPORT,AIRPORT,AIRPORT,96,MATCH,False,independently_consistent,Jeppesen_10_20_airport_series,True,False,True,False,False,612.0,792.0,2708,10-9S JEPPESEN 12 R1500m R1500m 550'(485') R1500m R1500m 550'(485') 550'(485') 550'(485') ALS out R1500m R1800m R1800m R1500m R2300m R2300m 1 ALS out R1500m R1500m R1500m R1500m
40,True,OIAW,,False,10-9S1,True,MINIMUMS,AIRPORT,AIRPORT,AIRPORT,96,MATCH,False,independently_consistent,Jeppesen_10_20_airport_series,True,False,True,False,False,612.0,792.0,2378,10-9S1 JEPPESEN 560'(495') V1500m 570'(505') V1600m V2400m (605') 670' 670' (605') (705') V3600m 770' 770' (705') 1 (535') 600' (535') 600' V1500m V1600m V2400m
41,True,OIAW,OIAW,False,11-1,True,ILS Z OR LOC Z RWY 30,APP,APP,APP,84,MATCH,False,independently_consistent,Jeppesen_approach_number_series,True,False,True,False,False,612.0,792.0,6709,"304 MISSED APCH: 11-1 AHWAZ, IRAN AHWAZ *ATIS 126.4 LOC IAWZ 109.9 Final Apch Crs 301^ 10 OIAW/AWZ BRIEFING STRIP TM Alt Set: hPa Rwy Elev: 2 hPa Trans level: By ATC Trans alt: 4000' DA(H) ILS 319'(260') AHWAZ"
42,True,OIAW,OIAW,False,11-2,True,ILS Y OR LOC Y RWY 30,APP,APP,APP,84,MATCH,False,independently_consistent,Jeppesen_approach_number_series,True,False,True,False,False,612.0,792.0,6403,"MISSED APCH: 11-2 AHWAZ, IRAN AHWAZ LOC IAWZ 109.9 Final Apch Crs 301^ 319'(260') 10 BRIEFING STRIP TM OIAW/AWZ Alt Set: hPa Rwy Elev: 2 hPa Trans level: By ATC Trans alt: 4000' Climb to overhead VOR, then turn RIGHT climbing on R-124 to rejoin holding at 4000'. D10.0 AWZ 3000'(2941') DA(H)"
43,True,OIAW,OIAW,False,11-3,True,ILS X OR LOC X RWY 30,APP,APP,APP,84,MATCH,False,independently_consistent,Jeppesen_approach_number_series,True,False,True,False,False,612.0,792.0,8163,"OI(C)-7 (IAF) AHWAZ A W Z MISSED APCH: BRIEFING STRIP TM JEPPESEN 11-3 OIAW/AWZ AHWAZ AHWAZ, IRAN Alt Set: hPa Rwy Elev: 2 hPa Trans level: By ATC Trans alt: 4000' 109.9 IAWZ LOC Final Apch Crs 301^ Climb to overhead VOR, then continue climb on D4.0 IAWZ"
44,True,OIAW,OIAW,False,13-1,True,VOR Z RWY 12,APP,APP,APP,84,MATCH,False,independently_consistent,Jeppesen_approach_number_series,True,False,True,False,False,612.0,792.0,5538,"OI(C)-52 OI(C)-63 CAT A & B CAT C & D MISSED APCH: 13-1 AHWAZ, IRAN AHWAZ VOR AWZ 114.0 119^ 1100'(1035') D4.0 550'(485') (IF) OIAW/AWZ Alt Set: hPa Apt Elev: 2 hPa Trans level: By ATC Trans alt: 4000' Final Apch Crs 10"
45,True,OIAW,OIAW,False,13-2,True,VOR Y RWY 12,APP,APP,APP,84,MATCH,False,independently_consistent,Jeppesen_approach_number_series,True,False,True,False,False,612.0,792.0,5233,"OI(C)-52 OI(C)-63 119^ 299^ MISSED APCH: 13-2 AHWAZ, IRAN AHWAZ VOR AWZ 114.0 Final Apch Crs 119^ D4.0 1100'(1035') 550'(485') MSA AWZ VOR Climb STRAIGHT AHEAD to VOR, then turn LEFT to rejoin holding at 3000'. 10 BRIEFING STRIP TM OIAW/AWZ"
46,True,OIAW,OIAW,False,13-3,True,VOR X RWY 12,APP,APP,APP,84,MATCH,False,independently_consistent,Jeppesen_approach_number_series,True,False,True,False,False,612.0,792.0,5873,"OI(C)-52 OI(C)-63 OI(C)-7 MISSED APCH: 13-3 AHWAZ, IRAN AHWAZ VOR AWZ 119^ holding at 3000'. Alt Set: hPa Apt Elev: 2 hPa Trans alt: 4000' Trans level: By ATC OIAW/AWZ Final Apch Crs 10 BRIEFING STRIP TM JEPPESEN 31-30 114.0"
47,True,OIAW,OIAW,False,13-4,True,VOR Z RWY 30,APP,APP,APP,84,MATCH,False,independently_consistent,Jeppesen_approach_number_series,True,False,True,False,False,612.0,792.0,5659,"OI(C)-7 MISSED APCH: 13-4 AHWAZ, IRAN AHWAZ VOR AWZ 114.0 Final Apch Crs 304^ D3.0 800'(735') 480'(415') 10 OIAW/AWZ BRIEFING STRIP TM Alt Set: hPa Trans level: By ATC Trans alt: 4000' Apt Elev: 2 hPa JEPPESEN 31-25"
48,True,OIAW,OIAW,False,13-5,True,VOR Y RWY 30,APP,APP,APP,84,MATCH,False,independently_consistent,Jeppesen_approach_number_series,True,False,True,False,False,612.0,792.0,5106,"MISSED APCH: 13-5 AHWAZ, IRAN AHWAZ VOR AWZ 114.0 Final Apch Crs 304^ D3.0 800'(735') 480'(415') MSA AWZ VOR Climb STRAIGHT AHEAD to VOR, then turn RIGHT to rejoin holding at 4000'. 10 BRIEFING STRIP TM OIAW/AWZ Alt Set: hPa Apt Elev: 2 hPa Trans level: By ATC Trans alt: 4000'"
49,True,OIAW,OIAW,False,13-6,True,VOR X RWY 30,APP,APP,APP,84,MATCH,False,independently_consistent,Jeppesen_approach_number_series,True,False,True,False,False,612.0,792.0,5429,"OI(C)-52 OI(C)-63 OI(C)-7 MISSED APCH: 13-6 AHWAZ, IRAN AHWAZ VOR AWZ 304^ holding at 3000'. Alt Set: hPa Trans alt: 4000' Trans level: By ATC OIAW/AWZ Final Apch Crs 10 BRIEFING STRIP TM JEPPESEN 114.0 850'(785') MSA AWZ VOR"
50,True,OIAW,OIAW,False,16-1,True,NDB RWY 12,APP,APP,APP,91,MATCH,False,independently_consistent,instrument_approach_header,True,False,True,False,False,612.0,792.0,5132,"OI(C)-52 OI(C)-63 OI(C)-7 MISSED APCH: 16-1 AHWAZ, IRAN AHWAZ NDB Rwy 12 NDB AWZ 415 125^ 550'(485') MSA AWZ NDB Climb on 125^ to 1700', then turn RIGHT to rejoin holding at 3000'. Alt Set: hPa Apt Elev: 2 hPa Trans alt: 4000' Trans level: By ATC OIAW/AWZ Final Apch Crs 10"
51,True,OIAW,OIAW,False,16-2,True,NDB RWY 30,APP,APP,APP,91,MATCH,False,independently_consistent,instrument_approach_header,True,False,True,False,False,612.0,792.0,5204,"OI(C)-63 OI(C)-7 16-2 AHWAZ, IRAN AHWAZ NDB Rwy 30 NDB AWZ 415 Final Apch Crs 296^ 570'(505') holding at 3000'. MSA AWZ NDB 10 BRIEFING STRIP TM Trans alt: 4000' Tans level: By ATC Alt Set: hPa OIAW/AWZ JEPPESEN MISSED APCH: Climb on 296^ to 1700', then turn RIGHT to rejoin"
52,True,OIBA,OIBA,False,,False,AIRPORT INFORMATION,AIRPORT,AIRPORT,AIRPORT,88,MATCH,False,independently_consistent,airport_header,True,False,True,False,False,612.0,792.0,1812,"General Information Location: ABUMUSA ISLAND IRN ICAO/IATA: OIBA / AEU Lat/Long: N25° 52.6', E055° 01.9' Elevation: 18 ft Airport Use: Public Daylight Savings: Not Observed UTC Conversion: -3:30 = UTC Magnetic Variation: 2.0° E Customs: No Airport Type: IFR General Information Location: ABUMUSA ISLAND IRN ICAO/IATA: OIBA / AEU Lat/Long: N25° 52.6',"
53,True,OIBA,OIBA,False,10-2,True,"GHESHM 1T, LENGEH 1T, SIRRI 1T",STAR,STAR,STAR,98,MATCH,False,independently_consistent,printed_STAR_header,True,True,True,False,False,612.0,792.0,3095,"BANDAR LENGEH 114.8 LEN LEN N26 32.2 E054 51.1 D GHESHM ISLAND KHM N26 45.8 E055 54.5 D 335 KHM KHM N26 45.8 E055 54.5 10-2 .STAR. JEPPESEN Apt Elev OIBA/AEU ABUMUSA ABUMUSA ISLAND, IRAN 18' 220^ (117.1) KHM DME 1 OCT 21"
54,True,OIBA,OIBA,False,10-3,True,"GHESHM 1H, GHESHM 1J, LENGEH 1H, LENGEH 1J, SIRRI 1H, SIRRI 1J",SID,SID,SID,98,MATCH,False,independently_consistent,printed_SID_header,True,True,True,False,False,612.0,792.0,4552,"BANDAR LENGEH 114.8 LEN LEN N26 32.2 E054 51.1 D 10-3 JEPPESEN Apt Elev OIBA/AEU ABUMUSA ABUMUSA ISLAND, IRAN 18' .SID. Trans level: FL60 Trans alt: 4000' R165^ GHESHM ISLAND KHM N26 45.8 E055 54.5 D 335 KHM KHM N26 45.8 E055 54.5 (117.1) KHM DME"
55,True,OIBA,OIBA,False,10-9,True,Airport Diagram Chart (ADC),AIRPORT,AIRPORT,AIRPORT,96,MATCH,False,independently_consistent,Jeppesen_10_20_airport_series,True,False,True,False,False,612.0,792.0,4643,"Apt Elev 10-9 JEPPESEN OIBA/AEU 18' N25 52.6 E055 01.9 ABUMUSA ISLAND, IRAN ABUMUSA 08 26 ARP 02^E NDB Stopway 545' 166m 25-53 25-53 55-01 55-02 55-03 2985m 9793' 261^ Elev"
56,True,OIBA,OIBA,False,16-1,True,NDB Z RWY 08 CAT A & B,APP,APP,APP,84,MATCH,False,independently_consistent,Jeppesen_approach_number_series,True,False,True,False,False,612.0,792.0,5056,"MSA ABM NDB ABUMUSA 16-1 OIBA/AEU ABUMUSA ISLAND, IRAN NDB ABM 285 Final Apch Crs 076^ 790'(779') MISSED APCH: BRIEFING STRIP TM JEPPESEN Alt Set: hPa Trans level: FL060 Trans alt: 4000' 26-00 10 Rwy Elev: 0 hPa CAUTION: Sirri AD is located 25 NM West of Abumusa AD. D7.0"
57,True,OIBA,OIBA,False,16-2,True,NDB Y RWY 08,APP,APP,APP,84,MATCH,False,independently_consistent,Jeppesen_approach_number_series,True,False,True,False,False,612.0,792.0,5051,"MSA ABM NDB ABUMUSA 16-2 OIBA/AEU ABUMUSA ISLAND, IRAN NDB ABM 285 Final Apch Crs 076^ 790'(779') MISSED APCH: BRIEFING STRIP TM JEPPESEN Alt Set: hPa Trans level: FL060 Trans alt: 4000' 26-00 10 Rwy Elev: 0 hPa CAUTION: Sirri AD is located 25 NM West of Abumusa AD. D7.0"
58,True,OIBA,OIBA,False,16-3,True,NDB X RWY 08,APP,APP,APP,84,MATCH,False,independently_consistent,Jeppesen_approach_number_series,True,False,True,False,False,612.0,792.0,4994,"MSA ABM NDB ABUMUSA 16-3 OIBA/AEU ABUMUSA ISLAND, IRAN NDB ABM 285 Final Apch Crs 075^ 800'(789') holding at 4000'. MISSED APCH: BRIEFING STRIP TM JEPPESEN Alt Set: hPa Trans level: FL060 Trans alt: 4000' 26-00 10 Rwy Elev: 0 hPa Climb on 075^ to 1400', then turn LEFT to rejoin"
59,True,OIBA,OIBA,False,16-4,True,NDB Z RWY 26 CAT A & B,APP,APP,APP,84,MATCH,False,independently_consistent,Jeppesen_approach_number_series,True,False,True,False,False,612.0,792.0,5338,"MSA ABM NDB ABUMUSA 16-4 OIBA/AEU ABUMUSA ISLAND, IRAN NDB ABM 285 Final Apch Crs 265^ 790'(772') 10 26-00 Alt Set: hPa Apt Elev: 1 hPa Trans level: FL060 Trans alt: 4000' MISSED APCH: BRIEFING STRIP TM JEPPESEN CAUTION: Sirri AD is located 25 NM West of Abumusa AD. D5.0"
60,True,OIBA,OIBA,False,16-5,True,NDB Y RWY 26,APP,APP,APP,84,MATCH,False,independently_consistent,Jeppesen_approach_number_series,True,False,True,False,False,612.0,792.0,5038,"MSA ABM NDB ABUMUSA 16-5 OIBA/AEU ABUMUSA ISLAND, IRAN NDB ABM 285 Final Apch Crs 265^ 790'(772') 10 26-00 Alt Set: hPa Apt Elev: 1 hPa Trans level: FL060 Trans alt: 4000' MISSED APCH: BRIEFING STRIP TM JEPPESEN CAUTION: Sirri AD is located 25 NM West of Abumusa AD. D5.0"
61,True,OIBA,OIBA,False,16-6,True,NDB X RWY 26,APP,APP,APP,84,MATCH,False,independently_consistent,Jeppesen_approach_number_series,True,False,True,False,False,612.0,792.0,4546,"MSA ABM NDB ABUMUSA 16-6 OIBA/AEU ABUMUSA ISLAND, IRAN NDB ABM 285 Final Apch Crs 267^ 800'(782') holding at 4000'. Climb on 267^ to 1400', then turn RIGHT to rejoin 10 26-00 Alt Set: hPa Apt Elev: 1 hPa Trans level: FL060 Trans alt: 4000' MISSED APCH: BRIEFING STRIP TM JEPPESEN"
62,True,OIBA,OIBA,False,16-7,True,NDB A,APP,APP,APP,84,MATCH,False,independently_consistent,Jeppesen_approach_number_series,True,False,True,False,False,612.0,792.0,3974,"MSA ABM NDB ABUMUSA 16-7 OIBA/AEU ABUMUSA ISLAND, IRAN NDB ABM 285 Final Apch Crs 267^ MDA(H) 840'(822') holding at 4000'. Climb on 267^ to 1400', then turn RIGHT to rejoin 10 26-00 Alt Set: hPa Apt Elev: 1 hPa Trans level: FL060 Trans alt: 4000' MISSED APCH: BRIEFING STRIP TM"
63,True,OIBB,OIBB,False,,False,AIRPORT INFORMATION,AIRPORT,AIRPORT,AIRPORT,55,REVIEW,True,only_old_index_supports_category,prior_index_only,True,False,True,False,False,612.0,792.0,2116,"General Information Location: BUSHEHR IRN ICAO/IATA: OIBB / BUZ Lat/Long: N28° 57.0', E050° 49.8' Elevation: 72 ft Airport Use: Public Daylight Savings: Not Observed UTC Conversion: -3:30 = UTC Magnetic Variation: 3.0° E Fuel Types: Jet A-1 Customs: Yes Runway: 31R Length x Width: 14662 ft x 148 ft Surface Type: asphalt TDZ-Elev: 66 ft Lighting: Ed"
64,True,OIBB,OIBB,False,,False,AIRPORT INFORMATION,AIRPORT,AIRPORT,AIRPORT,55,REVIEW,True,only_old_index_supports_category,prior_index_only,True,False,True,False,False,612.0,792.0,1704,"General Information Location: BUSHEHR IRN ICAO/IATA: OIBB / BUZ Lat/Long: N28° 57.0', E050° 49.8' Elevation: 72 ft Airport Use: Public Daylight Savings: Not Observed UTC Conversion: -3:30 = UTC Magnetic Variation: 3.0° E Fuel Types: Jet A-1 Customs: Yes Runway: 31R Length x Width: 14662 ft x 148 ft Surface Type: asphalt TDZ-Elev: 66 ft Lighting: Ed"
65,True,OIBB,OIBB,False,10-2,True,"KHG 1P, KHG 1Q, KUGVU 1N, KUGVU 1P",STAR,STAR,STAR,98,MATCH,False,independently_consistent,printed_STAR_header,True,False,True,False,False,612.0,792.0,7611,"065^ Apt Elev 72' OIBB/BUZ 10-2 .STAR. BUSHEHR, IRAN *ATIS 126.2 BUSHEHR 214^ F L6 0 260^ K U G V U 1 N JEPPESEN Alt Set: hPa Trans level: By ATC Trans alt: 5000'"
66,True,OIBB,OIBB,False,10-2A,True,"SESMA 1N, SESMA 1P, SESMA 1Q, VATOB 1N, VATOB 1Q",STAR,STAR,STAR,98,MATCH,False,independently_consistent,printed_STAR_header,True,True,True,False,False,612.0,792.0,5495,"OIBB/BUZ .STAR. BUSHEHR, IRAN BUSHEHR 10-2A 211^ 197^ JEPPESEN Alt Set: hPa Trans level: By ATC Trans alt: 5000' 1. 2. Actual descent clearance will be as directed by ATC. Contact BUSHEHR Radar on 127.8 or 135.1 before 50NM to Bushehr Apt for military identification, then contact BUSHEHR Approach and Tower on appropriate frequencies. *ATIS 126.2 Ap"
67,True,OIBB,OIBB,False,10-3,True,"KHG 4A, KHG 4B, KUGVU 3A, KUGVU 2F",SID,SID,SID,98,MATCH,False,independently_consistent,printed_SID_header,True,False,True,False,False,612.0,792.0,10654,"Apt Elev 72' OIBB/BUZ BUSHEHR, IRAN BUSHEHR Trans level: By ATC Trans alt: 5000' 10-3 .SID. JEPPESEN 2 KHG 4A [KHG4A], KHG 4B [KHG4B] 21 JUN 19 MSA BUZ VOR At or above FL140 180^ 360^ KUGVU KUGVU 3A [KUGV3A], KUGVU 2F [KUGV2F] DEPARTURES 3000 5000"
68,True,OIBB,OIBB,False,10-3A,True,"SESMA 1A, SESMA 1F, VATOB 2A, VATOB 2B, VATOB 2F",SID,SID,SID,98,MATCH,False,independently_consistent,printed_SID_header,True,True,True,False,False,612.0,792.0,3485,"OIBB/BUZ BUSHEHR, IRAN BUSHEHR 10-3A Apt Elev 72' Trans level: By ATC Trans alt: 5000' .SID. JEPPESEN VATOB 2A [VATO2A], VATOB 2B [VATO2B] VATOB 2F [VATO2F] 21 JUN 19 MSA BUZ VOR At or above FL140 180^ 360^ 3000 5000 SESMA 1A [SESM1A], SESMA 1F [SESM1F] DEPARTURES NOT TO SCALE SESMA"
69,True,OIBB,OIBB,False,10-3B,True,"KHG 3C, KHG 3D, KUGVU 2C, KUGVU 1E",SID,SID,SID,98,MATCH,False,independently_consistent,printed_SID_header,True,True,True,False,False,612.0,792.0,3617,"OIBB/BUZ BUSHEHR, IRAN BUSHEHR 10-3B Apt Elev 72' Trans level: By ATC Trans alt: 5000' .SID. JEPPESEN 21 JUN 19 MSA BUZ NDB 180^ 360^ KHG N29 15.8 E050 19.0 D 113.4 KHG DEPARTURES 3000 5000 KUGVU 2C [KUGV2C], KUGVU 1E [KUGV1E] KHG 3C [KHG3C], KHG 3D [KHG3D] KHARK ISLAND"
70,True,OIBB,OIBB,False,10-3C,True,"VATOB 1C, VATOB 1D, VATOB 1E",SID,SID,SID,98,MATCH,False,independently_consistent,printed_SID_header,True,True,True,False,False,612.0,792.0,2567,"OIBB/BUZ BUSHEHR, IRAN BUSHEHR 10-3C Apt Elev 72' Trans level: By ATC Trans alt: 5000' .SID. JEPPESEN 21 JUN 19 MSA BUZ NDB 180^ 360^ VATOB 1C [VATO1C], VATOB 1D [VATO1D] VATOB 1E [VATO1E] DEPARTURES 3000 5000"
71,True,OIBB,,False,10-9,False,Airport Diagram Chart (ADC),AIRPORT,AIRPORT,AIRPORT,96,MATCH,False,independently_consistent,Jeppesen_10_20_airport_series,True,False,True,False,False,612.0,792.0,6698,"Birds in vicinity of airport. Heavy and medium acft permitted to make 180^ turn only at end of rwy in use. Rwy 31L/R right-hand circuit. 50-49 50-50 50-51 50-52 28-57 28-57 28-58 NDB VOR Apt Elev 14,662' 44 14,665' 4470m 13R 129^ 13L 129^ F A B 03^E"
72,True,OIBB,OIBB,False,10-9S,True,MINIMUMS,AIRPORT,AIRPORT,AIRPORT,96,MATCH,False,independently_consistent,Jeppesen_10_20_airport_series,True,False,True,False,False,612.0,792.0,5027,"10-9S JEPPESEN 1 NOT APPLICABLE NOT APPLICABLE 1 1 4 FEB 22 .EASA.AIR.OPS. STRAIGHT-IN RWY D C B A OIBB/BUZ (622') BUSHEHR, IRAN BUSHEHR 13L 630' (622') 630'"
73,True,OIBB,OIBB,False,10-9S1,True,MINIMUMS,AIRPORT,AIRPORT,AIRPORT,96,MATCH,False,independently_consistent,Jeppesen_10_20_airport_series,True,False,True,False,False,612.0,792.0,3903,"10-9S1 JEPPESEN 2 1 1 1 1 2 4 FEB 22 .EASA.AIR.OPS. OIBB/BUZ BUSHEHR, IRAN BUSHEHR (558') 31R 630' (558') 630' (558') 630' (558') 630' ALS out ALS out"
74,True,OIBB,OIBB,False,11-1,True,ILS RWY 31R,APP,APP,APP,84,MATCH,False,independently_consistent,Jeppesen_approach_number_series,True,False,True,False,False,612.0,792.0,7185,"OI(D)-30 MISSED APCH: BUSHEHR, IRAN BUSHEHR BUSHEHR Tower Climb STRAIGHT AHEAD to 1000', then turn RIGHT to rejoin holding at 3000'. 11-1 10 BRIEFING STRIP TM *ATIS 126.2 OIBB/BUZ JEPPESEN Ground 119.7 CAUTION: Hot air and turbulence exists above chimney. LOC IBUZ 109.9 Final"
75,True,OIBB,,False,13-1,True,VOR DME 2 RWY 13L,APP,APP,APP,91,MATCH,False,independently_consistent,instrument_approach_header,True,False,True,False,False,612.0,792.0,7916,"OI(D)-30 OI(R)-37 MISSED APCH: BUSHEHR, IRAN BUSHEHR BUSHEHR Tower VOR 117.45 BUZ Apt Elev 72' 8' D5.0 1500' (1493') Rwy 13L Climb STRAIGHT AHEAD to 1000', then turn LEFT to rejoin holding at 3000'. 29-05 13-1 VOR DME 2 Rwy 13L/R 10 BRIEFING STRIP TM *ATIS"
76,True,OIBB,OIBB,False,13-2,True,VOR RWY 13L,APP,APP,APP,91,MATCH,False,independently_consistent,instrument_approach_header,True,False,True,False,False,612.0,792.0,6615,"OI(D)-30 BUSHEHR, IRAN BUSHEHR 29-00 VOR Rwy 13L/R 13-2 10 BRIEFING STRIP TM OIBB/BUZ 3 13 [FS13L] [FS13R] CAT C & D JEPPESEN MISSED APCH: BUSHEHR Tower Climb STRAIGHT AHEAD to 2000', then turn LEFT to rejoin holding at 3000'. *ATIS 126.2 Ground 119.7"
77,True,OIBB,OIBB,False,13-3,True,VOR RWY 13L,APP,APP,APP,91,MATCH,False,independently_consistent,instrument_approach_header,True,False,True,False,False,612.0,792.0,6261,"OI(D)-30 BUSHEHR, IRAN BUSHEHR 29-00 VOR Rwy 13L/R 12 132^ 13-3 10 BRIEFING STRIP TM OIBB/BUZ CAT A & B JEPPESEN MISSED APCH: BUSHEHR Tower Climb STRAIGHT AHEAD to 2000', then turn LEFT to rejoin holding at 3000'. *ATIS 126.2 Ground 119.7 VOR 117.45"
78,True,OIBB,OIBB,False,13-4,True,VOR DME 1 RWY 31L,APP,APP,APP,91,MATCH,False,independently_consistent,instrument_approach_header,True,False,True,False,False,612.0,792.0,6794,"OI(D)-30 BUSHEHR, IRAN BUSHEHR 10 BRIEFING STRIP TM VOR DME 1 Rwy 31L/R 13-4 OIBB/BUZ JEPPESEN BUSHEHR 117.45 BUZ DB U Z CAUTION: Hot air and turbulence exists above chimney. MISSED APCH: BUSHEHR Tower Climb STRAIGHT AHEAD to 1000', then turn RIGHT to rejoin holding at 3000'. *ATIS 126.2 Ground 119.7"
79,True,OIBB,OIBB,False,13-5,True,VOR RWY 31L CAT C & D,APP,APP,APP,91,MATCH,False,independently_consistent,instrument_approach_header,True,False,True,False,False,612.0,792.0,5872,"OI(D)-30 BUSHEHR, IRAN BUSHEHR 29-00 VOR Rwy 31L/R No FAF 13-5 10 BRIEFING STRIP TM OIBB/BUZ CAT C & D JEPPESEN MISSED APCH: BUSHEHR Tower Climb STRAIGHT AHEAD to 2000', then turn RIGHT to rejoin holding at 3000'. *ATIS 126.2 Ground 119.7 VOR 117.45 BUZ"
80,True,OIBB,OIBB,False,13-6,True,VOR RWY 31L CAT A & B,APP,APP,APP,91,MATCH,False,independently_consistent,instrument_approach_header,True,False,True,False,False,612.0,792.0,5396,"OI(D)-30 BUSHEHR, IRAN BUSHEHR 29-00 VOR Rwy 31L/R 13-6 10 BRIEFING STRIP TM OIBB/BUZ CAT A & B JEPPESEN MAX 210 KT MHA 3000 No FAF MISSED APCH: BUSHEHR Tower Climb STRAIGHT AHEAD to 2000', then turn RIGHT to rejoin holding at 3000'. *ATIS 126.2 Ground 119.7 VOR"
81,True,OIBB,OIBB,False,16-1,True,NDB RWY 13L,APP,APP,APP,91,MATCH,False,independently_consistent,instrument_approach_header,True,False,True,False,False,612.0,792.0,6200,"OI(D)-30 BUSHEHR, IRAN BUSHEHR NDB 10 29-00 NDB Rwy 13L/R Final Apch Crs 112^ 341 3 11 BRIEFING STRIP TM 16-1 OIBB/BUZ CAT C & D JEPPESEN MISSED APCH: BUSHEHR Tower to rejoin holding at 3000'. *ATIS 126.2"
82,True,OIBB,OIBB,False,16-2,True,NDB RWY 13L,APP,APP,APP,91,MATCH,False,independently_consistent,instrument_approach_header,True,False,True,False,False,612.0,792.0,6013,"OI(D)-30 BUSHEHR, IRAN BUSHEHR 29-00 NDB Rwy 13L/R 112 16-2 10 BRIEFING STRIP TM OIBB/BUZ CAT A & B JEPPESEN NDB Final Apch Crs 112^ 341 MISSED APCH: BUSHEHR Tower to rejoin holding at 3000'. *ATIS 126.2 Ground"
83,True,OIBB,OIBB,False,16-3,True,NDB RWY 31L,APP,APP,APP,91,MATCH,False,independently_consistent,instrument_approach_header,True,False,True,False,False,612.0,792.0,6228,"OI(D)-30 BUSHEHR, IRAN BUSHEHR 29-00 NDB Rwy 31L/R 16-3 10 BRIEFING STRIP TM OIBB/BUZ CAT C & D JEPPESEN NDB Final Apch Crs 315^ 341 MISSED APCH: BUSHEHR Tower to rejoin holding at 3000'. *ATIS 126.2 Ground 119.7"
84,True,OIBB,OIBB,False,16-4,True,NDB RWY 31L,APP,APP,APP,91,MATCH,False,independently_consistent,instrument_approach_header,True,False,True,False,False,612.0,792.0,5282,"OI(D)-30 BUSHEHR, IRAN BUSHEHR 10 29-00 NDB Rwy 31L/R 3 BRIEFING STRIP TM 16-4 OIBB/BUZ CAT A & B JEPPESEN NDB Final Apch Crs 315^ 341 MISSED APCH: BUSHEHR Tower to rejoin holding at 3000'. *ATIS 126.2 Ground"
85,True,OIBK,OIBK,False,,False,AIRPORT INFORMATION,AIRPORT,AIRPORT,AIRPORT,55,REVIEW,True,only_old_index_supports_category,prior_index_only,True,False,True,False,False,612.0,792.0,2243,"General Information Location: KISH ISLAND IRN ICAO/IATA: OIBK / KIH Lat/Long: N26° 31.6', E053° 58.7' Elevation: 99 ft Airport Use: Public Daylight Savings: Not Observed UTC Conversion: -3:30 = UTC Magnetic Variation: 3.0° E Fuel Types: Jet A-1 Repair Types: Minor Airframe, Minor Engine Runway: 09R Length x Width: 12008 ft x 197 ft Surface Type: as"
86,True,OIBK,OIBK,False,,False,AIRPORT INFORMATION,AIRPORT,AIRPORT,AIRPORT,55,REVIEW,True,only_old_index_supports_category,prior_index_only,True,False,True,False,False,612.0,792.0,1767,"General Information Location: KISH ISLAND IRN ICAO/IATA: OIBK / KIH Lat/Long: N26° 31.6', E053° 58.7' Elevation: 99 ft Airport Use: Public Daylight Savings: Not Observed UTC Conversion: -3:30 = UTC Magnetic Variation: 3.0° E Fuel Types: Jet A-1 Repair Types: Minor Airframe, Minor Engine Runway: 09R Length x Width: 12008 ft x 197 ft Surface Type: as"
87,True,OIBK,,False,10-1P,False,AIRPORT BRIEFING,AIRPORT,AIRPORT,AIRPORT,96,MATCH,False,independently_consistent,Jeppesen_10_20_airport_series,True,False,True,False,False,612.0,792.0,4822,"JEPPESEN 1. GENERAL 1.1. ATIS 1.3. ATIS 128.0 TAXI PROCEDURES In order to meet the requirement for wing-tip clearance, follow strictly the yellow taxi guidance lines. However Tower controller may issue daviating instructions with the assistance of follow-me car. Aircraft holding at all Runway Holding Positions are to ensure that the aircraft nose i"
88,True,OIBK,OIBK,False,10-1P1,True,AIRPORT BRIEFING,AIRPORT,AIRPORT,AIRPORT,96,MATCH,False,independently_consistent,Jeppesen_10_20_airport_series,True,False,True,False,False,612.0,792.0,5759,"JEPPESEN 3. DEPARTURE When necessary, Kish Tower may deviate from the standard push-back procedures 28 NOV 25 Pilots are required to request taxi within 3 minutes after completing push-back maneuver for CAT C/D aircraft and 5 minutes for CAT E/F aircraft, otherwise inform Kish Tower. Pilots shall follow the procedures outlined in Table 1 below upon"
89,True,OIBK,,False,10-1P2,False,AIRPORT BRIEFING,AIRPORT,AIRPORT,AIRPORT,96,MATCH,False,independently_consistent,Jeppesen_10_20_airport_series,True,False,True,False,False,612.0,792.0,2183,"JEPPESEN 3. DEPARTURE 108L 108 108R 110 112 108R, 112 106, 106R, 108, 108R 106R, 108L, 108R 108L, 108, 110 108R, 110 3.1.3. TAXI PROCEDURES Aircraft are required to request taxi during the validity time (10 minutes after start-up approval). All departure aircraft from Apron 1 should taxi out via D1 and then Twy C4 and continue to the clearance limi"
90,True,OIBK,,False,10-2,False,"ALNOL 1P, ALNOL 1Q, DELBU 1P, DELBU 1Q, DELBU 1T, IBNUX 1Q, IBNUX 1T, MIVUN 1Q, MIVUN 1T, VEKEL 1Q",STAR,STAR,STAR,96,MATCH,False,independently_consistent,Jeppesen_10-2_series,True,False,True,False,False,612.0,792.0,30302,2 S I K VO R NUX MIVUN 267^ 2 5 1 ^ M IV U N 1 00 0 D15.0 Arc KIS JEPPESEN
91,True,OIBK,,False,10-3,False,"DELBU 1E, DELBU 1F, DELBU 1G, DELBU 1H, IBNUX 1E, IBNUX 1G",SID,SID,SID,98,MATCH,False,independently_consistent,printed_SID_header,True,False,True,False,False,612.0,792.0,39453,JEPPESEN DELBU 1E [DELB1E] DELBU 1F [DELB1F] DELBU 1G [DELB1G] DELBU 1H [DELB1H] IBNUX 1E [IBNU1E] IBNUX 1G [IBNU1G] .Eff.27.Nov. 21 NOV 25 Apt Elev Trans alt: 7000 99 DEPARTURES .SID. (ALL RWYS) 563 750 1125 1500 1875 2250 313 417 625 833 1042 1250 Gnd speed-KT
92,True,OIBK,OIBK,False,10-3A,True,"MIVUN 1E, MIVUN 1G, VEKEL 1E, VEKEL 1G",SID,SID,SID,98,MATCH,False,independently_consistent,printed_SID_header,True,False,True,False,False,612.0,792.0,12500,"VO R S I K MIVUN .SID. JEPPESEN OIBK/KIH KISH INTL 10-3A .Eff.27.Nov. 21 NOV 25 Apt Elev MIVUN 1E [MIVU1E] MIVUN 1G [MIVU1G] VEKEL 1E [VEKE1E] VEKEL 1G [VEKE1G] DEPARTURES (ALL RWYS) Trans alt: 7000 99 KISH ISLAND, IRAN 20"
93,True,OIBK,OIBK,False,10-3B,True,"PURNA 1E, PURNA 1F, PURNA 1G",SID,SID,SID,98,MATCH,False,independently_consistent,printed_SID_header,True,False,True,False,False,612.0,792.0,3502,"Apt Elev .SID. JEPPESEN OIBK/KIH KISH ISLAND, IRAN 10-3B 21 NOV 25 .Eff.27.Nov. KISH INTL PURNA 99 Trans alt: 7000 20 25 PURNA 1E [PURN1E] PURNA 1F [PURN1F] PURNA 1G [PURN1G] DEPARTURES (ALL RWYS) CONTOUR INTERVALS 4000 2000"
94,True,OIBK,OIBK,False,10-4,True,KISH INTL 21 NOV 25 10-4 .Eff.27.Nov. .NOISE.,AIRPORT,AIRPORT,AIRPORT,96,MATCH,False,independently_consistent,Jeppesen_10_20_airport_series,True,False,True,False,False,612.0,792.0,717,"JEPPESEN .NOISE. 10-4 NOISE ABATEMENT 21 NOV 25 GENERAL OIBK/KIH KISH INTL KISH ISLAND, IRAN RWYS 09L/R are not used for take-off during 2030-0430, EXCEPTwhen the tailwind component for RWYS 27L/R is 10 KT or more. .Eff.27.Nov."
95,True,OIBK,OIBK,False,10-9,True,Airport Diagram Chart (ADC),AIRPORT,AIRPORT,AIRPORT,96,MATCH,False,independently_consistent,Jeppesen_10_20_airport_series,True,False,True,False,False,612.0,792.0,7205,"09L 095^ 275^ 27R Elev 99' Elev 94' 10-9 KISH ISLAND, IRAN N26 31.7 E053 58.8 99' Apt Elev *ATIS 128.0 OIBK/KIH 11,972'3649m 367m Stopway 1204' MET ARP B8 A8"
96,True,OIBK,OIBK,False,10-9A,False,PARKING STANDS & COORDS,AIRPORT,AIRPORT,AIRPORT,96,MATCH,False,independently_consistent,Jeppesen_10_20_airport_series,True,False,True,False,False,612.0,792.0,4347,"KISH ISLAND, IRAN OIBK/KIH JEPPESEN A7 A5 A4 212 210 200 A6 A A Domestic Terminal International Terminal 202 204 206 208 106 108 110 112"
97,True,OIBK,OIBK,False,10-9S,True,MINIMUMS,AIRPORT,AIRPORT,AIRPORT,96,MATCH,False,independently_consistent,Jeppesen_10_20_airport_series,True,False,True,False,False,612.0,792.0,3338,"10-9S JEPPESEN 1 .EASA.AIR.OPS. .Eff.27.Nov. 21 NOV 25 2 2 2 2 1 1 STRAIGHT-IN RWY D C B A OIBK/KIH 09L KISH ISLAND, IRAN (441') R1400m R1400m R1400m"
98,True,OIBK,OIBK,False,11-1,True,ILS Z OR LOC Z RWY 09R,APP,APP,APP,91,MATCH,False,independently_consistent,instrument_approach_header,True,False,True,False,False,612.0,792.0,6030,"2 MAX 200 KT MHA 4000 29 115^ (IAF) OIBK/KIH KISH INTL 11-1 KISH ISLAND, IRAN ILS Z or LOC Z Rwy 09R 121.675 118.450 *KISH Tower 128.0 *ATIS *Ground 122.325 IKIS Final Apch Crs 092^ 315'(223') 1900'(1808')"
99,True,OIBK,OIBK,False,11-2,True,ILS Y OR LOC Y RWY 09R,APP,APP,APP,91,MATCH,False,independently_consistent,instrument_approach_header,True,False,True,False,False,612.0,792.0,7169,"KISH ISLAND 117.4 KIS KIS D C D10.0 KIS OIBK/KIH KISH INTL 11-2 ILS Y or LOC Y Rwy 09R KISH ISLAND, IRAN .Eff.27.Nov. 21 NOV 25 230^ 120^ 3000 7000 MSA KIS VOR 121.675 *Ground *KISH Tower 118.450 122.325"
100,True,OIBK,OIBK,False,13-1,True,VOR Z RWY 09L,APP,APP,APP,84,MATCH,False,independently_consistent,Jeppesen_approach_number_series,True,False,True,False,False,612.0,792.0,5252,"295^ KISH ISLAND, IRAN 13-1 VOR 117.4 KIS Final Apch Crs 092^ 540'(441') Alt Set: hPa Apt Elev: 4 hPa Trans alt: 7000' D5.0 1900'(1801') MISSED APCH: Trans level: By ATC OIBK/KIH 10 BRIEFING STRIP TM JEPPESEN Apt Elev 99' DA/MDA(H) 121.675"
101,True,OIBK,OIBK,False,13-2,True,VOR Y RWY 09L,APP,APP,APP,84,MATCH,False,independently_consistent,Jeppesen_approach_number_series,True,False,True,False,False,612.0,792.0,6096,"KISH ISLAND, IRAN 13-2 VOR 117.4 KIS Final Apch Crs 092^ 540'(441') D5.0 1900' OIBK/KIH (1801') 10 BRIEFING STRIP TM JEPPESEN Apt Elev 99' DA/MDA(H) *ATIS 128.0 118.450 *KISH Tower *Ground 121.675"
102,True,OIBK,OIBK,False,13-3,True,VOR Z RWY 09R,APP,APP,APP,84,MATCH,False,independently_consistent,Jeppesen_approach_number_series,True,False,True,False,False,612.0,792.0,5224,"295^ KISH ISLAND, IRAN 13-3 VOR 117.4 KIS Final Apch Crs 092^ 540'(441') Alt Set: hPa Apt Elev: 4 hPa Trans alt: 7000' D5.0 1900'(1801') MISSED APCH: Trans level: By ATC OIBK/KIH 10 BRIEFING STRIP TM JEPPESEN Apt Elev 99' DA/MDA(H) 121.675"
103,True,OIBK,OIBK,False,13-4,True,VOR Y RWY 09R,APP,APP,APP,84,MATCH,False,independently_consistent,Jeppesen_approach_number_series,True,False,True,False,False,612.0,792.0,6092,"KISH ISLAND, IRAN 13-4 VOR 117.4 KIS Final Apch Crs 092^ 540'(441') D5.0 1900' OIBK/KIH (1801') 10 BRIEFING STRIP TM JEPPESEN Apt Elev 99' DA/MDA(H) *ATIS 128.0 118.450 *KISH Tower *Ground 121.675"
104,True,OIBK,OIBK,False,13-5,False,VOR Z RWY 27L,APP,APP,APP,84,MATCH,False,independently_consistent,Jeppesen_approach_number_series,True,False,True,False,False,612.0,792.0,5082,"KISH ISLAND, IRAN VOR 117.4 KIS Final Apch Crs 271^ 630'(531') BRIEFING STRIP TM Alt Set: hPa Apt Elev: 4 hPa Trans alt: 7000' MISSED APCH: D6.0 1200'(1101') Trans level: By ATC OIBK/KIH 10 117.4 KIS D K I S JEPPESEN Apt Elev 99' KISH ISLAND CAUTION: An airfield exists in the North of OIBK Apt, with the same Rwy alignment"
105,True,OIBK,OIBK,False,13-6,True,VOR Y RWY 27L,APP,APP,APP,84,MATCH,False,independently_consistent,Jeppesen_approach_number_series,True,False,True,False,False,612.0,792.0,5389,"KISH ISLAND, IRAN VOR 117.4 KIS Final Apch Crs 271^ 630'(531') 10 BRIEFING STRIP TM Alt Set: hPa Apt Elev: 4 hPa Trans alt: 7000' Trans level: By ATC OIBK/KIH MISSED APCH: JEPPESEN Apt Elev 99' 13-6 DA/MDA(H) 121.675 118.450 *KISH Tower 128.0"
106,True,OIBK,OIBK,False,13-7,False,VOR Z RWY 27R,APP,APP,APP,84,MATCH,False,independently_consistent,Jeppesen_approach_number_series,True,False,True,False,False,612.0,792.0,5016,"KISH ISLAND, IRAN VOR 117.4 KIS Final Apch Crs 271^ 630'(531') BRIEFING STRIP TM Alt Set: hPa Apt Elev: 4 hPa Trans alt: 7000' MISSED APCH: D6.0 1200'(1101') Trans level: By ATC OIBK/KIH 10 117.4 KIS D K I S JEPPESEN Apt Elev 99' KISH ISLAND CAUTION: An airfield exists in the North of OIBK Apt, with the same Rwy alignment"
107,True,OIBK,OIBK,False,13-8,True,VOR Y RWY 27R,APP,APP,APP,84,MATCH,False,independently_consistent,Jeppesen_approach_number_series,True,False,True,False,False,612.0,792.0,5310,"KISH ISLAND, IRAN VOR 117.4 KIS Final Apch Crs 271^ 630'(531') 10 BRIEFING STRIP TM Alt Set: hPa Apt Elev: 4 hPa Trans alt: 7000' Trans level: By ATC OIBK/KIH MISSED APCH: JEPPESEN Apt Elev 99' 13-8 DA/MDA(H) 121.675 118.450 *KISH Tower 128.0"
108,True,OIBL,OIBL,False,,False,AIRPORT INFORMATION,AIRPORT,AIRPORT,AIRPORT,88,MATCH,False,independently_consistent,airport_header,True,False,True,False,False,612.0,792.0,1709,"General Information Location: BANDAR LENGEH IRN ICAO/IATA: OIBL / BDH Lat/Long: N26° 31.9', E054° 49.6' Elevation: 75 ft Airport Use: Public Daylight Savings: Not Observed UTC Conversion: -3:30 = UTC Magnetic Variation: 2.0° E Fuel Types: Jet A-1 Customs: Yes General Information Location: BANDAR LENGEH IRN ICAO/IATA: OIBL / BDH Lat/Long: N26° 31.9'"
109,True,OIBL,OIBL,False,10-2,True,"DENSA 1N, DENSA 2P, DENSA 1Q",STAR,STAR,STAR,98,MATCH,False,independently_consistent,printed_STAR_header,True,False,True,False,False,612.0,792.0,6203,"090^ 180^ 270^ 255^ Apt Elev OIBL/BDH .STAR. BANDAR LENGEH BANDAR LENGEH, IRAN JEPPESEN Alt Set: hPa 10-2 Trans level: FL60 Trans alt: 4000' (IAF) 75' 5300 4900 3000 MHA 3000 D11.0 LEN 7 JUL 23 .Eff.13.Jul. MSA LEN VOR"
110,True,OIBL,OIBL,False,10-2A,True,"KHM 1P, KHM 1N",STAR,STAR,STAR,98,MATCH,False,independently_consistent,printed_STAR_header,True,False,True,False,False,612.0,792.0,6265,"255^ 335 KHM KHM N26 45.8 E055 54.5 5 0 0 0 Apt Elev 75' OIBL/BDH .STAR. BANDAR LENGEH BANDAR LENGEH, IRAN JEPPESEN 3 7 .3 KHM N26 45.8 E055 54.5 DME (117.1) KHM D 10-2A"
111,True,OIBL,OIBL,False,10-2B,True,"KIS 3N, KIS 3P, KIS 1Q",STAR,STAR,STAR,98,MATCH,False,independently_consistent,printed_STAR_header,True,False,True,False,False,612.0,792.0,5739,"BANDAR LENGEH 114.8 LEN LEN 26 32.2 E054 51.1 090^ 180^ 270^ 075^ 1 1 3 0 0 0 255^ Apt Elev 75' OIBL/BDH .STAR. BANDAR LENGEH BANDAR LENGEH, IRAN 10-2B JEPPESEN 4900"
112,True,OIBL,OIBL,False,10-2C,True,"NABEX 2Q, NABEX 2N, NABEX 2P",STAR,STAR,STAR,98,MATCH,False,independently_consistent,printed_STAR_header,True,False,True,False,False,612.0,792.0,7432,"090^ 180^ 270^ 1 1 3 255^ Apt Elev 75' OIBL/BDH .STAR. BANDAR LENGEH BANDAR LENGEH, IRAN 10-2C JEPPESEN (IAF) 5300 4900 3000 D11.0 LEN 7 JUL 23 .Eff.13.Jul. Alt Set: hPa Trans level: FL60 Trans alt: 4000' MSA"
113,True,OIBL,OIBL,False,10-2D,True,"DENSA 1R, KHM 1Q",STAR,STAR,STAR,98,MATCH,False,independently_consistent,printed_STAR_header,True,False,True,False,False,612.0,792.0,4162,"090^ 180^ 270^ Apt Elev 75' OIBL/BDH .STAR. BANDAR LENGEH BANDAR LENGEH, IRAN 10-2D JEPPESEN 255^ 335 KHM KHM N26 45.8 E055 54.5 KHM N26 45.8 E055 54.5 DME (117.1) KHM D 5300 4900 3000 GHESHM ISLAND"
114,True,OIBL,OIBL,False,10-3,True,"KIS 1E, NABEX 1A, DENSA 1A, KHM 1A",SID,SID,SID,98,MATCH,False,independently_consistent,printed_SID_header,True,False,True,False,False,612.0,792.0,8479,"Apt Elev 75' OIBL/BDH 10-3 BANDAR LENGEH BANDAR LENGEH, IRAN 090^ 180^ 270^ Trans level: FL60 Trans alt: 4000' 335 KHM KHM N26 45.8 E055 54.5 KHM N26 45.8 E055 54.5 DME (117.1) KHM D .SID. JEPPESEN limb to cleared FL. ercept LEN R-318 5300 4900"
115,True,OIBL,OIBL,False,10-3A,True,"KIS 1F, NABEX 1B, DENSA 1B, KHM 1B",SID,SID,SID,98,MATCH,False,independently_consistent,printed_SID_header,True,False,True,False,False,612.0,792.0,8189,"Apt Elev 75' OIBL/BDH BANDAR LENGEH BANDAR LENGEH, IRAN 090^ 180^ 270^ Trans level: FL60 Trans alt: 4000' 10-3A 335 KHM KHM N26 45.8 E055 54.5 KHM N26 45.8 E055 54.5 DME .SID. JEPPESEN limb to cleared FL. mb to cleared FL. D(117.1) KHM 5300 4900 3000"
116,True,OIBL,OIBL,False,10-3B,True,"NABEX 1D, DENSA 1C, KHM 1C",SID,SID,SID,98,MATCH,False,independently_consistent,printed_SID_header,True,False,True,False,False,612.0,792.0,7585,"Apt Elev 75' OIBL/BDH BANDAR LENGEH BANDAR LENGEH, IRAN 090^ 180^ 270^ Trans level: FL60 Trans alt: 4000' 335 KHM KHM N26 45.8 E055 54.5 KHM N26 45.8 E055 54.5 DME (117.1) KHM D 10-3B .SID. JEPPESEN 4900 5300 3000 VOR to DENSA, climb to"
117,True,OIBL,OIBL,False,10-3C,True,"NABEX 1E, DENSA 1D, KHM 1D",SID,SID,SID,98,MATCH,False,independently_consistent,printed_SID_header,True,False,True,False,False,612.0,792.0,6817,"Apt Elev 75' OIBL/BDH BANDAR LENGEH BANDAR LENGEH, IRAN 090^ 180^ 270^ Trans level: FL60 Trans alt: 4000' 335 KHM KHM N26 45.8 E055 54.5 KHM N26 45.8 E055 54.5 DME (117.1) KHM D 10-3C .SID. JEPPESEN 5300 4900 3000 VOR to DENSA, climb to"
118,True,OIBL,OIBL,False,10-9,True,Airport Diagram Chart (ADC),AIRPORT,AIRPORT,AIRPORT,96,MATCH,False,independently_consistent,Jeppesen_10_20_airport_series,True,False,True,False,False,612.0,792.0,3634,"Apt Elev 02^E 26-32 26-32 54-49 54-50 28 JUL 17 JEPPESEN 479' 146m Stopway A 8202' 2500m Elev Elev 75' ARP BANDAR LENGEH, IRAN BANDAR LENGEH 121.7 122.550 75' 10-9 *BANDAR LENGEH Information OIBL/BDH N26 31.9 E054 49.7"
119,True,OIBL,OIBL,False,10-9S,True,MINIMUMS,AIRPORT,AIRPORT,AIRPORT,96,MATCH,False,independently_consistent,Jeppesen_10_20_airport_series,True,False,True,False,False,612.0,792.0,3409,"10-9S JEPPESEN .Standard. 1 1 28 JUL 17 1 1 STRAIGHT-IN RWY D C B A OIBL/BDH BANDAR LENGEH, IRAN 510' 1500m 2100m VOR DME BANDAR LENGEH 08 26 510'(444') 510'(444')"
120,True,OIBL,,False,13-1,True,VOR DME RWY 08,APP,APP,APP,91,MATCH,False,independently_consistent,instrument_approach_header,True,False,True,False,False,612.0,792.0,4806,"MISSED APCH: BRIEFING STRIP TM BANDAR LENGEH, IRAN BANDAR LENGEH 13-1 VOR Final Apch Crs 079^ MDA(H) 510'(444') Minimum Alt LEN 114.8 *BANDAR LENGEH Information VOR DME Rwy 08 D7.0 1900'(1834') Climb on R-259 to overhead VOR, then turn RIGHT to rejoin holding at 3000'. 10 BANDAR LENGEH 114.8 LEN"
121,True,OIBL,,False,13-2,True,VOR DME RWY 26,APP,APP,APP,91,MATCH,False,independently_consistent,instrument_approach_header,True,False,True,False,False,612.0,792.0,5085,"1000 MISSED APCH: BRIEFING STRIP TM BANDAR LENGEH, IRAN BANDAR LENGEH 13-2 VOR Final Apch Crs 255^ MDA(H) 450'(375') Minimum Alt LEN 114.8 *BANDAR LENGEH Information VOR DME Rwy 26 D3.0 1400'(1325') D11.0 (IAF) 255^ 26-40"
122,True,OIBL,,False,13-3,True,VOR RWY 26,APP,APP,APP,91,MATCH,False,independently_consistent,instrument_approach_header,True,False,True,False,False,612.0,792.0,5926,"1 0 0 0 MISSED APCH: BRIEFING STRIP TM 10 BANDAR LENGEH, IRAN BANDAR LENGEH VOR Rwy 26 13-3 VOR Final Apch Crs 260^ MDA(H) 500' (425') No FAF LEN 114.8 26-40 *BANDAR LENGEH Information Climb on R-250 to 2000', then turn LEFT and rejoin"
123,True,OIBL,OIBL,False,16-1,True,NDB RWY 08 CAT C & D,APP,APP,APP,91,MATCH,False,independently_consistent,instrument_approach_header,True,False,True,False,False,612.0,792.0,5124,"1000 1 0 0 0 1 0 0 0 OIBL/BDH BANDAR LENGEH 16-1 BANDAR LENGEH, IRAN NDB Rwy 08 *BANDAR LENGEH Information MISSED APCH: BRIEFING STRIP TM JEPPESEN 15 20 26-40 NDB LEN"
124,True,OIBL,OIBL,False,16-2,True,NDB RWY 26,APP,APP,APP,91,MATCH,False,independently_consistent,instrument_approach_header,True,False,True,False,False,612.0,792.0,5127,"1000 (IAF) L E N 3^ OIBL/BDH BANDAR LENGEH 16-2 BANDAR LENGEH, IRAN NDB Rwy 26 MISSED APCH: BRIEFING STRIP TM JEPPESEN NDB LEN 408 Final Apch Crs 253^ MDA(H) No FAF 10 26-40 550'(475')"
125,True,OIBL,OIBL,False,16-3,True,APPROACH 16-3,APP,APP,APP,84,MATCH,False,independently_consistent,Jeppesen_approach_number_series,True,False,True,False,False,612.0,792.0,4505,"1000 1000 OIBL/BDH BANDAR LENGEH 16-3 BANDAR LENGEH, IRAN MISSED APCH: BRIEFING STRIP TM JEPPESEN NDB LEN 408 Final Apch Crs 081^ MDA(H) No FAF 1960'(1885') CIRCLING NDB CAT A & B BANDAR LENGEH 408 LEN LEN"
126,True,OIBP,OIBP,False,,False,AIRPORT INFORMATION,AIRPORT,AIRPORT,AIRPORT,88,MATCH,False,independently_consistent,airport_header,True,False,True,False,False,612.0,792.0,1869,"General Information Location: PARS SPECIAL ENERGY ECON IRN ICAO/IATA: OIBP / PGU Lat/Long: N27° 22.8', E052° 44.3' Elevation: 22 ft Airport Use: Public Daylight Savings: Not Observed UTC Conversion: -3:30 = UTC Magnetic Variation: 3.0° E Fuel Types: Jet A-1 Customs: Yes General Information Location: PARS SPECIAL ENERGY ECON IRN ICAO/IATA: OIBP / PG"
127,True,OIBP,,False,10-2,False,"KUPTO 1N, KUPTO 1Q, LAMERD 1Q, LAMERD 1R, LAMERD 1S",STAR,STAR,STAR,98,MATCH,False,independently_consistent,printed_STAR_header,True,False,True,False,False,612.0,792.0,28249,117.0 LAM LAMERD LAM D Alt Set: hPa Trans level: By ATC Actual descent clearance will be as directed by ATC. Apt Elev 126.6 *ATIS 22 .STAR. 95 53-30 STAR KUPTO 1N KUPTO 1Q LAMERD 1Q LAMERD 1R LAMERD 1S RWY 31 31
128,True,OIBP,OIBP,False,10-2A,True,"KUPTO 1T, LAMERD 1T",STAR,STAR,STAR,98,MATCH,False,independently_consistent,printed_STAR_header,True,False,True,False,False,612.0,792.0,2960,"KUPTO 187^ Apt Elev Actual descent clearance will be as directed by ATC. 126.6 *ATIS 22 Alt Set: hPa Trans level: By ATC .STAR. JEPPESEN OIBP/PGU PERSIAN GULF 10-2A PARS SPECIAL EE ZONE, IRAN 50 22 JUL 22 28-30 ARRIVALS (ALL RWYS) KUPTO 1T [KUPT1T] LAMERD 1T [LAM1T] CONTOUR INTERVALS 6000"
129,True,OIBP,OIBP,False,10-3,True,"KATAG 1K, KATAG 1L",SID,SID,SID,98,MATCH,False,independently_consistent,printed_SID_header,True,True,True,False,False,612.0,792.0,2997,"150^ KATAG Apt Elev 22 Trans alt: 7000 10-3 .SID. JEPPESEN OIBP/PGU PARS SPECIAL EE ZONE, IRAN PERSIAN GULF 20 25 18 SEP 26 .Eff.1.Oct. DEPARTURES (ALL RWYS) KATAG 1K [KATA1K] KATAG 1L [KATA1L] NOT TO SCALE 6000"
130,True,OIBP,OIBP,False,10-3A,True,"KATAG 1H, KATAG 1J, KATAG 1M",SID,SID,SID,98,MATCH,False,independently_consistent,printed_SID_header,True,True,True,False,False,612.0,792.0,4053,"150^ P RG V OR KATAG Apt Elev 22 Trans alt: 7000 .SID. JEPPESEN PERSIAN GULF OIBP/PGU 10-3A PARS SPECIAL EE ZONE, IRAN 20 25 18 SEP 26 .Eff.1.Oct. NOT TO SCALE KATAG 1H [KATA1H] KATAG 1J [KATA1J] KATAG 1M [KATA1M] DEPARTURES (ALL RWYS)"
131,True,OIBP,OIBP,False,10-9,True,Airport Diagram Chart (ADC),AIRPORT,AIRPORT,AIRPORT,96,MATCH,False,independently_consistent,Jeppesen_10_20_airport_series,True,False,True,False,False,612.0,792.0,6641,Elev 12' Apt Elev 22' PERSIAN GULF 10-9 13 126^ 13 394' Stopway 120m NDB N27 22.8 E052 44.3 03^E C B E A Control Tower MET JEPPESEN OIBP/PGU *PERSIAN GULF Tower (GND) *PERSIAN GULF Tower
132,True,OIBP,,False,11-1,True,ILS Z OR LOC Z RWY 31,APP,APP,APP,84,MATCH,False,independently_consistent,Jeppesen_approach_number_series,True,False,True,False,False,612.0,792.0,7424,D5.0 300^ MISSED APCH: BRIEFING STRIP TM PERSIAN GULF 11-1 LOC IPRG 110.3 Final Apch Crs 307^ 3300'(3278') 244'(222') Apt Elev 22' Alt Set: hPa Rwy Elev: 1 hPa Trans alt: 7000' 10 27-20 D10.5 IPRG DA(H)
133,True,OIBP,,False,11-2,True,ILS Y OR LOC Y RWY 31,APP,APP,APP,84,MATCH,False,independently_consistent,Jeppesen_approach_number_series,True,False,True,False,False,612.0,792.0,7715,OI(R)-67 MISSED APCH: BRIEFING STRIP TM PERSIAN GULF 11-2 Alt Set: hPa Rwy Elev: 1 hPa Trans alt: 7000' 10 127^ 117^ 297^ 280^ LOC IPRG 110.3 Final Apch Crs 307^ 3210'(3188') 244'(222') D10.0 IPRG DA(H)
134,True,OIBP,,False,13-1,True,VOR Z RWY 31,APP,APP,APP,84,MATCH,False,independently_consistent,Jeppesen_approach_number_series,True,False,True,False,False,612.0,792.0,6209,OI(R)-67 PERSIAN GULF 112.1 PRG P R G D D7.0 300^ MISSED APCH: BRIEFING STRIP TM PERSIAN GULF 13-1 VOR PRG 112.1 Final Apch Crs 307^ D7.0 2200'(2178') 600'(578') Alt Set: hPa Apt Elev: 1 hPa Trans alt: 7000'
135,True,OIBP,,False,13-2,True,VOR Y RWY 31,APP,APP,APP,84,MATCH,False,independently_consistent,Jeppesen_approach_number_series,True,False,True,False,False,612.0,792.0,6512,MISSED APCH: BRIEFING STRIP TM PERSIAN GULF 13-2 VOR PRG 112.1 Final Apch Crs 307^ D7.0 2200'(2178') 600'(578') Alt Set: hPa Apt Elev: 1 hPa Trans alt: 7000' 10 PERSIAN GULF 112.1 PRG P R G D D7.0 300^
136,True,OIBP,,False,13-3,True,CHART PAGE 107,APP,APP,APP,84,MATCH,False,independently_consistent,Jeppesen_approach_number_series,True,False,True,False,False,612.0,792.0,6500,OI(R)-67 MISSED APCH: BRIEFING STRIP TM PERSIAN GULF 13-3 VOR PRG 112.1 Final Apch Crs 307^ D6.0 2000'(1978') MDA(H) Alt Set: hPa Apt Elev: 1 hPa Trans alt: 7000' 10 PERSIAN GULF 112.1 PRG P R G D 127^
137,True,OIBP,,False,13-4,True,CHART PAGE 108,APP,APP,APP,84,MATCH,False,independently_consistent,Jeppesen_approach_number_series,True,False,True,False,False,612.0,792.0,4970,OI(R)-18 (IAF) (IF) D21.0 D15.0 120^ 300^ 120^ 27-30 MISSED APCH: BRIEFING STRIP TM PERSIAN GULF 13-4 VOR PRG 112.1 Final Apch Crs 120^ D9.0 2600'(2578') MDA(H) Alt Set: hPa
138,True,OIBP,,False,13-5,True,CHART PAGE 109,APP,APP,APP,84,MATCH,False,independently_consistent,Jeppesen_approach_number_series,True,False,True,False,False,612.0,792.0,5537,OI(R)-18 MISSED APCH: BRIEFING STRIP TM PERSIAN GULF 13-5 VOR PRG 112.1 Final Apch Crs 115^ D8.0 2300'(2278') MDA(H) Alt Set: hPa Apt Elev: 1 hPa Trans alt: 7000' 10 D8.0 115^ 070^ 250^ Initial approach restricted to MAX 185 KT. JEPPESEN
139,True,OIBP,OIBP,False,16-1,True,NDB RWY 13,APP,APP,APP,91,MATCH,False,independently_consistent,instrument_approach_header,True,False,True,False,False,612.0,792.0,7122,OI(R)-18 MISSED APCH: BRIEFING STRIP TM PERSIAN GULF 16-1 NDB PRG 117^ 440'(428') Alt Set: hPa Rwy Elev: 0 hPa Trans alt: 7000' NDB Rwy 13 457 No FAF Final Apch Crs 297 PRG NDB OIBP/PGU JEPPESEN *PERSIAN GULF Tower *Ground
140,True,OIBP,,False,16-2,True,NDB RWY 31,APP,APP,APP,91,MATCH,False,independently_consistent,instrument_approach_header,True,False,True,False,False,612.0,792.0,7095,457 PRG P R G PERSIAN GULF MISSED APCH: BRIEFING STRIP TM PERSIAN GULF 16-2 NDB PRG Final Apch Crs 311^ 700'(678') Alt Set: hPa Apt Elev: 1 hPa Trans alt: 7000' 10 NDB Rwy 31 457 No FAF 131^ 311^ Initial approach restricted to MAX 185 KT.
141,True,OIBQ,OIBQ,False,,False,AIRPORT INFORMATION,AIRPORT,AIRPORT,AIRPORT,88,MATCH,False,independently_consistent,airport_header,True,False,True,False,False,612.0,792.0,1780,"General Information Location: KHARK ISLAND IRN ICAO/IATA: OIBQ / KHK Lat/Long: N29° 15.6', E050° 19.4' Elevation: 29 ft Airport Use: Public Daylight Savings: Not Observed UTC Conversion: -3:30 = UTC Magnetic Variation: 3.0° E Fuel Types: Jet A-1 Customs: No General Information Location: KHARK ISLAND IRN ICAO/IATA: OIBQ / KHK Lat/Long: N29° 15.6', E"
142,True,OIBQ,OIBQ,False,10-2,True,"IBKUG 1A, IBKUG 1B, IBKUG 1C",STAR,STAR,STAR,98,MATCH,False,independently_consistent,printed_STAR_header,True,True,True,False,False,612.0,792.0,3888,"30^ 133^ Apt Elev 29' OIBQ/KHK 10-2 .STAR. KHARK ISLAND, IRAN KHARK JEPPESEN (IAF) IBKUG 6 29 OCT 21 IBKUG 1A [IBKU1A], IBKUG 1B [IBKU1B] IBKUG 1C [IBKU1C] BUSHEHR 1B (BUZ 1B) [BUZ1B] BUSHEHR 1A (BUZ 1A) [BUZ1A] BUSHEHR 1C (BUZ 1C) [BUZ1C] .Eff.4.Nov. Alt Set: hPa Trans level: By ATC Trans alt: 5000' ARRIVALS (RWYS 13, 31) MHA 3000"
143,True,OIBQ,OIBQ,False,10-2A,True,"IVERA 1A, IVERA 1C",STAR,STAR,STAR,98,MATCH,False,independently_consistent,printed_STAR_header,True,False,True,False,False,612.0,792.0,7924,"Apt Elev 29' OIBQ/KHK .STAR. KHARK ISLAND, IRAN KHARK JEPPESEN 10-2A IVERA 271^ 259^ UNUSABLE WHEN OI(C)-17 ACTIVE 29 OCT 21 IVERA 1A [IVER1A], IVERA 1C [IVER1C] .Eff.4.Nov. Alt Set: hPa Trans level: By ATC Trans alt: 5000' ARRIVALS (RWYS 13, 31) MSA KHG VOR O SCALE 3000"
144,True,OIBQ,OIBQ,False,10-2B,True,"SESMA 1G, SESMA 1H, SESMA 1J",STAR,STAR,STAR,98,MATCH,False,independently_consistent,printed_STAR_header,True,False,True,False,False,612.0,792.0,8278,"SESMA Apt Elev 29' OIBQ/KHK .STAR. KHARK ISLAND, IRAN KHARK JEPPESEN 5 0 0 0 S E S M A 1 1 4 242^ 248^ 258^ 10-2B"
145,True,OIBQ,OIBQ,False,10-2C,True,"BUSHEHR 1E, IBKUG 1E, SESMA 1K",STAR,STAR,STAR,98,MATCH,False,independently_consistent,printed_STAR_header,True,True,True,False,False,612.0,792.0,2617,"OI(C)-17 Apt Elev 29' OIBQ/KHK .STAR. KHARK ISLAND, IRAN KHARK JEPPESEN IBKUG SESMA 10-2C 242^ 44 000 1K 1 STAR penetrates area OI(C)-17. 1 29 OCT 21 BUSHEHR 1E [BUZ1E], IBKUG 1E [IBKU1E] SESMA 1K [SESM1K] .Eff.4.Nov. Alt Set: hPa Trans level: By ATC Trans alt: 5000'"
146,True,OIBQ,OIBQ,False,10-3,True,"IVERA 2A, IVERA 2B, IBKUG 1A, IBKUG 1B",SID,SID,SID,98,MATCH,False,independently_consistent,printed_SID_header,True,False,True,False,False,612.0,792.0,14854,"Apt Elev 29' OIBQ/KHK 10-3 KHARK ISLAND, IRAN KHARK .SID. JEPPESEN Trans level: By ATC Trans alt: 5000' IVERA Z 9.6 29 OCT 21 IBKUG 1A [IBKU1A], IBKUG 1B [IBKU1B] IVERA 2A [IVER2A], IVERA 2B [IVER2B] BUSHEHR 1A (BUZ 1A) [BUZ1A] BUSHEHR 1B (BUZ 1B) [BUZ1B] DEPARTURES .Eff.4.Nov. (ALL RWYS) MSA KHG VOR 0 300"
147,True,OIBQ,OIBQ,False,10-3A,True,"SESMA 1G, SESMA 1H",SID,SID,SID,98,MATCH,False,independently_consistent,printed_SID_header,True,True,True,False,False,612.0,792.0,2165,"Apt Elev 29' OIBQ/KHK KHARK ISLAND, IRAN KHARK .SID. JEPPESEN Trans level: By ATC Trans alt: 5000' SESMA 10-3A 29 OCT 21 SESMA 1G [SESM1G], SESMA 1H [SESM1H] DEPARTURES .Eff.4.Nov. (ALL RWYS) MSA KHG VOR 3000"
148,True,OIBQ,OIBQ,False,10-3B,True,"IVERA 1D, IVERA 1E, IBKUG 1D, IBKUG 1E, BUSHEHR 1E, BUSHEHR 1F",SID,SID,SID,98,MATCH,False,independently_consistent,printed_SID_header,True,False,True,False,False,612.0,792.0,9965,"Apt Elev 29' OIBQ/KHK KHARK ISLAND, IRAN KHARK .SID. JEPPESEN Trans level: By ATC Trans alt: 5000' IVERA UZ Z 49.6 10-3B 29 OCT 21 BUSHEHR 1E [BUZ1E], BUSHEHR 1F [BUZ1F] IBKUG 1D [IBKU1D], IBKUG 1E [IBKU1E] IVERA 1D [IVER1D], IVERA 1E [IVER1E] DEPARTURES .Eff.4.Nov. (ALL RWYS) MSA KHG NDB NOT TO SCALE 3000"
149,True,OIBQ,OIBQ,False,10-3C,True,"SESMA 1E, SESMA 1F",SID,SID,SID,98,MATCH,False,independently_consistent,printed_SID_header,True,True,True,False,False,612.0,792.0,2201,"Apt Elev 29' OIBQ/KHK KHARK ISLAND, IRAN KHARK .SID. JEPPESEN Trans level: By ATC Trans alt: 5000' SESMA 10-3C 29 OCT 21 SESMA 1E [SESM1E], SESMA 1F [SESM1F] DEPARTURES .Eff.4.Nov. (ALL RWYS) MSA KHG NDB 3000"
150,True,OIBQ,,False,10-9,True,Airport Diagram Chart (ADC),AIRPORT,AIRPORT,AIRPORT,96,MATCH,False,independently_consistent,Jeppesen_10_20_airport_series,True,False,True,False,False,612.0,792.0,4061,"Apt Elev 132^ 03^E VOR 29-16 29-16 50-19 50-20 JEPPESEN Elev 21' MET ARP 5 NOV 21 *Ground 122.1X 121.650X 10-9 KHARK ISLAND, IRAN 29' KHARK N29 15.6 E050 19.4 13 7657'2334m"
151,True,OIBQ,OIBQ,False,13-1,True,VOR RWY 13,APP,APP,APP,91,MATCH,False,independently_consistent,instrument_approach_header,True,False,True,False,False,612.0,792.0,4771,"AREA CHARTED LIES WITHIN OI(R)-37 MISSED APCH: BRIEFING STRIP TM 13-1 KHARK ISLAND, IRAN KHARK VOR Rwy 13 OIBQ/KHK MSA KHG VOR Climb on R-135 to 1700', then turn LEFT to rejoin holding at 3000'. Alt Set: hPa Rwy Elev: 1 hPa Trans alt: 5000' VOR KHG 113.4 135^ No FAF 600'(579') 29-20 Final"
152,True,OIBQ,OIBQ,False,13-2,True,VOR RWY 13 CAT A & B,APP,APP,APP,91,MATCH,False,independently_consistent,instrument_approach_header,True,False,True,False,False,612.0,792.0,4330,"AREA CHARTED LIES WITHIN OI(R)-37 MISSED APCH: BRIEFING STRIP TM 13-2 KHARK ISLAND, IRAN KHARK VOR Rwy 13 OIBQ/KHK MSA KHG VOR Climb on R-135 to 1700', then turn LEFT to rejoin holding at 3000'. Alt Set: hPa Rwy Elev: 1 hPa Trans alt: 5000' VOR KHG 113.4 135^ No FAF MDA(H) 600'(579') 29-20"
153,True,OIBQ,,False,13-3,False,APPROACH 13-3,APP,APP,APP,84,MATCH,False,independently_consistent,Jeppesen_approach_number_series,True,False,True,False,False,612.0,792.0,5951,"OI(R)-37 OI(C)-17 230^ 050^ D15.0 (IAF) 050^ BRIEFING STRIP TM 113.4 D5.0 1200'(1171') MISSED APCH: VOR KHG Final Apch Crs 312^ 500'(471') Apt Elev: 1 hPa 1. CAUTION: Burning gas, mast, antenna and water tanks with different heights exist around the Climb STRAIGHT AHEAD to VOR, then turn RIGHT onto R-050 to rejoin holding at 3000'. 230^"
154,True,OIBQ,OIBQ,False,13-4,False,APPROACH 13-4,APP,APP,APP,84,MATCH,False,independently_consistent,Jeppesen_approach_number_series,True,False,True,False,False,612.0,792.0,5108,"MISSED APCH: Apt Elev: 1 hPa 113.4 D5.0 1200'(1171') VOR KHG Final Apch Crs 312^ 500'(471') 115^ 295^ Climb STRAIGHT AHEAD via VOR on R-312 to 1700', then turn RIGHT to rejoin holding at 3000'. OIBQ/KHK 29-20 10 BRIEFING STRIP TM JEPPESEN 1. CAUTION: Burning gas, mast, antenna and water tanks with different heights exist around the aerodrome. 2. In"
155,True,OIBQ,OIBQ,False,13-5,False,APPROACH 13-5,APP,APP,APP,84,MATCH,False,independently_consistent,Jeppesen_approach_number_series,True,False,True,False,False,612.0,792.0,4548,"MISSED APCH: Apt Elev: 1 hPa 113.4 D5.0 1200'(1171') VOR KHG Final Apch Crs 312^ MDA(H) 500'(471') 304^ Climb STRAIGHT AHEAD via VOR on R-312 to 1700', then turn RIGHT to rejoin holding at 3000'. OIBQ/KHK 29-20 10 BRIEFING STRIP TM JEPPESEN 1. CAUTION: Burning gas, mast, antenna and water tanks with different heights exist around the aerodrome. 2. "
156,True,OIBQ,OIBQ,False,13-6,True,VOR RWY 31,APP,APP,APP,91,MATCH,False,independently_consistent,instrument_approach_header,True,False,True,False,False,612.0,792.0,5179,"AREA CHARTED LIES WITHIN OI(R)-37 MISSED APCH: BRIEFING STRIP TM 13-6 KHARK ISLAND, IRAN KHARK VOR Rwy 31 OIBQ/KHK MSA KHG VOR Climb on R-312 to 1700', then turn LEFT to rejoin holding at 3000'. Alt Set: hPa Apt Elev: 1 hPa Trans alt: 5000' 1. CAUTION: Burning gas, mast, antenna and water tanks with different height exists around the VOR KHG 113.4 "
157,True,OIBQ,OIBQ,False,13-7,True,VOR RWY 31 CAT A & B,APP,APP,APP,91,MATCH,False,independently_consistent,instrument_approach_header,True,False,True,False,False,612.0,792.0,4445,"AREA CHARTED LIES WITHIN OI(R)-37 MISSED APCH: BRIEFING STRIP TM 13-7 KHARK ISLAND, IRAN KHARK VOR Rwy 31 OIBQ/KHK MSA KHG VOR Climb on R-312 to 1700', then turn LEFT to rejoin holding at 3000'. Alt Set: hPa Apt Elev: 1 hPa Trans alt: 5000' 1. CAUTION: Burning gas, mast, antenna and water tanks with different height exists around the VOR KHG 113.4 "
158,True,OIBQ,OIBQ,False,13-8,False,APPROACH 13-8,APP,APP,APP,84,MATCH,False,independently_consistent,Jeppesen_approach_number_series,True,False,True,False,False,612.0,792.0,5133,"OI(R)-37 OI(C)-17 MISSED APCH: VOR KHG Final Apch Crs 133^ MDA(H) Apt Elev: 1 hPa 10 rejoin holding at 3000'. BRIEFING STRIP TM 113.4 133^ 313^ 133^ D15.0 (IAF) D5.0 1500'(1471') Climb STRAIGHT AHEAD to VOR, then turn LEFT to OIBQ/KHK"
159,True,OIBQ,,False,13-9,False,APPROACH 13-9,APP,APP,APP,84,MATCH,False,independently_consistent,Jeppesen_approach_number_series,True,False,True,False,False,612.0,792.0,5412,"AREA CHARTED LIES WITHIN OI(R)-37 133 D10.0 (IF) D5.0 1500'(1471') MISSED APCH: VOR KHG Final Apch Crs 133^ MDA(H) Apt Elev: 1 hPa 10 BRIEFING STRIP TM 113.4 D10.0 CAT A & B 32 33 1. CAUTION: Burning gas, mast, antenna and water tanks with different heights exist around the"
160,True,OIBQ,OIBQ,False,16-1,False,NDB RWY 13,APP,APP,APP,91,MATCH,False,independently_consistent,instrument_approach_header,True,False,True,False,False,612.0,792.0,4513,"AREA CHARTED LIES WITHIN OI(R)-37 MISSED APCH: NDB KHG 325 135^ No FAF 850'(829') Rwy Elev: 1 hPa CAUTION: Burning gas, mast, antenna and water tanks with different heights exist around the aerodrome. 135^ 270^ 090^ OIBQ/KHK 29-20 Climb on track 135^ to 2000', then turn LEFT to rejoin holding at 3000'. Final Apch Crs 10 BRIEFING STRIP TM JEPPESEN"
161,True,OIBQ,OIBQ,False,16-2,False,NDB RWY 13 CAT A & B,APP,APP,APP,91,MATCH,False,independently_consistent,instrument_approach_header,True,False,True,False,False,612.0,792.0,4548,"AREA CHARTED LIES WITHIN OI(R)-37 MISSED APCH: NDB KHG 325 135^ No FAF 850'(829') Rwy Elev: 1 hPa CAUTION: Burning gas, mast, antenna and water tanks with different heights exist around the aerodrome. 135^ 270^ 090^ OIBQ/KHK 29-20 Climb on track 135^ to 2000', then turn LEFT to rejoin holding at 3000'. Final Apch Crs 10 BRIEFING STRIP TM JEPPESEN"
162,True,OIBQ,OIBQ,False,16-3,False,NDB RWY 31,APP,APP,APP,84,MATCH,False,independently_consistent,Jeppesen_approach_number_series,True,False,True,False,False,612.0,792.0,4900,"AREA CHARTED LIES WITHIN OI(R)-37 MISSED APCH: NDB KHG 325 Final Apch Crs 312^ No FAF 850'(821') Apt Elev: 1 hPa 10 BRIEFING STRIP TM OIBQ/KHK 29-20 Climb on track 312^ to 2000', then turn RIGHT to rejoin holding at 3000'. JEPPESEN 1. CAUTION: Burning gas, mast, antenna and water tanks with different heights exist around the aerodrome. 2. Moving sh"
163,True,OIBQ,OIBQ,False,16-4,False,NDB RWY 31 CAT A & B,APP,APP,APP,84,MATCH,False,independently_consistent,Jeppesen_approach_number_series,True,False,True,False,False,612.0,792.0,5127,"AREA CHARTED LIES WITHIN OI(R)-37 MISSED APCH: NDB KHG 325 Final Apch Crs 312^ No FAF 850'(821') Apt Elev: 1 hPa 10 BRIEFING STRIP TM OIBQ/KHK 29-20 Climb on track 312^ to 2000', then turn RIGHT to rejoin holding at 3000'. JEPPESEN 1. CAUTION: Burning gas, mast, antenna and water tanks with different heights exist around the aerodrome. 2. Moving sh"
164,True,OIBS,OIBS,False,,False,AIRPORT INFORMATION,AIRPORT,AIRPORT,AIRPORT,88,MATCH,False,independently_consistent,airport_header,True,False,True,False,False,612.0,792.0,1705,"General Information Location: SIRRI ISLAND IRN ICAO/IATA: OIBS / SXI Lat/Long: N25° 54.5', E054° 32.5' Elevation: 26 ft Airport Use: Public Daylight Savings: Not Observed UTC Conversion: -3:30 = UTC Magnetic Variation: 2.0° E Fuel Types: Jet A-1 Customs: No General Information Location: SIRRI ISLAND IRN ICAO/IATA: OIBS / SXI Lat/Long: N25° 54.5', E"
165,True,OIBS,OIBS,False,10-2,True,"KISH 1R, KISH 1S",STAR,STAR,STAR,98,MATCH,False,independently_consistent,printed_STAR_header,True,True,True,False,False,612.0,792.0,2824,"138^ Apt Elev 26' OIBS/SXI 10-2 .STAR. SIRRI SIRRI ISLAND, IRAN JEPPESEN 21 JUN 19 Alt Set: hPa Trans level: FL50 Trans alt: 3000' Actual descent clearance will be as directed by ATC. KISH 1R [KIS1R], KISH 1S [KIS1S] ARRIVALS MSA SIR VOR 3000 117.4 KIS D N26 31.5 E053 57.7 KISH ISLAND KIS"
166,True,OIBS,OIBS,False,10-2A,True,KISH 1T,STAR,STAR,STAR,98,MATCH,False,independently_consistent,printed_STAR_header,True,True,True,False,False,612.0,792.0,1880,"Apt Elev 26' OIBS/SXI .STAR. SIRRI SIRRI ISLAND, IRAN JEPPESEN 10-2A 138^ Alt Set: hPa Trans level: FL50 Trans alt: 3000' Actual descent clearance will be as directed by ATC. 21 JUN 19 KISH 1T [KIS1T] ARRIVAL (RWYS 12, 30) MSA SIR NDB 3000 117.4 KIS D N26 31.5 E053 57.7 KISH ISLAND KIS"
167,True,OIBS,OIBS,False,10-3,True,"KISH 1A, KISH 1B",SID,SID,SID,98,MATCH,False,independently_consistent,printed_SID_header,True,True,True,False,False,612.0,792.0,2225,".SID. R138^ Apt Elev 26' OIBS/SXI 10-3 SIRRI SIRRI ISLAND, IRAN Trans level: FL50 Trans alt: 3000' JEPPESEN 21 JUN 19 KISH 1A [KIS1A] KISH 1B [KIS1B] DEPARTURES MSA SIR VOR 3000 117.4 KIS D N26 31.5 E053 57.7 KISH ISLAND KIS"
168,True,OIBS,OIBS,False,10-3A,True,"KISH 1C, KISH 1D",SID,SID,SID,98,MATCH,False,independently_consistent,printed_SID_header,True,True,True,False,False,612.0,792.0,2290,".SID. Apt Elev 26' OIBS/SXI SIRRI SIRRI ISLAND, IRAN Trans level: FL50 Trans alt: 3000' JEPPESEN 21 JUN 19 10-3A R138^ KISH 1C [KIS1C] KISH 1D [KIS1D] DEPARTURES MSA SIR NDB 3000 117.4 KIS D N26 31.5 E053 57.7 KISH ISLAND KIS"
169,True,OIBS,,False,10-9,True,Airport Diagram Chart (ADC),AIRPORT,AIRPORT,AIRPORT,96,MATCH,False,independently_consistent,Jeppesen_10_20_airport_series,True,False,True,False,False,612.0,792.0,4475,VOR 66m Elev 26' 217' Stopway Apt Elev 10-9 JEPPESEN 4 APR 25 121.725 02^E 135.025 *Ground *SIRRI Information (AFIS) ARP 25-55 25-55 54-32 54-33 .Eff.17.Apr. APT available SR-SS. Out of these times: PPR. Birds in vicinity of Apt.
170,True,OIBS,,False,13-1,True,VOR DME RWY 12,APP,APP,APP,91,MATCH,False,independently_consistent,instrument_approach_header,True,False,True,False,False,612.0,792.0,5226,"MISSED APCH: SIRRI ISLAND, IRAN 13-1 VOR SIR Final Apch Crs 124^ SIRRI 113.75 VOR DME Rwy 12 138^ 318^ D12.0 (IAF) 600 1 0 D ME A rc D5.0 1600'(1574')"
171,True,OIBS,OIBS,False,13-2,True,VOR DME RWY 30,APP,APP,APP,91,MATCH,False,independently_consistent,instrument_approach_header,True,False,True,False,False,612.0,792.0,5555,"MISSED APCH: SIRRI ISLAND, IRAN 13-2 VOR SIR Final Apch Crs 306^ SIRRI 113.75 VOR DME Rwy 30 (IAF) 10 BRIEFING STRIP TM SIRRI ISLAND S I R 26-00 JEPPESEN OIBS/SXI D6.0 1500'(1499') 650'(649') 135.025"
172,True,OIBS,OIBS,False,16-1,True,NDB RWY 30,APP,APP,APP,91,MATCH,False,independently_consistent,instrument_approach_header,True,False,True,False,False,612.0,792.0,5414,"OI(R)-38 273^ MISSED APCH: SIRRI ISLAND, IRAN NDB Rwy 30 16-1 NDB 300 SIR Final Apch Crs 294^ 700'(699') No FAF 10 BRIEFING STRIP TM SIRRI SIRRI ISLAND 113.75 SIR DS I R 26-00 JEPPESEN OIBS/SXI"
173,True,OIBV,OIBV,False,,False,AIRPORT INFORMATION,AIRPORT,AIRPORT,AIRPORT,88,MATCH,False,independently_consistent,airport_header,True,False,True,False,False,612.0,792.0,1698,"General Information Location: LAVAN ISLAND IRN ICAO/IATA: OIBV / LVP Lat/Long: N26° 48.6', E053° 21.4' Elevation: 45 ft Airport Use: Public Daylight Savings: Not Observed UTC Conversion: -3:30 = UTC Magnetic Variation: 2.0° E Fuel Types: Jet A-1 Customs: No General Information Location: LAVAN ISLAND IRN ICAO/IATA: OIBV / LVP Lat/Long: N26° 48.6', E"
174,True,OIBV,OIBV,False,10-2,True,"KIS 1V, LAM 1P",STAR,STAR,STAR,98,MATCH,False,independently_consistent,printed_STAR_header,True,True,True,False,False,612.0,792.0,3686,"Apt Elev 45' OIBV/LVP 10-2 .STAR. 163^ LAVAN LAVAN ISLAND, IRAN Trans level: FL80 Trans alt: 6000' Alt Set: hPa JEPPESEN 25 SEP 26 .Eff.1.Oct. MSA 180^ 360^ 090^ 270^ LVA VOR 5200 6000 1300 3600 ARRIVALS"
175,True,OIBV,OIBV,False,10-3,True,"KIS 1G, KIS 1H, LAM 2A, LAM 2B",SID,SID,SID,98,MATCH,False,independently_consistent,printed_SID_header,True,True,True,False,False,612.0,792.0,3519,"Apt Elev 45' OIBV/LVP LAVAN LAVAN ISLAND, IRAN Trans level: FL80 Trans alt: 6000' 10-3 .SID. JEPPESEN R163^ 25 SEP 26 .Eff.1.Oct. MSA 180^ 360^ 090^ 270^ LVA VOR 5200 6000 3600 1300 (RWYS 29, 11) DEPARTURES"
176,True,OIBV,OIBV,False,10-9,True,Airport Diagram Chart (ADC),AIRPORT,AIRPORT,AIRPORT,96,MATCH,False,independently_consistent,Jeppesen_10_20_airport_series,True,False,True,False,False,612.0,792.0,3881,"Apt Elev 10-9 LAVAN ISLAND, IRAN LAVAN N26 48.6 E053 21.4 45' 02^E 122.1 VOR JEPPESEN OIBV/LVP 11 109^ 8835' 269 Stopway 200' 61m Elev 44' 26-49 26-49 53-20 53-21 53-22 14 OCT 22"
177,True,OIBV,,False,13-1,True,VOR RWY 29,APP,APP,APP,84,MATCH,False,independently_consistent,Jeppesen_approach_number_series,True,False,True,False,False,612.0,792.0,6269,"063^ D15.0 (IAF) LAVAN ISLAND 116.85 LVA DL V A MHA 6000 Alt Set: hPa Trans alt: 6000' 090^ 270^ 180^ 360^ Apt Elev: 2 hPa MISSED APCH: BRIEFING STRIP TM 13-1 VOR LVA Final Apch Crs 293^ LAVAN LAVAN ISLAND, IRAN"
178,True,OIBV,,False,16-1,True,NDB RWY 29,APP,APP,APP,91,MATCH,False,independently_consistent,instrument_approach_header,True,False,True,False,False,612.0,792.0,5772,"Alt Set: hPa Trans alt: 6000' 090^ 270^ 180^ 360^ Apt Elev: 2 hPa MISSED APCH: BRIEFING STRIP TM 10 NDB Rwy 29 16-1 NDB 310 LVA Final Apch Crs 290^ 660'(615') Over NDB climb STRAIGHT AHEAD to 1500', then LAVAN LAVAN ISLAND, IRAN No FAF"
179,True,OICC,OICC,False,,False,AIRPORT INFORMATION,AIRPORT,AIRPORT,AIRPORT,55,REVIEW,True,only_old_index_supports_category,prior_index_only,True,False,True,False,False,612.0,792.0,2041,"General Information Location: KERMANSHAH IRN ICAO/IATA: OICC / KSH Lat/Long: N34° 20.9', E047° 09.4' Elevation: 4307 ft Airport Use: Public Daylight Savings: Not Observed UTC Conversion: -3:30 = UTC Magnetic Variation: 4.0° E Fuel Types: Jet A-1 Customs: Yes Length x Width: 11155 ft x 148 ft Surface Type: asphalt TDZ-Elev: 4305 ft Lighting: Edge, A"
180,True,OICC,OICC,False,,False,AIRPORT INFORMATION,AIRPORT,AIRPORT,AIRPORT,55,REVIEW,True,only_old_index_supports_category,prior_index_only,True,False,True,False,False,612.0,792.0,1589,"General Information Location: KERMANSHAH IRN ICAO/IATA: OICC / KSH Lat/Long: N34° 20.9', E047° 09.4' Elevation: 4307 ft Airport Use: Public Daylight Savings: Not Observed UTC Conversion: -3:30 = UTC Magnetic Variation: 4.0° E Fuel Types: Jet A-1 Customs: Yes Length x Width: 11155 ft x 148 ft Surface Type: asphalt TDZ-Elev: 4305 ft Lighting: Edge, A"
181,True,OICC,,False,10-2,False,"ASRIL 1U, ASRIL 1V, ASRIL 1W",STAR,STAR,STAR,96,MATCH,False,independently_consistent,Jeppesen_10-2_series,True,False,True,False,False,612.0,792.0,13348,1 2 0 0 0 A S R IL 1 U Alt Set: hPa Actual descent clearance will be as directed by ATC. 1 5 HA 10500 ASRIL 2 1 5 ^ 2 5 3 ^
182,True,OICC,OICC,False,10-2A,True,"BOPEL 1U, BOPEL 1V, BOPEL 1W",STAR,STAR,STAR,98,MATCH,False,independently_consistent,printed_STAR_header,True,False,True,False,False,612.0,792.0,4347,"Apt Elev 126.8 Alt Set: hPa Actual descent clearance will be as directed by ATC. 000 ATIS BOPEL 148^ 205^ L 1V 170 BOPEL 1U [BOPE1U], BOPEL 1V [BOPE1V] BOPEL 1W [BOPE1W] ARRIVALS (ALL RWYS) Trans level: By ATC .STAR. JEPPESEN 10-2A OICC/KSH SHAHID ASHRAFI ESFAHANI KERMANSHAH, IRAN 50 45"
183,True,OICC,OICC,False,10-2B,True,"BUBAV 1U, BUBAV 1V, BUBAV 1W",STAR,STAR,STAR,98,MATCH,False,independently_consistent,printed_STAR_header,True,False,True,False,False,612.0,792.0,13071,"Alt Set: hPa Actual descent clearance will be as directed by ATC. 11000 BUBAV MHA 10500 116^ 296^ 331^ BUBAV 1U 13.7 310^ .STAR. JEPPESEN BUBAV 1W [BUBA1W] U [BUBA1U], BUBAV 1V [BUBA1V] ARRIVALS (ALL RWYS) OICC/KSH SHAHID ASHRAFI ESFAHANI KERMANSHAH, IRAN 10-2B Trans level: By ATC 50 45"
184,True,OICC,OICC,False,10-2C,True,"MOKAB 1U, MOKAB 1V, MOKAB 1W",STAR,STAR,STAR,98,MATCH,False,independently_consistent,printed_STAR_header,True,False,True,False,False,612.0,792.0,3573,"13,500 OICC/KSH .STAR. KERMANSHAH, IRAN SHAHID ASHRAFI ESFAHANI JEPPESEN 10-2C Apt Elev 126.8 Alt Set: hPa Actual descent clearance will be as directed by ATC. MOKAB 1U [MOKA1U], MOKAB 1V [MOKA1V] MOKAB 1W [MOKA1W] ARRIVALS ATIS (ALL RWYS) 382 KMS KERMANSHAH KMS 4307 Trans level: By ATC 50 45 30 JAN 26"
185,True,OICC,,False,10-2D,False,"ASRIL 1Y, ASRIL 1Z, BUBAV 1Y, BUBAV 1Z",STAR,STAR,STAR,98,MATCH,False,independently_consistent,printed_STAR_header,True,False,True,False,False,612.0,792.0,16197,"Alt Set: hPa Actual descent clearance will be as directed by ATC. 1 ASRIL 2 5 1 ^ HA 10500 A S UBAV ^ .STAR. JEPPESEN 2 1 9 ^ (ALL RWYS) ARRIVALS [BUBA1Y], BUBAV 1Z [BUBA1Z] Y [ASRI1Y], ASRIL 1Z [ASRI1Z] Trans level: By ATC"
186,True,OICC,OICC,False,10-2E,True,"BOPEL 1Y, BOPEL 1Z, MOKAB 1Y, MOKAB 1Z",STAR,STAR,STAR,98,MATCH,False,independently_consistent,printed_STAR_header,True,False,True,False,False,612.0,792.0,4734,"K Apt Elev 126.8 Alt Set: hPa Actual descent clearance will be as directed by ATC. 13000 ATIS BOPEL 204^ BOPEL 1Y 147^ MOKAB 1Y [MOKA1Y], MOKAB 1Z [MOKA1Z] BOPEL 1Y [BOPE1Y], BOPEL 1Z [BOPE1Z] ARRIVALS (ALL RWYS) 11 4307 Trans level: By ATC .STAR. JEPPESEN 10-2E OICC/KSH SHAHID ASHRAFI ESFAHANI KERMANSHAH, IRAN"
187,True,OICC,OICC,False,10-3,True,"ASRIL 2A, ASRIL 1B",SID,SID,SID,98,MATCH,False,independently_consistent,printed_SID_header,True,False,True,False,False,612.0,792.0,14241,"ASRIL 35 40 45 10-3 .SID. JEPPESEN OICC/KSH SHAHID ASHRAFI ESFAHANI KERMANSHAH, IRAN alt: 13000 DEPARTURES (RWYS 29L, 11R) A [ASRI2A], ASRIL 1B [ASRI1B] 30 JAN 26 4 0"
188,True,OICC,OICC,False,10-3A,True,"BOPEL 2A, BOPEL 1B",SID,SID,SID,98,MATCH,False,independently_consistent,printed_SID_header,True,False,True,False,False,612.0,792.0,3651,"KM S V OR Apt Elev 4307 Trans alt: 13000 BOPEL 2A [BOPE2A], BOPEL 1B [BOPE1B] DEPARTURES (RWYS 29L, 11R) .SID. JEPPESEN OICC/KSH SHAHID ASHRAFI ESFAHANI 10-3A KERMANSHAH, IRAN BOPEL 35 40 45 30 JAN 26 CONTOUR INTERVALS 12000"
189,True,OICC,OICC,False,10-3B,True,"BUBAV 2A, BUBAV 1B",SID,SID,SID,98,MATCH,False,independently_consistent,printed_SID_header,True,False,True,False,False,612.0,792.0,14249,"300^ V OR S M K 0 BUBAV 30 BUBA2A], BUBAV 1B [BUBA1B] DEPARTURES (RWYS 29L, 11R) 000 .SID. JEPPESEN OICC/KSH SHAHID ASHRAFI ESFAHANI KERMANSHAH, IRAN 35 40 45 10-3B 30 JAN 26 8"
190,True,OICC,OICC,False,10-3C,True,"MOKAB 2A, MOKAB 1B",SID,SID,SID,98,MATCH,False,independently_consistent,printed_SID_header,True,False,True,False,False,612.0,792.0,3685,"13,500 120^ Apt Elev Trans alt: 13000 4307 MOKAB 2A [MOKA2A], MOKAB 1B [MOKA1B] DEPARTURES (RWYS 29L, 11R) 35 40 45 .SID. JEPPESEN OICC/KSH SHAHID ASHRAFI ESFAHANI KERMANSHAH, IRAN 10-3C 30 JAN 26 34-30"
191,True,OICC,OICC,False,10-3D,True,"ASRIL 2E, ASRIL 1G",SID,SID,SID,98,MATCH,False,independently_consistent,printed_SID_header,True,False,True,False,False,612.0,792.0,15455,"N DB S M K ASRIL Trans alt: 13000 2E [ASRI2E], ASRIL 1G [ASRI1G] DEPARTURES (RWYS 29L, 11R) .SID. JEPPESEN 10-3D OICC/KSH SHAHID ASHRAFI ESFAHANI KERMANSHAH, IRAN 35 40 45 30 JAN 26"
192,True,OICC,OICC,False,10-3E,True,"BOPEL 2E, BOPEL 1G",SID,SID,SID,98,MATCH,False,independently_consistent,printed_SID_header,True,False,True,False,False,612.0,792.0,3140,"K M S N D B BOPEL DEPARTURES (RWYS 29L, 11R) BOPEL 2E [BOPE2E], BOPEL 1G [BOPE1G] Trans alt: 13000 Apt Elev 4307 .SID. JEPPESEN OICC/KSH SHAHID ASHRAFI ESFAHANI 10-3E KERMANSHAH, IRAN 35 40 45 30 JAN 26"
193,True,OICC,OICC,False,10-3F,True,"BUBAV 2E, BUBAV 1G",SID,SID,SID,98,MATCH,False,independently_consistent,printed_SID_header,True,False,True,False,False,612.0,792.0,15874,"BUBA2E], BUBAV 1G [BUBA1G] (RWYS 29L, 11R) DEPARTURES BUBAV .SID. JEPPESEN 3000 OICC/KSH SHAHID ASHRAFI ESFAHANI KERMANSHAH, IRAN 10-3F 35 40 45 30 JAN 26 120 134 47-30 CONTOUR INTERVALS 12000 10000 8000 6000"
194,True,OICC,OICC,False,10-3G,True,"MOKAB 2E, MOKAB 1G",SID,SID,SID,98,MATCH,False,independently_consistent,printed_SID_header,True,False,True,False,False,612.0,792.0,2978,"13,500 KMS 35 40 45 Apt Elev (RWYS 29L, 11R) DEPARTURES MOKAB 2E [MOKA2E], MOKAB 1G [MOKA1G] 4307 Trans alt: 13000 .SID. JEPPESEN OICC/KSH SHAHID ASHRAFI ESFAHANI 10-3G KERMANSHAH, IRAN 30 JAN 26 34-30"
195,True,OICC,OICC,False,10-9,True,Airport Diagram Chart (ADC),AIRPORT,AIRPORT,AIRPORT,96,MATCH,False,independently_consistent,Jeppesen_10_20_airport_series,True,False,True,False,False,612.0,792.0,6706,"Apt Elev OICC/KSH KERMANSHAH, IRAN SHAHID ASHRAFI ESFAHANI 10-9 121.9 126.8 A1 MET 04^E JEPPESEN Control Tower 122.450 MILITARY APRON Elev 4306' Elev 4305' De-icing Pad A 34-21 34-21 47-08"
196,True,OICC,OICC,False,10-9A,True,INS COORDINATES,AIRPORT,AIRPORT,AIRPORT,96,MATCH,False,independently_consistent,Jeppesen_10_20_airport_series,True,False,True,False,False,612.0,792.0,2724,"OICC/KSH KERMANSHAH, IRAN SHAHID ASHRAFI ESFAHANI JEPPESEN 103 104 105 102 10-9A A1 A RWY 11 RWY 11L/29R 101 201 202 De-icing Pad 20 FEB 26 47-08.4 47-08.5 47-08.6 47-08.7 47-08.8"
197,True,OICC,,False,10-9S,False,MINIMUMS,AIRPORT,AIRPORT,AIRPORT,96,MATCH,False,independently_consistent,Jeppesen_10_20_airport_series,True,False,True,False,False,612.0,792.0,3590,JEPPESEN .EASA.AIR.OPS. 20 FEB 26 (693') (693') (693') (693') R1500m R1500m R2400m R2400m 5000' 5000' 5000' 5000' 2 (693') (693') (693') (693') R1500m R1500m R2400m R2400m
198,True,OICC,,False,10-9,False,Airport Diagram Chart (ADC),AIRPORT,AIRPORT,AIRPORT,96,MATCH,False,independently_consistent,Jeppesen_10_20_airport_series,True,False,True,False,False,612.0,792.0,9709,"OI(D)-59 OI(R)-34 6000 7000 11000 10000 10000 9000 8000 7000 6000 5000 MISSED APCH: KERMANSHAH, IRAN SHAHID ASHRAFI ESFAHANI LOC 111.1 IKMS Final Apch Crs 291^ 6530'(2225') Apt Elev 4307'"
199,True,OICC,,False,10-9,False,Airport Diagram Chart (ADC),AIRPORT,AIRPORT,AIRPORT,96,MATCH,False,independently_consistent,Jeppesen_10_20_airport_series,True,False,True,False,False,612.0,792.0,9385,"OI(D)-59 OI(R)-34 6000 7000 11000 10000 9000 8000 7000 6000 5000 10000 MISSED APCH: KERMANSHAH, IRAN SHAHID ASHRAFI ESFAHANI LOC 111.1 IKMS Final Apch Crs 291^ 6530'(2225') Apt Elev 4307'"
200,True,OICC,,False,10-9,False,Airport Diagram Chart (ADC),AIRPORT,AIRPORT,AIRPORT,96,MATCH,False,independently_consistent,Jeppesen_10_20_airport_series,True,False,True,False,False,612.0,792.0,7732,"OI(D)-59 OI(R)-34 5000 6000 8000 7000 9000 10000 10000 11000 9000 8000 7000 6000 5000 6000 7000 7000 6000 MISSED APCH: 10 KERMANSHAH, IRAN SHAHID ASHRAFI ESFAHANI VOR"
201,True,OICC,,False,10-9,False,Airport Diagram Chart (ADC),AIRPORT,AIRPORT,AIRPORT,96,MATCH,False,independently_consistent,Jeppesen_10_20_airport_series,True,False,True,False,False,612.0,792.0,7799,"5000 9000 8000 7000 6000 9000 9000 8000 7000 5000 6000 MISSED APCH: KERMANSHAH, IRAN SHAHID ASHRAFI ESFAHANI VOR 114.6 KMS Final Apch Crs 114^ D7.0 6400'(2093') Apt Elev 4307'"
202,True,OICC,,False,10-9,False,Airport Diagram Chart (ADC),AIRPORT,AIRPORT,AIRPORT,96,MATCH,False,independently_consistent,Jeppesen_10_20_airport_series,True,False,True,False,False,612.0,792.0,8333,"OI(D)-59 OI(R)-34 5000 6000 7000 8000 7000 6000 5000 9000 10000 10000 9000 8000 7000 6000 11000 5000 6000 7000 MISSED APCH: 10 KERMANSHAH, IRAN SHAHID ASHRAFI ESFAHANI"
203,True,OICC,,False,10-9,False,Airport Diagram Chart (ADC),AIRPORT,AIRPORT,AIRPORT,96,MATCH,False,independently_consistent,Jeppesen_10_20_airport_series,True,False,True,False,False,612.0,792.0,7636,"OI(D)-59 OI(C)-36D 8000 9000 7000 9000 7000 6000 7000 8000 5000 6000 6000 5000 MISSED APCH: 10 KERMANSHAH, IRAN SHAHID ASHRAFI ESFAHANI NDB KMS Final Apch Crs 098^ Apt Elev"
204,True,OICC,,False,10-9,False,Airport Diagram Chart (ADC),AIRPORT,AIRPORT,AIRPORT,96,MATCH,False,independently_consistent,Jeppesen_10_20_airport_series,True,False,True,False,False,612.0,792.0,6809,"OI(D)-59 11000 7000 80 10000 9000 10000 6000 7000 8000 9000 MISSED APCH: 10 KERMANSHAH, IRAN SHAHID ASHRAFI ESFAHANI NDB KMS Final Apch Crs 296^ 382 KERMANSHAH 382 KMS K M S"
205,True,OICC,,False,10-9,False,Airport Diagram Chart (ADC),AIRPORT,AIRPORT,AIRPORT,96,MATCH,False,independently_consistent,Jeppesen_10_20_airport_series,True,False,True,False,False,612.0,792.0,6588,"OI(D)-59 5000 9000 8000 7000 11000 10000 9000 80 10000 6000 7000 MISSED APCH: 10 KERMANSHAH, IRAN SHAHID ASHRAFI ESFAHANI NDB KMS Final Apch Crs 098^ 382 KERMANSHAH 382 KMS"
206,True,OICI,OICI,False,,False,AIRPORT INFORMATION,AIRPORT,AIRPORT,AIRPORT,88,MATCH,False,independently_consistent,airport_header,True,False,True,False,False,612.0,792.0,1756,"General Information Location: ILAM IRN ICAO/IATA: OICI / IIL Lat/Long: N33° 35.1', E046° 24.3' Elevation: 4404 ft Airport Use: Public Daylight Savings: Not Observed UTC Conversion: -3:30 = UTC Magnetic Variation: 5.0° E Fuel Types: Jet A-1 Customs: No General Information Location: ILAM IRN ICAO/IATA: OICI / IIL Lat/Long: N33° 35.1', E046° 24.3' Ele"
207,True,OICI,OICI,False,10-2,True,"ALTET 1N, ALTET 1P",STAR,STAR,STAR,98,MATCH,False,independently_consistent,printed_STAR_header,True,True,True,False,False,612.0,792.0,2377,"Apt Elev 10-2 .STAR. ILAM 4406' ILAM, IRAN JEPPESEN OICI/IIL Alt Set: hPa Trans level: FL160 Trans alt: 14000' 15 SEP 23 126.050 *ATIS MSA 090^ 360^ ILM VOR 10,700 9200 NOT TO SCALE ARRIVALS ALTET 1N [ALTE1N] ALTET 1P [ALTE1P] (ALL RWYS)"
208,True,OICI,OICI,False,10-2,True,ALTET 1Q,STAR,STAR,STAR,96,MATCH,False,independently_consistent,Jeppesen_10-2_series,True,False,True,False,False,612.0,792.0,5542,ALTET 2 3 7 ^ 1 5 . 5 1 1 0 0 0 Apt Elev Alt Set: hPa Trans level: FL160 4404 RNP 1 JEPPESEN 20 25 10-2-0 OICI/IIL ILAM
209,True,OICI,OICI,False,10-3,True,"ALTET 1A, ALTET 1B",SID,SID,SID,98,MATCH,False,independently_consistent,printed_SID_header,True,True,True,False,False,612.0,792.0,2978,"Apt Elev 10-3 Trans level: FL160 Trans alt: 14000' ILAM 4406' ILAM, IRAN .SID. JEPPESEN OICI/IIL 15 SEP 23 MSA 090^ 360^ ILM VOR 7700' Turn at 10,700 9200 ALTET 1A [ALTE1A] ALTET 1B [ALTE1B] DEPARTURES (ALL RWYS)"
210,True,OICI,,False,10-3,False,"ALTET 1C, ALTET 1D",SID,SID,SID,96,MATCH,False,independently_consistent,Jeppesen_10-3_series,True,False,True,False,False,612.0,792.0,14905,ALTET 2 2 F L1 1 0 0 Apt Elev 4404 RNP 1 Trans alt: 14000 JEPPESEN 300 FT/NM 375 500 750 1000 1250 1500 250 FT/NM 313 417 625 834 1042 1250
211,True,OICI,OICI,False,10-9,True,Airport Diagram Chart (ADC),AIRPORT,AIRPORT,AIRPORT,96,MATCH,False,independently_consistent,Jeppesen_10_20_airport_series,True,False,True,False,False,612.0,792.0,5070,"ILAM, IRAN ILAM N33 35.1 E046 24.3 10-9 4404' Apt Elev 05^E 3204m 14 137^ Elev 4352' JEPPESEN 10,512' ARP OICI/IIL Stopway 325' 99m MET 33-35 33-35 33-36 33-36 46-23"
212,True,OICI,,False,11-1,True,ILS Z RWY 32,APP,APP,APP,84,MATCH,False,independently_consistent,Jeppesen_approach_number_series,True,True,True,False,False,612.0,792.0,9938,"5000 5000 5000 5000 6000 7000 7000 8000 8000 8000 8000 5000 5000 6000 7000 MISSED APCH: BRIEFING STRIP TM 33-40 11-1 ILAM, IRAN ILAM LOC IILM 109.1"
213,True,OICI,,False,11-1,False,ILS Z RWY 32,APP,APP,APP,84,MATCH,False,independently_consistent,Jeppesen_approach_number_series,True,False,True,False,False,612.0,792.0,8552,"CI4~4 CI4~5 D0.8 227^ 6.0 MAX 200 KT 8000 ILS DME i i l m 317^ 109.1 IILM 33-40 MISSED APCH: BRIEFING STRIP TM ILAM, IRAN ILAM LOC IILM 109.1 317^ 8600' DA(H) 4710'(306') Alt Set: hPa Trans alt: 14000'"
214,True,OICI,,False,11-2,True,ILS Y RWY 32,APP,APP,APP,84,MATCH,False,independently_consistent,Jeppesen_approach_number_series,True,True,True,False,False,612.0,792.0,10310,"5000 5000 5000 5000 7000 6000 5000 8000 7000 8000 8000 5000 6000 7000 7000 MISSED APCH: BRIEFING STRIP TM 33-40 11-2 ILAM, IRAN ILAM LOC IILM 109.1"
215,True,OICI,,False,13-1,True,VOR A,APP,APP,APP,84,MATCH,False,independently_consistent,Jeppesen_approach_number_series,True,False,True,False,False,612.0,792.0,8501,"5000 5000 5000 5000 8000 8000 6000 8000 7000 7000 6000 5000 5000 6000 MISSED APCH: BRIEFING STRIP TM ILAM 112.6 ILM DI L M 33-40 13-1 ILAM, IRAN ILAM VOR"
216,True,OICI,,False,13-2,False,VOR B,APP,APP,APP,84,MATCH,False,independently_consistent,Jeppesen_approach_number_series,True,False,True,False,False,612.0,792.0,8289,5000 5000 5000 5000 6000 6000 6000 6000 8000 5000 6 5000 5000 5000 6000 7000 5000 (IF) CAT A & B C 137^ D7.0 D12.0 D12.0
217,True,OICK,OICK,False,,False,AIRPORT INFORMATION,AIRPORT,AIRPORT,AIRPORT,88,MATCH,False,independently_consistent,airport_header,True,False,True,False,False,612.0,792.0,1806,"General Information Location: KHORAM ABAD IRN ICAO/IATA: OICK / KHD Lat/Long: N33° 26.3', E048° 16.8' Elevation: 3793 ft Airport Use: Public Daylight Savings: Not Observed UTC Conversion: -3:30 = UTC Magnetic Variation: 4.0° E Fuel Types: Jet A-1 Customs: Yes General Information Location: KHORAM ABAD IRN ICAO/IATA: OICK / KHD Lat/Long: N33° 26.3', "
218,True,OICK,OICK,False,10-2,True,NOTSA 1N,STAR,STAR,STAR,98,MATCH,False,independently_consistent,printed_STAR_header,True,False,True,False,False,612.0,792.0,6240,"157 Apt Elev JEPPESEN OICK/KHD KHORAM ABAD KHORAM ABAD, IRAN .STAR. 3793 Alt Set: hPa Trans level: FL135 Actual descent clearance will be as directed by ATC. NOTSA ^ 50 45 .Eff.20.Jul. 13371 7 JUL 17 10-2 NOTSA 1N [NOTS1N] RWY 11, 29 ARRIVAL CONTOUR INTERVALS 14000 12000"
219,True,OICK,OICK,False,10-2A,True,"NOTSA 1P, NOTSA 1Q",STAR,STAR,STAR,98,MATCH,False,independently_consistent,printed_STAR_header,True,False,True,False,False,612.0,792.0,9843,"49-00 157 Apt Elev JEPPESEN OICK/KHD KHORAM ABAD KHORAM ABAD, IRAN .STAR. 3793 10-2A 278^ Alt Set: hPa Trans level: FL135 Actual descent clearance will be as directed by ATC. NOTSA 50 45 .Eff.20.Jul. 7 JUL 17 NOTSA 1P [NOTS1P] NOTSA 1Q [NOTS1Q] RWY 11, 29 ARRIVALS CONTOUR INTERVALS 12000"
220,True,OICK,OICK,False,10-3,True,"NOTSA 1B, NOTSA 1A",SID,SID,SID,98,MATCH,False,independently_consistent,printed_SID_header,True,False,True,False,False,612.0,792.0,16071,"156 157 Apt Elev 10-3 JEPPESEN OICK/KHD KHORAM ABAD KHORAM ABAD, IRAN .SID. 3793 Trans alt: 11500 .Eff.20.Jul. NOTSA 50 45 13371 7 JUL 17 FL160 NOTSA 1A [NOTS1A] NOTSA 1B [NOTS1B] DEPARTURES CONTOUR INTERVALS 14000"
221,True,OICK,OICK,False,10-9,False,Airport Diagram Chart (ADC),AIRPORT,AIRPORT,AIRPORT,96,MATCH,False,independently_consistent,Jeppesen_10_20_airport_series,True,False,True,False,False,612.0,792.0,4812,Apt Elev 11 109^ 04^E 417'127m Stopway Elev 3783' Birds in vicinity of airport. Strolling dogs on movement area. Control Tower A JEPPESEN 3 OCT 25 PPR at least 72 HR before EOBT from OICK. Terminal D B 33-27 33-27 48-16 48-17
222,True,OICK,,False,10-9S,True,MINIMUMS,AIRPORT,AIRPORT,AIRPORT,96,MATCH,False,independently_consistent,Jeppesen_10_20_airport_series,True,False,True,False,False,612.0,792.0,3192,10-9S JEPPESEN 11 Continuous Descent Final Approach. 1 R5000m R5000m R5000m R5000m (257') R1300m (257') (257') R1300m R1300m 29 (257') R1300m 4050' 4050' 4050' 4050' LOC VOR DME
223,True,OICK,,False,11-1,False,APPROACH 11-1,APP,APP,APP,84,MATCH,False,independently_consistent,Jeppesen_approach_number_series,True,True,True,False,False,612.0,792.0,9257,"5000 6000 6000 7000 70 7000 7000 8000 8000 6000 5000 5000 5000 MISSED APCH: BRIEFING STRIP TM KHORAM ABAD, IRAN KHORAM ABAD LOC 110.5 IKRD Final Apch Crs 289^ 6600'(2807') 4050'"
224,True,OICK,,False,13-1,False,VOR DME RWY 11,APP,APP,APP,84,MATCH,False,independently_consistent,Jeppesen_approach_number_series,True,False,True,False,False,612.0,792.0,9141,OI(C)-41 5000 5 5000 6000 6000 7000 7000 8000 8000 7000 9000 9000 5000 6000 8000 0 00 8 105^ 1 15 20 MISSED APCH:
225,True,OICK,,False,13-2,False,APPROACH 13-2,APP,APP,APP,84,MATCH,False,independently_consistent,Jeppesen_approach_number_series,True,False,True,False,False,612.0,792.0,7368,"OI(C)-41 5000 5000 5000 5000 6000 7000 7000 8000 8000 8000 9000 9000 5000 7000 6000 10 BRIEFING STRIP TM KHORAM ABAD, IRAN KHORAM ABAD VOR 113.75 KRD"
226,True,OICK,,False,13-3,False,APPROACH 13-3,APP,APP,APP,84,MATCH,False,independently_consistent,Jeppesen_approach_number_series,True,False,True,False,False,612.0,792.0,7051,"OI(C)-41 5000 5000 6000 7000 8000 9000 8000 7000 6000 7000 8000 5000 5000 10 BRIEFING STRIP TM KHORAM ABAD, IRAN KHORAM ABAD VOR 113.75 KRD Final Apch Crs"
227,True,OICS,OICS,False,,False,AIRPORT INFORMATION,AIRPORT,AIRPORT,AIRPORT,88,MATCH,False,independently_consistent,airport_header,True,False,True,False,False,612.0,792.0,1788,"General Information Location: SANANDAJ IRN ICAO/IATA: OICS / SDG Lat/Long: N35° 15.0', E047° 00.7' Elevation: 4528 ft Airport Use: Public Daylight Savings: Not Observed UTC Conversion: -3:30 = UTC Magnetic Variation: 5.0° E Fuel Types: Jet A-1 Customs: Yes Sanandaj Tower: 122.900 General Information Location: SANANDAJ IRN ICAO/IATA: OICS / SDG Lat/"
228,True,OICS,OICS,False,,False,AIRPORT INFORMATION,AIRPORT,AIRPORT,AIRPORT,88,MATCH,False,independently_consistent,airport_header,True,False,True,False,False,612.0,792.0,1197,"General Information Location: SANANDAJ IRN ICAO/IATA: OICS / SDG Lat/Long: N35° 15.0', E047° 00.7' Elevation: 4528 ft Airport Use: Public Daylight Savings: Not Observed UTC Conversion: -3:30 = UTC Magnetic Variation: 5.0° E Fuel Types: Jet A-1 Customs: Yes Sanandaj Tower: 122.900 Sanandaj Tower: 122.900 Airport Information For OICS Page 2 (c) JEPPE"
229,True,OICS,,False,10-2,False,"ASLAX 1N, BOPEL 1N, LOVID 1N, LOVID 1P",STAR,STAR,STAR,96,MATCH,False,independently_consistent,Jeppesen_10-2_series,True,False,True,False,False,612.0,792.0,22178,"0 ,500 270^ V OR J N S 0 LOVID 283^ N D17.0 SNJ FL140 L OV ID 1P D17. 0 S NJ Arc FL"
230,True,OICS,,False,10-3,False,"ASLAX 1A, LOVID 1A, LOVID 1C",SID,SID,SID,96,MATCH,False,independently_consistent,Jeppesen_10-3_series,True,False,True,False,False,612.0,792.0,36504,"11,000 11,500 270^ V OR J N S LOVID LOVID 1C Trans alt: 11000 Apt Elev 4528 JEPPESEN 24 2 FEB 24 LOVID 1C: 134 131 47-30 LOVID 1A [LOVI1A] ASLAX 1A [ASLA1A] LOVID 1C [LOVI1C] DEPARTURES"
231,True,OICS,OICS,False,10-9,True,Airport Diagram Chart (ADC),AIRPORT,AIRPORT,AIRPORT,96,MATCH,False,independently_consistent,Jeppesen_10_20_airport_series,True,False,True,False,False,612.0,792.0,5638,"Apt Elev SANANDAJ, IRAN SANANDAJ N35 15.1 E047 00.7 10-9 05^E 4528' 19 193^ ARP 9905' 3019m 110m OICS/SDG *SANANDAJ Tower 121.9 122.9 *ATIS 128.45 361' Stopway Elev 4528' JEPPESEN 35-15"
232,True,OICS,OICS,False,10-9S,True,MINIMUMS,AIRPORT,AIRPORT,AIRPORT,96,MATCH,False,independently_consistent,Jeppesen_10_20_airport_series,True,False,True,False,False,612.0,792.0,2628,10-9S JEPPESEN 23 NOT APPLICABLE 1 2 3 1 NOT APPLICABLE .EASA.AIR.OPS. 1 20 FEB 26 STRAIGHT-IN RWY D C B A OICS/SDG (452') (452') (452') 19
233,True,OICS,,False,11-1,True,LOC RWY 19,APP,APP,APP,84,MATCH,False,independently_consistent,Jeppesen_approach_number_series,True,False,True,False,False,612.0,792.0,8644,"OI(C)-46 D17.0 (IAF) 35-30 D11.0 D14.0 SNJ SNJ ISNJ 193^ MISSED APCH: BRIEFING STRIP TM SANANDAJ, IRAN 11-1 SANANDAJ LOC ISNJ 109.3 194^ DA(H) 4980' Apt Elev 4528' Alt Set: hPa"
234,True,OICS,,False,13-1,True,VOR RWY 19,APP,APP,APP,84,MATCH,False,independently_consistent,Jeppesen_approach_number_series,True,False,True,False,False,612.0,792.0,7835,"OI(C)-46 MISSED APCH: BRIEFING STRIP TM SANANDAJ, IRAN 13-1 SANANDAJ VOR SNJ 116.5 193^ 5580' Apt Elev 4528' track 175^ to 7500', then turn RIGHT to VOR and proceed on Alt Set: hPa Apt Elev: 155 hPa Trans alt: 11000' D17.0 D14.0 193^ D8.0 7800'(3272') Final Apch Crs"
235,True,OICZ,OICZ,False,,False,AIRPORT INFORMATION,AIRPORT,AIRPORT,AIRPORT,88,MATCH,False,independently_consistent,airport_header,True,False,True,False,False,612.0,792.0,1630,"General Information Location: SAQEZ IRN ICAO: OICZ Lat/Long: N36° 12.7', E046° 18.3' Elevation: 5103 ft Airport Use: Public Daylight Savings: Not Observed UTC Conversion: -3:30 = UTC Magnetic Variation: 5.0° E Customs: No Airport Type: IFR General Information Location: SAQEZ IRN ICAO: OICZ Lat/Long: N36° 12.7', E046° 18.3' Elevation: 5103 ft Airpor"
236,True,OICZ,OICZ,False,10-9,True,Airport Diagram Chart (ADC),AIRPORT,AIRPORT,AIRPORT,96,MATCH,False,independently_consistent,Jeppesen_10_20_airport_series,True,False,True,False,False,612.0,792.0,3336,"Apt Elev 10-9 JEPPESEN OICZ 5103' N36 12.8 E046 18.3 SAQEZ, IRAN SAQEZ ARP .Eff.25.Dec. 19 DEC 25 124.350 05^E 10 095^ Elev 5082' Elev 5103' 8632' 2631m 36-13 36-13 46-18 46-19 *SAQEZ Information (AFIS)"
237,True,OICZ,OICZ,False,12-1,True,RNP RWY 28,APP,APP,APP,91,MATCH,False,independently_consistent,instrument_approach_header,True,False,True,False,False,612.0,792.0,6604,"MISSED APCH: BRIEFING STRIP TM JEPPESEN 12-1 SAQEZ, IRAN RNAV Final Apch Crs 275^ CZ4~1 7100'(1997') Apt Elev 5103' Alt Set: hPa 6350' Trans level: FL110 19 DEC 25 .Eff.25.Dec. OICZ SAQEZ RNP Rwy 28 (1247') CZ4~5 CZ4~7"
238,True,OIFE,OIFE,False,,False,AIRPORT INFORMATION,AIRPORT,AIRPORT,AIRPORT,88,MATCH,False,independently_consistent,airport_header,True,False,True,False,False,612.0,792.0,1764,"General Information Location: ESFAHAN IRN ICAO/IATA: OIFE / IFH Lat/Long: N32° 55.7', E051° 33.7' Elevation: 5256 ft Airport Use: Public Daylight Savings: Not Observed UTC Conversion: -3:30 = UTC Magnetic Variation: 3.0° E Fuel Types: Jet 4 Customs: No General Information Location: ESFAHAN IRN ICAO/IATA: OIFE / IFH Lat/Long: N32° 55.7', E051° 33.7'"
239,True,OIFE,OIFE,False,30-2,True,"PEKAM 1U, PEKAM 2V",STAR,STAR,STAR,98,MATCH,False,independently_consistent,printed_STAR_header,True,True,True,False,False,612.0,792.0,3389,"Apt Elev 30-2 HESA 5256' ESFAHAN, IRAN OIFE/IFH JEPPESEN 17.8 12000 12000 133^ 137^ PEKAM 1U PEKAM 2V PEKAM .STAR. 18 25 SEP 26 .Eff.1.Oct. Alt Set: hPa Trans level: By ATC Trans alt: 13000' MSA 270^ 020^"
240,True,OIFE,OIFE,False,30-3,True,"DAPOG 1E, DAPOG 1F",SID,SID,SID,98,MATCH,False,independently_consistent,printed_SID_header,True,True,True,False,False,612.0,792.0,3165,"Apt Elev 30-3 Trans level: By ATC Trans alt: 13000' HESA 5256' ESFAHAN, IRAN OIFE/IFH .SID. JEPPESEN DAPOG N33 37.7 E052 23.5 .Eff.21.Aug. 15 AUG 14 MSA 270^ 020^ 120^ 210^ 11,900' 10,700' 10,300' 10,500' HSA NDB/DME RWYS 25, 07 DEPARTURES"
241,True,OIFE,OIFE,False,30-3A,True,"GESIP 1J, GESIP 1K, GESIP 1L, GESIP 1M",SID,SID,SID,98,MATCH,False,independently_consistent,printed_SID_header,True,True,True,False,False,612.0,792.0,4974,"Apt Elev Trans level: By ATC Trans alt: 13000' HESA 5256' ESFAHAN, IRAN OIFE/IFH .SID. 253^ 073^ 190^ 0 GESIP 1M At 6000' At 7000' GESIP 1L JEPPESEN 30-3A HESA HSA D DME (L)"
242,True,OIFE,,False,30-9,False,Airport Diagram Chart (ADC),AIRPORT,AIRPORT,AIRPORT,55,REVIEW,True,only_old_index_supports_category,prior_index_only,True,False,True,False,False,612.0,792.0,4013,Apt Elev 25 254^ 9829'2996m 150m 492' Stopway NDB 03^E Elev 5227' Elev 5256' 32-56 32-56 51-33 51-34 51-35 JEPPESEN 14 OCT 22 PPR for all Iranian military and civil ACFT at least 24 hours before EOBT from departure aerodrome. All arrival to and departure from Hesa aerodrome are subject to ESFAHAN Approach clearances.
243,True,OIFE,,False,32-55,False,NDB Z RWY 25,APP,APP,APP,55,REVIEW,True,only_old_index_supports_category,prior_index_only,True,False,True,False,False,612.0,792.0,7165,"OI(D)-86 OI(D)-115 6000 6000 6000 MISSED APCH: 36-1 257^ 7100' 5610' Apt Elev Rwy 5256' 5227' (1873') HESA MSA HSA NDB 10 ESFAHAN, IRAN 270^ 120^ 210^ 020^ (383')"
244,True,OIFE,,False,32-50,False,NDB Y RWY 25,APP,APP,APP,55,REVIEW,True,only_old_index_supports_category,prior_index_only,True,False,True,False,False,612.0,792.0,6884,"OI(D)-115 6000 6000 6000 5660'(433') MISSED APCH: 36-2 257^ Apt Elev Rwy 5256' 5227' HESA 10 ESFAHAN, IRAN 270^ 120^ 210^ 020^ HSA Trans alt: 13000' ^ Trans level: By ATC 230"
245,True,OIFM,OIFM,False,,False,AIRPORT INFORMATION,AIRPORT,AIRPORT,AIRPORT,55,REVIEW,True,only_old_index_supports_category,prior_index_only,True,False,True,False,False,612.0,792.0,2265,"General Information Location: ESFAHAN IRN ICAO/IATA: OIFM / IFN Lat/Long: N32° 45.0', E051° 51.8' Elevation: 5058 ft Airport Use: Public Daylight Savings: Not Observed UTC Conversion: -3:30 = UTC Magnetic Variation: 4.0° E Fuel Types: 100 Octane (LL), Jet A-1 Customs: Yes Runway: 25R Length x Width: 14432 ft x 148 ft Surface Type: asphalt TDZ-Elev:"
246,True,OIFM,OIFM,False,,False,AIRPORT INFORMATION,AIRPORT,AIRPORT,AIRPORT,55,REVIEW,True,only_old_index_supports_category,prior_index_only,True,False,True,False,False,612.0,792.0,1918,"General Information Location: ESFAHAN IRN ICAO/IATA: OIFM / IFN Lat/Long: N32° 45.0', E051° 51.8' Elevation: 5058 ft Airport Use: Public Daylight Savings: Not Observed UTC Conversion: -3:30 = UTC Magnetic Variation: 4.0° E Fuel Types: 100 Octane (LL), Jet A-1 Customs: Yes Runway: 25R Length x Width: 14432 ft x 148 ft Surface Type: asphalt TDZ-Elev:"
247,True,OIFM,OIFM,False,10-1P,False,AIRPORT BRIEFING,AIRPORT,AIRPORT,AIRPORT,96,MATCH,False,independently_consistent,Jeppesen_10_20_airport_series,True,False,True,False,False,612.0,792.0,1499,"ESFAHAN, IRAN OIFM/IFN SHAHID BEHESHTI INTL .AIRPORT.BRIEFING. + JEPPESEN 1.1. ATIS *ATIS 128.250 1.2. NOISE ABATEMENT PROCEDURES If traffic condition permits and tail wind component is 10 KT or less, noise abate- ment procedures may be applied as follows: - RWYs 07L/R may be used for take-off and RWYs 25R/L may be used for landing. - Delay may occ"
248,True,OIFM,OIFM,False,10-1R,True,RADAR MINIMUM ALTITUDES,AIRPORT,AIRPORT,AIRPORT,96,MATCH,False,independently_consistent,Jeppesen_10_20_airport_series,True,False,True,False,False,612.0,792.0,4747,"OI(P)-10 16000 15000 1 D60 R-350 R-330 33-30 34-00 Apt Elev OIFM/IFN .RADAR.MINIMUM.ALTITUDES. 10-1R SHAHID BEHESHTI INTL ESFAHAN, IRAN 5059' ESFAHAN Radar 124.6 18 AUG 17 Alt Set: hPa Trans level: By ATC Trans alt: 13000' For Radar Minimum altitudes and sectors within D30.0 ISN refer to chart 10-1R1. 12779' Chart only to be used for cross-checking"
249,True,OIFM,OIFM,False,10-1R1,True,RADAR MINIMUM ALTITUDES,AIRPORT,AIRPORT,AIRPORT,96,MATCH,False,independently_consistent,Jeppesen_10_20_airport_series,True,False,True,False,False,612.0,792.0,5034,0^ D2 OI(P)-10 8500 10000 R-015 R-340 R-330 R 33-30 50 D30 D25 D25 Apt Elev OIFM/IFN .RADAR.MINIMUM.ALTITUDES. 10-1R1 SHAHID BEHESHTI INTL ESFAHAN Radar 124.6 5059' Alt Set: hPa Trans level: By ATC Trans alt: 13000' 18 AUG 17
250,True,OIFM,OIFM,False,10-2,True,"GESIP 1N, GESIP 1P, LABOT 1N, LABOT 1P, LADAL 1N, LADAL 1P",STAR,STAR,STAR,98,MATCH,False,independently_consistent,printed_STAR_header,True,False,True,False,False,612.0,792.0,4374,"12,000 180^ 9800 N S I V O R 09 Apt Elev 128.250 LABOT 265^ 10-2 .STAR. JEPPESEN OIFM/IFN SHAHID BEHESHTI INTL ESFAHAN, IRAN Alt Set: hPa Trans level: By ATC Actual descent clearance will be as directed by ATC. 5058"
251,True,OIFM,,False,10-2A,False,"BOMID 1Q, BOMID 1R, GADLU 1N, GADLU 1P",STAR,STAR,STAR,96,MATCH,False,independently_consistent,Jeppesen_10-2_series,True,False,True,False,False,612.0,792.0,15839,"R348 315^ ESFAHAN Hesa OIFE ESFAHAN Badr Ab OIFP OI(R)-50 OI(D)-22 12,000 1 8 0 ^ 9500 270^ 9800 V O R N S I"
252,True,OIFM,OIFM,False,10-2B,True,"PEKAM 1Q, PEKAM 1R",STAR,STAR,STAR,98,MATCH,False,independently_consistent,printed_STAR_header,True,False,True,False,False,612.0,792.0,4602,"Apt Elev 128.250 PEKAM 134^ 50 45 .STAR. JEPPESEN OIFM/IFN SHAHID BEHESHTI INTL 10-2B ESFAHAN, IRAN 5058 Alt Set: hPa Trans level: By ATC Actual descent clearance will be as directed by ATC. 12779 .Eff.20.Apr. ATIS 14 APR 23 33-30 PEKAM 1Q [PEKA1Q], PEKAM 1R [PEKA1R] ARRIVALS (ALL RWYS)"
253,True,OIFM,OIFM,False,10-2C,True,"GESIP 1Q, GESIP 1R, LABOT 1Q, LABOT 1R",STAR,STAR,STAR,98,MATCH,False,independently_consistent,printed_STAR_header,True,False,True,False,False,612.0,792.0,4304,"20^ OI(C)-87 180^ Apt Elev 128.250 338^ 158^ LABOT LABOT 1Q .STAR. JEPPESEN OIFM/IFN SHAHID BEHESHTI INTL 10-2C ESFAHAN, IRAN 5058 Alt Set: hPa Trans level: By ATC Actual descent clearance will be as directed by ATC. 10 1 D15.0 ISN (IAF)"
254,True,OIFM,,False,10-2D,False,"BOMID 1S, BOMID 1T, GADLU 1Q",STAR,STAR,STAR,96,MATCH,False,independently_consistent,Jeppesen_10-2_series,True,False,True,False,False,612.0,792.0,9833,"120^ 158^ ESFAHAN Hesa OIFE ESFAHAN Badr Ab OIFP 12,000 1 8 0 ^ 9500 270^ 9800 N D B N F I 090^ MHA 10000"
255,True,OIFM,OIFM,False,10-2E,True,"PEKAM 2S, PEKAM 2T",STAR,STAR,STAR,98,MATCH,False,independently_consistent,printed_STAR_header,True,False,True,False,False,612.0,792.0,5391,"Apt Elev 128.250 5058 PEKAM 132^ 50 .STAR. JEPPESEN OIFM/IFN SHAHID BEHESHTI INTL ESFAHAN, IRAN 10-2E Alt Set: hPa Trans level: By ATC Actual descent clearance will be as directed by ATC. PEK 12779 .Eff.20.Apr. ATIS 14 APR 23 150 151 33-30 ARRIVALS"
256,True,OIFM,OIFM,False,10-3,True,"DAPOG 1A, GESIP 2A, LABOT 2A, LADAL 2A",SID,SID,SID,98,MATCH,False,independently_consistent,printed_SID_header,True,True,True,False,False,612.0,792.0,3979,"25^ 12,000 180^ 9800 Apt Elev LABOT DAPOG 10-3 .SID. JEPPESEN OIFM/IFN SHAHID BEHESHTI INTL ESFAHAN, IRAN 5058 Trans alt: 13000 113.2 ISN ESFAHAN ISN D 325 R345 165^ DAPOG 1A 10926"
257,True,OIFM,OIFM,False,10-3A,True,"BOMID 1A, GADLU 3A",SID,SID,SID,98,MATCH,False,independently_consistent,printed_SID_header,True,False,True,False,False,612.0,792.0,12016,"ESFAHAN Badr Ab OIFP 12,000 1 8 0 ^ 9500 270^ Apt Elev .SID. JEPPESEN 50 45 OIFM/IFN SHAHID BEHESHTI INTL ESFAHAN, IRAN 10-3A 113.2 ISN ESFAHAN ISN D Trans alt: 13000"
258,True,OIFM,OIFM,False,10-3B,True,"DAPOG 1B, GESIP 2B, LABOT 2B, LADAL 2B",SID,SID,SID,98,MATCH,False,independently_consistent,printed_SID_header,True,True,True,False,False,612.0,792.0,3451,"010^ 12,000 180^ 9800 7500 Apt Elev LABOT DAPOG .SID. JEPPESEN OIFM/IFN SHAHID BEHESHTI INTL 10-3B ESFAHAN, IRAN 5058 Trans alt: 13000 025^ R 165^ 10926 4 APR 25 .Eff.17.Apr. 151 122"
259,True,OIFM,OIFM,False,10-3C,True,"BOMID 1B, GADLU 3B, GADLU 1C",SID,SID,SID,98,MATCH,False,independently_consistent,printed_SID_header,True,False,True,False,False,612.0,792.0,12839,"ESFAHAN Badr Ab OIFP 12,000 1 8 0 ^ 9500 270^ 6000 0 7 5 ^ .SID. JEPPESEN OIFM/IFN SHAHID BEHESHTI INTL ESFAHAN, IRAN 10-3C 50 45 113.2 ISN"
260,True,OIFM,OIFM,False,10-3D,True,"DAPOG 1C, GESIP 1C, LABOT 3C, LADAL 3C",SID,SID,SID,98,MATCH,False,independently_consistent,printed_SID_header,True,True,True,False,False,612.0,792.0,3757,"3^ 12,000 180^ 9800 6500 Apt Elev LABOT DAPOG .SID. JEPPESEN OIFM/IFN SHAHID BEHESHTI INTL 10-3D ESFAHAN, IRAN 5058 Trans alt: 13000 320^ 163^ 023^ 10926 9 JUL 21 .Eff.15.Jul. 151 122"
261,True,OIFM,OIFP,True,10-3E,False,"BOMID 3C, GADLU 1J, GADLU 2K",SID,SID,SID,96,REVIEW,True,header_icao_differs_from_index,Jeppesen_10-3_series,True,False,True,False,False,612.0,792.0,21390,"100^ 0 7 0 ^ 0 6 0 ^ ESFAHAN Badr Ab OIFP 2 12,000 1 8 0 ^ 9500 270^ 800 6000 280^ 2"
262,True,OIFM,OIFM,False,10-3F,True,"DAPOG 1D, GESIP 1D, LABOT 3D, LADAL 3D",SID,SID,SID,98,MATCH,False,independently_consistent,printed_SID_header,True,True,True,False,False,612.0,792.0,4220,"^ 5^ 12,000 180^ 9800 Apt Elev LABOT DAPOG .SID. JEPPESEN OIFM/IFN SHAHID BEHESHTI INTL 10-3F ESFAHAN, IRAN 5058 Trans alt: 13000 163^ 023^ 005^ 10926 9 JUL 21 .Eff.15.Jul. 151 122"
263,True,OIFM,OIFP,True,10-3G,False,"BOMID 3D, GADLU 2D, GADLU 2L",SID,SID,SID,96,REVIEW,True,header_icao_differs_from_index,Jeppesen_10-3_series,True,False,True,False,False,612.0,792.0,14422,"0 6 0 ^ ESFAHAN Badr Ab OIFP 2 12,000 1 8 0 ^ 9500 270^ 800 6000 280^ 2 5 0 ^ 337 IFN ESFAHAN"
264,True,OIFM,,False,10-9,True,Airport Diagram Chart (ADC),AIRPORT,AIRPORT,AIRPORT,96,MATCH,False,independently_consistent,Jeppesen_10_20_airport_series,True,False,True,False,False,612.0,792.0,7567,10-9 121.9 118.3 N M L G F E B A C D K H J NDB 04^E Apt Elev S 32-45 32-45 32-46 32-46
265,True,OIFM,OIFM,False,10-9S,True,MINIMUMS,AIRPORT,AIRPORT,AIRPORT,96,MATCH,False,independently_consistent,Jeppesen_10_20_airport_series,True,False,True,False,False,612.0,792.0,4048,"10-9S JEPPESEN 1 .Eff.23.Mar. .EASA.AIR.OPS. 1 17 MAR 23 1 STRAIGHT-IN RWY D C B A OIFM/IFN ESFAHAN, IRAN 07L (372') 5430' R1500m R1500m R1500m R1500m (442') (442')"
266,True,OIFM,OIFM,False,10-9S1,True,MINIMUMS,AIRPORT,AIRPORT,AIRPORT,96,MATCH,False,independently_consistent,Jeppesen_10_20_airport_series,True,False,True,False,False,612.0,792.0,5197,"10-9S1 JEPPESEN .Eff.23.Mar. .EASA.AIR.OPS. 17 MAR 23 1 1 1 OIFM/IFN ESFAHAN, IRAN SHAHID BEHESHTI INTL STRAIGHT-IN RWY D C B A (843') (843') R1500m R1500m 5880' 5880' R1500m R1500m"
267,True,OIFM,OIFM,False,10-9S2,True,MINIMUMS,AIRPORT,AIRPORT,AIRPORT,96,MATCH,False,independently_consistent,Jeppesen_10_20_airport_series,True,False,True,False,False,612.0,792.0,3446,"10-9S2 JEPPESEN 1 .Eff.23.Mar. .EASA.AIR.OPS. 1 17 MAR 23 1 OIFM/IFN ESFAHAN, IRAN SHAHID BEHESHTI INTL STRAIGHT-IN RWY D C B A (837') (837') 5880' 5880' ALS out R3100m R3100m R3800m"
268,True,OIFM,,False,11-1,False,APPROACH 11-1,APP,APP,APP,84,MATCH,False,independently_consistent,Jeppesen_approach_number_series,True,True,True,False,False,612.0,792.0,11435,"065^ 6000 6000 7000 7000 8000 8000 8000 8000 9000 12 D M E A rc I SN 7 5 00 34 MISSED APCH: ESFAHAN, IRAN"
269,True,OIFM,,False,11-2,True,APPROACH 11-2,APP,APP,APP,84,MATCH,False,independently_consistent,Jeppesen_approach_number_series,True,False,True,False,False,612.0,792.0,11473,"158^ 245^ 6000 6000 7000 7000 8000 8000 8000 MISSED APCH: ESFAHAN, IRAN 11-2 ESFAHAN Tower Ground 124.6 118.3 121.9 LOC 109.9 Final Apch Crs 254^ 7000' ILS"
270,True,OIFM,,False,13-1,False,VOR DME 4 RWY 07L,APP,APP,APP,84,MATCH,False,independently_consistent,Jeppesen_approach_number_series,True,False,True,False,False,612.0,792.0,8365,ESFAHAN Hesa ESFAHAN Hesa ESFAHAN Hesa ESFAHAN Hesa 6000 6000 6000 7000 7000 7000 7000 D15.0 (IAF) MHA 10000 168 33-00 168^ 348^ 15 20
271,True,OIFM,OIFE,True,13-2,False,APPROACH 13-2,APP,APP,APP,84,REVIEW,True,header_icao_differs_from_index,Jeppesen_approach_number_series,True,True,True,False,False,612.0,792.0,8429,"ESFAHAN Hesa OIFE ESFAHAN Hesa OIFE ESFAHAN Hesa OIFE 6000 7000 348^ MHA 10000 MISSED APCH: ESFAHAN, IRAN ESFAHAN Tower Ground VOR 113.2 Final Apch Crs 075^ 6200' 5430'(372')"
272,True,OIFM,OIFM,False,13-3,True,VOR 2 RWY 07L,APP,APP,APP,84,MATCH,False,independently_consistent,Jeppesen_approach_number_series,True,False,True,False,False,612.0,792.0,5103,"10 ESFAHAN, IRAN ESFAHAN Tower Ground 124.6 118.3 121.9 VOR ISN Apt Elev 5058' 5500'(442') 113.2 075^ MISSED APCH: Final Apch Crs 13-3 BRIEFING STRIP TM OIFM/IFN MHA 8000 Climb on R-075 to 6800', then turn RIGHT to rejoin holding at 8000'. SHAHID BEHESHTI INTL"
273,True,OIFM,OIFM,False,13-4,True,VOR 1 RWY 07L,APP,APP,APP,84,MATCH,False,independently_consistent,Jeppesen_approach_number_series,True,False,True,False,False,612.0,792.0,5254,"10 ESFAHAN, IRAN ESFAHAN Tower Ground 124.6 118.3 121.9 VOR ISN Apt Elev 5058' 5500'(442') 113.2 075^ MISSED APCH: Final Apch Crs 13-4 BRIEFING STRIP TM OIFM/IFN Climb on R-075 to 6800', then turn RIGHT to rejoin holding at 8000'. SHAHID BEHESHTI INTL CAT A & B"
274,True,OIFM,,False,13-5,False,VOR DME 6 RWY 07R,APP,APP,APP,84,MATCH,False,independently_consistent,Jeppesen_approach_number_series,True,False,True,False,False,612.0,792.0,8204,"ESFAHAN Hesa ESFAHAN Hesa 6000 6000 6000 7000 7000 7000 7000 D15.0 (IAF) MHA 10000 168^ 168^ 348^ 15 20 MISSED APCH: ESFAHAN, IRAN ESFAHAN Tower Ground VOR"
275,True,OIFM,OIFE,True,13-6,False,APPROACH 13-6,APP,APP,APP,91,REVIEW,True,header_icao_differs_from_index,instrument_approach_header,True,True,True,False,False,612.0,792.0,8619,"ESFAHAN Hesa OIFE 6000 7000 7000 8000 348^ MHA 10000 MISSED APCH: ESFAHAN, IRAN ESFAHAN Tower Ground VOR 113.2 Final Apch Crs 061^ 6200' 5430'(372') Apt Elev 5058' ISN D4.0 VOR DME 7 Rwy 07R"
276,True,OIFM,,False,13-7,False,APPROACH 13-7,APP,APP,APP,84,MATCH,False,independently_consistent,Jeppesen_approach_number_series,True,False,True,False,False,612.0,792.0,9707,"6000 6000 7000 7000 8000 8000 D15.0 (IAF) MHA 10000 168^ MISSED APCH: ESFAHAN, IRAN ESFAHAN Tower Ground 124.6 118.3 121.9 VOR 113.2 Final Apch Crs 258^ 5800' 5410'(373')"
277,True,OIFM,,False,13-8,False,CHART PAGE 182,APP,APP,APP,84,MATCH,False,independently_consistent,Jeppesen_approach_number_series,True,False,True,False,False,612.0,792.0,9848,"6000 6000 7000 7000 8000 8000 D15.0 (IAF) MHA 10000 168^ 20 MISSED APCH: ESFAHAN, IRAN ESFAHAN Tower Ground 124.6 118.3 121.9 VOR 113.2 Final Apch Crs 254^ 5800'"
278,True,OIFM,,False,13-9,False,VOR RWY 25L CAT C & D,APP,APP,APP,91,MATCH,False,independently_consistent,instrument_approach_header,True,False,True,False,False,612.0,792.0,6979,"10 ESFAHAN, IRAN VOR Rwy 25L/R ESFAHAN Tower Ground 124.6 118.3 121.9 VOR ISN 258^ Apt Elev 5058' Rwy 25R 5043' Rwy 25L 5037' MISSED APCH: then turn RIGHT to rejoin holding at 8000'. 32-50 113.2 Final Apch Crs Rwy 25R: Rwy 25L: 254^"
279,True,OIFM,OIFM,False,13-10,False,CHART PAGE 184,APP,APP,APP,84,MATCH,False,independently_consistent,Jeppesen_approach_number_series,True,False,True,False,False,612.0,792.0,4322,"10 ESFAHAN, IRAN ESFAHAN Tower Ground 124.6 118.3 121.9 VOR ISN MDA(H) Apt Elev 5058' then turn RIGHT to rejoin holding at 8000'. 5750'(692') 113.2 255^ MISSED APCH: Final Apch Crs Climbing turn RIGHT to intercept R-300 to 7000', BRIEFING STRIP TM OIFM/IFN SHAHID BEHESHTI INTL CAT A & B"
280,True,OIFM,OIFE,True,16-1,False,APPROACH 16-1,APP,APP,APP,84,REVIEW,True,header_icao_differs_from_index,Jeppesen_approach_number_series,True,True,True,False,False,612.0,792.0,8043,OIFE ESFAHAN Hesa 6000 6000 7000 7000 8000 8000 M E A rc 158^ (IAF) D15.0 MAX 210 KT NOT TO SCALE NDB DME 2 NORTH HOLDING D15.0 168^ 348^ MAX 210 KT
281,True,OIFM,OIFE,True,16-2,False,APPROACH 16-2,APP,APP,APP,84,REVIEW,True,header_icao_differs_from_index,Jeppesen_approach_number_series,True,True,True,False,False,612.0,792.0,7890,ESFAHAN Hesa OIFE 6000 6000 7000 7000 8000 8000 E A rc 158^ (IAF) D15.0 MAX 210 KT NOT TO SCALE NDB DME 1 D15.0 168^ 348^ MAX 210 KT MHA 10000 BRIEFING STRIP
282,True,OIFM,,False,16-3,True,APPROACH 16-3,APP,APP,APP,84,MATCH,False,independently_consistent,Jeppesen_approach_number_series,True,False,True,False,False,612.0,792.0,5699,"48^ 10 ESFAHAN, IRAN ESFAHAN Tower Ground 124.6 118.3 121.9 NDB 337 IFN Final Apch Crs 248^ No FAF Apt Elev 5058' Rwy 25R 5043' Rwy 25L 5037' MISSED APCH: then turn RIGHT and rejoin holding at 8000'. Turn RIGHT onto track 300^ and climb to 7000', 16-3 BRIEFING STRIP"
283,True,OIFM,,False,16-4,True,APPROACH 16-4,APP,APP,APP,84,MATCH,False,independently_consistent,Jeppesen_approach_number_series,True,False,True,False,False,612.0,792.0,5327,"48^ 10 ESFAHAN, IRAN ESFAHAN Tower Ground 124.6 118.3 121.9 NDB 337 IFN Final Apch Crs 248^ No FAF Apt Elev 5058' Rwy 25R 5043' Rwy 25L 5037' MISSED APCH: then turn RIGHT and rejoin holding at 8000'. Turn RIGHT onto track 300^ and climb to 7000', 16-4 BRIEFING STRIP"
284,True,OIFP,OIFP,False,,False,AIRPORT INFORMATION,AIRPORT,AIRPORT,AIRPORT,88,MATCH,False,independently_consistent,airport_header,True,False,True,False,False,612.0,792.0,1730,"General Information Location: ESFAHAN IRN ICAO: OIFP Lat/Long: N32° 37.2', E051° 41.4' Elevation: 5242 ft Airport Use: Military Daylight Savings: Not Observed UTC Conversion: -3:30 = UTC Magnetic Variation: 3.0° E Fuel Types: 100 Octane (LL), Jet A-1 Customs: No General Information Location: ESFAHAN IRN ICAO: OIFP Lat/Long: N32° 37.2', E051° 41.4' "
285,True,OIFP,,False,20-9,True,Airport Diagram Chart (ADC),AIRPORT,AIRPORT,AIRPORT,96,MATCH,False,independently_consistent,Jeppesen_10_20_airport_series,True,False,True,False,False,612.0,792.0,4425,"354' Stopway 361' Stopway 3294m 10,807' 26 08 108m 110m Apt Elev 20-9 118.1 121.7 03^E *BADR Tower JEPPESEN Birds. Strolling dogs observed on movement area. Helicopter flying on first 350'/107m South of rwy 08, caution advise. 32-38 32-38 51-40"
286,True,OIFS,OIFS,False,,False,AIRPORT INFORMATION,AIRPORT,AIRPORT,AIRPORT,88,MATCH,False,independently_consistent,airport_header,True,False,True,False,False,612.0,792.0,1748,"General Information Location: SHAHRE KORD IRN ICAO/IATA: OIFS / CQD Lat/Long: N32° 17.8', E050° 50.5' Elevation: 6723 ft Airport Use: Public Daylight Savings: Not Observed UTC Conversion: -3:30 = UTC Magnetic Variation: 4.0° E Fuel Types: Jet A-1 Customs: Yes General Information Location: SHAHRE KORD IRN ICAO/IATA: OIFS / CQD Lat/Long: N32° 17.8', "
287,True,OIFS,OIFS,False,10-2,True,"BOMID 1N, ESFAHAN 1N, ESFAHAN 1P",STAR,STAR,STAR,98,MATCH,False,independently_consistent,printed_STAR_header,True,True,True,False,False,612.0,792.0,4311,"ISN Apt Elev 10-2 .STAR. 6723' Alt Set: hPa Trans level: By ATC Trans alt: 13000' Actual descent clearance will be as directed by ATC. SHAHRE KORD SHAHRE KORD, IRAN OIFS/CQD JEPPESEN BOMID N32 59.1 E050 40.5 164^ FL150 11.5 BOMID 1N .Eff.21.Aug. 15 AUG 14 MSA 14,600' 13,900' 11,700' 090^ 270^"
288,True,OIFS,OIFS,False,10-2A,True,"IMKEN 1N, IMKEN 1P, LOXAK 1N, LOXAK 1P",STAR,STAR,STAR,98,MATCH,False,independently_consistent,printed_STAR_header,True,False,True,False,False,612.0,792.0,6663,"Apt Elev .STAR. 6723' Alt Set: hPa Trans level: By ATC Trans alt: 13000' Actual descent clearance will be as directed by ATC. SHAHRE KORD SHAHRE KORD, IRAN OIFS/CQD JEPPESEN 10-2A .Eff.21.Aug. 15 AUG 14 LOXAK D40 SKD 302^ 14.7 FL150 LOXAK 1N, 1P N31 44.9 E051 43.7 MSA 14,600' 13,900' 11,700'"
289,True,OIFS,OIFS,False,10-2B,True,"PEKAM 2N, PEKAM 2P",STAR,STAR,STAR,98,MATCH,False,independently_consistent,printed_STAR_header,True,True,True,False,False,612.0,792.0,4655,"Apt Elev .STAR. 6723' Alt Set: hPa Trans level: By ATC Trans alt: 13000' Actual descent clearance will be as directed by ATC. SHAHRE KORD SHAHRE KORD, IRAN OIFS/CQD PEKAM JEPPESEN 10-2B .Eff.17.Apr. 11 APR 25 183^ 42.6 FL200 PEKAM 2N, 2P MSA 090^ 270^ 180^ SKD VOR 13,900 11,700 14,600"
290,True,OIFS,OIFS,False,10-2C,True,"BOMID 1P, ESFAHAN 1Q",STAR,STAR,STAR,98,MATCH,False,independently_consistent,printed_STAR_header,True,True,True,False,False,612.0,792.0,3316,"Apt Elev .STAR. 6723' Alt Set: hPa Trans level: By ATC Trans alt: 13000' Actual descent clearance will be as directed by ATC. SHAHRE KORD SHAHRE KORD, IRAN OIFS/CQD 10-2C JEPPESEN ESFAHAN 113.2 ISN ISN N32 44.8 E051 49.7 D .Eff.17.Apr. 11 APR 25 BOMID 165^ MSA 090^ 270^ 180^ SKD NDB"
291,True,OIFS,OIFS,False,10-3,True,"BOMID 1E, BOMID 1F",SID,SID,SID,98,MATCH,False,independently_consistent,printed_SID_header,True,True,True,False,False,612.0,792.0,3664,"Apt Elev 6723' SHAHRE KORD SHAHRE KORD, IRAN OIFS/CQD Trans level: By ATC Trans alt: 13000' .SID. 10-3 .SID. JEPPESEN 17 JUN 16 BOMID N32 59.1 E050 40.5 MSA 14,600' 13,900' 11,700' 090^ 270^ 180^ SKD VOR BOMID 1E [BOMI1E] BOMID 1F [BOMI1F] DEPARTURES"
292,True,OIFS,OIFS,False,10-3A,True,"BOMID 1G, BOMID 1H",SID,SID,SID,98,MATCH,False,independently_consistent,printed_SID_header,True,True,True,False,False,612.0,792.0,3502,"Apt Elev 6723' SHAHRE KORD SHAHRE KORD, IRAN OIFS/CQD Trans level: By ATC Trans alt: 13000' .SID. .SID. JEPPESEN 17 JUN 16 BOMID N32 59.1 E050 40.5 10-3A MSA 14,600' 13,900' 11,700' 090^ 270^ 180^ SKD NDB BOMID 1G [BOMI1G] BOMID 1H [BOMI1H] DEPARTURES"
293,True,OIFS,OIFS,False,10-3B,True,"ESFAHAN 1A, ESFAHAN 1B",SID,SID,SID,98,MATCH,False,independently_consistent,printed_SID_header,True,True,True,False,False,612.0,792.0,3453,"Apt Elev 6723' SHAHRE KORD SHAHRE KORD, IRAN OIFS/CQD Trans level: By ATC Trans alt: 13000' .SID. .SID. JEPPESEN 17 JUN 16 10-3B ESFAHAN 113.2 ISN ISN N32 44.8 E051 49.7 D ESFA At 8500' MSA 14,600' 13,900' 11,700' 090^ 270^"
294,True,OIFS,OIFS,False,10-3C,True,"ESFAHAN 1C, ESFAHAN 1D",SID,SID,SID,98,MATCH,False,independently_consistent,printed_SID_header,True,True,True,False,False,612.0,792.0,3393,"Apt Elev 6723' SHAHRE KORD SHAHRE KORD, IRAN OIFS/CQD Trans level: By ATC Trans alt: 13000' .SID. .SID. JEPPESEN 17 JUN 16 10-3C ESFAHAN 113.2 ISN ISN N32 44.8 E051 49.7 D MSA 14,600' 13,900' 11,700' 090^ 270^ 180^ SKD NDB DEPARTURES"
295,True,OIFS,OIFS,False,10-3D,True,"IMKEN 1A, IMKEN 1B",SID,SID,SID,98,MATCH,False,independently_consistent,printed_SID_header,True,True,True,False,False,612.0,792.0,3806,"Apt Elev 6723' SHAHRE KORD SHAHRE KORD, IRAN OIFS/CQD Trans level: By ATC Trans alt: 13000' .SID. .SID. JEPPESEN 17 JUN 16 10-3D At 8500' IMKEN 1B MSA 14,600' 13,900' 11,700' 090^ 270^ 180^ SKD VOR DEPARTURES IMKEN 1A [IMKE1A] IMKEN 1B [IMKE1B]"
296,True,OIFS,OIFS,False,10-3E,True,"IMKEN 1C, IMKEN 1D",SID,SID,SID,98,MATCH,False,independently_consistent,printed_SID_header,True,True,True,False,False,612.0,792.0,3591,"Apt Elev 6723' SHAHRE KORD SHAHRE KORD, IRAN OIFS/CQD Trans level: By ATC Trans alt: 13000' .SID. .SID. JEPPESEN 17 JUN 16 10-3E At 8500' IM MSA 14,600' 13,900' 11,700' 090^ 270^ 180^ SKD NDB DEPARTURES IMKEN 1C [IMKE1C] IMKEN 1D [IMKE1D]"
297,True,OIFS,OIFS,False,10-3F,True,"LOXAK 1A, LOXAK 1B",SID,SID,SID,98,MATCH,False,independently_consistent,printed_SID_header,True,True,True,False,False,612.0,792.0,3133,"Apt Elev 6723' SHAHRE KORD SHAHRE KORD, IRAN OIFS/CQD Trans level: By ATC Trans alt: 13000' .SID. .SID. JEPPESEN 17 JUN 16 323^ 10-3F At 8500' LOXAK 1B MSA 14,600' 13,900' 11,700' 090^ 270^ 180^ SKD VOR DEPARTURES LOXAK 1A [LOXA1A]"
298,True,OIFS,OIFS,False,10-3G,True,"LOXAK 1C, LOXAK 1D",SID,SID,SID,98,MATCH,False,independently_consistent,printed_SID_header,True,True,True,False,False,612.0,792.0,3249,"Apt Elev 6723' SHAHRE KORD SHAHRE KORD, IRAN OIFS/CQD Trans level: By ATC Trans alt: 13000' .SID. .SID. JEPPESEN 17 JUN 16 323^ 10-3G SHAHRE KORD 376 SKD SKD N32 18.3 E050 50.3 At 8500' LOXAK 1D LOXAK 1D 122^ MSA 14,600' 13,900' 11,700'"
299,True,OIFS,OIFS,False,10-9,True,Airport Diagram Chart (ADC),AIRPORT,AIRPORT,AIRPORT,96,MATCH,False,independently_consistent,Jeppesen_10_20_airport_series,True,False,True,False,False,612.0,792.0,4721,Apt Elev 32-18 50-49 50-50 50-51 ARP NDB 14 143^ 6723' 10-9 SHAHRE KORD N32 17.8 E050 50.5 118.5 121.7 98 OIFS/CQD 479' Stopway 146m Elev 6723' *SHAHRE KORD Tower A
300,True,OIFS,,False,13-1,True,VOR DME RWY 14,APP,APP,APP,84,MATCH,False,independently_consistent,Jeppesen_approach_number_series,True,False,True,False,False,612.0,792.0,7032,"OI(C)-32 8000 8000 8000 9000 9000 9000 MISSED APCH: BRIEFING STRIP TM SHAHRE KORD, IRAN SHAHRE KORD 13-1 118.5 121.7 VOR SKD 144^ 7930'(1207') 270^ 090^ 180^ MSA SKD VOR Alt Set: hPa"
301,True,OIFS,,False,13-2,True,APPROACH 13-2,APP,APP,APP,84,MATCH,False,independently_consistent,Jeppesen_approach_number_series,True,False,True,False,False,612.0,792.0,7335,OI(C)-32 OI(C)-72 OI(C)-98 0 8000 8000 8000 8000 8000 8000 8000 8000 8000 9000 9000 10000 8000 8000 8000 MISSED APCH: BRIEFING STRIP TM 13-2 VOR 117.3
302,True,OIFS,,False,13-3,True,APPROACH 13-3,APP,APP,APP,84,MATCH,False,independently_consistent,Jeppesen_approach_number_series,True,False,True,False,False,612.0,792.0,6726,OI(C)-32 OI(C)-72 OI(C)-98 8000 8000 8000 8000 8000 8000 8000 9000 9000 10000 8000 8000 8000 124^ 304^ SHAHRE KORD S K D D MISSED APCH: BRIEFING STRIP TM 13-3
303,True,OIFS,,False,16-1,True,APPROACH 16-1,APP,APP,APP,84,MATCH,False,independently_consistent,Jeppesen_approach_number_series,True,False,True,False,False,612.0,792.0,6665,"OI(C)-32 OI(C)-72 OI(C)-98 80 8000 8000 8000 8000 8000 8000 8000 MISSED APCH: BRIEFING STRIP TM SHAHRE KORD, IRAN SHAHRE KORD 16-1 118.5 121.7 NDB SKD 376 142^ 9500'"
304,True,OIFS,,False,16-2,True,APPROACH 16-2,APP,APP,APP,84,MATCH,False,independently_consistent,Jeppesen_approach_number_series,True,False,True,False,False,612.0,792.0,6279,"OI(C)-32 OI(C)-72 OI(C)-98 80 8000 8000 8000 8000 8000 8000 8000 MISSED APCH: BRIEFING STRIP TM SHAHRE KORD, IRAN SHAHRE KORD 16-2 118.5 121.7 NDB SKD 376 133^ MDA(H)"
305,True,OIGG,OIGG,False,,False,AIRPORT INFORMATION,AIRPORT,AIRPORT,AIRPORT,55,REVIEW,True,only_old_index_supports_category,prior_index_only,True,False,True,False,False,612.0,792.0,1801,"General Information Location: RASHT IRN ICAO/IATA: OIGG / RAS Lat/Long: N37° 19.4', E049° 37.1' Elevation: -37 ft Airport Use: Public Daylight Savings: Not Observed UTC Conversion: -3:30 = UTC Magnetic Variation: 5.0° E Fuel Types: Jet A-1 Customs: Yes Rasht Tower: 121.900 Rasht Approach: 122.700 General Information Location: RASHT IRN ICAO/IATA: O"
306,True,OIGG,OIGG,False,,False,AIRPORT INFORMATION,AIRPORT,AIRPORT,AIRPORT,88,MATCH,False,independently_consistent,airport_header,True,False,True,False,False,612.0,792.0,1235,"General Information Location: RASHT IRN ICAO/IATA: OIGG / RAS Lat/Long: N37° 19.4', E049° 37.1' Elevation: -37 ft Airport Use: Public Daylight Savings: Not Observed UTC Conversion: -3:30 = UTC Magnetic Variation: 5.0° E Fuel Types: Jet A-1 Customs: Yes Rasht Tower: 121.900 Rasht Approach: 122.700 Rasht Tower: 121.900 Rasht Approach: 122.700 Airport"
307,True,OIGG,OIGG,False,10-2,True,"KOBUB 1N, KOBUB 1P",STAR,STAR,STAR,98,MATCH,False,independently_consistent,printed_STAR_header,True,False,True,False,False,612.0,792.0,10322,"VO R T S R KOBUB RST 293^ 10 KOBUB 1N, 1P FL070 Apt Elev -37 N [KOBU1N], KOBUB 1P [KOBU1P] ARRIVALS (ALL RWYS) W SEA LEVEL) Alt Set: hPa Trans level: By ATC Actual descent clearance will be as directed by ATC. 10-2 .STAR. JEPPESEN OIGG/RAS"
308,True,OIGG,OIGG,False,10-2A,False,KOBUB 1Q,STAR,STAR,STAR,98,MATCH,False,independently_consistent,printed_STAR_header,True,False,True,False,False,612.0,792.0,10012,"VO R T S R KOBUB RST 293^ 10 FL070 Apt Elev -37 [KOBU1Q] (ALL RWYS) W SEA LEVEL) Alt Set: hPa Trans level: By ATC Actual descent clearance will be as directed by ATC. .STAR. JEPPESEN OIGG/RAS SARDAR-E-JANGAL RASHT, IRAN 20"
309,True,OIGG,,False,10-2B,False,"DEDLA 1N, DEDLA 1P, RARTA 1N, RARTA 1P",STAR,STAR,STAR,98,MATCH,False,independently_consistent,printed_STAR_header,True,False,True,False,False,612.0,792.0,20207,"270^ DEDLA 316^ Apt Elev -37 *ATIS 126.2 (BELOW SEA LEVEL) Alt Set: hPa Trans level: By ATC Actual descent clearance will be as directed by ATC. RARTA 1P [RART1P] ARRIVALS (ALL RWYS) DEDLA 1N [DEDL1N] DEDLA 1P [DEDL1P] RARTA 1N [RART1N] JEPPESEN .STAR. 13 FEB 26 .Eff.19.Feb. 17 6 71 50-00 | JEPPESEN, 2026. ALL RIGHTS RESERVED."
310,True,OIGG,,False,10-2C,True,"DEDLA 1Q, RARTA 1Q",STAR,STAR,STAR,98,MATCH,False,independently_consistent,printed_STAR_header,True,False,True,False,False,612.0,792.0,19341,"270^ DEDLA 316^ Apt Elev -37 *ATIS 126.2 (BELOW SEA LEVEL) Alt Set: hPa Trans level: By ATC Actual descent clearance will be as directed by ATC. RARTA 1Q [RART1Q] ARRIVALS (ALL RWYS) DEDLA 1Q [DEDL1Q] JEPPESEN .STAR. 13 FEB 26 .Eff.19.Feb. 0 17 6 71 50-00 | JEPPESEN, 2026. ALL RIGHTS RESERVED. 10-2C"
311,True,OIGG,OIGG,False,10-2D,False,"EGRUD 1N, EGRUD 1Q",STAR,STAR,STAR,98,MATCH,False,independently_consistent,printed_STAR_header,True,False,True,False,False,612.0,792.0,9429,"R089 3000 270^ Apt Elev -37 N [EGRU1N], EGRUD 1Q [EGRU1Q] ARRIVALS (ALL RWYS) W SEA LEVEL) Alt Set: hPa Trans level: By ATC Actual descent clearance will be as directed by ATC. .STAR. JEPPESEN OIGG/RAS SARDAR-E-JANGAL RASHT, IRAN MHA 4000 089^ 269^ D13.0 RST (IAF) 13 FEB 26 .Eff.19.Feb."
312,True,OIGG,OIGG,False,10-2E,True,EGRUD 1P,STAR,STAR,STAR,98,MATCH,False,independently_consistent,printed_STAR_header,True,False,True,False,False,612.0,792.0,7859,"R093 3000 270^ Apt Elev -37 [EGRU1P] (ALL RWYS) W SEA LEVEL) Alt Set: hPa Trans level: By ATC Actual descent clearance will be as directed by ATC. .STAR. JEPPESEN OIGG/RAS SARDAR-E-JANGAL RASHT, IRAN 13 FEB 26 .Eff.19.Feb. 10-2E 35 40 45 EGRUD 1P ARRIVAL MHA 3000"
313,True,OIGG,OIGG,False,10-2F,False,"RALGO 1N, RALGO 1P",STAR,STAR,STAR,98,MATCH,False,independently_consistent,printed_STAR_header,True,False,True,False,False,612.0,792.0,9933,"3000 270^ Apt Elev -37 1N [RALG1N], RALGO 1P [RALG1P] ARRIVALS (ALL RWYS) W SEA LEVEL) Alt Set: hPa Trans level: By ATC Actual descent clearance will be as directed by ATC. .STAR. JEPPESEN OIGG/RAS SARDAR-E-JANGAL RASHT, IRAN MHA 3000 093^ 273^ D13.0 RST 13.0 3000 RALGO 1P (IAF)"
314,True,OIGG,OIGG,False,10-2G,True,"MODIL 1N, MODIL 1P",STAR,STAR,STAR,98,MATCH,False,independently_consistent,printed_STAR_header,True,False,True,False,False,612.0,792.0,3601,"MODIL 183^ 159^ 35 40 45 Apt Elev -37 *ATIS 126.2 MODIL 1N [MODI1N], MODIL 1P [MODI1P] ARRIVALS (ALL RWYS) (BELOW SEA LEVEL) Alt Set: hPa Trans level: By ATC Actual descent clearance will be as directed by ATC. .STAR. JEPPESEN 10-2G OIGG/RAS SARDAR-E-JANGAL RASHT, IRAN 13 FEB 26 .Eff.19.Feb."
315,True,OIGG,OIGG,False,10-2H,True,MODIL 1Q,STAR,STAR,STAR,98,MATCH,False,independently_consistent,printed_STAR_header,True,False,True,False,False,612.0,792.0,3055,"MODIL 35 40 45 Apt Elev -37 *ATIS 126.2 [MODI1Q] (ALL RWYS) (BELOW SEA LEVEL) Alt Set: hPa Trans level: By ATC Actual descent clearance will be as directed by ATC. .STAR. JEPPESEN 10-2H OIGG/RAS SARDAR-E-JANGAL RASHT, IRAN 13 FEB 26 .Eff.19.Feb. 158^ MODIL 1Q ARRIVAL CONTOUR"
316,True,OIGG,OIGG,False,10-2J,True,"DEDLA 1S, KOBUB 1S, RALGO 1S",STAR,STAR,STAR,98,MATCH,False,independently_consistent,printed_STAR_header,True,False,True,False,False,612.0,792.0,7954,"00 270^ DEDLA 316^ KOBUB 291^ 8 BUB 1S 050 Apt Elev -37 1S [DEDL1S], KOBUB 1S [KOBU1S] ARRIVALS (ALL RWYS) W SEA LEVEL) Alt Set: hPa Trans level: By ATC Actual descent clearance will be as directed by ATC. .STAR. JEPPESEN OIGG/RAS SARDAR-E-JANGAL RASHT, IRAN 10-2J"
317,True,OIGG,,False,10-3,False,"DEDLA 2A, DEDLA 2B, EGRUD 1A, EGRUD 1B",SID,SID,SID,96,MATCH,False,independently_consistent,Jeppesen_10-3_series,True,False,True,False,False,612.0,792.0,28991,270^ .Eff.19.Feb. DEDLA 2A [DEDL2A] DEDLA 2B [DEDL2B] EGRUD 1A [EGRU1A] EGRUD 1B [EGRU1B] DEPARTURES (ALL RWYS) (BELOW SEA LEVEL) 13 FEB 26 DEDLA JEPPESEN Apt Elev -37 Trans alt: 4000 375 500 750 1000 1250 1500 325 433 650 867 1083 1300
318,True,OIGG,,False,10-3A,False,"DEDLA 1C, DEDLA 1D, EGRUD 1C, EGRUD 1D",SID,SID,SID,96,MATCH,False,independently_consistent,Jeppesen_10-3_series,True,False,True,False,False,612.0,792.0,24141,270^ .Eff.19.Feb. DEDLA 1C [DEDL1C] DEDLA 1D [DEDL1D] EGRUD 1C [EGRU1C] EGRUD 1D [EGRU1D] DEPARTURES (ALL RWYS) (BELOW SEA LEVEL) 13 FEB 26 DEDLA JEPPESEN Apt Elev -37 Trans alt: 4000 375 500 750 1000 1250 1500 325 433 650 867 1083 1300
319,True,OIGG,,False,10-3B,False,"GABMI 2A, GABMI 2B, RALGO 3A, RALGO 3B, RARTA 3A, RARTA 3B",SID,SID,SID,96,MATCH,False,independently_consistent,Jeppesen_10-3_series,True,False,True,False,False,612.0,792.0,31060,0 270^ RARTA 3A [RART3A] RARTA 3B [RART3B] RALGO 3A [RALG3A] RALGO 3B [RALG3B] DEPARTURES (ALL RWYS) (BELOW SEA LEVEL) Apt Elev -37 Trans alt: 4000 JEPPESEN GABMI 2A [GABM2A] GABMI 2B [GABM2B] 375 500 750 1000 1250 1500 Gnd speed-KT 75 100 150 200
320,True,OIGG,,False,10-3C,False,"GABMI 1C, GABMI 1D, RALGO 1C, RALGO 1D",SID,SID,SID,96,MATCH,False,independently_consistent,Jeppesen_10-3_series,True,False,True,False,False,612.0,792.0,27244,270^ RALGO 1C [RALG1C] RALGO 1D [RALG1D] DEPARTURES (ALL RWYS) (BELOW SEA LEVEL) Apt Elev -37 Trans alt: 4000 JEPPESEN GABMI 1C [GABM1C] GABMI 1D [GABM1D] 375 500 750 1000 1250 1500 Gnd speed-KT 75 100 150 200 250 300 300 FT/NM
321,True,OIGG,,False,10-3D,False,"RSR 1A, RSR 1B",SID,SID,SID,96,MATCH,False,independently_consistent,Jeppesen_10-3_series,True,False,True,False,False,612.0,792.0,14233,".Eff.19.Feb. DEPARTURES (ALL RWYS) (BELOW SEA LEVEL) 13 FEB 26 332 RSR RSR JEPPESEN Apt Elev -37 Trans alt: 4000 Turn RIGHT, intercept RST R112 to RSR NDB/DME, climb to cleared FL. Turn RIGHT, intercept RST R112 to RSR NDB/DME, climb to cleared FL. 12098 12098 (115.5) RSR RAMSAR RSR D RSR 1A [RSR1A] RSR 1B [RSR1B] 17 6"
322,True,OIGG,,False,10-3E,False,"RSR 1C, RSR 1D",SID,SID,SID,96,MATCH,False,independently_consistent,Jeppesen_10-3_series,True,False,True,False,False,612.0,792.0,14856,"332 RSR RSR .Eff.19.Feb. DEPARTURES (ALL RWYS) (BELOW SEA LEVEL) 13 FEB 26 JEPPESEN Apt Elev -37 Trans alt: 4000 12098 12098 (115.5) RSR RAMSAR RSR D RSR 1C [RSR1C] RSR 1D [RSR1D] Turn RIGHT, intercept 112^ bearing from RST NDB to RSR NDB/DME, climb to cleared FL. Turn RIGHT, intercept 112^ bearing from RST NDB to RSR NDB/DME,"
323,True,OIGG,OIGG,False,10-3F,True,"MODIL 1A, MODIL 1B",SID,SID,SID,98,MATCH,False,independently_consistent,printed_SID_header,True,False,True,False,False,612.0,792.0,2389,"T S R VO R Apt Elev -37 .Eff.19.Feb. (BELOW SEA LEVEL) 13 FEB 26 MODIL Trans alt: 4000 .SID. JEPPESEN 10-3F OIGG/RAS SARDAR-E-JANGAL RASHT, IRAN 20 25 DEPARTURES MODIL 1A [MODI1A], MODIL 1B [MODI1B] (ALL RWYS)"
324,True,OIGG,,False,10-9,False,Airport Diagram Chart (ADC),AIRPORT,AIRPORT,AIRPORT,96,MATCH,False,independently_consistent,Jeppesen_10_20_airport_series,True,False,True,False,False,612.0,792.0,6459,Apt Elev 05^E 37-20 37-20 49-36 49-37 *ATIS 126.2X 27 269^ 09 089^ Stopway 492'150m B SARDAR-E-JANGAL Stopway 492'150m 9570' 2917m JEPPESEN 3 OCT 25 Strolling dogs observed on the movement area. Birds in vicinity of airport.
325,True,OIGG,,False,10-9S,True,MINIMUMS,AIRPORT,AIRPORT,AIRPORT,96,MATCH,False,independently_consistent,Jeppesen_10_20_airport_series,True,False,True,False,False,612.0,792.0,4659,10-9S JEPPESEN 09 430'(481') 430'(481') 430'(481') 430'(481') 1 27 450'(501') 450'(501') NOT APPLICABLE NOT APPLICABLE (487') (487') (487') 450' 450' 450' (487') 450' 2
326,True,OIGG,,False,11-1,True,ILS Z OR LOC Z RWY 27,APP,APP,APP,84,MATCH,False,independently_consistent,Jeppesen_approach_number_series,True,False,True,False,False,612.0,792.0,7071,"OI(D)-45 OI(C)-2 RASHT 112.6 RST DR S T ILS DME I R S T 269^ 109.9 IRST MISSED APCH: BRIEFING STRIP TM 10 11-1 RASHT, IRAN 122.7X 121.9X Final Apch Crs ILS DA(H) then turn RIGHT to rejoin holding. Alt Set: hPa Rwy Elev: -1 hPa Trans level: By ATC"
327,True,OIGG,,False,11-2,True,ILS Y OR LOC Y RWY 27,APP,APP,APP,91,MATCH,False,independently_consistent,instrument_approach_header,True,False,True,False,False,612.0,792.0,7642,"OI(C)-2 OI(D)-45 MISSED APCH: BRIEFING STRIP TM 10 11-2 RASHT, IRAN 122.7X 121.9X Final Apch Crs ILS DA(H) Alt Set: hPa Rwy Elev: -1 hPa Trans level: By ATC Trans alt: 4000' LOC IRST 109.9 269^ 250'(287') D5.0 IRST"
328,True,OIGG,OIGG,False,13-1,True,VOR Z RWY 09,APP,APP,APP,84,MATCH,False,independently_consistent,Jeppesen_approach_number_series,True,False,True,False,False,612.0,792.0,5747,"OI(D)-45 BRIEFING STRIP TM 10 RASHT, IRAN 13-1 VOR 112.6 RST Final Apch Crs 088^ 430'(481') MISSED APCH: Alt Set: hPa Trans level: By ATC Trans alt: 4000' OIGG/RAS Rwy Elev: -1 hPa SARDAR-E-JANGAL D10.0 D10.0 D5.0 1200'(1251')"
329,True,OIGG,,False,13-2,True,VOR Y RWY 09,APP,APP,APP,84,MATCH,False,independently_consistent,Jeppesen_approach_number_series,True,False,True,False,False,612.0,792.0,6242,"OI(D)-45 OI(C)-2 BRIEFING STRIP TM 10 RASHT, IRAN 13-2 VOR 112.6 RST Final Apch Crs 086^ No FAF 450'(501') MISSED APCH: Alt Set: hPa Trans level: By ATC Trans alt: 4000' RASHT 112.6 RST D R S T 37-25 Climb on R-086 to 1500', then turn RIGHT to rejoin"
330,True,OIGG,OIGG,False,13-3,True,VOR Z RWY 27,APP,APP,APP,84,MATCH,False,independently_consistent,Jeppesen_approach_number_series,True,False,True,False,False,612.0,792.0,5782,"OI(C)-2 OI(D)-45 BRIEFING STRIP TM 10 RASHT, IRAN 13-3 VOR 112.6 RST Final Apch Crs 273^ 450'(487') MISSED APCH: Alt Set: hPa Apt Elev: -1 hPa Trans level: By ATC Trans alt: 4000' Climb STRAIGHT AHEAD to VOR, then climb on R-273 to 1500', then turn RIGHT to rejoin holding at 3000'. D5.0 1200'(1237') OIGG/RAS"
331,True,OIGG,,False,13-4,True,VOR Y RWY 27,APP,APP,APP,84,MATCH,False,independently_consistent,Jeppesen_approach_number_series,True,False,True,False,False,612.0,792.0,5901,"OI(C)-2 OI(D)-45 BRIEFING STRIP TM 10 RASHT, IRAN 13-4 VOR 112.6 RST Final Apch Crs 273^ No FAF 450'(487') MISSED APCH: Alt Set: hPa Apt Elev: -1 hPa Trans level: By ATC Trans alt: 4000' Climb on R-273 to 1500', then turn RIGHT to rejoin holding at 3000'. RASHT R S T"
332,True,OIGG,OIGG,False,16-1,True,CHART PAGE 216,APP,APP,APP,84,MATCH,False,independently_consistent,Jeppesen_approach_number_series,True,False,True,False,False,612.0,792.0,4977,"OI(D)-45 BRIEFING STRIP TM 10 RASHT, IRAN 16-1 NDB RST Final Apch Crs 094^ 430'(481') MISSED APCH: Alt Set: hPa Trans level: By ATC Trans alt: 4000' OIGG/RAS Rwy Elev: -1 hPa SARDAR-E-JANGAL 1500'(1551') JEPPESEN *ATIS 126.2X 122.7X"
333,True,OIGG,OIGG,False,16-2,True,CHART PAGE 217,APP,APP,APP,84,MATCH,False,independently_consistent,Jeppesen_approach_number_series,True,False,True,False,False,612.0,792.0,4948,"OI(D)-45 BRIEFING STRIP TM 10 RASHT, IRAN 16-2 RST Final Apch Crs 094^ 430'(481') MISSED APCH: Alt Set: hPa Trans level: By ATC Trans alt: 4000' OIGG/RAS Rwy Elev: -1 hPa SARDAR-E-JANGAL JEPPESEN *ATIS 126.2X 122.7X *RASHT Tower (APP) *RASHT Tower"
334,True,OIGG,OIGG,False,16-3,True,CHART PAGE 218,APP,APP,APP,84,MATCH,False,independently_consistent,Jeppesen_approach_number_series,True,False,True,False,False,612.0,792.0,5151,"OI(C)-2 OI(D)-45 BRIEFING STRIP TM 10 RASHT, IRAN 16-3 NDB RST Final Apch Crs 260^ 430'(467') MISSED APCH: Alt Set: hPa Apt Elev: -1 hPa Trans level: By ATC Trans alt: 4000' OIGG/RAS SARDAR-E-JANGAL JEPPESEN *ATIS 126.2X 122.7X"
335,True,OIGG,OIGG,False,16-4,True,CHART PAGE 219,APP,APP,APP,84,MATCH,False,independently_consistent,Jeppesen_approach_number_series,True,False,True,False,False,612.0,792.0,5481,"OI(C)-2 OI(D)-45 BRIEFING STRIP TM 10 RASHT, IRAN 16-4 Final Apch Crs 260^ 430'(467') MISSED APCH: Alt Set: hPa Apt Elev: -1 hPa Trans level: By ATC Trans alt: 4000' OIGG/RAS SARDAR-E-JANGAL JEPPESEN *ATIS 126.2X 122.7X *RASHT Tower (APP) *RASHT Tower"
336,True,OIHH,OIHH,False,,False,AIRPORT INFORMATION,AIRPORT,AIRPORT,AIRPORT,88,MATCH,False,independently_consistent,airport_header,True,False,True,False,False,612.0,792.0,1800,"General Information Location: HAMADAN IRN ICAO/IATA: OIHH / HDM Lat/Long: N34° 52.2', E048° 33.0' Elevation: 5771 ft Airport Use: Public Daylight Savings: Not Observed UTC Conversion: -3:30 = UTC Magnetic Variation: 5.0° E Fuel Types: Jet A-1 Customs: Yes General Information Location: HAMADAN IRN ICAO/IATA: OIHH / HDM Lat/Long: N34° 52.2', E048° 33"
337,True,OIHH,OIHH,False,10-2,True,"IVELI 1N, IVELI 1P",STAR,STAR,STAR,98,MATCH,False,independently_consistent,printed_STAR_header,True,True,True,False,False,612.0,792.0,3907,"Apt Elev OIHH/HDM 10-2 .STAR. HAMADAN HAMADAN, IRAN 5771' JEPPESEN .Eff.21.Jun. 146^ (IAF) Alt Set: hPa Trans level: By ATC Trans alt: 13000' Actual descent clearance will be as directed by ATC. 8 JUN 18 D11.0 HAM MHA 11000 MSA HAM VOR 090^ 270^ 180^ RWYS 10, 28 ARRIVALS IVELI 1N [IVEL1N], IVELI 1P [IVEL1P] 12,100"
338,True,OIHH,OIHH,False,10-2A,True,"ORLOG 2N, ORLOG 2P",STAR,STAR,STAR,98,MATCH,False,independently_consistent,printed_STAR_header,True,False,True,False,False,612.0,792.0,5363,"ORLOG 259^ Apt Elev OIHH/HDM .STAR. HAMADAN HAMADAN, IRAN 5771' JEPPESEN .Eff.21.Jun. 10-2A Alt Set: hPa Trans level: By ATC Trans alt: 13000' Actual descent clearance will be as directed by ATC. 8 JUN 18 MSA HAM VOR RWYS 10, 28 ARRIVALS 090^ 270^ 180^ ING inbound to D18.0 HAM. ORLOG 2N [ORLO2N], ORLOG 2P [ORLO2P] 12,100"
339,True,OIHH,OIHH,False,10-2B,True,"ORLOG 1Q, ORLOG 1R",STAR,STAR,STAR,98,MATCH,False,independently_consistent,printed_STAR_header,True,False,True,False,False,612.0,792.0,5538,"ORLOG 259^ Apt Elev OIHH/HDM .STAR. HAMADAN HAMADAN, IRAN 5771' JEPPESEN 23 MAR 18 .Eff.29.Mar. 10-2B Alt Set: hPa Trans level: By ATC Trans alt: 13000' Actual descent clearance will be as directed by ATC. MSA HAM VOR RWYS 10, 28 ARRIVALS 090^ 270^ 180^ 12,100 9700 13,800 M NDB to D18.0 HAM."
340,True,OIHH,OIHH,False,10-3,True,"IVELI 1A, IVELI 1B",SID,SID,SID,98,MATCH,False,independently_consistent,printed_SID_header,True,True,True,False,False,612.0,792.0,3039,"HAMADAN D117.9 HAM HAM N34 52.0 E048 33.0 281 Apt Elev .SID. OIHH/HDM Trans level: By ATC Trans alt: 13000' HAMADAN HAMADAN, IRAN 5769' 24 APR 15 .Eff.30.Apr. JEPPESEN At or above 9500' 10-3 MSA HAM VOR 9700' 090^ 270^ 180^"
341,True,OIHH,OIHH,False,10-3A,True,"ORLOG 1A, ORLOG 1B, ORLOG 1C",SID,SID,SID,98,MATCH,False,independently_consistent,printed_SID_header,True,True,True,False,False,612.0,792.0,3300,"HAMADAN D117.9 HAM HAM N34 52.0 E048 33.0 ORLOG Apt Elev .SID. OIHH/HDM Trans level: By ATC Trans alt: 13000' HAMADAN HAMADAN, IRAN 5769' 24 APR 15 .Eff.30.Apr. JEPPESEN ORLOG 10-3A MSA HAM VOR 9700' 090^ 270^ 180^ RWYS 28, 10 DEPARTURES"
342,True,OIHH,,False,10-9,True,Airport Diagram Chart (ADC),AIRPORT,AIRPORT,AIRPORT,96,MATCH,False,independently_consistent,Jeppesen_10_20_airport_series,True,False,True,False,False,612.0,792.0,5099,"05^E 3799m 12,464' 10 100^ Apt Elev 10-9 121.9 VOR JEPPESEN *HAMADAN Tower (Ground) Elev 5703' ARP Stopway 177' 54m 123.5 *HAMADAN Tower 34-52 34-52 48-33 48-34 MET HOT SPOT"
343,True,OIHH,,False,10-9S,True,MINIMUMS,AIRPORT,AIRPORT,AIRPORT,96,MATCH,False,independently_consistent,Jeppesen_10_20_airport_series,True,False,True,False,False,612.0,792.0,2804,.Standard. 10-9S JEPPESEN 1900m 2100m 1 1900m 2100m 2100m 2100m 1900m 1900m 1700m 1700m 1 1700m 1700m 1 7 DEC 18 ALS out 2300m 2300m 2500m 2500m
344,True,OIHH,OIHH,False,13-1,False,VOR DME RWY 10,APP,APP,APP,84,MATCH,False,independently_consistent,Jeppesen_approach_number_series,True,False,True,False,False,612.0,792.0,6146,"326^ OI(D)-29 CHARTED AREA LIES WITHIN OI(R)-32 7 MISSED APCH: HAMADAN HAMADAN, IRAN VOR HAM Final Apch Crs 105^ Alt Set: hPa Trans level: By ATC Trans alt: 13000' MDA(H) Minimum Alt *HAMADAN Tower OIHH/HDM 35-00 10 BRIEFING STRIP"
345,True,OIHH,OIHH,False,13-2,True,VOR DME RWY 28,APP,APP,APP,84,MATCH,False,independently_consistent,Jeppesen_approach_number_series,True,False,True,False,False,612.0,792.0,6615,"079^ OI(D)-29 7000 7000 MISSED APCH: HAMADAN HAMADAN, IRAN VOR HAM Final Apch Crs 280^ Alt Set: hPa Trans level: By ATC Trans alt: 13000' MDA(H) Minimum Alt *HAMADAN Tower OIHH/HDM 10 BRIEFING STRIP TM 13-2 *Ground"
346,True,OIHH,OIHH,False,16-1,False,CHART PAGE 230,APP,APP,APP,84,MATCH,False,independently_consistent,Jeppesen_approach_number_series,True,False,True,False,False,612.0,792.0,6328,"152^ OI(D)-29 CHARTED AREA LIES WITHIN OI(R)-32 MISSED APCH: HAMADAN HAMADAN, IRAN NDB HAM Final Apch Crs 114^ Alt Set: hPa Trans level: By ATC Trans alt: 13000' MDA(H) Minimum Alt *HAMADAN Tower OIHH/HDM 35-00 10 BRIEFING STRIP TM"
347,True,OIHH,OIHH,False,16-2,True,CHART PAGE 231,APP,APP,APP,84,MATCH,False,independently_consistent,Jeppesen_approach_number_series,True,False,True,False,False,612.0,792.0,6769,"259^ OI(D)-29 OI(R)-32 7000 7000 MISSED APCH: HAMADAN HAMADAN, IRAN NDB HAM Final Apch Crs 275^ Alt Set: hPa Trans level: By ATC Trans alt: 13000' MDA(H) Minimum Alt *HAMADAN Tower OIHH/HDM 10 BRIEFING STRIP TM 16-2"
348,True,OIHH,OIHH,False,16-3,True,APPROACH 16-3,APP,APP,APP,84,MATCH,False,independently_consistent,Jeppesen_approach_number_series,True,False,True,False,False,612.0,792.0,7019,"259^ OI(D)-29 OI(R)-32 7000 7000 MISSED APCH: HAMADAN HAMADAN, IRAN NDB HAM Final Apch Crs 280^ Alt Set: hPa Trans level: By ATC Trans alt: 13000' MDA(H) Minimum Alt *HAMADAN Tower OIHH/HDM 10 BRIEFING STRIP TM 16-3"
349,True,OIHR,OIHR,False,,False,AIRPORT INFORMATION,AIRPORT,AIRPORT,AIRPORT,88,MATCH,False,independently_consistent,airport_header,True,False,True,False,False,612.0,792.0,1734,"General Information Location: ARAK IRN ICAO/IATA: OIHR / AJK Lat/Long: N34° 08.2', E049° 50.5' Elevation: 5453 ft Airport Use: Public Daylight Savings: Not Observed UTC Conversion: -3:30 = UTC Magnetic Variation: 5.0° E Fuel Types: Jet A-1 Customs: Yes General Information Location: ARAK IRN ICAO/IATA: OIHR / AJK Lat/Long: N34° 08.2', E049° 50.5' El"
350,True,OIHR,OIHR,False,10-2,True,"DEKBA 1N, DEKBA 1P, DEKBA 1Q",STAR,STAR,STAR,98,MATCH,False,independently_consistent,printed_STAR_header,True,True,True,False,False,612.0,792.0,3579,"10-2 .STAR. JEPPESEN Apt Elev OIHR/AJK ARAK ARAK, IRAN 5453' DEKBA 25 SEP 26 .Eff.1.Oct. Trans level: FL140 Trans alt: 12000' Alt Set: hPa MHA 10500 MSA ARK VOR 090^ 180^ 270^ 360^ 160^ 11,800 11,000 12,900"
351,True,OIHR,OIHR,False,10-2A,True,DEKBA 1T,STAR,STAR,STAR,98,MATCH,False,independently_consistent,printed_STAR_header,True,True,True,False,False,612.0,792.0,1988,".STAR. JEPPESEN Apt Elev OIHR/AJK ARAK ARAK, IRAN 5453' DEKBA 223^ 10-2A 25 SEP 26 .Eff.1.Oct. Alt Set: hPa Trans level: FL140 Trans alt: 12000' MSA ARK NDB 090^ 180^ 270^ 360^ 11,800 11,000 11,800 12,900"
352,True,OIHR,OIHR,False,10-3,True,"DEKBA 1B, DEKBA 1A",SID,SID,SID,98,MATCH,False,independently_consistent,printed_SID_header,True,False,True,False,False,612.0,792.0,11209,"JEPPESEN 10-3 Apt Elev OIHR/AJK ARAK ARAK, IRAN 5440' Trans level: FL140 Trans alt: 12000' [DEKB1A] [DEKB1B] .SID. 9000' At 20 MAY 11 MSA ARK VOR 11,800' 11,000' 11,800' 12,900' 090^ 180^ 270^ 360^ DEKBA 1B"
353,True,OIHR,OIHR,False,10-3A,True,"DEKBA 1C, DEKBA 1D",SID,SID,SID,98,MATCH,False,independently_consistent,printed_SID_header,True,False,True,False,False,612.0,792.0,11582,"JEPPESEN Apt Elev OIHR/AJK ARAK ARAK, IRAN 5440' Trans level: FL140 Trans alt: 12000' [DEKB1C] [DEKB1D] .SID. 236^ 9000' At 20 MAY 11 10-3A MSA ARK NDB 11,800' 11,000' 11,800' 12,900' 090^ 180^ 270^ 360^"
354,True,OIHR,OIHR,False,10-9,True,Airport Diagram Chart (ADC),AIRPORT,AIRPORT,AIRPORT,96,MATCH,False,independently_consistent,Jeppesen_10_20_airport_series,True,False,True,False,False,612.0,792.0,5253,"Apt Elev OIHR/AJK 5453' N34 08.2 E049 50.5 JEPPESEN ARAK, IRAN ARAK 10-9 05^E 3699m 26 254^ 34-09 34-09 49-50 49-51 49-52 Stopway 394' 120m *ARAK Information (AFIS) Elev Elev 5453' VOR"
355,True,OIHR,OIHR,False,13-1,True,VOR RWY 26,APP,APP,APP,84,MATCH,False,independently_consistent,Jeppesen_approach_number_series,True,False,True,False,False,612.0,792.0,7553,"OI(C)-20 OI(C)-24 070^ OIHR/AJK ARAK 13-1 MISSED APCH: BRIEFING STRIP TM JEPPESEN ARAK, IRAN VOR ARK Final Apch Crs 250^ 270^ 090^ 180^ 360^ Alt Set: hPa Apt Elev: 184 hPa 10 *Ground"
356,True,OIHR,OIHR,False,13-2,True,VOR A,APP,APP,APP,84,MATCH,False,independently_consistent,Jeppesen_approach_number_series,True,False,True,False,False,612.0,792.0,5767,"OI(C)-20 OI(C)-24 340^ D14.0 (IAF) Ar c MHA 10500 MAX FL160 OIHR/AJK ARAK 13-2 MISSED APCH: BRIEFING STRIP TM JEPPESEN ARAK, IRAN VOR ARK Final Apch Crs 078^ D6.0 8000'(2547')"
357,True,OIHR,OIHR,False,16-1,True,NDB A,APP,APP,APP,84,MATCH,False,independently_consistent,Jeppesen_approach_number_series,True,False,True,False,False,612.0,792.0,5567,"OI(C)-20 OI(C)-24 OIHR/AJK ARAK 16-1 MISSED APCH: BRIEFING STRIP TM JEPPESEN ARAK, IRAN NDB ARK 280 Final Apch Crs 233^ Apt Elev 5453' 270^ 090^ 180^ 360^ Alt Set: hPa Trans alt: 12000' Apt Elev: 184 hPa"
358,True,OIHR,OIHR,False,16-2,True,NDB B,APP,APP,APP,84,MATCH,False,independently_consistent,Jeppesen_approach_number_series,True,False,True,False,False,612.0,792.0,5667,"OI(C)-24 OI(C)-20 OIHR/AJK ARAK 16-2 MISSED APCH: BRIEFING STRIP TM JEPPESEN ARAK, IRAN NDB ARK 280 Final Apch Crs 233^ Apt Elev 5453' 270^ 090^ 180^ 360^ Alt Set: hPa Trans alt: 12000' Apt Elev: 184 hPa"
359,True,OIIE,OIIE,False,,False,AIRPORT INFORMATION,AIRPORT,AIRPORT,AIRPORT,55,REVIEW,True,only_old_index_supports_category,prior_index_only,True,False,True,False,False,612.0,792.0,2340,"General Information Location: TEHRAN IRN ICAO/IATA: OIIE / IKA Lat/Long: N35° 25.0', E051° 09.1' Elevation: 3305 ft Airport Use: Public Daylight Savings: Not Observed UTC Conversion: -3:30 = UTC Magnetic Variation: 5.0° E Fuel Types: Jet A-1 Repair Types: Major Airframe, Major Engine Runway: 29R Length x Width: 13773 ft x 148 ft Surface Type: aspha"
360,True,OIIE,OIIE,False,,False,AIRPORT INFORMATION,AIRPORT,AIRPORT,AIRPORT,55,REVIEW,True,only_old_index_supports_category,prior_index_only,True,False,True,False,False,612.0,792.0,1930,"General Information Location: TEHRAN IRN ICAO/IATA: OIIE / IKA Lat/Long: N35° 25.0', E051° 09.1' Elevation: 3305 ft Airport Use: Public Daylight Savings: Not Observed UTC Conversion: -3:30 = UTC Magnetic Variation: 5.0° E Fuel Types: Jet A-1 Repair Types: Major Airframe, Major Engine Runway: 29R Length x Width: 13773 ft x 148 ft Surface Type: aspha"
361,True,OIIE,OIIE,False,20-1P,True,AIRPORT BRIEFING,AIRPORT,AIRPORT,AIRPORT,96,MATCH,False,independently_consistent,Jeppesen_10_20_airport_series,True,False,True,False,False,612.0,792.0,3439,"TEHRAN, IRAN OIIE/IKA IMAM KHOMAINI INTL .AIRPORT.BRIEFING. + JEPPESEN 1.1. ATIS ATIS 127.2 1.2. LOW VISIBILITY PROCEDURES (LVP) 1.2.1. ARRIVAL - STANDARD TAXI ROUTES Arrival RWY 11L/R: TWY H or J, or N to A. Arrival RWY 29L/R: TWY Z to A, or C (parallel TWY) to A. 1.2.2. DEPARTURE - STANDARD TAXI ROUTES Departure RWY 11L/R: TWY J to A to Z (parall"
362,True,OIIE,OIIE,False,20-1P1,True,AIRPORT BRIEFING,AIRPORT,AIRPORT,AIRPORT,96,MATCH,False,independently_consistent,Jeppesen_10_20_airport_series,True,False,True,False,False,612.0,792.0,4105,"TEHRAN, IRAN OIIE/IKA IMAM KHOMAINI INTL .AIRPORT.BRIEFING. + JEPPESEN 3.1. MINIMUM RWY OCCUPANCY TIME Pilots, when the corresponding clearance is issued, shall be able to taxi to the take-off position in the RWY as soon as the preceding departure ACFT begins the take-off or the preceding arrival ACFT passes their holding position. ACFT shall be ab"
363,True,OIIE,OIIE,False,20-1P2,True,AIRPORT BRIEFING,AIRPORT,AIRPORT,AIRPORT,96,MATCH,False,independently_consistent,Jeppesen_10_20_airport_series,True,False,True,False,False,612.0,792.0,3352,"TEHRAN, IRAN OIIE/IKA IMAM KHOMAINI INTL .AIRPORT.BRIEFING. + JEPPESEN 3.2.1.2. SID IKIA 1B RWY 11L/R If two-way communication was not established with MEHRABAD Radar upon departure: 1. Squawk 7600. 2. Continue RWY heading. 3. Climb 6000’ up to 10 DME then climb 9000’ up to 20 DME from IKA DVOR/DME. 4. Follow below instructions according TMA exit p"
364,True,OIIE,OIIE,False,20-2,True,"BOXAM 1Q, BOXAM 1R, BOXAM 2V",STAR,STAR,STAR,98,MATCH,False,independently_consistent,printed_STAR_header,True,False,True,False,False,612.0,792.0,5354,"TEHRAN Mehrabad Intl OIII 230^ 13,500 150^ D 15 .0 Apt Elev BOXAM 1Q [BOXA1Q] BOXAM 1R [BOXA1R] BOXAM 2V [BOXA2V] 20-2 .STAR. JEPPESEN OIIE/IKA IMAM KHOMAINI INTL ATIS 127.2 3305 Alt Set: hPa Trans level: FL110 Actual descent clearance will be as directed by ATC RUDESHUR"
365,True,OIIE,OIIE,False,20-2A,False,"MIVAK 3R, MUXOR 1V, NAGMO 2R, NAGMO 1V",STAR,STAR,STAR,98,MATCH,False,independently_consistent,printed_STAR_header,True,False,True,False,False,612.0,792.0,18576,"115^ TEH RAN/M EHRABA D CTR 3 7 . 3 M U X O R 1 V VR MIN R 1 5 OIIE/IKA TEHRAN, IRAN .STAR."
366,True,OIIE,OIII,True,20-2B,False,"PAVET 2R, PAXID 2R, RUS 1V",STAR,STAR,STAR,98,REVIEW,True,header_icao_differs_from_index,printed_STAR_header,True,False,True,False,False,612.0,792.0,21742,"TEHRAN Mehrabad Intl OIII 9400 2 3 0 ^ 270^ 7000 320^ 0 2 0 ^ 13,500 6500 5 .0 JEPPESEN .STAR. Apt Elev ATIS 127.2"
367,True,OIIE,,False,20-2C,False,"RADAL 2Q, RADAL 2R, RADAL 2V",STAR,STAR,STAR,98,MATCH,False,independently_consistent,printed_STAR_header,True,False,True,False,False,612.0,792.0,21878,TEHRA N/MEHRA BAD CTR TEHRA N TMA RADAL 286^ 291^ 303^ 43.3 RADAL 2V JEPPESEN .STAR. Apt Elev ATIS 127.2 3305 Alt Set: hPa Trans level: FL110 RADAL 2Q [RADA2Q] RADAL 2R [RADA2R] RADAL 2V [RADA2V] Actual descent clearance will be as directed by ATC. 9000
368,True,OIIE,OIIE,False,20-2D,True,"SAV 1R, VR 1R",STAR,STAR,STAR,98,MATCH,False,independently_consistent,printed_STAR_header,True,False,True,False,False,612.0,792.0,10696,"H RAN/ME HRABA D CTR 0^ MHA 9000 097^ 277^ .STAR. JEPPESEN Apt Elev Actual descent clearance will be as directed by ATC. ATIS 127.2 3305 Alt Set: hPa Trans level: FL110 OIIE/IKA IMAM KHOMAINI INTL 20-2D 50 TEHRAN, IRAN .Eff.2.Nov. 20 OCT 23 111"
369,True,OIIE,OIIE,False,20-2E,True,"BOXAM 2X, MIVAK 2X",STAR,STAR,STAR,98,MATCH,False,independently_consistent,printed_STAR_header,True,True,True,False,False,612.0,792.0,4357,"TEHRAN Mehrabad Intl OIII 0^ 13,500 150^ 8400 1 5 NM OIIE/IKA IMAM KHOMAINI INTL TEHRAN, IRAN 20-2E Apt Elev 127.2 ATIS JEPPESEN .RNAV.STAR. 3305 Alt Set: hPa Trans level: FL110 1. RNAV 1. 2. DME/DME required. 50"
370,True,OIIE,,False,20-2F,False,"PAXID 2X, RADAL 3X, SAV 2X",STAR,AIRPORT,AIRPORT,96,CONFLICT,True,index_vs_pdf_category,Jeppesen_10_20_airport_series,True,False,True,False,False,612.0,792.0,25257,T E H R A N T TEHRAN /MEHR ABAD C TR 9400 2 270^ RADAL Apt Elev 3. Actual descent clearance will be as directed by ATC. 4. Compliance with RNP 1 will be radar monitored. Advise if unable to comply. ATC will issue an alternative clearance. ATIS 127.2 3305 JEPPESEN
371,True,OIIE,OIIE,False,20-3,True,"DHN 1E, DHN 1F, KAZ 2C, KAZ 1D",SID,SID,SID,98,MATCH,False,independently_consistent,printed_SID_header,True,False,True,False,False,612.0,792.0,16804,"OIIE/IKA 20-3 IMAM KHOMAINI INTL TEHRAN, IRAN .SID. JEPPESEN Apt Elev Trans alt: 9000 3305 50 R273 114.5 DHN DEHNAMAK DHN D 30 AUG 24 .Eff.5.Sep. R794 99 210 52-30 DEPARTURES KAZ 2C KAZ 1D"
372,True,OIIE,OIIE,False,20-3A,True,"EGVEL 4G, EGVEL 4L",SID,SID,SID,98,MATCH,False,independently_consistent,printed_SID_header,True,False,True,False,False,612.0,792.0,11201,"320^ R 2 3 0 ^ 270^ 9400 13,500 OIIE/IKA IMAM KHOMAINI INTL TEHRAN, IRAN .SID. JEPPESEN 20-3A 50 30 AUG 24 .Eff.5.Sep. VEL 4L 5.0 IKA 111 153 51-30 ROUTING"
373,True,OIIE,,False,20-3B,True,"NABAX 1G, NABAX 1L, OBRIX 2G, OBRIX 2L",SID,SID,SID,98,MATCH,False,independently_consistent,printed_SID_header,True,False,True,False,False,612.0,792.0,28811,"9400 70^ OBRIX JEPPESEN Apt Elev 3305 Trans alt: 9000 20 OCT 23 .Eff.2.Nov. 111 99 153 210 52-00 .SID. | JEPPESEN, 2020. ALL RIGHTS RESERVED. 20-3B TEHRAN, IRAN NABAX 1G [NABA1G] NABAX 1L [NABA1L] OBRIX 2G [OBRI2G] OBRIX 2L [OBRI2L] DEPARTURES CONTOUR"
374,True,OIIE,OIII,True,20-3C,False,"PAROT 3G, PAROT 3H, PAROT 3L",SID,AIRPORT,AIRPORT,96,CONFLICT,True,index_vs_pdf_category,Jeppesen_10_20_airport_series,True,False,True,False,False,612.0,792.0,24312,"304^ 316^ TEHRAN Mehrabad Intl OIII 7000 320^ 0 2 0 ^ 13,500 A K I V O R 150^ 6500 0 7 0 ^ D10.0"
375,True,OIIE,OIIP,True,20-3D,False,"PAVET 1G, PAVET 1L, PAXID 2G, PAXID 2L",SID,AIRPORT,AIRPORT,96,CONFLICT,True,index_vs_pdf_category,Jeppesen_10_20_airport_series,True,False,True,False,False,612.0,792.0,27755,"304^ 268^ KARAJ Payam OIIP 6500 7000 320^ 0 7 0 ^ 13,500 A K I V OR 150^ 0 2 0 ^ D10.0"
376,True,OIIE,OIIE,False,20-3E,True,"RUS 4C, RUS 4D",SID,SID,SID,98,MATCH,False,independently_consistent,printed_SID_header,True,False,True,False,False,612.0,792.0,3872,"TEHRAN Mehrabad Intl OIII 13,500 MSA IKA VOR 150^ D15. 0 Apt Elev .SID. OIIE/IKA IMAM KHOMAINI INTL TEHRAN, IRAN 20-3E JEPPESEN Trans alt: 9000 3305 20 25 .Eff.5.Sep. 30 AUG 24 114 153 DEPARTURES"
377,True,OIIE,,False,20-3F,False,"SAV 1G, SAV 1H, SAV 1L",SID,AIRPORT,AIRPORT,96,CONFLICT,True,index_vs_pdf_category,Jeppesen_10_20_airport_series,True,False,True,False,False,612.0,792.0,20562,6500 320^ 9400 0 270^ 2 3 0 ^ 0 D15.0 Apt Elev Trans alt: 9000 3305 D15.0 JEPPESEN 20 OCT 23 .Eff.2.Nov. 111 153 51-30 RWY SID ROUTING
378,True,OIIE,OIIE,False,20-3G,True,"VR 2C, VR 2D",SID,SID,SID,98,MATCH,False,independently_consistent,printed_SID_header,True,False,True,False,False,612.0,792.0,3059,"TEHRAN Mehrabad Intl OIII 230^ 6500 13,500 150^ D1 5. 0 6500 Apt Elev .SID. OIIE/IKA IMAM KHOMAINI INTL TEHRAN, IRAN 20-3G JEPPESEN Trans alt: 9000 3305 35 40 45 within D15.0"
379,True,OIIE,,False,20-3H,False,OIIE/IKA 1 MAY 20 20-3H,SID,AIRPORT,AIRPORT,96,CONFLICT,True,index_vs_pdf_category,Jeppesen_10_20_airport_series,True,False,True,False,False,612.0,792.0,30981,COMMS LOST COMMS LOST C O M M S COMMS LOST LOST LOST COMMS LOST COMMS LOST COMMS LOST LOST 114.5 DHN DEHNAMAK DHN D
380,True,OIIE,OIIE,False,20-9,True,Airport Diagram Chart (ADC),AIRPORT,AIRPORT,AIRPORT,96,MATCH,False,independently_consistent,Jeppesen_10_20_airport_series,True,False,True,False,False,612.0,792.0,11501,"B R6 Apt Elev 118.7 20-9 3305' TEHRAN, IRAN N35 25.0 E051 09.1 OIIE/IKA 121.6 IMAM KHOMAINI INTL IKA Ground Tower 127.2 ATIS 35-24 35-25 35-26 -10 51-11 51-11 R3 R5 0"
381,True,OIIE,OIIE,False,20-9A,True,ADDITIONAL RUNWAY INFORMATION,AIRPORT,AIRPORT,AIRPORT,96,MATCH,False,independently_consistent,Jeppesen_10_20_airport_series,True,False,True,False,False,612.0,792.0,2006,"RWY ADDITIONAL RUNWAY INFORMATION Threshold LANDING BEYOND USABLE LENGTHS WIDTH TAKE-OFF Glide Slope TEHRAN, IRAN OIIE/IKA 45m 148' IMAM KHOMAINI INTL 3902m 12,801' 20-9A HIRL (60m) (30m) CL HIRL (60m) (30m) CL SFL TDZ"
382,True,OIIE,OIIE,False,20-9B,True,51-08.5 51-08.6 51-08.7 51-08.8 51-08.9 51-09 51-09.1 51-09.2 51-09.3 51-09.4 51-09.5 51-09.6,AIRPORT,AIRPORT,AIRPORT,96,MATCH,False,independently_consistent,Jeppesen_10_20_airport_series,True,False,True,False,False,612.0,792.0,11840,"TEHRAN, IRAN OIIE/IKA IMAM KHOMAINI INTL 20-9B JEPPESEN 13 DEC 19 J K A J J 29L L TWY ENGER MINAL VIP PAVILLION RWY 11L/29R 51-09.3 51-09.4 51-09.5 51-09.6 51-09.4 51-09.5"
383,True,OIIE,OIIE,False,20-9C,True,51-09.9 51-10 51-10.1 51-10.2 51-10.3 51-10.4 51-10.5 51-10.6 51-10.7 51-10.8 51-10.9 51-11 51-11.1 51-11.2 51-11.3,AIRPORT,AIRPORT,AIRPORT,96,MATCH,False,independently_consistent,Jeppesen_10_20_airport_series,True,False,True,False,False,612.0,792.0,13494,"TEHRAN, IRAN OIIE/IKA IMAM KHOMAINI INTL 20-9C JEPPESEN 319 320 321 B R4 R5 R6 B PRON 2 GO APRON Isolated parking area 13 DEC 19 51-11 51-10.9 51-11.1 51-11.2 51-11.3 35-24"
384,True,OIIE,OIIE,False,20-9D,True,INS COORDINATES,AIRPORT,AIRPORT,AIRPORT,96,MATCH,False,independently_consistent,Jeppesen_10_20_airport_series,True,False,True,False,False,612.0,792.0,3528,"TEHRAN, IRAN OIIE/IKA IMAM KHOMAINI INTL 20-9D JEPPESEN 20 FEB 26 COORDINATES COORDINATES INS COORDINATES STAND No. STAND No. 100 102 104L thru 106L 106 thru 110 112L thru 112R 114L 114 114R thru 116R 118 thru 120R 122, 124 126, 128 130, 132 134L, 134R"
385,True,OIIE,OIIE,False,20-9S,True,MINIMUMS,AIRPORT,AIRPORT,AIRPORT,96,MATCH,False,independently_consistent,Jeppesen_10_20_airport_series,True,False,True,False,False,612.0,792.0,3840,"20-9S JEPPESEN 1 3 13 3 1 2 4 2 4 4 4 .EASA.AIR.OPS. 20 DEC 24 .Eff.26.Dec. STRAIGHT-IN RWY D C B A OIIE/IKA TEHRAN, IRAN IMAM KHOMAINI INTL"
386,True,OIIE,OIIE,False,,False,LOC RWY 29R,APP,APP,APP,91,MATCH,False,independently_consistent,instrument_approach_header,True,True,True,False,False,612.0,792.0,8843,"00^ OI(R)-59 4000 Final Apch Crs 284 TEHRAN, IRAN OIIE/IKA IMAM KHOMAINI INTL 2 1 6500 within 15 NM 6500 within 10 NM BRIEFING STRIP TM Apt Elev 3305' 3256' 5230'(1974') LOC IIKA 284^ Trans alt: 9000' Rwy Elev: 114 hPa D6.2 IIKA 110.3 MSA IKA VOR"
387,True,OIIE,OIIE,False,,False,ILS RWY 29R,APP,APP,APP,91,MATCH,False,independently_consistent,instrument_approach_header,True,True,True,False,False,612.0,792.0,7717,"OI(R)-59 Final Apch Crs TEHRAN, IRAN OIIE/IKA IMAM KHOMAINI INTL 2 1 6500 within 15 NM 6500 within 10 NM BRIEFING STRIP TM Apt Elev 3305' 3256' 5230'(1974') LOC IIKA 284^ Trans alt: 9000' Rwy Elev: 114 hPa D6.2 IIKA 110.3 MISSED APCH: Rwy 127.2 125.1"
388,True,OIIE,OIIE,False,,False,ILS RWY 29R,APP,APP,APP,91,MATCH,False,independently_consistent,instrument_approach_header,True,True,True,False,False,612.0,792.0,7825,"00^ OI(R)-59 4000 Final Apch Crs D6.2 28 IIKA TEHRAN, IRAN OIIE/IKA IMAM KHOMAINI INTL BRIEFING STRIP TM Apt Elev 3305' 3256' LOC IIKA 284^ 110.3 MSA IKA VOR Rwy 1 2 1"
389,True,OIIE,OIIE,False,,False,ILS RWY 29R,APP,APP,APP,91,MATCH,False,independently_consistent,instrument_approach_header,True,True,True,False,False,612.0,792.0,7164,"OI(R)-59 Final Apch Crs TEHRAN, IRAN OIIE/IKA IMAM KHOMAINI INTL 2 1 6500 within 15 NM 6500 within 10 NM BRIEFING STRIP TM Apt Elev 3305' 3256' 5230'(1974') LOC IIKA 284^ Trans alt: 9000' Rwy Elev: 114 hPa D6.2 IIKA 110.3 MISSED APCH: Rwy 127.2 125.1"
390,True,OIIE,OIIE,False,,False,RNP RWY 29R,APP,APP,APP,55,REVIEW,True,only_old_index_supports_category,prior_index_only,True,False,True,False,False,612.0,792.0,7150,"OI(R)-59 4000 4000 4000 RWY29R IE4~4 15 20 MISSED APCH: BRIEFING STRIP TM JEPPESEN OIIE/IKA IMAM KHOMAINI INTL 22-1 TEHRAN, IRAN 118.7 121.6 IKA Tower Ground 127.2 125.1 119.7 MEHRABAD Approach (R)"
391,True,OIIE,OIIE,False,,False,"VOR RWY 11L, VOR RWY 11R",APP,APP,APP,55,REVIEW,True,only_old_index_supports_category,prior_index_only,True,False,True,False,False,612.0,792.0,5570,"4000 4000 23-1 TEHRAN, IRAN OIIE/IKA IMAM KHOMAINI INTL 6500 within 15 NM 6500 within 10 NM 025^ 6100 2.5 10 BRIEFING STRIP TM MISSED APCH: MSA IKA VOR Apt Elev 3305' 3880'(575') 5100'(1795') 114.3 VOR IKA Alt Set: hPa 114.3 IKA D I K A"
392,True,OIIE,OIIE,False,,False,VOR RWY 11R,APP,APP,APP,55,REVIEW,True,only_old_index_supports_category,prior_index_only,True,False,True,False,False,612.0,792.0,5151,"4000 4000 23-2 TEHRAN, IRAN OIIE/IKA IMAM KHOMAINI INTL 6500 within 15 NM 6500 within 10 NM 025^ 6100 2.5 10 BRIEFING STRIP TM MISSED APCH: MSA IKA VOR Apt Elev 3305' 3880'(575') 5100'(1795') 114.3 VOR IKA 104^ Alt Set: hPa 114.3 IKA"
393,True,OIIE,OIIE,False,,False,VOR RWY 29R,APP,APP,APP,55,REVIEW,True,only_old_index_supports_category,prior_index_only,True,False,True,False,False,612.0,792.0,6618,"OI(P)-5 OI(R)-35 OI(R)-59 4000 4000 D0.5 D5.0 35-30 23-3 TEHRAN, IRAN OIIE/IKA IMAM KHOMAINI INTL BRIEFING STRIP TM Apt Elev 3305' 3256' 3680'(424') 5100'(1844') 114.3 VOR IKA 285^ Final Apch Crs"
394,True,OIII,OIII,False,,False,AIRPORT INFORMATION,AIRPORT,AIRPORT,AIRPORT,55,REVIEW,True,only_old_index_supports_category,prior_index_only,True,False,True,False,False,612.0,792.0,2498,"General Information Location: TEHRAN IRN ICAO/IATA: OIII / THR Lat/Long: N35° 41.3', E051° 18.9' Elevation: 3962 ft Airport Use: Public Daylight Savings: Not Observed UTC Conversion: -3:30 = UTC Magnetic Variation: 5.0° E Fuel Types: 100 Octane (LL), Jet A-1, Jet 4 Repair Types: Minor Airframe, Minor Engine Runway: 29R Length x Width: 12717 ft x 14"
395,True,OIII,OIII,False,,False,AIRPORT INFORMATION,AIRPORT,AIRPORT,AIRPORT,55,REVIEW,True,only_old_index_supports_category,prior_index_only,True,False,True,False,False,612.0,792.0,2216,"General Information Location: TEHRAN IRN ICAO/IATA: OIII / THR Lat/Long: N35° 41.3', E051° 18.9' Elevation: 3962 ft Airport Use: Public Daylight Savings: Not Observed UTC Conversion: -3:30 = UTC Magnetic Variation: 5.0° E Fuel Types: 100 Octane (LL), Jet A-1, Jet 4 Repair Types: Minor Airframe, Minor Engine Runway: 29R Length x Width: 12717 ft x 14"
396,True,OIII,,False,10-1P,False,AIRPORT BRIEFING,AIRPORT,AIRPORT,AIRPORT,96,MATCH,False,independently_consistent,Jeppesen_10_20_airport_series,True,False,True,False,False,612.0,792.0,3425,JEPPESEN 1. GENERAL 1.1. .Eff.26.Dec. ATIS 1.2. 1.2.1. 20 DEC 24 ATIS 128.0 RWY OPERATIONS FLIGHT PROCEDURES AND REQUIREMENTS FOR USING RWY 11L/29R RWYCC2 or more. 1.2.1.1. RWY 11L ARRIVALS Only usable during RWY 11R closure with following conditions: - Ground VIS 3000m or more: - Usable for ACFT CAT D and smaller provided that no ACFT CAT E on TWY
397,True,OIII,OIII,False,10-1P1,True,AIRPORT BRIEFING,AIRPORT,AIRPORT,AIRPORT,96,MATCH,False,independently_consistent,Jeppesen_10_20_airport_series,True,False,True,False,False,612.0,792.0,5282,"JEPPESEN 1. GENERAL 1.3. .Eff.26.Dec. 20 DEC 24 TAXI PROCEDURES In order to prevent RWY incursion and minimize traffic conflict on movement area, the following regulation for taxiing should be taken into account: - When RWY in use is RWY 29: - ACFT shall be facing West while on the RWYs; exception: RWY 29R between TWYs A1 and A2. - ACFT shall be fa"
398,True,OIII,OIII,False,10-1P2,True,AIRPORT BRIEFING,AIRPORT,AIRPORT,AIRPORT,96,MATCH,False,independently_consistent,Jeppesen_10_20_airport_series,True,False,True,False,False,612.0,792.0,4468,"JEPPESEN 1. GENERAL 1.4. .Eff.26.Dec. 1.4.1. 20 DEC 24 OTHER INFORMATION Birds and stray dogs in vicinity of APT. RWYs 11L/R right-hand circuit. CURFEW During restrictions, the following flights can land and take off: - Emergency; - Scramble/SM; - Hospital; - Head/VIP; - Search and rescue ACFT engaged in SAR; - Fire fighting flight; - Flight carryi"
399,True,OIII,OIII,False,10-1P3,False,AIRPORT BRIEFING,AIRPORT,AIRPORT,AIRPORT,96,MATCH,False,independently_consistent,Jeppesen_10_20_airport_series,True,False,True,False,False,612.0,792.0,4500,"JEPPESEN 2. ARRIVAL .Eff.26.Dec. 20 DEC 24 4. If the ACFT is being radar-vectored and the last acknowledged direction instruction was issued to establish final approach track or the ACFT is on the base leg of the related RWY, continue to establish final approach track of the related RWY by maintaining the last acknowledged level and speed, then con"
400,True,OIII,,False,10-1P4,False,AIRPORT BRIEFING,AIRPORT,AIRPORT,AIRPORT,96,MATCH,False,independently_consistent,Jeppesen_10_20_airport_series,True,False,True,False,False,612.0,792.0,5350,"JEPPESEN 3.1. 3.2. 3.2.1. 3. DEPARTURE ANTI-ICING AND DE-ICING START-UP AND PUSH-BACK PROCEDURES START-UP Engine run-up for light and medium ACFT at TWY B9, for heavy ACFT on military ramp PPR. All departing controlled flights except fighters and helicopters shall contact MEHRABAD Delivery or Ground (when MEHRABAD Delivery is not operational) 20 mi"
401,True,OIII,,False,10-1P5,False,AIRPORT BRIEFING,AIRPORT,AIRPORT,AIRPORT,96,MATCH,False,independently_consistent,Jeppesen_10_20_airport_series,True,False,True,False,False,612.0,792.0,6879,"JEPPESEN 3. DEPARTURE 25 SEP 26 .Eff.1.Oct. 3.2.3. CROSS-BLEED START-UP PROCEDURES The airline must strictly ensure to all safety precautions related to cross-bleed operations including maintaining standard and secure distance from personnel, equipment and other related hazards at all times during this operation. - - Cross-bleed start-up is not per"
402,True,OIII,,False,10-1P6,False,AIRPORT BRIEFING,AIRPORT,AIRPORT,AIRPORT,96,MATCH,False,independently_consistent,Jeppesen_10_20_airport_series,True,False,True,False,False,612.0,792.0,6456,"JEPPESEN 3. DEPARTURE 25 SEP 26 .Eff.1.Oct. Taxi via E8, E9, turn LEFT TWY A to RWY holding position. ACFT that need to use tug, shall be pulled forward to E8, E9 up to PARSE. Taxi via E6, turn LEFT TWY A to RWY holding position. Taxi via E9, turn LEFT TWY A to RWY holding position. Taxi via E7, E6, turn LEFT TWY A to RWY holding position. Taxi via"
403,True,OIII,,False,10-1P7,False,AIRPORT BRIEFING,AIRPORT,AIRPORT,AIRPORT,96,MATCH,False,independently_consistent,Jeppesen_10_20_airport_series,True,False,True,False,False,612.0,792.0,5948,"JEPPESEN 3. DEPARTURE 25 SEP 26 .Eff.1.Oct. Table 2: Standard Push-back Procedure, TRP for Cross-Bleed Start and Taxi Procedure (RWY in use 11L/R) (contd) 3 All ACFT shall be pushed back to E4 face Northwest until nose wheel is at the intersection of the ACFT stand lead in line and E4 centerline. All ACFT shall be pushed back to E5 face West until "
404,True,OIII,,False,10-1P8,False,AIRPORT BRIEFING,AIRPORT,AIRPORT,AIRPORT,96,MATCH,False,independently_consistent,Jeppesen_10_20_airport_series,True,False,True,False,False,612.0,792.0,5651,"JEPPESEN 3. DEPARTURE 25 SEP 26 .Eff.1.Oct. ACFT making push-back should be ready for taxi as soon as the push-back or pull forward and engine start-up have been completed. If ACFT is unable to comply with these procedures, the crew shall immediately inform MEHRABAD Ground. To minimize frequency congestion, MEHRABAD Ground normally issue standard t"
405,True,OIII,,False,10-1P9,False,AIRPORT BRIEFING,AIRPORT,AIRPORT,AIRPORT,96,MATCH,False,independently_consistent,Jeppesen_10_20_airport_series,True,False,True,False,False,612.0,792.0,5586,"JEPPESEN 3. DEPARTURE PAVET: DAXIL: SAV: EGVEL: Climb FL200, turn LEFT direct PAVET or establish W8. Climb FL200 and turn LEFT direct DAXIL or establish B411. Climb FL200, turn LEFT direct SAV NDB/DME or establish G667. Climb FL200, turn LEFT to RUS VOR/DME, then proceed direct EGVEL or intercept RDL 201 from RUS VOR/DME to EGVEL. Climb FL210, turn"
406,True,OIII,OIII,False,10-1P10,True,AIRPORT BRIEFING,AIRPORT,AIRPORT,AIRPORT,96,MATCH,False,independently_consistent,Jeppesen_10_20_airport_series,True,False,True,False,False,612.0,792.0,1494,JEPPESEN Note : Avoid OIR66 and OIP20 during any direct routing. If communication lost during vector for departure: 1. Squawk 7600. 2. Maintain last acknowledged heading and level for 2 minutes from the time of squawking 7600. 3. Proceed via shortest way to TMA exit point and climb FL200 (for Westbound track) and FL210 (for Eastbound track). Note 1
407,True,OIII,OIII,False,10-1R,True,RADAR MINIMUM ALTITUDES,AIRPORT,AIRPORT,AIRPORT,96,MATCH,False,independently_consistent,Jeppesen_10_20_airport_series,True,False,True,False,False,612.0,792.0,9963,"FOR SOUTHERN SECTORS REFER TO 10-1R1 21000 Apt Elev OIII/THR TEHRAN, IRAN MEHRABAD INTL 10-1R MEHRABAD Radar (APP) .RADAR.MINIMUM.ALTITUDES. 9500 1 2 8500 JEPPESEN Alt Set: hPa Trans level: FL110 Trans alt: 9000 119.7 125.1 11 JAN 19 3965 18358 0 9 0 ^ D"
408,True,OIII,OIII,False,10-1R,True,RADAR MINIMUM ALTITUDES,AIRPORT,AIRPORT,AIRPORT,96,MATCH,False,independently_consistent,Jeppesen_10_20_airport_series,True,False,True,False,False,612.0,792.0,10083,"1 2 0 ^ OR NORTHERN SECTORS REFER TO 10-1R Apt Elev OIII/THR TEHRAN, IRAN MEHRABAD INTL 10-1R1 11000 13500 MEHRABAD Radar (APP) .RADAR.MINIMUM.ALTITUDES. JEPPESEN Alt Set: hPa Trans level: FL110 Trans alt: 9000 119.7 125.1 11 JAN 19 3965 18358 DHN VOR DME DEHNAMAK 060^"
409,True,OIII,OIII,False,10-2,False,"MIVAK 4N, MIVAK 3R, MIVAK 1Y, MIVAK 2Z",STAR,STAR,STAR,98,MATCH,False,independently_consistent,printed_STAR_header,True,False,True,False,False,612.0,792.0,16391,"1 9 0 ^ ntl 16,200 1 8 0 ^ 9400 270^ 7900 305^ 00 V O R N R T .STAR. JEPPESEN OIII/THR"
410,True,OIII,,False,10-2A,False,"PAVET 2R, RUS 1V, RUS 2Z",STAR,STAR,STAR,98,MATCH,False,independently_consistent,printed_STAR_header,True,False,True,False,False,612.0,792.0,13373,"N Intl 16,200 1 8 0 ^ 9400 270^ 7900 305^ V O R 358 KAZ KAHRIZAK KAZ al descent clearance will be as directed by ATC. et: hPa Trans level: FL110 50 MHA 8000 .STAR. JEPPESEN MEHRABAD INTL"
411,True,OIII,OIII,False,10-2B,True,"SAV 2N, SAV 1R, SAV 1Z",STAR,STAR,STAR,98,MATCH,False,independently_consistent,printed_STAR_header,True,False,True,False,False,612.0,792.0,12610,"115.3 TRN TEHRAN TRN D 16,200 1 8 0 ^ 9400 270^ 7900 305^ V O R N R T .STAR. JEPPESEN OIII/THR MEHRABAD INTL 10-2B"
412,True,OIII,OIII,False,10-2C,True,"BOXAM 1P, RADAL 2P",STAR,STAR,STAR,98,MATCH,False,independently_consistent,printed_STAR_header,True,False,True,False,False,612.0,792.0,4250,"16,200 180^ 270^ 15,300 075^ BOXAM 1P [BOXA1P] RADAL 2P [RADA2P] 3965 Apt Elev 128.0 ATIS Actual descent clearance will be as directed by ATC. Alt Set: hPa Trans level: FL110 .STAR. JEPPESEN 50 10-2C OIII/THR MEHRABAD INTL TEHRAN, IRAN 13266 .Eff.20.Apr. 14 APR 23"
413,True,OIII,OIII,False,10-2D,True,"NAGMO 2R, NAGMO 1V, VR 1R, VR 1Z",STAR,STAR,STAR,98,MATCH,False,independently_consistent,printed_STAR_header,True,False,True,False,False,612.0,792.0,4942,"TEHRAN/MEHRABAD TEHRA 180^ .STAR. JEPPESEN OIII/THR MEHRABAD INTL TEHRAN, IRAN Apt Elev ATIS 128.0 Actual descent clearance will be as directed by ATC. Alt Set: hPa Trans level: FL110 10-2D 50 45 NAGMO 185^ 3965 NAGMO 2R [NAGM2R], NAGMO 1V [NAGM1V] 14260 .Eff.2.Nov. 27 OCT 23 176"
414,True,OIII,OIII,False,10-2E,True,"RADAL 1N, RADAL 2R, RADAL 2V",STAR,STAR,STAR,98,MATCH,False,independently_consistent,printed_STAR_header,True,False,True,False,False,612.0,792.0,11768,"RADAL 303^ 291^ .STAR. JEPPESEN OIII/THR MEHRABAD INTL 10-2E TEHRAN, IRAN 50 , 2V Alt Set: hPa Trans level: FL110 RADAL 1N [RADA1N] RADAL 2R [RADA2R] RADAL 2V [RADA2V] Actual descent clearance will be as directed by ATC. 3965 Apt Elev 8.0 TIS .Eff.2.Nov. 27 OCT 23 99"
415,True,OIII,OIIP,True,10-2F,False,"BOXAM 2N, BOXAM 1R, BOXAM 2V, BOXAM 1Z",STAR,STAR,STAR,96,REVIEW,True,header_icao_differs_from_index,Jeppesen_10-2_series,True,False,True,False,False,612.0,792.0,5240,"KARAJ Payam OIIP 16,200 180^ 9400 270^ 7900 15,300 V O R 075^ 116.95 RUS RUS D RUDESHUR 09 358 KAZ KAHRIZAK KAZ 115.3 TRN TEHRAN TRN"
416,True,OIII,OIII,False,10-2G,True,"PAXID 2N, PAXID 2R, PAXID 1Y, PAXID 2Z",STAR,STAR,STAR,98,MATCH,False,independently_consistent,printed_STAR_header,True,False,True,False,False,612.0,792.0,6044,"PAXID 146^ Apt Elev ATIS 128.0 Actual descent clearance will be as directed by ATC. Alt Set: hPa Trans level: FL110 PAXID 1Y [PAXI1Y], PAXID 2Z [PAXI2Z] 3965 KAZ NDB PAXID 2N [PAXI2N], PAXID 2R [PAXI2R] MHA 9000 273^ 093^ .STAR. JEPPESEN 50 OIII/THR MEHRABAD INTL 10-2G TEHRAN, IRAN 15756 .Eff.2.Nov. 27 OCT 23"
417,True,OIII,,False,10-2H,False,"MIVAK 1S, PAVET 1S, PAXID 1S, SAV 1V",STAR,STAR,STAR,96,MATCH,False,independently_consistent,Jeppesen_10-2_series,True,False,True,False,False,612.0,792.0,44035,"TEHR AN TMA T EHRAN/ MEHRAB AD CTR 16,200 9400 270^ 305^ 8 KAZ HRIZAK AZ Apt Elev ATIS 128.0 3965 PAVET 1S [PAVE1S] RBIN MIVAK 1S [MIVA1S] Alt Set: hPa Trans level: FL110 Actual descent clearance will be as directed by ATC."
418,True,OIII,,False,10-2J,False,"BOXAM 1S, MUXOR 1S, RADAL 1S",STAR,STAR,STAR,96,MATCH,False,independently_consistent,Jeppesen_10-2_series,True,False,True,False,False,612.0,792.0,34625,Apt Elev ATIS 128.0 3965 RADAL MUXOR 303^ 2 5 6 ^ F L1 1 0 M U X O R 1 S 3 7
419,True,OIII,,False,10-2K,False,"MUXOR 1N, MUXOR 2P, MUXOR 1V, MUXOR 2Z",STAR,STAR,STAR,96,MATCH,False,independently_consistent,Jeppesen_10-2_series,True,False,True,False,False,612.0,792.0,17320,MUXOR 2 5 6 ^ 3 7 . 3 270^ 6 R 2P 267^ F L1 2 1 1 4 0300T Alt Set: hPa Trans level: FL110 MUXOR 1N [MUXO1N] Actual descent clearance will be as directed by ATC.
420,True,OIII,OIII,False,10-3,True,"DAXIL 1A, DAXIL 1B, DHN 3A, DHN 3B, DHN 2C",SID,SID,SID,98,MATCH,False,independently_consistent,printed_SID_header,True,False,True,False,False,612.0,792.0,19431,"R288 114.5 DHN DEHNAMAK DHN D 50 45 JEPPESEN OIII/THR MEHRABAD INTL TEHRAN, IRAN 10-3 .SID. Apt Elev Trans alt: 9000 3965 DAXIL 1A [DAXI1A] DAXIL 1B [DAXI1B] .Eff.2.Nov. 27 OCT 23 DHN 3A [DHN3A] DHN 3B [DHN3B] DHN 2C [DHN2C] 210"
421,True,OIII,OIII,False,10-3A,True,"EGVEL 2A, EGVEL 2B",SID,SID,SID,98,MATCH,False,independently_consistent,printed_SID_header,True,False,True,False,False,612.0,792.0,3591,"227^ KARAJ Payam OIIP 16,200 180^ 9400 270^ 15,300 075^ JEPPESEN OIII/THR MEHRABAD INTL TEHRAN, IRAN Apt Elev Trans alt: 9000 3965 .SID. 10-3A EGVEL 2A [EGVE2A] EGVEL 2B [EGVE2B] 50 115.3 TRN TEHRAN"
422,True,OIII,OIII,False,10-3B,True,"ELUSI 1A, ELUSI 1B, ELUSI 1C, ELUSI 1D",SID,SID,SID,98,MATCH,False,independently_consistent,printed_SID_header,True,True,True,False,False,612.0,792.0,4860,"16,200 180^ 15,300 FL130 115.3 TRN TEHRAN TRN D JEPPESEN OIII/THR MEHRABAD INTL TEHRAN, IRAN Apt Elev Trans alt: 9000 3965 .SID. ELUSI 1A [ELUS1A] ELUSI 1B [ELUS1B] ELUSI 1C [ELUS1C] ELUSI 1D [ELUS1D] 35 40 45 10-3B"
423,True,OIII,OIII,False,10-3C,True,"NAGMO 1A, NAGMO 1B",SID,SID,SID,98,MATCH,False,independently_consistent,printed_SID_header,True,False,True,False,False,612.0,792.0,4860,"180^ N R T V OR JEPPESEN OIII/THR MEHRABAD INTL TEHRAN, IRAN Apt Elev Trans alt: 9000 3965 .SID. NAGMO 1A [NAGM1A] NAGMO 1B [NAGM1B] 35 40 45 DEPARTURES NAGMO 10-3C 1 OCT 21 .Eff.7.Oct."
424,True,OIII,OIII,False,10-3D,True,"PAROT 3A, PAROT 3B, PAROT 4C, PAVET 2A, PAVET 2B, PAVET 3C",SID,SID,SID,98,MATCH,False,independently_consistent,printed_SID_header,True,False,True,False,False,612.0,792.0,22817,"16,200 9400 270^ 305^ V OR N R T 290^ in turn JEPPESEN OIII/THR MEHRABAD INTL TEHRAN, IRAN .SID. 10-3D N N 35 40 45 alt: 9000 A [PARO3A], PAROT 3B [PARO3B]"
425,True,OIII,OIII,False,10-3E,True,"PAXID 3A, PAXID 3B",SID,SID,SID,98,MATCH,False,independently_consistent,printed_SID_header,True,False,True,False,False,612.0,792.0,11516,"16,200 1 8 0 ^ 9400 270^ 305^ 3 TRN AN RN JEPPESEN OIII/THR MEHRABAD INTL TEHRAN, IRAN .SID. 10-3E 35 40 45 Apt Elev Trans alt: 9000 3965 PAXID 3A [PAXI3A]"
426,True,OIII,OIII,False,10-3F,True,"OBRIX 2A, OBRIX 2B, OBRIX 2C, RUS 2A, RUS 2B",SID,SID,SID,98,MATCH,False,independently_consistent,printed_SID_header,True,False,True,False,False,612.0,792.0,13252,"200 9400 270^ 305^ V OR N R T OBRIX JEPPESEN OIII/THR MEHRABAD INTL TEHRAN, IRAN .SID. 10-3F 35 40 45 Apt Elev Trans alt: 9000 3965 OBRIX 2A [OBRI2A] OBRIX 2B [OBRI2B]"
427,True,OIII,OIII,False,10-3G,True,"SAV 2A, SAV 2B, SAV 3C",SID,SID,SID,98,MATCH,False,independently_consistent,printed_SID_header,True,False,True,False,False,612.0,792.0,13240,"9400 270^ 305^ Apt Elev 3965 Trans alt: 9000 290^ in turn .SID. JEPPESEN 20 25 OIII/THR MEHRABAD INTL 10-3G TEHRAN, IRAN .Eff.2.Nov. 27 OCT 23 SAV 2A [SAV2A] SAV 2B [SAV2B] 153 51-30 MAX 240 KT DEPARTURES"
428,True,OIII,,False,10-3H,True,"VR 1A, VR 1B",SID,SID,SID,98,MATCH,False,independently_consistent,printed_SID_header,True,False,True,False,False,612.0,792.0,19437,"270^ JEPPESEN Apt Elev 3965 Trans alt: 9000 VARAMIN 373 VR VR .Eff.2.Nov. 27 OCT 23 53 .SID. 10-3H TEHRAN, IRAN DEPARTURES | JEPPESEN, 2020, 2023. ALL RIGHTS RESERVED. (ALL RWYS) VR 1A [VR1A] VR 1B [VR1B]"
429,True,OIII,,False,10-3J,False,"MEHRABAD 2A, MEHRABAD 1B",SID,SID,SID,96,MATCH,False,independently_consistent,Jeppesen_10-3_series,True,False,True,False,False,612.0,792.0,34397,0 ^ O R 114.5 DHN DEHNAMAK DHN D 373 VR VARAMIN VR OBRIX 75.2 JEPPESEN .RADAR.DEPARTURE. MEHRABAD 2A [MEHR2A] MEHRABAD 1B [MEHR1B] 18358 OBRIX 70.3 .Eff.2.Nov. ev 5 Trans alt: 9000
430,True,OIII,,False,10-9,False,Airport Diagram Chart (ADC),AIRPORT,AIRPORT,AIRPORT,96,MATCH,False,independently_consistent,Jeppesen_10_20_airport_series,True,False,True,False,False,612.0,792.0,35869,F B1 B2 A B3 A2 C U V 0 5 ^ E C1 A A1 A3 APRON 1 Terminal 1 Terminal 2 Control Tower AIS Terminal 3
431,True,OIII,OIII,False,10-9A,False,AIRPORT BRIEFING,AIRPORT,AIRPORT,AIRPORT,96,MATCH,False,independently_consistent,Jeppesen_10_20_airport_series,True,False,True,False,False,612.0,792.0,5246,"MEHRABAD INTL TEHRAN, IRAN OIII/THR JEPPESEN From rwy head RWY 29R: 12,717' (3876m) TAKE-OFF RUN AVAILABLE (60m) (60m) 12,382' (3774m) 2796m twy A2 int 9173' (60m) (60m) RWY 11R: TAKE-OFF RUN AVAILABLE RWY 29L: 3598m 11,806' For arrival and departure restrictions refer to AIRPORT BRIEFING (GEN), section 1.2. RWY OPERATIONS. 12,387' 3776m"
432,True,OIII,OIII,False,10-9A,False,HOT SPOTS,AIRPORT,AIRPORT,AIRPORT,96,MATCH,False,independently_consistent,Jeppesen_10_20_airport_series,True,False,True,False,False,612.0,792.0,13178,"A A2 l E1 TEHRAN, IRAN MEHRABAD INTL OIII/THR A JEPPESEN N 102 104106 108110112 114 101103 105 107109111113 E2 B2 Terminal 3 minal 2 ROMIN 100 115 116 117 118 119 120"
433,True,OIII,OIII,False,10-9C,True,INS COORDINATES,AIRPORT,AIRPORT,AIRPORT,96,MATCH,False,independently_consistent,Jeppesen_10_20_airport_series,True,False,True,False,False,612.0,792.0,3568,"10-9C OIII/THR JEPPESEN 20 DEC 24 .Eff.26.Dec. TEHRAN, IRAN MEHRABAD INTL INS COORDINATES COORDINATES APRON 1 Wing Span STAND No. ELEV APRON 4 400 401 402 403 404 405 406 407"
434,True,OIII,OIII,False,10-9S,True,MINIMUMS,AIRPORT,AIRPORT,AIRPORT,96,MATCH,False,independently_consistent,Jeppesen_10_20_airport_series,True,False,True,False,False,612.0,792.0,3746,"JEPPESEN 10-9S 1 .EASA.AIR.OPS. 3 1 1 2 2 2 2 2 2 2 2 25 SEP 26 .Eff.1.Oct. STRAIGHT-IN RWY D C B A OIII/THR TEHRAN, IRAN"
435,True,OIII,,False,11-1,False,ILS Z OR LOC Z RWY 29L,APP,APP,APP,84,MATCH,False,independently_consistent,Jeppesen_approach_number_series,True,False,True,False,False,612.0,792.0,8784,"OI(D)-26 OI(D)-98 OI(R)-3 OI(R)-56 OI(R)-64 OI(R)-66 OI(R)- 31 OI(C)-40 OI(C)-92 OI(R)-3 OI(R)-3 OI(R)-3 OI(R)-3 OI(D)-26 MISSED APCH: TEHRAN, IRAN MEHRABAD INTL ATIS MEHRABAD Tower Ground 128.0 121.7 121.9"
436,True,OIII,,False,11-2,False,ILS Y OR LOC Y RWY 29L,APP,APP,APP,84,MATCH,False,independently_consistent,Jeppesen_approach_number_series,True,False,True,False,False,612.0,792.0,11064,"OI(D)-26 OI(D)-98 OI(R)-3 OI(R)-56 OI(R)-64 OI(R)-66 OI(R)- 31 OI(C)-40 OI(C)-92 OI(R)-3 OI(R)-3 OI(R)-3 OI(D)-26 OI(R)-3 MISSED APCH: TEHRAN, IRAN MEHRABAD INTL MEHRABAD Tower Ground 128.0 121.7 121.9 LOC"
437,True,OIII,,False,11-3,False,LOC RWY 29R,APP,APP,APP,84,MATCH,False,independently_consistent,Jeppesen_approach_number_series,True,False,True,False,False,612.0,792.0,10526,"OI(D)-26 OI(D)-98 OI(R)-3 OI(R)-56 OI(R)-64 OI(R)-66 OI(R)- 31 OI(C)-40 OI(R)-3 OI(R)-3 OI(R)-3 OI(D)-26 OI(R)-3 MISSED APCH: TEHRAN, IRAN MEHRABAD INTL Ground 121.7 121.9 LOC 110.7 ITRN Final"
438,True,OIII,OIII,False,13-1,False,VOR RWY 11R,APP,APP,APP,84,MATCH,False,independently_consistent,Jeppesen_approach_number_series,True,False,True,False,False,612.0,792.0,8042,"Payam KARAJ OIIP OI(C)- 40 OI(C)-44 OI(R)-3 OI(R)- 64 OI(R)-31 OI(R)-56 OI(R)-62 OI(R)-66 265^ TEHRAN, IRAN MEHRABAD INTL Ground 121.7 121.9 BRIEFING STRIP TM OIII/THR 15 20"
439,True,OIII,,False,13-2,False,VOR RWY 29L,APP,APP,APP,84,MATCH,False,independently_consistent,Jeppesen_approach_number_series,True,False,True,False,False,612.0,792.0,8703,"OI(C)-40 OI(C)-92 OI(D)-98 OI(R)-3 OI(R)-3 OI(R)- 31 OI(R)-3 OI(R)-56 OI(R)-64 OI(R)-66 OI(D)-26 OI(R)-3 OI(R)-3 Final Apch Crs 115.3 VOR TRN 286^ MISSED APCH: TEHRAN, IRAN MEHRABAD INTL Ground"
440,True,OIII,OIII,False,13-3,False,CHART PAGE 314,APP,APP,APP,84,MATCH,False,independently_consistent,Jeppesen_approach_number_series,True,False,True,False,False,612.0,792.0,8376,"OI(D)-26 OI(D)-98 OI(R)-3 OI(R)-31 OI(R)-56 OI(R)-64 OI(R)-66 OI(C)-92 OI(C)-40 OI(R)-3 OI(R)-3 OI(R)-3 OI(R)-3 TEHRAN, IRAN MEHRABAD INTL Ground OIII/THR 35-40 100^ BRIEFING STRIP TM 15 20 121.9"
441,True,OIKB,OIKB,False,,False,AIRPORT INFORMATION,AIRPORT,AIRPORT,AIRPORT,55,REVIEW,True,only_old_index_supports_category,prior_index_only,True,False,True,False,False,612.0,792.0,2204,"General Information Location: BANDAR ABBAS IRN ICAO/IATA: OIKB / BND Lat/Long: N27° 13.1', E056° 22.7' Elevation: 22 ft Airport Use: Public Daylight Savings: Not Observed UTC Conversion: -3:30 = UTC Magnetic Variation: 2.0° E Fuel Types: Jet A-1 Customs: Yes Runway: 21R Length x Width: 11345 ft x 98 ft Surface Type: asphalt TDZ-Elev: 21 ft Lighting"
442,True,OIKB,OIKB,False,,False,AIRPORT INFORMATION,AIRPORT,AIRPORT,AIRPORT,55,REVIEW,True,only_old_index_supports_category,prior_index_only,True,False,True,False,False,612.0,792.0,1870,"General Information Location: BANDAR ABBAS IRN ICAO/IATA: OIKB / BND Lat/Long: N27° 13.1', E056° 22.7' Elevation: 22 ft Airport Use: Public Daylight Savings: Not Observed UTC Conversion: -3:30 = UTC Magnetic Variation: 2.0° E Fuel Types: Jet A-1 Customs: Yes Runway: 21R Length x Width: 11345 ft x 98 ft Surface Type: asphalt TDZ-Elev: 21 ft Lighting"
443,True,OIKB,OIKB,False,10-1P,False,AIRPORT BRIEFING,AIRPORT,AIRPORT,AIRPORT,96,MATCH,False,independently_consistent,Jeppesen_10_20_airport_series,True,False,True,False,False,612.0,792.0,3021,"BANDAR ABBAS, IRAN OIKB/BND BANDAR ABBAS INTL .AIRPORT.BRIEFING. + JEPPESEN 1.1. ATIS *ATIS 128.650 1.2. RWY OPERATIONS The following limitations are applicable: - stop landing operation if ground VIS is less than 1000m; - stop landing and take-off operation if the cross wind is more than 15 KT; - stop landing and take-off operation if the RWY cond"
444,True,OIKB,OIKB,False,10-2,True,"ASMUK 1P, ASMUK 1S, ASMUK 1X",STAR,STAR,STAR,98,MATCH,False,independently_consistent,printed_STAR_header,True,True,True,False,False,612.0,792.0,5057,"D N B V O R ASMUK 163^ 163^ ASMUK 1P, 1S, 1X FL130 40 .STAR. JEPPESEN OIKB/BND BANDAR ABBAS INTL BANDAR ABBAS, IRAN Apt Elev 22 *ATIS 128.650 10-2 35 40 45"
445,True,OIKB,OIKB,False,10-2A,True,"DAVEP 1P, MELMI 1P, MELMI 1X",STAR,STAR,STAR,98,MATCH,False,independently_consistent,printed_STAR_header,True,False,True,False,False,612.0,792.0,4136,"DAVEP 239^ .STAR. JEPPESEN OIKB/BND BANDAR ABBAS INTL BANDAR ABBAS, IRAN 50 Apt Elev 22 *ATIS 128.650 10-2A Alt Set: hPa Trans level: By ATC Actual descent clearance will be as directed by ATC. 10592 4 FEB 22 DAVEP 1P [DAVE1P] MELMI 1P [MELM1P] MELMI 1X [MELM1X] ARRIVALS (RWYS 03R/21L) 12000 10000"
446,True,OIKB,OIKB,False,10-2B,True,"DAVEP 1X, TAVNO 1P, TAVNO 1X",STAR,STAR,STAR,98,MATCH,False,independently_consistent,printed_STAR_header,True,True,True,False,False,612.0,792.0,4255,"R055 BND 055^ 235^ HOLDING OVER BND R055/D13.0 TAVNO 187^ FL120 35 AVNO 1P, 1X .STAR. JEPPESEN OIKB/BND BANDAR ABBAS INTL BANDAR ABBAS, IRAN Apt Elev 22 *ATIS 128.650 Alt Set: hPa Trans level: By ATC Actual descent clearance will be as directed by ATC. 10-2B 35"
447,True,OIKB,OIKB,False,10-2C,True,"GHESHM 1S, GHESHM 1X",STAR,STAR,STAR,98,MATCH,False,independently_consistent,printed_STAR_header,True,False,True,False,False,612.0,792.0,3654,"9700 D N B V O R .STAR. JEPPESEN OIKB/BND BANDAR ABBAS INTL BANDAR ABBAS, IRAN Apt Elev 22 *ATIS 128.650 35 40 45 10-2C Alt Set: hPa Trans level: By ATC Actual descent clearance will be as directed by ATC. 117.2 BND BANDAR ABBAS BND"
448,True,OIKB,OIKB,False,10-2D,True,"MOBON 1P, MOBON 1S, MOBON 1X",STAR,STAR,STAR,98,MATCH,False,independently_consistent,printed_STAR_header,True,False,True,False,False,612.0,792.0,12707,"2000 270^ MHA 4000 0 5 5 ^ 2 3 5 ^ 1 ND BAS D 3.0 BND (IAF) .STAR. JEPPESEN OIKB/BND BANDAR ABBAS INTL BANDAR ABBAS, IRAN 10-2D 35"
449,True,OIKB,,False,10-3,False,"ASMUK 1A, ASMUK 1B, ASMUK 1C, ASMUK 1D",SID,SID,SID,96,MATCH,False,independently_consistent,Jeppesen_10-3_series,True,False,True,False,False,612.0,792.0,10918,FL170 ASMUK ASMUK 1C: JEPPESEN 5 10 15 20 25 30 35 40 45 0 5 Apt Elev 22 Gnd speed-KT 75 100 150 200 250 300
450,True,OIKB,,False,10-3A,False,"ASMUK 1F, ASMUK 1G, ASMUK 1H",SID,SID,SID,96,MATCH,False,independently_consistent,Jeppesen_10-3_series,True,False,True,False,False,612.0,792.0,9713,FL170 5 10 15 20 25 30 35 40 45 0 5 Apt Elev 22 438 583 875 1167 1458 1750 Gnd speed-KT 75 100 150 200 250
451,True,OIKB,OIKB,False,10-3B,True,"DAVEP 1A, DAVEP 1C, MELMI 1A, MELMI 1C",SID,SID,SID,98,MATCH,False,independently_consistent,printed_SID_header,True,False,True,False,False,612.0,792.0,11308,"MELMI Apt Elev 22 .SID. JEPPESEN OIKB/BND BANDAR ABBAS INTL BANDAR ABBAS, IRAN 10-3B 50 Trans alt: 4000 4 FEB 22 94 93 57-30 DAVEP 1A [DAVE1A] DAVEP 1C [DAVE1C] MELMI 1A [MELM1A] DEPARTURES MELMI 1C [MELM1C] (RWYS 03R/21L) UR ALS 0"
452,True,OIKB,OIKB,False,10-3C,True,"DAVEP 1E, DAVEP 1G, MELMI 1E, MELMI 1G",SID,SID,SID,98,MATCH,False,independently_consistent,printed_SID_header,True,False,True,False,False,612.0,792.0,13268,"MELMI Apt Elev 22 .SID. JEPPESEN OIKB/BND BANDAR ABBAS INTL BANDAR ABBAS, IRAN 10-3C 50 Trans alt: 4000 4 FEB 22 94 93 57-30 DAVEP 1E [DAVE1E] DAVEP 1G [DAVE1G] MELMI 1E [MELM1E] DEPARTURES MELMI 1G [MELM1G] (RWYS 03R/21L)"
453,True,OIKB,OIKB,False,10-3D,True,"GHESHM 1K, GHESHM 1L",SID,SID,SID,98,MATCH,False,independently_consistent,printed_SID_header,True,False,True,False,False,612.0,792.0,3155,"9700 117.2 BND BANDAR ABBAS BND D .SID. JEPPESEN 35 40 45 OIKB/BND BANDAR ABBAS INTL BANDAR ABBAS, IRAN 10-3D Apt Elev 22 Trans alt: 4000 7894 4 FEB 22 GHESHM 1K [KHM1K], GHESHM 1L [KHM1L] DEPARTURES (RWYS 03R/21L) CONTOUR INTERVALS"
454,True,OIKB,OIKB,False,10-3E,True,"MOBON 1A, MOBON 1B, MOBON 1D",SID,SID,SID,98,MATCH,False,independently_consistent,printed_SID_header,True,False,True,False,False,612.0,792.0,20562,"0 5 0 ^ 2000 270^ 3 6 0 ^ 9700 FL60 3000 2000 Apt Elev 22 .SID. JEPPESEN OIKB/BND BANDAR ABBAS INTL BANDAR ABBAS, IRAN 10-3E 35 40"
455,True,OIKB,OIKB,False,10-3F,False,"MOBON 1E, MOBON 1F, MOBON 1H",SID,SID,SID,98,MATCH,False,independently_consistent,printed_SID_header,True,False,True,False,False,612.0,792.0,18961,2 3 0 ^ 0 3 0 ^ 2000 270^ 3 6 0 ^ 9700 FL60 3000 000 Apt Elev 22 .SID. JEPPESEN OIKB/BND BANDAR ABBAS INTL
456,True,OIKB,OIKB,False,10-3G,True,"TAVNO 1B, TAVNO 1C, TAVNO 1D",SID,SID,SID,98,MATCH,False,independently_consistent,printed_SID_header,True,True,True,False,False,612.0,792.0,4494,"O R FL170 .SID. JEPPESEN 35 40 45 OIKB/BND BANDAR ABBAS INTL BANDAR ABBAS, IRAN 10-3G Apt Elev 22 Trans alt: 4000 TAVNO 8603 4 FEB 22 TAVNO 1D [TAVN1D] NOT TO SCALE TAVNO 1B [TAVN1B], TAVNO 1C [TAVN1C] DEPARTURES (RWYS 03R/21L) CONTOUR"
457,True,OIKB,OIKB,False,10-3H,True,"TAVNO 1F, TAVNO 1G, TAVNO 1H",SID,SID,SID,98,MATCH,False,independently_consistent,printed_SID_header,True,False,True,False,False,612.0,792.0,4570,"N D B FL170 10-3H TAVNO .SID. JEPPESEN 35 40 45 OIKB/BND BANDAR ABBAS INTL BANDAR ABBAS, IRAN Apt Elev 22 Trans alt: 4000 8603 4 FEB 22 TAVNO 1H [TAVN1H] NOT TO SCALE NOT TO SCALE TAVNO 1F [TAVN1F], TAVNO 1G [TAVN1G] DEPARTURES"
458,True,OIKB,,False,10-9,False,Airport Diagram Chart (ADC),AIRPORT,AIRPORT,AIRPORT,96,MATCH,False,independently_consistent,Jeppesen_10_20_airport_series,True,False,True,False,False,612.0,792.0,6309,"Military apron E F6 G Apt Elev 02^E Tower *124.2 121.9 *ATIS 11,345' 3458m F5 F4 F3 F2 F1 F H H 27-14 27-14 56-21 56-22"
459,True,OIKB,OIKB,False,10-9A,True,PARKING STANDS & COORDS,AIRPORT,AIRPORT,AIRPORT,96,MATCH,False,independently_consistent,Jeppesen_10_20_airport_series,True,False,True,False,False,612.0,792.0,2993,"JEPPESEN 10-9A 27-12.7 27-12.6 27-12.7 27-12.6 56-22 56-22.1 56-22.2 56-22.3 101 APRON 1 102 103 C Control Tower DOMESTIC TERMINAL INTERNATIONAL TERMINAL 4 APR 25 .Eff.17.Apr. OIKB/BND BANDAR ABBAS, IRAN"
460,True,OIKB,OIKB,False,10-9S,True,MINIMUMS,AIRPORT,AIRPORT,AIRPORT,96,MATCH,False,independently_consistent,Jeppesen_10_20_airport_series,True,False,True,False,False,612.0,792.0,4449,10-9S JEPPESEN 1 1 .EASA.AIR.OPS. 17 JUN 22 STRAIGHT-IN RWY D C B A OIKB/BND BANDAR ABBAS INTL 03R NDB 700'(686') 700' 700' 700' 620'(606') VOR ALS out VOR ALS out
461,True,OIKB,OIKB,False,10-9S1,True,MINIMUMS,AIRPORT,AIRPORT,AIRPORT,96,MATCH,False,independently_consistent,Jeppesen_10_20_airport_series,True,False,True,False,False,612.0,792.0,1211,10-9S1 JEPPESEN 1 1 1 1 .EASA.AIR.OPS. R/V500m Adequate Vis Ref NIGHT DAY NA R400m RL & RCLM 17 JUN 22 OIKB/BND BANDAR ABBAS INTL 870'(848') 870'(848') V3600m 100 KT 135 KT 180 KT 205 KT
462,True,OIKB,OIKB,False,11-1,True,ILS RWY 21L,APP,APP,APP,84,MATCH,False,independently_consistent,Jeppesen_approach_number_series,True,False,True,False,False,612.0,792.0,6728,OI(C)-83 1000 2000 3000 4000 5000 MISSED APCH: BANDAR ABBAS INTL Final Apch Crs 206^ 11-1 OIKB/BND ILS DME I B N D LOC IBND 109.9 D6.8 IBND 2100' DA(H) ILS 280'(258') Apt Elev 22'
463,True,OIKB,OIKB,False,11-2,True,ILS RWY 21L,APP,APP,APP,84,MATCH,False,independently_consistent,Jeppesen_approach_number_series,True,False,True,False,False,612.0,792.0,6456,OI(C)-83 1000 2000 3000 4000 5000 MISSED APCH: BANDAR ABBAS INTL Final Apch Crs 206^ 11-2 OIKB/BND ILS DME 206^ 109.9 IBND I B N D LOC IBND 109.9 D5.0 IBND 1600' DA(H) ILS 280'(258')
464,True,OIKB,OIKB,False,13-1,True,APPROACH 13-1,APP,APP,APP,91,MATCH,False,independently_consistent,instrument_approach_header,True,False,True,False,False,612.0,792.0,5427,"BANDAR ABBAS Havadarya MISSED APCH: 10 BANDAR ABBAS INTL VOR 117.2 BND Final Apch Crs 026^ D5.0 1500'(1486') 620'(606') *ATIS BRIEFING STRIP TM OIKB/BND 117.2 BND D B N D VOR DME 2 Rwy 03R Ground 13-1 Climb on R-026 to 1000', then turn RIGHT to rejoin"
465,True,OIKB,OIKB,False,13-2,True,VOR RWY 03R,APP,APP,APP,91,MATCH,False,independently_consistent,instrument_approach_header,True,False,True,False,False,612.0,792.0,5600,1000 2000 2000 MISSED APCH: BANDAR ABBAS INTL VOR Rwy 03R VOR 117.2 BND Final Apch Crs 026^ 620'(606') No FAF 22' 13-2 OIKB/BND *ATIS Ground 27-20 10 BRIEFING STRIP TM 14'
466,True,OIKB,OIKB,False,13-3,True,APPROACH 13-3,APP,APP,APP,91,MATCH,False,independently_consistent,instrument_approach_header,True,False,True,False,False,612.0,792.0,5824,"OI(C)-83 1000 2000 3000 4000 5000 MISSED APCH: BANDAR ABBAS INTL VOR 117.2 BND Final Apch Crs 206^ D6.0 1200'(1178') 620'(598') Apt Elev 22' 13-3 VOR DME 1 Rwy 21L *ATIS Ground OIKB/BND Climb to VOR, then climb on R-206 to 1600', then"
467,True,OIKB,OIKB,False,13-4,True,VOR RWY 21L,APP,APP,APP,91,MATCH,False,independently_consistent,instrument_approach_header,True,False,True,False,False,612.0,792.0,6048,"OI(C)-83 1000 2000 3000 [FS21L] MISSED APCH: BANDAR ABBAS INTL VOR Rwy 21L VOR 117.2 BND Final Apch Crs 206^ 680'(658') Apt Elev 22' No FAF 13-4 Climb on R-206 to 1600', then turn LEFT to rejoin holding at 3000'. *ATIS Ground OIKB/BND 27-20"
468,True,OIKB,OIKB,False,16-1,True,NDB RWY 03R,APP,APP,APP,91,MATCH,False,independently_consistent,instrument_approach_header,True,False,True,False,False,612.0,792.0,5033,MISSED APCH: 10 BANDAR ABBAS INTL NDB Rwy 03R NDB 250 BND Final Apch Crs 010^ MDA(H) 700'(686') Apt Elev No FAF Alt Set: hPa Trans level: By ATC Trans alt: 4000' 16-1 BRIEFING STRIP TM *ATIS Ground OIKB/BND JEPPESEN
469,True,OIKB,OIKB,False,16-2,True,NDB RWY 21L,APP,APP,APP,91,MATCH,False,independently_consistent,instrument_approach_header,True,False,True,False,False,612.0,792.0,5538,OI(C)-83 1000 2000 3000 4000 5000 6000 MISSED APCH: BANDAR ABBAS INTL NDB Rwy 21L NDB 250 BND Final Apch Crs 221^ No FAF MDA(H) 690'(668') Apt Elev 22' 16-2 OIKB/BND *ATIS Ground
470,True,OIIP,OIIP,False,,False,AIRPORT INFORMATION,AIRPORT,AIRPORT,AIRPORT,88,MATCH,False,independently_consistent,airport_header,True,False,True,False,False,612.0,792.0,1711,"General Information Location: KARAJ IRN ICAO/IATA: OIIP / PYK Lat/Long: N35° 46.8', E050° 49.4' Elevation: 4170 ft Airport Use: Public Daylight Savings: Not Observed UTC Conversion: -3:30 = UTC Magnetic Variation: 5.0° E Fuel Types: Jet A-1 Customs: Yes General Information Location: KARAJ IRN ICAO/IATA: OIIP / PYK Lat/Long: N35° 46.8', E050° 49.4' "
471,True,OIIP,OIIP,False,10-2,True,"MIVAK 1Q, PAVET 1Q",STAR,STAR,STAR,98,MATCH,False,independently_consistent,printed_STAR_header,True,False,True,False,False,612.0,792.0,6685,"PAYAM 117.5 PIM PIM N35 45.7 E050 51.1 D Apt Elev 10-2 .STAR. PAYAM 4170' KARAJ, IRAN Alt Set: hPa Trans level: FL110 Trans alt: 9000' R243^ R282^ JEPPESEN .SPEED: 127.05 *ATIS OIIP/PYK .Eff.21.Mar. 15 MAR 24 MSA PIM VOR 180^"
472,True,OIIP,OIIP,False,10-2A,True,"PAXID 1Q, RUS 1N, SAV 1P, SAV 1Q",STAR,STAR,STAR,98,MATCH,False,independently_consistent,printed_STAR_header,True,True,True,False,False,612.0,792.0,4163,"Apt Elev .STAR. PAYAM 10-2A KARAJ, IRAN 127.05 4170' PAXID 7 22 FL115 PAXID 1Q 138^ JEPPESEN .SPEED: D20.0 PIM Alt Set: hPa Trans level: FL110 Trans alt: 9000' 20 *ATIS OIIP/PYK .Eff.21.Mar. 15 MAR 24 MSA PIM VOR"
473,True,OIIP,OIIP,False,10-2B,True,"RADAL 1N, BOXAM 2N, MUXOR 1N",STAR,STAR,STAR,98,MATCH,False,independently_consistent,printed_STAR_header,True,False,True,False,False,612.0,792.0,8640,"MUXOR Apt Elev .STAR. PAYAM 4170' KARAJ, IRAN Alt Set: hPa Trans level: FL110 Trans alt: 9000' JEPPESEN .SPEED: 127.05 *ATIS OIIP/PYK .Eff.21.Mar. 10-2B 15 MAR 24 180^ 270^ 305^ 075^ 16,200 9400 7900 15,300 MSA TRN VOR"
474,True,OIIP,OIIP,False,10-3,True,"DHN 1G, DHN 1H, NAGMO 1E, NAGMO 1F",SID,SID,SID,98,MATCH,False,independently_consistent,printed_SID_header,True,True,True,False,False,612.0,792.0,5254,"Apt Elev .SID. 10-3 PAYAM KARAJ, IRAN 4170' Trans level: FL110 Trans alt: 9000' NAGMO N35 45.7 E050 51.1 PAYAM 117.5 PIM PIM D 1F N36 02.2 E051 20.9 SIDs are subject to Mehrabad APP clearance. JEPPESEN .Eff.28.Dec. OIIP/PYK 22 DEC 23 MSA 180^ 270^"
475,True,OIIP,OIIP,False,10-3A,True,"PAROT 3E, PAROT 3F, PAXID 2E, PAXID 2F",SID,SID,SID,98,MATCH,False,independently_consistent,printed_SID_header,True,True,True,False,False,612.0,792.0,4199,"Apt Elev .SID. PAYAM KARAJ, IRAN 4170' Trans level: FL110 Trans alt: 9000' 10-3A PAXID N36 17.1 E050 20.4 JEPPESEN .Eff.28.Dec. 1. SIDs are subject to Mehrabad APP clearance. 2. PAXID 2E/2F only to be used when instructed explicitly by ATC. OIIP/PYK 22 DEC 23 MSA 180^ 270^ 360^ 090^ PIM VOR 12,800 9000 15,500"
476,True,OIIP,OIIP,False,10-3B,True,"RUS 2E, RUS 2F",SID,SID,SID,98,MATCH,False,independently_consistent,printed_SID_header,True,True,True,False,False,612.0,792.0,3568,"Apt Elev .SID. PAYAM KARAJ, IRAN 4170' Trans level: FL110 Trans alt: 9000' N35 45.7 E050 51.1 PAYAM 117.5 PIM PIM D SIDs are subject to Mehrabad APP clearance. 10-3B JEPPESEN .Eff.28.Dec. 22 DEC 23 OIIP/PYK MSA 180^ 270^ 360^ 090^ PIM VOR 12,800"
477,True,OIIP,OIIP,False,10-3C,True,"RUS 1G, RUS 1H",SID,SID,SID,98,MATCH,False,independently_consistent,printed_SID_header,True,True,True,False,False,612.0,792.0,3554,"Apt Elev .SID. PAYAM KARAJ, IRAN 4170' Trans level: FL110 Trans alt: 9000' 10-3C SIDs are subject to Mehrabad APP clearance. JEPPESEN .Eff.28.Dec. 22 DEC 23 OIIP/PYK MSA 180^ 270^ 360^ 090^ PIM NDB 12,800 15,500 9000 11,100 306 PIM PAYAM"
478,True,OIIP,,False,10-9,True,Airport Diagram Chart (ADC),AIRPORT,AIRPORT,AIRPORT,96,MATCH,False,independently_consistent,Jeppesen_10_20_airport_series,True,False,True,False,False,612.0,792.0,4104,"123^ 12 Apt Elev 35-47 35-47 50-49 50-50 50-51 10-9 118.4 *PAYAM Information JEPPESEN 05^E 121.650 12,031' 3667m 127.050 *ATIS 30 DEC 22 ARP 4170' PAYAM KARAJ, IRAN N35 46.8 E050 49.4 Elev"
479,True,OIIP,,False,10-9S,True,MINIMUMS,AIRPORT,AIRPORT,AIRPORT,96,MATCH,False,independently_consistent,Jeppesen_10_20_airport_series,True,False,True,False,False,612.0,792.0,2916,25 NOV 22 JEPPESEN 1 10-9S 2 2 1 1 1 .EASA.AIR.OPS. .Eff.1.Dec. STRAIGHT-IN RWY D C B A (380') (380') (380') (380') (480') (480') 12 30
480,True,OIIP,,False,13-1,True,VOR RWY 30,APP,APP,APP,84,MATCH,False,independently_consistent,Jeppesen_approach_number_series,True,False,True,False,False,612.0,792.0,7623,"OI(C)-26 OI(C)-44 OI(C)-82 OI(R)-31 6000 5000 7000 8000 7000 6000 7000 9000 8000 PAYAM 117.5 PIM D MISSED APCH: KARAJ, IRAN PAYAM 13-1 VOR PIM 117.5 310^"
481,True,OIIP,,False,16-1,True,NDB RWY 12,APP,APP,APP,84,MATCH,False,independently_consistent,Jeppesen_approach_number_series,True,False,True,False,False,612.0,792.0,6777,"OI(C)-26 5000 7000 6000 6000 7000 6000 D15.0 (IAF) 125^ 125^ 305^ KARAJ, IRAN PAYAM 16-1 NDB 306 PIM Final Apch Crs 125^ 5300'(1130') D6.0 MISSED APCH: Climb STRAIGHT AHEAD to NDB, then turn RIGHT"
482,True,OIIP,,False,16-2,True,CHART PAGE 327,APP,APP,APP,84,MATCH,False,independently_consistent,Jeppesen_approach_number_series,True,False,True,False,False,612.0,792.0,7330,"KARAJ Naja AB OI(C)-26 OI(R)-31 OI(C)- 82 OI(C)- 6000 5000 7000 7000 8000 9000 KARAJ, IRAN PAYAM 16-2 NDB 306 PIM Final Apch Crs 303^ MISSED APCH: rejoin holding at 7500'."
483,True,OIIP,,False,16-3,True,CHART PAGE 328,APP,APP,APP,84,MATCH,False,independently_consistent,Jeppesen_approach_number_series,True,False,True,False,False,612.0,792.0,7892,"KARAJ OI(C)-26 OI(R)-31 OI(C)- 82 OI(C)- 5000 6000 6000 7000 8000 7000 9000 KARAJ, IRAN PAYAM 16-3 MISSED APCH: rejoin holding at 7500'. NDB 306 PIM Final Apch Crs 303^"
484,True,OIIP,,False,16-4,True,CHART PAGE 329,APP,APP,APP,84,MATCH,False,independently_consistent,Jeppesen_approach_number_series,True,False,True,False,False,612.0,792.0,7903,"KARAJ OI(C)-26 OI(R)-31 OI(C)- 82 OI(C)- 7000 8000 9000 7000 5000 6000 6000 KARAJ, IRAN PAYAM 16-4 MISSED APCH: rejoin holding at 7500'. NDB 306 PIM Final Apch Crs 303^"
485,True,OIKJ,OIKJ,False,,False,AIRPORT INFORMATION,AIRPORT,AIRPORT,AIRPORT,88,MATCH,False,independently_consistent,airport_header,True,False,True,False,False,612.0,792.0,1776,"General Information Location: JIROFT IRN ICAO/IATA: OIKJ / JYR Lat/Long: N28° 43.6', E057° 40.2' Elevation: 2661 ft Airport Use: Public Daylight Savings: Not Observed UTC Conversion: -3:30 = UTC Magnetic Variation: 2.0° E Fuel Types: Jet A-1 Customs: No General Information Location: JIROFT IRN ICAO/IATA: OIKJ / JYR Lat/Long: N28° 43.6', E057° 40.2'"
486,True,OIKJ,OIKJ,False,10-2,True,"PEDUK 1N, RIGUT 1N",STAR,STAR,STAR,98,MATCH,False,independently_consistent,printed_STAR_header,True,False,True,False,False,612.0,792.0,4088,"29-00 170 180^ R A P PEDUK ^ 10-2 JEPPESEN OIKJ/JYR JIROFT JIROFT, IRAN .Eff.1.Dec. .RNAV.STAR. 11976 35 40 45 25 NOV 22 Alt Set: hPa Trans level: FL120 RNP-1 Apt Elev 2661"
487,True,OIKJ,OIKJ,False,10-3,True,"PEDUK 1A, RIGUT 1A",SID,SID,SID,98,MATCH,False,independently_consistent,printed_SID_header,True,False,True,False,False,612.0,792.0,3931,"29-00 170 13,900 180^ R A P PEDUK 10-3 JEPPESEN Apt Elev 35 40 45 OIKJ/JYR JIROFT JIROFT, IRAN 2661 .Eff.1.Dec. .RNAV.SID. 11769' 25 NOV 22 Trans alt: 10000 RNP-1"
488,True,OIKJ,OIKJ,False,10-9,True,Airport Diagram Chart (ADC),AIRPORT,AIRPORT,AIRPORT,96,MATCH,False,independently_consistent,Jeppesen_10_20_airport_series,True,False,True,False,False,612.0,792.0,3529,"Apt Elev 2661' N28 43.7 E057 40.2 JEPPESEN 10-9 JIROFT, IRAN JIROFT 02^E 13 126^ Elev 2661' NDB OIKJ/JYR 28-44 28-44 57-40 57-41 10,827' ARP Control Tower TERMINAL 118.650 16 SEP 22 *JIROFT Information (AFIS)"
489,True,OIKJ,OIKJ,False,12-1,True,RNP RWY 31,APP,APP,APP,91,MATCH,False,independently_consistent,instrument_approach_header,True,False,True,False,False,612.0,792.0,7409,"4000 6000 7000 7000 8000 4000 5000 KJ4~4 THR31 OIKJ/JYR JIROFT JIROFT, IRAN RNP Rwy 31 12-1 118.650 180^ 270^ 360^ 090^ 13,900 13,200 10,700 14,000 MSA ARP"
490,True,OIKJ,OIKJ,False,16-1,True,NDB RWY 31,APP,APP,APP,91,MATCH,False,independently_consistent,instrument_approach_header,True,False,True,False,False,612.0,792.0,8123,"5000 5000 6000 6000 6000 6000 6000 6000 8000 10000 11000 11000 5000 6000 7000 8000 9000 4000 OIKJ/JYR JIROFT 16-1 JIROFT, IRAN NDB Rwy 31 CAT C"
491,True,OIKJ,OIKJ,False,16-2,True,NDB A,APP,APP,APP,84,MATCH,False,independently_consistent,Jeppesen_approach_number_series,True,False,True,False,False,612.0,792.0,7294,"5000 5000 6000 6000 6000 6000 6000 6000 8000 10000 11000 11000 4000 5000 6000 7000 8000 9000 OIKJ/JYR JIROFT 16-2 JIROFT, IRAN Final Apch Crs"
492,True,OIKK,OIKK,False,,False,AIRPORT INFORMATION,AIRPORT,AIRPORT,AIRPORT,55,REVIEW,True,only_old_index_supports_category,prior_index_only,True,False,True,False,False,612.0,792.0,2162,"General Information Location: KERMAN IRN ICAO/IATA: OIKK / KER Lat/Long: N30° 16.5', E056° 57.1' Elevation: 5732 ft Airport Use: Public Daylight Savings: Not Observed UTC Conversion: -3:30 = UTC Magnetic Variation: 3.0° E Fuel Types: Jet A-1 Customs: Yes Runway: 34R Length x Width: 12635 ft x 148 ft Surface Type: asphalt TDZ-Elev: 5732 ft Lighting:"
493,True,OIKK,OIKK,False,,False,AIRPORT INFORMATION,AIRPORT,AIRPORT,AIRPORT,55,REVIEW,True,only_old_index_supports_category,prior_index_only,True,False,True,False,False,612.0,792.0,1702,"General Information Location: KERMAN IRN ICAO/IATA: OIKK / KER Lat/Long: N30° 16.5', E056° 57.1' Elevation: 5732 ft Airport Use: Public Daylight Savings: Not Observed UTC Conversion: -3:30 = UTC Magnetic Variation: 3.0° E Fuel Types: Jet A-1 Customs: Yes Runway: 34R Length x Width: 12635 ft x 148 ft Surface Type: asphalt TDZ-Elev: 5732 ft Lighting:"
494,True,OIKK,,False,10-2,True,"ALGUV 1M, ALGUV 1R, ALGUV 1S, ALGUV 1U, ALKES 1M",STAR,STAR,STAR,98,MATCH,False,independently_consistent,printed_STAR_header,True,False,True,False,False,612.0,792.0,5681,"ALGUV 179^ MAX 210 KT MHA 13000 159^ 210^ ALGUV 1S D20.0 KER ALGUV 1M, 1R, 1U A L GU V 1U 13000 13000 13.2 10 Apt Elev *ATIS 127.25 5739 10-2 .STAR."
495,True,OIKK,OIKK,False,10-2A,True,"ALKUL 1M, ALMEK 1M, ALMEK 1R, GETIS 1M, GETIS 1R",STAR,STAR,STAR,98,MATCH,False,independently_consistent,printed_STAR_header,True,False,True,False,False,612.0,792.0,5612,"14,200 180^ 12,000 KERMAN KER Apt Elev *ATIS 127.25 5739 1 OCT 21 .Eff.7.Oct. .STAR. JEPPESEN 50 45 OIKK/KER KERMAN 10-2A KERMAN, IRAN Alt Set: hPa Trans level: By ATC Actual descent clearance will be as directed by ATC. 135 30-30 ALMEK 1M [ALME1M], ALMEK 1R [ALME1R]"
496,True,OIKK,,False,10-2B,False,"ALMOB 1M, ALMOB 1R, ALMOB 1S, ALMOB 1U",STAR,STAR,STAR,98,MATCH,False,independently_consistent,printed_STAR_header,True,False,True,False,False,612.0,792.0,4960,180^ ALMOB 339^ 159^ D20.0 KER 083^ ALMOB 1S A 1U 18 13000 (IAF) MAX 210 KT MHA 13000 Apt Elev *ATIS 127.25 5739 1 OCT 21 .Eff.7.Oct. .STAR. JEPPESEN 35 40
497,True,OIKK,,False,10-3,True,"ALGUV 1D, ALGUV 1E, ALGUV 2F, ALGUV 1G",SID,SID,SID,98,MATCH,False,independently_consistent,printed_SID_header,True,False,True,False,False,612.0,792.0,6028,"^ R E K VO R ALGUV ALGUV 2F SID ALGUV 1D ALGUV 1E 34L 16R 34L Apt Elev Trans alt: 15000 5739 Intercept KER R335, at 8500, turn RIGHT, intercept KER R359 to ALGUV, climb to cleared FL. 10-3 .SID. JEPPESEN 20 25"
498,True,OIKK,,False,10-3A,False,"ALKES 2C, ALKES 1D",SID,SID,SID,98,MATCH,False,independently_consistent,printed_SID_header,True,False,True,False,False,612.0,792.0,16065,70^ R E K VO R ALKES ans alt: 15000 .SID. JEPPESEN 413 550 825 1100 1375 1650 288 383 575 767 958 1150 d speed-KT 75 100 150
499,True,OIKK,OIKK,False,10-3B,True,"ALKUL 2D, ALKUL 1E",SID,SID,SID,98,MATCH,False,independently_consistent,printed_SID_header,True,False,True,False,False,612.0,792.0,3735,"159^ 14,200 180^ 270^ 12,000 090^ 12000 8500 335^ 112.0 KER KERMAN KER D 20 25 Apt Elev Trans alt: 15000 5739 .SID. JEPPESEN OIKK/KER KERMAN 10-3B KERMAN, IRAN"
500,True,OIKK,,False,10-3C,False,"ALMEK 2C, ALMEK 1F",SID,SID,SID,98,MATCH,False,independently_consistent,printed_SID_header,True,False,True,False,False,612.0,792.0,4602,"159^ 14,200 180^ 15,800 270^ 12,000 090^ 12000 8500 335^ 112.0 KER KERMAN KER D 187^ ALMEK 2C ALME 20 25 Apt Elev Trans alt: 15000 5739 .SID. JEPPESEN"
501,True,OIKK,OIKK,False,10-3D,True,"ALMOB 1D, ALMOB 1E, ALMOB 2F",SID,SID,SID,98,MATCH,False,independently_consistent,printed_SID_header,True,True,True,False,False,612.0,792.0,5196,"180^ R E K VO R .SID. JEPPESEN 20 25 OIKK/KER KERMAN KERMAN, IRAN ALMOB Apt Elev Trans alt: 15000 5739 10-3D .Eff.2.Nov. 27 OCT 23 ALMOB 1D [ALMO1D] DEPARTURES ALMOB 1E [ALMO1E] ALMOB 2F [ALMO2F]"
502,True,OIKK,,False,10-3E,False,"GETIS 2C, GETIS 1E",SID,SID,SID,96,MATCH,False,independently_consistent,Jeppesen_10-3_series,True,False,True,False,False,612.0,792.0,14038,"159^ 14,200 1 8 0 ^ 15,800 270^ 3 6 0 ^ 9000 12000 7400 8500 12.0 KER KERMAN KER GETIS 1E GETIS 2C ETIS 2C: ETIS 1E: 335^"
503,True,OIKK,,False,10-9,True,Airport Diagram Chart (ADC),AIRPORT,AIRPORT,AIRPORT,96,MATCH,False,independently_consistent,Jeppesen_10_20_airport_series,True,False,True,False,False,612.0,792.0,7812,"Apt Elev 10-9 *ATIS KERMAN Tower N30 16.5 E056 57.1 ARP 12,635' 385 JEPPESEN 127.250 118.250 121.9 03^E C D E APRON MILITARY LEGEND 3 12,631' C6 3 OCT 25 C5 30-17"
504,True,OIKK,OIKK,False,10-9S,True,MINIMUMS,AIRPORT,AIRPORT,AIRPORT,96,MATCH,False,independently_consistent,Jeppesen_10_20_airport_series,True,False,True,False,False,612.0,792.0,2339,"10-9S JEPPESEN 1 1 .EASA.AIR.OPS. 1 2 2 2 7 JUL 23 .Eff.13.Jul. STRAIGHT-IN RWY D C B A OIKK/KER KERMAN, IRAN KERMAN 6200'(477) 6200'(468') (477) 6200' 6200'(468')"
505,True,OIKK,,False,13-1,True,VOR Z RWY 16R,APP,APP,APP,84,MATCH,False,independently_consistent,Jeppesen_approach_number_series,True,False,True,False,False,612.0,792.0,9372,"7000 8000 8000 10000 11000 11000 12000 9000 BRIEFING STRIP TM KERMAN, IRAN KERMAN 13-1 MISSED APCH: 121.9 VOR 112.0 KER Final Apch Crs 159^ D7.0 7900'(2177') *ATIS"
506,True,OIKK,,False,13-2,True,VOR Y RWY 16R,APP,APP,APP,84,MATCH,False,independently_consistent,Jeppesen_approach_number_series,True,False,True,False,False,612.0,792.0,8782,"7000 7000 8000 8000 9000 10000 11000 BRIEFING STRIP TM 10 KERMAN, IRAN KERMAN 13-2 *ATIS MISSED APCH: 121.9 VOR 112.0 KER Final Apch Crs 159^ 7900'(2177') D7.0"
507,True,OIKK,OIKK,False,13-3,True,VOR Z RWY 34L,APP,APP,APP,84,MATCH,False,independently_consistent,Jeppesen_approach_number_series,True,False,True,False,False,612.0,792.0,6324,"7000 7000 7000 8000 8000 8000 9000 9000 MISSED APCH: BRIEFING STRIP TM KERMAN, IRAN KERMAN 13-3 121.9 VOR 112.0 KER Final Apch Crs 333^ Apt Elev 5732' *ATIS OIKK/KER"
508,True,OIKK,,False,13-4,True,VOR Y RWY 34L,APP,APP,APP,84,MATCH,False,independently_consistent,Jeppesen_approach_number_series,True,False,True,False,False,612.0,792.0,6461,"OI(C)-19 7000 7000 8000 8000 8000 8000 9000 MISSED APCH: BRIEFING STRIP TM 10 KERMAN, IRAN KERMAN 13-4 121.9 VOR 112.0 KER Final Apch Crs 333^ Apt Elev 5732' *ATIS"
509,True,OIKM,OIKM,False,,False,AIRPORT INFORMATION,AIRPORT,AIRPORT,AIRPORT,88,MATCH,False,independently_consistent,airport_header,True,False,True,False,False,612.0,792.0,1733,"General Information Location: BAM IRN ICAO/IATA: OIKM / BXR Lat/Long: N29° 05.0', E058° 27.0' Elevation: 3231 ft Airport Use: Public Daylight Savings: Not Observed UTC Conversion: -3:30 = UTC Magnetic Variation: 2.0° E Fuel Types: Jet A-1 Customs: Yes General Information Location: BAM IRN ICAO/IATA: OIKM / BXR Lat/Long: N29° 05.0', E058° 27.0' Elev"
510,True,OIKM,OIKM,False,10-2,True,ORDAD 1N,STAR,STAR,STAR,98,MATCH,False,independently_consistent,printed_STAR_header,True,True,True,False,False,612.0,792.0,1995,"ORDAD N30 06.1 E057 54.9 153^ Apt Elev OIKM/BXR 10-2 .STAR. BAM 3231' Alt Set: hPa Trans level: FL90 Trans alt: 7000' BAM, IRAN .Eff.30.Apr. JEPPESEN MSA 180^ 270^ 360^ 090^ 9900' 5000' 12,600' 11,000' BAM VOR DME ORDAD 1N"
511,True,OIKM,OIKM,False,10-2A,True,ORDAD 1T,STAR,STAR,STAR,98,MATCH,False,independently_consistent,printed_STAR_header,True,True,True,False,False,612.0,792.0,1817,"ORDAD N30 06.1 E057 54.9 153^ Apt Elev OIKM/BXR .STAR. BAM 3231' Alt Set: hPa Trans level: FL90 Trans alt: 7000' BAM, IRAN 10-2A .Eff.30.Apr. JEPPESEN MSA 180^ 270^ 360^ 090^ 9900' 5000' BAM NDB 12,600' 11,000' ORDAD 1T [ORDA1T]"
512,True,OIKM,OIKM,False,10-3,True,"ORDAD 1A, ORDAD 1B, ORDAD 1C",SID,SID,SID,98,MATCH,False,independently_consistent,printed_SID_header,True,True,True,False,False,612.0,792.0,3585,"ORDAD N30 06.1 E057 54.9 Apt Elev .SID. OIKM/BXR 10-3 BAM BAM, IRAN 3231' Trans level: FL90 Trans alt: 7000' N29 21.5 E058 23.1 D17.2 BAM .Eff.30.Apr. JEPPESEN MSA 180^ 270^ 360^ 090^ 9900' 5000' BAM VOR 12,600' 11,000'"
513,True,OIKM,OIKM,False,10-3A,True,"ORDAD 1D, ORDAD 1E, ORDAD 1F",SID,SID,SID,98,MATCH,False,independently_consistent,printed_SID_header,True,True,True,False,False,612.0,792.0,3349,"ORDAD N30 06.1 E057 54.9 Apt Elev .SID. OIKM/BXR BAM BAM, IRAN 3231' Trans level: FL90 Trans alt: 7000' 10-3A .Eff.30.Apr. JEPPESEN MSA 180^ 270^ 360^ 090^ 9900' 5000' BAM NDB 12,600' 11,000' RWYS 30, 12 DEPARTURES 24 APR 15"
514,True,OIKK,OIKM,True,10-9,True,Airport Diagram Chart (ADC),AIRPORT,AIRPORT,AIRPORT,96,REVIEW,True,header_icao_differs_from_index,Jeppesen_10_20_airport_series,True,False,True,False,False,612.0,792.0,4697,"3 3231' BAM, IRAN BAM N29 05.1 E058 27.0 10-9 29-05 29-05 29-06 29-06 58-26 58-27 58-28 ARP Apt Elev 11,106' OIKM/BXR 121.9 *BAM Ground Stopway 115'35m Elev 3231' JEPPESEN"
515,True,OIKM,,False,10-9S,True,MINIMUMS,AIRPORT,AIRPORT,AIRPORT,96,MATCH,False,independently_consistent,Jeppesen_10_20_airport_series,True,False,True,False,False,612.0,792.0,3134,10-9S JEPPESEN 30 (319') (319') (319') (319') ALS out (419') (419') 3450' 3450' 3450' 3450' 3550' 3550' .EASA.AIR.OPS. 1 1 2 2 3 ALS out (419')
516,True,OIKM,OIKM,False,13-1,True,VOR Z RWY 30,APP,APP,APP,84,MATCH,False,independently_consistent,Jeppesen_approach_number_series,True,False,True,False,False,612.0,792.0,6237,"4000 4000 BAM BAM, IRAN 13-1 310^ 29-10 MISSED APCH: BRIEFING STRIP TM VOR BAM 297^ 3450' (319') Final Apch Crs Alt Set: hPa Trans level: FL090 Trans alt: 7000' 10 OIKM/BXR 114.9 Climb on R-310 to 5500', then turn LEFT to rejoin holding at 7000'."
517,True,OIKM,,False,13-2,True,VOR Y RWY 30,APP,APP,APP,84,MATCH,False,independently_consistent,Jeppesen_approach_number_series,True,False,True,False,False,612.0,792.0,6686,"4000 4000 BAM BAM, IRAN 13-2 MSA BAM VOR 310^ 29-10 MISSED APCH: BRIEFING STRIP TM VOR BAM 297^ No FAF 3500' (369') 270^ 090^ 180^ 360^ Final Apch Crs Alt Set: hPa Rwy Elev: 110 hPa"
518,True,OIKM,,False,16-1,True,NDB Z RWY 30 CAT A & B,APP,APP,APP,84,MATCH,False,independently_consistent,Jeppesen_approach_number_series,True,False,True,False,False,612.0,792.0,5725,"4000 4000 BAM 379 BAM BAM BAM, IRAN 16-1 MSA BAM NDB 310^ 29-10 MISSED APCH: BRIEFING STRIP TM NDB BAM 379 291^ No FAF 3550' (419') 270^ 090^ 180^ 360^ Final"
519,True,OIKM,,False,16-2,True,NDB Y RWY 30 CAT C & D,APP,APP,APP,84,MATCH,False,independently_consistent,Jeppesen_approach_number_series,True,False,True,False,False,612.0,792.0,5908,"4000 4000 BAM 379 BAM BAM BAM, IRAN 16-2 MSA BAM NDB 310^ 29-10 MISSED APCH: BRIEFING STRIP TM NDB BAM 379 291^ No FAF 3550' (419') 270^ 090^ 180^ 360^ Final"
520,True,OIKQ,OIKQ,False,,False,AIRPORT INFORMATION,AIRPORT,AIRPORT,AIRPORT,88,MATCH,False,independently_consistent,airport_header,True,False,True,False,False,612.0,792.0,1793,"General Information Location: GHESHM ISLAND IRN ICAO/IATA: OIKQ / GSM Lat/Long: N26° 45.1', E055° 53.8' Elevation: 45 ft Airport Use: Public Daylight Savings: Not Observed UTC Conversion: -3:30 = UTC Magnetic Variation: 2.0° E Fuel Types: Jet A-1 Customs: Yes General Information Location: GHESHM ISLAND IRN ICAO/IATA: OIKQ / GSM Lat/Long: N26° 45.1'"
521,True,OIKQ,OIKQ,False,10-2,True,"ASMUK 1R, ASMUK 1W",STAR,STAR,STAR,98,MATCH,False,independently_consistent,printed_STAR_header,True,True,True,False,False,612.0,792.0,4413,"ASMUK GHESHM ISLAND, IRAN .STAR. Alt Set: hPa Trans level: FL50 Trans alt: 3000' JEPPESEN OIKQ/GSM GHESHM 10-2 D20.0 BND FL130 40 163^ ASMUK 1R, 1W Apt Elev 45' ATIS 127.050 27 OCT 23 .Eff.2.Nov. MSA 090^ 180^ KHM NDB 5000"
522,True,OIKQ,OIKQ,False,10-2A,True,"BND 1R, BND 1W",STAR,STAR,STAR,98,MATCH,False,independently_consistent,printed_STAR_header,True,True,True,False,False,612.0,792.0,3188,"6^ 222^ BANDAR ABBASS 117.2 BND BND N27 11.8 E056 22.0 D Apt Elev 45' GHESHM ISLAND, IRAN .STAR. Alt Set: hPa Trans level: FL50 Trans alt: 3000' JEPPESEN OIKQ/GSM GHESHM 10-2A 127.050 ATIS 27 OCT 23 .Eff.2.Nov. MSA 090^ 180^ KHM NDB"
523,True,OIKQ,OIKQ,False,10-2B,True,MOBON 1W,STAR,STAR,STAR,98,MATCH,False,independently_consistent,printed_STAR_header,True,True,True,False,False,612.0,792.0,3946,"MOBON 166^ FL70 MOBON 1W 37 Apt Elev 45' GHESHM ISLAND, IRAN .STAR. 10-2B Alt Set: hPa Trans level: FL50 Trans alt: 3000' JEPPESEN 154^ MOBON 1R, 1T FL70 32 OIKQ/GSM GHESHM 127.050 ATIS 27 OCT 23 .Eff.2.Nov. MSA 090^"
524,True,OIKQ,OIKQ,False,10-3,True,"BND 1G, BND 1J",SID,SID,SID,98,MATCH,False,independently_consistent,printed_SID_header,True,True,True,False,False,612.0,792.0,2560,"BANDAR ABBASS 117.2 BND BND N27 11.8 E056 22.0 D Apt Elev 45' GHESHM ISLAND, IRAN 10-3 Trans level: FL50 Trans alt: 3000' .SID. JEPPESEN GHESHM OIKQ/GSM 27 OCT 23 .Eff.2.Nov. MSA 090^ 180^ KHM NDB 3000 5000 DEPARTURES BND 1G [BND1G]"
525,True,OIKQ,OIKQ,False,10-3A,True,"MOBON 1G, MOBON 1J",SID,SID,SID,98,MATCH,False,independently_consistent,printed_SID_header,True,True,True,False,False,612.0,792.0,3683,"155^ MOBON 335^ Apt Elev 45' GHESHM ISLAND, IRAN Trans level: FL50 Trans alt: 3000' .SID. 10-3A JEPPESEN GHESHM OIKQ/GSM 27 OCT 23 .Eff.2.Nov. MSA 090^ 180^ KHM NDB 5000 3000 DEPARTURES MOBON 1G [MOBO1G] MOBON 1J [MOBO1J]"
526,True,OIKQ,OIKQ,False,10-9,True,Airport Diagram Chart (ADC),AIRPORT,AIRPORT,AIRPORT,96,MATCH,False,independently_consistent,Jeppesen_10_20_airport_series,True,False,True,False,False,612.0,792.0,4475,"Elev 45' Apt Elev 10-9 45' GHESHM ISLAND, IRAN N26 45.1 E055 53.8 NDB Stopway 453'138m 228^ 26-46 26-46 55-53 55-54 55-55 A Control Tower 02^E JEPPESEN OIKQ/GSM GHESHM 127.050"
527,True,OIKQ,,False,16-1,True,NDB Z RWY 05,APP,APP,APP,91,MATCH,False,independently_consistent,instrument_approach_header,True,False,True,False,False,612.0,792.0,5901,"MISSED APCH: BRIEFING STRIP TM 16-1 GHESHM ISLAND, IRAN D2.5 NDB KHM 335 042^ D7.0 1400'(1386') 450'(436') Apt Elev Rwy 14' 45' 090^ 180^ MSA KHM NDB Alt Set: hPa Trans level: FL050 Rwy Elev: 1 hPa Trans alt: 3000'"
528,True,OIKQ,,False,16-2,True,NDB Y RWY 05 CAT A & B,APP,APP,APP,91,MATCH,False,independently_consistent,instrument_approach_header,True,False,True,False,False,612.0,792.0,5201,"MISSED APCH: BRIEFING STRIP TM 16-2 GHESHM ISLAND, IRAN NDB KHM 335 042^ 630'(616') Apt Elev Rwy 14' 45' 090^ 180^ MSA KHM NDB Alt Set: hPa Trans level: FL050 Rwy Elev: 1 hPa Trans alt: 3000' Climb on 042^ to 1800', then turn LEFT to rejoin holding at 3000'. 26-50"
529,True,OIKQ,,False,16-3,True,NDB X RWY 05 CAT C & D,APP,APP,APP,91,MATCH,False,independently_consistent,instrument_approach_header,True,False,True,False,False,612.0,792.0,5163,"MISSED APCH: BRIEFING STRIP TM 16-3 GHESHM ISLAND, IRAN NDB KHM 335 042^ 630'(616') Apt Elev Rwy 14' 45' 090^ 180^ MSA KHM NDB Alt Set: hPa Trans level: FL050 Rwy Elev: 1 hPa Trans alt: 3000' Climb on 042^ to 1800', then turn LEFT to rejoin holding at 3000'. 197^"
530,True,OIKQ,,False,16-4,True,NDB Z RWY 23,APP,APP,APP,84,MATCH,False,independently_consistent,Jeppesen_approach_number_series,True,False,True,False,False,612.0,792.0,6313,"232^ 052^ MISSED APCH: BRIEFING STRIP TM 16-4 GHESHM ISLAND, IRAN NDB KHM 335 Final Apch Crs 232^ D4.0 1200'(1155') 450'(405') Apt Elev 45' 090^ 180^ MSA KHM NDB Alt Set: hPa Apt Elev: 2 hPa Trans level: FL050"
531,True,OIKQ,,False,16-5,True,NDB Y RWY 23 CAT A & B,APP,APP,APP,84,MATCH,False,independently_consistent,Jeppesen_approach_number_series,True,False,True,False,False,612.0,792.0,5494,"MISSED APCH: BRIEFING STRIP TM 16-5 GHESHM ISLAND, IRAN NDB KHM 335 Final Apch Crs 236^ 090^ 180^ MSA KHM NDB Alt Set: hPa Trans level: FL050 Apt Elev: 2 hPa Trans alt: 3000' 10 Climb on 236^ to 1800', then turn LEFT to rejoin holding at 3000'. Apt Elev 45' 1200'(1155')"
532,True,OIKQ,,False,16-6,True,NDB X RWY 23 CAT C & D,APP,APP,APP,84,MATCH,False,independently_consistent,Jeppesen_approach_number_series,True,False,True,False,False,612.0,792.0,5599,"MISSED APCH: BRIEFING STRIP TM 16-6 GHESHM ISLAND, IRAN NDB KHM 335 Final Apch Crs 236^ 090^ 180^ MSA KHM NDB Alt Set: hPa Trans level: FL050 Apt Elev: 2 hPa Trans alt: 3000' 10 Climb on 236^ to 1800', then turn LEFT to rejoin holding at 3000'. Apt Elev 45' 1200'(1155')"
533,True,OIKR,OIKR,False,,False,AIRPORT INFORMATION,AIRPORT,AIRPORT,AIRPORT,88,MATCH,False,independently_consistent,airport_header,True,False,True,False,False,612.0,792.0,1790,"General Information Location: RAFSANJAN IRN ICAO/IATA: OIKR / RJN Lat/Long: N30° 17.8', E056° 03.0' Elevation: 5290 ft Airport Use: Public Daylight Savings: Not Observed UTC Conversion: -3:30 = UTC Magnetic Variation: 3.0° E Fuel Types: Jet A-1 Customs: Yes General Information Location: RAFSANJAN IRN ICAO/IATA: OIKR / RJN Lat/Long: N30° 17.8', E056"
534,True,OIKR,OIKR,False,10-2,True,"DAPOX 1N, DAPOX 1T",STAR,STAR,STAR,98,MATCH,False,independently_consistent,printed_STAR_header,True,True,True,False,False,612.0,792.0,2749,"Apt Elev 10-2 .STAR. RAFSANJAN RAFSANJAN, IRAN DAPOX 134^ 5290' OIKR/RJN JEPPESEN 26 JAN 18 Alt Set: hPa Trans level: FL130 Trans alt: 11000' .Eff.1.Feb. MSA 180^ 270^ 090^ RAF NDB/DME 12,300 12,500 12,800 RWYS 11, 29 ARRIVALS [DAPO1T] [DAPO1N]"
535,True,OIKR,OIKR,False,10-2A,True,SIRJAN 2T,STAR,STAR,STAR,98,MATCH,False,independently_consistent,printed_STAR_header,True,True,True,False,False,612.0,792.0,3424,"134^ Apt Elev .STAR. RAFSANJAN RAFSANJAN, IRAN 5290' 10-2A 9 50 0 134^ 9500 314^ OIKR/RJN D DME Alt Set: hPa Trans level: FL130 Trans alt: 11000' JEPPESEN 26 JAN 18 .Eff.1.Feb. D13.0 RAF MSA 180^ 270^"
536,True,OIKR,OIKR,False,10-3,True,"DAPOX 1A, DAPOX 1B, KERMAN 3A, KERMAN 3B",SID,SID,SID,98,MATCH,False,independently_consistent,printed_SID_header,True,True,True,False,False,612.0,792.0,3285,"Apt Elev 10-3 Trans level: FL130 Trans alt: 11000' RAFSANJAN RAFSANJAN, IRAN 5290' DAPOX At or above FL120 .SID. OIKR/RJN JEPPESEN .Eff.1.Feb. 26 JAN 18 MSA 180^ 270^ 090^ RAF NDB/DME 12,300 12,500 12,800 RWYS 29, 11 DEPARTURES [DAPO1B]"
537,True,OIKR,OIKR,False,10-3A,True,"SIRJAN 2A, SIRJAN 2B",SID,SID,SID,98,MATCH,False,independently_consistent,printed_SID_header,True,True,True,False,False,612.0,792.0,3539,"290^ 110^ RAFSANJAN RAFSANJAN, IRAN 10-3A .SID. OIKR/RJN D DME Apt Elev Trans level: FL130 Trans alt: 11000' 5290' JEPPESEN .Eff.1.Feb. 26 JAN 18 MSA 180^ 270^ 090^ RAF NDB/DME 12,300 12,500 12,800 290^"
538,True,OIKR,OIKR,False,10-9,True,Airport Diagram Chart (ADC),AIRPORT,AIRPORT,AIRPORT,96,MATCH,False,independently_consistent,Jeppesen_10_20_airport_series,True,False,True,False,False,612.0,792.0,3629,"Apt Elev 03^E 10-9 RAFSANJAN, IRAN RAFSANJAN 5290' N30 17.9 E056 03.1 56-02 56-03 56-04 30-18 30-19 30-18 30-19 118.7 121.7 Elev 5252' OIKR/RJN Stopway 63m 9843' 3000m JEPPESEN 23 JUL 21"
539,True,OIKR,,False,10-9S,True,MINIMUMS,AIRPORT,AIRPORT,AIRPORT,96,MATCH,False,independently_consistent,Jeppesen_10_20_airport_series,True,False,True,False,False,612.0,792.0,2555,10-9S JEPPESEN 11 Continuous Descent Final Approach. 1 R1500m R1500m R1700m R1700m (448') (448') (448') (448') 29 23 JUL 21 R2600m R2600m R2800m R2800m (610') (610') (610') (610') 1
540,True,OIKR,,False,16-1,True,APPROACH 16-1,APP,APP,APP,84,MATCH,False,independently_consistent,Jeppesen_approach_number_series,True,False,True,False,False,612.0,792.0,5512,"6000 MISSED APCH: 16-1 RAFSANJAN, IRAN RAFSANJAN NDB RAF 260 Final Apch Crs 100^ 5700' Apt Elev 5290' 10 BRIEFING STRIP TM 134^ 314^ 134^ 30-30 (448') 5252' Rwy Climb STRAIGHT AHEAD to NDB, then climb on"
541,True,OIKR,OIKR,False,16-2,True,APPROACH 16-2,APP,APP,APP,84,MATCH,False,independently_consistent,Jeppesen_approach_number_series,True,False,True,False,False,612.0,792.0,6363,"MISSED APCH: 16-2 RAFSANJAN, IRAN RAFSANJAN NDB RAF 260 Final Apch Crs 304^ 5900' 10 BRIEFING STRIP TM (610') D5.0 6700'(1410') OIKR/RJN MSA RAF NDB Trans alt: 11000' Trans level: FL 130 Apt Elev: 179 hPa Alt Set: hPa Climb STRAIGHT AHEAD to NDB, then continue climb"
542,True,OIKR,OIKR,False,16-3,True,APPROACH 16-3,APP,APP,APP,84,MATCH,False,independently_consistent,Jeppesen_approach_number_series,True,False,True,False,False,612.0,792.0,4828,"MISSED APCH: 16-3 RAFSANJAN, IRAN RAFSANJAN NDB RAF 260 Final Apch Crs 295^ No FAF MDA(H) 6300'(1010') Climb on track 295^ to 7800', then turn RIGHT to 10 rejoin holding at 9500'. BRIEFING STRIP TM MSA RAF NDB OIKR/RJN Alt Set: hPa Apt Elev: 179 hPa Trans level: FL 130"
543,True,OIKY,OIKY,False,,False,AIRPORT INFORMATION,AIRPORT,AIRPORT,AIRPORT,88,MATCH,False,independently_consistent,airport_header,True,False,True,False,False,612.0,792.0,1757,"General Information Location: SIRJAN IRN ICAO/IATA: OIKY / SYJ Lat/Long: N29° 33.1', E055° 40.3' Elevation: 5847 ft Airport Use: Public Daylight Savings: Not Observed UTC Conversion: -3:30 = UTC Magnetic Variation: 3.0° E Fuel Types: Jet A-1 Customs: Yes General Information Location: SIRJAN IRN ICAO/IATA: OIKY / SYJ Lat/Long: N29° 33.1', E055° 40.3"
544,True,OIKY,OIKY,False,10-2,True,"DAVUT 2N, DAVUT 2P, DAVUT 2R",STAR,STAR,STAR,98,MATCH,False,independently_consistent,printed_STAR_header,True,True,True,False,False,612.0,792.0,3928,"OIKY/SYJ 10-2 .STAR. SIRJAN SIRJAN, IRAN 180^ 270^ 090^ MSA SRJ VOR DAVUT 150^ JEPPESEN Apt Elev 5847' Alt Set: hPa Trans level: FL130 Trans alt: 11000' 25 SEP 26 .Eff.1.Oct. DAVUT DAVUT 2N, 2P: 12.2 DAVUT to 17.3 DAVUT t RWYS 13, 31 ARRIVALS"
545,True,OIKY,OIKY,False,10-2A,True,"RAF 4N, RAF 4P",STAR,STAR,STAR,98,MATCH,False,independently_consistent,printed_STAR_header,True,True,True,False,False,612.0,792.0,3894,"RAFSANJAN 260 RAF RAF N30 18.2 E056 03.3 202^ DME OIKY/SYJ .STAR. SIRJAN SIRJAN, IRAN 180^ 270^ 090^ MSA SRJ VOR JEPPESEN 10-2A Apt Elev 5847' Alt Set: hPa Trans level: FL130 Trans alt: 11000' 25 SEP 26 .Eff.1.Oct. DRAF"
546,True,OIKY,OIKY,False,10-2B,True,"SOLAK 3N, SOLAK 3P, SOLAK 3Q",STAR,STAR,STAR,98,MATCH,False,independently_consistent,printed_STAR_header,True,True,True,False,False,612.0,792.0,4064,"OIKY/SYJ .STAR. SIRJAN SIRJAN, IRAN 180^ 270^ 090^ MSA SRJ VOR JEPPESEN .Eff.17.Apr. 136^ 10000 (IAF) 10-2B SOLAK D15.0 SRJ MHA 10000 Apt Elev 5847' 15.0 Alt Set: hPa Trans level: FL130 Trans alt: 11000' 4 APR 25"
547,True,OIKY,OIKY,False,10-3,True,"DAVUT 2A, DAVUT 2B, RAF 3A, RAF 3B, SOLAK 2A, SOLAK 2B",SID,SID,SID,98,MATCH,False,independently_consistent,printed_SID_header,True,True,True,False,False,612.0,792.0,3744,"OIKY/SYJ SIRJAN SIRJAN, IRAN 180^ 270^ 090^ MSA SRJ VOR .SID. DAVUT 10-3 JEPPESEN .Eff.17.Apr. RAFSANJAN 260 RAF RAF N30 18.2 E056 03.3 DME Trans level: FL130 Trans alt: 11000' Apt Elev 5847' 4 APR 25 DRAF N30 18.2 E056 03.3"
548,True,OIKK,OIKY,True,10-9,True,Airport Diagram Chart (ADC),AIRPORT,AIRPORT,AIRPORT,96,REVIEW,True,header_icao_differs_from_index,Jeppesen_10_20_airport_series,True,False,True,False,False,612.0,792.0,4116,"ARP 3748m 13 129^ Elev 5808' 03^E Apt Elev SIRJAN, IRAN 5847' 10-9 SIRJAN 29-33 29-33 29-34 29-34 55-39 55-40 55-41 VOR Strolling dogs observed on the movement area. N29 33.1 E055 40.3 OIKY/SYJ"
549,True,OIKY,,False,10-9S,True,MINIMUMS,AIRPORT,AIRPORT,AIRPORT,96,MATCH,False,independently_consistent,Jeppesen_10_20_airport_series,True,False,True,False,False,612.0,792.0,2117,10-9S JEPPESEN 13 Continuous Descent Final Approach. 1 R1500m R1500m R2400m R2400m (792') (792') (792') (792') 6600' 6600' 6600' 6600' R1500m R1500m R2300m R2300m (492') (492') (492')
550,True,OIKY,,False,13-1,True,VOR Z RWY 13,APP,APP,APP,91,MATCH,False,independently_consistent,instrument_approach_header,True,False,True,False,False,612.0,792.0,5232,"7000 MISSED APCH: BRIEFING STRIP TM SIRJAN, IRAN 13-1 SIRJAN VOR SRJ 114.6 Final Apch Crs 136^ 6600'(792') Apt Elev Rwy 5847' 5808' MSA SRJ VOR 270^ 090^ 180^ Alt Set: hPa Rwy Elev: 195 hPa"
551,True,OIKY,,False,13-2,True,VOR Y RWY 13,APP,APP,APP,84,MATCH,False,independently_consistent,Jeppesen_approach_number_series,True,False,True,False,False,612.0,792.0,5583,"SIRJAN 114.6 SRJ D 135^ CAT A & S R J MISSED APCH: BRIEFING STRIP TM SIRJAN, IRAN 13-2 SIRJAN VOR SRJ 114.6 Final Apch Crs 135^ No FAF 6300'(492') Apt Elev Rwy 5847' 5808'"
552,True,OIKY,,False,13-3,True,VOR A,APP,APP,APP,84,MATCH,False,independently_consistent,Jeppesen_approach_number_series,True,False,True,False,False,612.0,792.0,6118,"7000 8000 8000 SIRJAN 114.6 SRJ DS R J MISSED APCH: BRIEFING STRIP TM SIRJAN, IRAN 13-3 SIRJAN VOR SRJ 114.6 Final Apch Crs 307^ MDA(H) 6600'(753') MSA SRJ VOR 270^ 090^ 180^ Alt Set: hPa"
553,True,OIMB,OIMB,False,,False,AIRPORT INFORMATION,AIRPORT,AIRPORT,AIRPORT,55,REVIEW,True,only_old_index_supports_category,prior_index_only,True,False,True,False,False,612.0,792.0,2022,"General Information Location: BIRJAND IRN ICAO/IATA: OIMB / XBJ Lat/Long: N32° 53.9', E059° 16.0' Elevation: 4979 ft Airport Use: Public Daylight Savings: Not Observed UTC Conversion: -3:30 = UTC Magnetic Variation: 3.0° E Fuel Types: Jet A-1 Customs: Yes Length x Width: 12457 ft x 148 ft Surface Type: asphalt TDZ-Elev: 4979 ft Lighting: Edge, ALS "
554,True,OIMB,OIMB,False,,False,AIRPORT INFORMATION,AIRPORT,AIRPORT,AIRPORT,55,REVIEW,True,only_old_index_supports_category,prior_index_only,True,False,True,False,False,612.0,792.0,1590,"General Information Location: BIRJAND IRN ICAO/IATA: OIMB / XBJ Lat/Long: N32° 53.9', E059° 16.0' Elevation: 4979 ft Airport Use: Public Daylight Savings: Not Observed UTC Conversion: -3:30 = UTC Magnetic Variation: 3.0° E Fuel Types: Jet A-1 Customs: Yes Length x Width: 12457 ft x 148 ft Surface Type: asphalt TDZ-Elev: 4979 ft Lighting: Edge, ALS "
555,True,OIMB,OIMB,False,10-2,True,"BOPEB 1N, ODBES 1N, TULKU 1N",STAR,STAR,STAR,98,MATCH,False,independently_consistent,printed_STAR_header,True,True,True,False,False,612.0,792.0,3448,"Apt Elev OIMB/XBJ .STAR. BIRJAND, IRAN BIRJAND 4979' JEPPESEN 13 FEB 26 BOPEB 173^ 25.3 10000 BOPEB 1N 8800T 10-2 .Eff.19.Feb. Alt Set: hPa Trans level: FL130 Trans alt: 11000' *ATIS 126.050 MSA BRN VOR 090^ 180^ 360^"
556,True,OIMB,OIMB,False,10-2A,True,"BOPEB 1P, ODBES 1P, TULKU 1P",STAR,STAR,STAR,98,MATCH,False,independently_consistent,printed_STAR_header,True,True,True,False,False,612.0,792.0,3998,"OIMB/XBJ .STAR. BIRJAND, IRAN BIRJAND JEPPESEN 13 FEB 26 BOPEB 173^ 25.3 10000 BOPEB 1P 10-2A .Eff.19.Feb. Apt Elev 4979' Alt Set: hPa Trans level: FL130 Trans alt: 11000' *ATIS 126.050 MSA BRN VOR 090^ 180^ 360^ 10,000"
557,True,OIMB,OIMB,False,10-2B,True,"BOPEB 1T, ODBES 1T, TULKU 1T",STAR,STAR,STAR,98,MATCH,False,independently_consistent,printed_STAR_header,True,True,True,False,False,612.0,792.0,3036,"OIMB/XBJ .STAR. BIRJAND, IRAN BIRJAND 1 BO 174^ BOPEB JEPPESEN 10-2B 13 FEB 26 .Eff.19.Feb. Apt Elev 4979' Alt Set: hPa Trans level: FL130 Trans alt: 11000' *ATIS 126.050 MSA BRN NDB 090^ 180^ 360^ 10,000 10,600"
558,True,OIMB,OIMB,False,10-3,True,"BOPEB 1B, ODBES 1B, ROSOS 1B, TULKU 1B",SID,SID,SID,98,MATCH,False,independently_consistent,printed_SID_header,True,True,True,False,False,612.0,792.0,3901,"Apt Elev OIMB/XBJ 10-3 BIRJAND, IRAN BIRJAND 4979' Trans level: FL130 Trans alt: 11000' .SID. JEPPESEN B BOPEB 13 FEB 26 .Eff.19.Feb. MSA BRN VOR 090^ 180^ 360^ 10,000 10,600 11,500 BOPEB 1B [BOPE1B] ODBES 1B [ODBE1B] ROSOS 1B [ROSO1B]"
559,True,OIMB,OIMB,False,10-3A,True,"BOPEB 1C, ODBES 1C, ROSOS 1C, TULKU 1C",SID,SID,SID,98,MATCH,False,independently_consistent,printed_SID_header,True,True,True,False,False,612.0,792.0,4059,"Apt Elev OIMB/XBJ BIRJAND, IRAN BIRJAND 4979' Trans level: FL130 Trans alt: 11000' .SID. JEPPESEN 26 JAN 18 BOPEB 1C BOPEB 10-3A 25 .Eff.1.Feb. MSA BRN VOR 090^ 180^ 360^ 10,000 10,600 11,500 NOT TO SCALE BOPEB 1C [BOPE1C]"
560,True,OIMB,OIMB,False,10-3B,True,TULKU 2A,SID,SID,SID,98,MATCH,False,independently_consistent,printed_SID_header,True,True,True,False,False,612.0,792.0,2246,"Apt Elev OIMB/XBJ BIRJAND, IRAN BIRJAND 4979' Trans level: FL130 Trans alt: 11000' .SID. JEPPESEN 26 JAN 18 10-3B .Eff.1.Feb. MSA BRN NDB 090^ 180^ 360^ 10,000 11,500 10,600 RWY 28 DEPARTURE TULKU 2A [TULK2A]"
561,True,OIMB,OIMB,False,10-9,True,Airport Diagram Chart (ADC),AIRPORT,AIRPORT,AIRPORT,96,MATCH,False,independently_consistent,Jeppesen_10_20_airport_series,True,False,True,False,False,612.0,792.0,6252,"7142'2177m 08 076^ 26 256^ 28 276^ 10 096^ Apt Elev BIRJAND, IRAN BIRJAND N32 53.9 E059 16.0 03^E 440' Stopway 134m Elev 4920' Elev 4979' NDB OIMB/XBJ 10-9"
562,True,OIMB,OIMB,False,10-9S,True,MINIMUMS,AIRPORT,AIRPORT,AIRPORT,96,MATCH,False,independently_consistent,Jeppesen_10_20_airport_series,True,False,True,False,False,612.0,792.0,2299,"10-9S JEPPESEN 1 .EASA.AIR.OPS. 1 1 ALS out ALS out 20 FEB 26 OIMB/XBJ BIRJAND, IRAN BIRJAND STRAIGHT-IN RWY D C B A 10 R1500m (730') R2400m 5650' 5650' 5650'"
563,True,OIMB,OIMB,False,13-1,True,VOR RWY 10,APP,APP,APP,84,MATCH,False,independently_consistent,Jeppesen_approach_number_series,True,False,True,False,False,612.0,792.0,7152,"6000 6000 6000 7000 7000 7000 7000 6000 6000 6000 6000 BIRJAND BRN OIMB/XBJ BIRJAND 13-1 BIRJAND, IRAN VOR BRN 117.45 Final Apch Crs 090^ D5.0"
564,True,OIMB,OIMB,False,13-2,True,VOR RWY 28,APP,APP,APP,84,MATCH,False,independently_consistent,Jeppesen_approach_number_series,True,False,True,False,False,612.0,792.0,7609,"6000 6000 7000 7000 6000 6000 6000 OIMB/XBJ BIRJAND 13-2 BIRJAND, IRAN VOR BRN 117.45 Final Apch Crs 280^ D6.5 6800'(1821') 5720'(741') Apt Elev 4979' MISSED APCH: BRIEFING STRIP TM JEPPESEN"
565,True,OIMB,,False,16-1,True,CHART PAGE 359,APP,APP,APP,84,MATCH,False,independently_consistent,Jeppesen_approach_number_series,True,False,True,False,False,612.0,792.0,6859,"6000 7000 7000 6000 6000 6000 7000 MISSED APCH: BRIEFING STRIP TM 16-1 BIRJAND BIRJAND, IRAN NDB BRN 405 270^ MDA(H) Apt Elev 4979' Climb on track 265^ to 8800', then turn RIGHT and rejoin holding at 10000'. Trans alt: 11000' Alt Set: hPa"
566,True,OIMB,,False,16-2,True,CHART PAGE 360,APP,APP,APP,84,MATCH,False,independently_consistent,Jeppesen_approach_number_series,True,False,True,False,False,612.0,792.0,6629,"6000 7000 7000 6000 6000 6000 7000 MISSED APCH: BRIEFING STRIP TM 16-2 BIRJAND BIRJAND, IRAN NDB BRN 405 270^ MDA(H) Apt Elev 4979' Climb on track 265^ to 8800', then turn RIGHT and rejoin holding at 10000'. Trans alt: 11000' Alt Set: hPa"
567,True,OIMJ,OIMJ,False,,False,AIRPORT INFORMATION,AIRPORT,AIRPORT,AIRPORT,88,MATCH,False,independently_consistent,airport_header,True,False,True,False,False,612.0,792.0,1795,"General Information Location: SHAHROUD IRN ICAO/IATA: OIMJ / RUD Lat/Long: N36° 25.5', E055° 06.2' Elevation: 4215 ft Airport Use: Public Daylight Savings: Not Observed UTC Conversion: -3:30 = UTC Magnetic Variation: 5.0° E Fuel Types: 100 Octane (LL), Jet A-1, Jet 4 Customs: No General Information Location: SHAHROUD IRN ICAO/IATA: OIMJ / RUD Lat/L"
568,True,OING,OING,False,10-2,True,"ITMEL 1N, ITMEL 1P",STAR,STAR,STAR,98,MATCH,False,independently_consistent,printed_STAR_header,True,False,True,False,False,612.0,792.0,4196,"GORGAN OING 180^ R H S V O R 10-2 .STAR. JEPPESEN Apt Elev Alt Set: hPa OIMJ/RUD SHAHROUD SHAHROUD, IRAN 4214 Trans level: FL140 50 45 .Eff.26.Dec. 13 DEC 24 121"
569,True,OIMJ,OIMJ,False,10-3,True,"ITMEL 1A, ITMEL 1B, ITMEL 1C",SID,SID,SID,96,MATCH,False,independently_consistent,Jeppesen_10-3_series,True,False,True,False,False,612.0,792.0,16530,"0 5 1 ^ 11,000 1 8 0 ^ 10,000 270^ 3 6 0 ^ 7000 6500 000 .1 SHR HROUD HR 10-3 JEPPESEN OIMJ/RUD"
570,True,OIMJ,,False,10-9,True,Airport Diagram Chart (ADC),AIRPORT,AIRPORT,AIRPORT,96,MATCH,False,independently_consistent,Jeppesen_10_20_airport_series,True,False,True,False,False,612.0,792.0,4574,"SHAHROUD, IRAN SHAHROUD N36 25.5 E055 06.3 4215' 124.350X 36-26 36-26 55-05 55-06 55-07 25 246^ 459' Stopway 140m 05^E Apt Elev 10-9 9974' 3040m Elev 4215' Elev 4214' JEPPESEN"
571,True,OIMJ,,False,13-1,True,VOR RWY 07,APP,APP,APP,84,MATCH,False,independently_consistent,Jeppesen_approach_number_series,True,True,True,False,False,612.0,792.0,5579,"5000 6000 7000 8000 9000 10000 MSA SHR VOR 13-1 SHAHROUD, IRAN SHAHROUD VOR SHR Final Apch Crs 055^ 4780'(565') Apt Elev: 145 hPa Alt Set: hPa MISSED APCH: BRIEFING STRIP TM *Ground 270^ 180^ 360^"
572,True,OIMM,OIMM,False,,False,AIRPORT INFORMATION,AIRPORT,AIRPORT,AIRPORT,55,REVIEW,True,only_old_index_supports_category,prior_index_only,True,False,True,False,False,612.0,792.0,2284,"General Information Location: MASHHAD IRN ICAO/IATA: OIMM / MHD Lat/Long: N36° 14.0', E059° 38.7' Elevation: 3266 ft Airport Use: Public Daylight Savings: Not Observed UTC Conversion: -3:30 = UTC Magnetic Variation: 4.0° E Fuel Types: 100 Octane (LL), Jet A-1 Customs: Yes Runway: 31R Length x Width: 12500 ft x 148 ft Surface Type: asphalt TDZ-Elev:"
573,True,OIMM,OIMM,False,,False,AIRPORT INFORMATION,AIRPORT,AIRPORT,AIRPORT,55,REVIEW,True,only_old_index_supports_category,prior_index_only,True,False,True,False,False,612.0,792.0,1957,"General Information Location: MASHHAD IRN ICAO/IATA: OIMM / MHD Lat/Long: N36° 14.0', E059° 38.7' Elevation: 3266 ft Airport Use: Public Daylight Savings: Not Observed UTC Conversion: -3:30 = UTC Magnetic Variation: 4.0° E Fuel Types: 100 Octane (LL), Jet A-1 Customs: Yes Runway: 31R Length x Width: 12500 ft x 148 ft Surface Type: asphalt TDZ-Elev:"
574,True,OIMM,,False,10-1P,False,AIRPORT BRIEFING,AIRPORT,AIRPORT,AIRPORT,96,MATCH,False,independently_consistent,Jeppesen_10_20_airport_series,True,False,True,False,False,612.0,792.0,2412,"JEPPESEN SHAHID HASHEMI NEJAD INTL 1. GENERAL ATIS 1.1. ATIS 126.4 RWY OPERATIONS 1.2. In weather conditions when the tail wind component is not greater than 8 KT on the main RWY 31R, this RWY will normally be used in preference to RWY 13L. TAXI PROCEDURES 1.3. Heavy ACFT is permitted to make 180^ turn only at the end of RWY in use. Ground Movement"
575,True,OIMM,,False,10-1P1,False,AIRPORT BRIEFING,AIRPORT,AIRPORT,AIRPORT,96,MATCH,False,independently_consistent,Jeppesen_10_20_airport_series,True,False,True,False,False,612.0,792.0,2170,"JEPPESEN SHAHID HASHEMI NEJAD INTL 3. DEPARTURE DE-ICING AND ANTI-ICING 3.1. De-icing/anti-icing is an off-stand service, except: - stands 101 and 103 which are provided by Iran air service provider; - stands 101 and 103 for heavy ACFT; - elsewhere in case of approval by ATC unit. De-icing/anti-icing service will be done in TWY C and C1 areas. STAR"
576,True,OIMM,,False,10-1R,False,RADAR MINIMUM ALTITUDES,AIRPORT,AIRPORT,AIRPORT,96,MATCH,False,independently_consistent,Jeppesen_10_20_airport_series,True,False,True,False,False,612.0,792.0,22939,090^ 060^ D70 D D 7 0 IRAN A F G H A N IS T A N TURKMANISTAN 114.0 MSD MASHHAD MSD D 11000
577,True,OIMM,OIMM,False,10-2,True,"BOTEK 2N, BOTEK 1P, BOTEK 2Q",STAR,STAR,STAR,98,MATCH,False,independently_consistent,printed_STAR_header,True,False,True,False,False,612.0,792.0,9379,"8600 1 8 V O R D S M 114.0 MSD MASHHAD MSD D 10-2 .STAR. JEPPESEN 50 45 OIMM/MHD SHAHID HASHEMI NEJAD INTL MASHHAD, IRAN Apt Elev ATIS 126.4"
578,True,OIMM,OIMM,False,10-2A,True,"TANBU 1N, TANBU 1P, TANBU 1Q",STAR,STAR,STAR,98,MATCH,False,independently_consistent,printed_STAR_header,True,False,True,False,False,612.0,792.0,10943,"60-30 R130 MSD OI(C)-78 MHA 8000 D16.0 MSD .STAR. JEPPESEN 50 45 OIMM/MHD SHAHID HASHEMI NEJAD INTL MASHHAD, IRAN Apt Elev ATIS 126.4 3266 10-2A 1 2 11 APR 25 .Eff.17.Apr. TANBU Alt Set: hPa Trans level: By ATC"
579,True,OIMM,OIMM,False,10-2B,True,"EMESA 2N, EMESA 2P, EMESA 2Q",STAR,STAR,STAR,98,MATCH,False,independently_consistent,printed_STAR_header,True,False,True,False,False,612.0,792.0,11504,"R130 8600 OIMM/MHD SHAHID HASHEMI NEJAD INTL JEPPESEN MASHHAD, IRAN .STAR. 35 40 45 10-2B Apt Elev ATIS 126.4 3266 11 APR 25 .Eff.17.Apr. Alt Set: hPa Trans level: By ATC MHA 8000 130^ 310^ D16.0 MSD (IAF) 7~P]"
580,True,OIMM,OIMM,False,10-2C,True,"LOSAN 2N, LOSAN 2P, LOSAN 2Q",STAR,STAR,STAR,98,MATCH,False,independently_consistent,printed_STAR_header,True,True,True,False,False,612.0,792.0,5145,"R309 180^ OIMM/MHD SHAHID HASHEMI NEJAD INTL JEPPESEN MASHHAD, IRAN .STAR. 35 40 45 10-2C Apt Elev ATIS 126.4 11 APR 25 3266 .Eff.17.Apr. Alt Set: hPa Trans level: By ATC (IAF) MHA 9500 309^ 129^ D18.0 MSD 9500"
581,True,OIMM,,False,10-2D,False,"MIDMO 2N, MIDMO 1P, MIDMO 2Q",STAR,STAR,STAR,98,MATCH,False,independently_consistent,printed_STAR_header,True,False,True,False,False,612.0,792.0,24202,TURKMENISTAN IRAN TURKMENISTAN IRAN 600 D S M V O R JEPPESEN .STAR. Apt Elev ATIS 126.4 3266 11 APR 25 .Eff.17.Apr. 130^ 310^ MSD (IAF) 1P
582,True,OIMM,,False,10-2E,True,"NOTSO 2N, NOTSO 1Q, NOTSO 2R",STAR,STAR,STAR,98,MATCH,False,independently_consistent,printed_STAR_header,True,False,True,False,False,612.0,792.0,23531,"JEPPESEN .STAR. Apt Elev ATIS 126.4 3266 11 APR 25 .Eff.17.Apr. HA 8000 Alt Set: hPa Trans level: By ATC 119 88 0-00 60-30 D INTL MASHHAD, IRAN 10-2E NOTSO 1Q [NOTS1Q] NOTSO 2N [NOTS2N] ARRIVALS ROUTING STAR NOTSO 2R [NOTS2R] NOTSO 2R"
583,True,OIMM,OIMM,False,10-2F,True,"RAMIL 2N, RAMIL 2Q, RAMIL 2R",STAR,STAR,STAR,98,MATCH,False,independently_consistent,printed_STAR_header,True,False,True,False,False,612.0,792.0,4418,"R309 180^ 11,800 OIMM/MHD SHAHID HASHEMI NEJAD INTL JEPPESEN MASHHAD, IRAN .STAR. 10-2F Apt Elev ATIS 126.4 50 26 SEP 25 3266 .Eff.2.Oct. Alt Set: hPa Trans level: By ATC 9500 MHA 9500 309^ 129^ (IAF) D18.0 MSD [D28~R]"
584,True,OIMM,OIMM,False,10-2G,True,"RIBUX 2N, RIBUX 2P, RIBUX 3Q",STAR,STAR,STAR,98,MATCH,False,independently_consistent,printed_STAR_header,True,False,True,False,False,612.0,792.0,10978,"R130 8600 OIMM/MHD SHAHID HASHEMI NEJAD INTL JEPPESEN MASHHAD, IRAN .STAR. 35 40 45 10-2G Apt Elev ATIS 126.4 3266 26 SEP 25 .Eff.2.Oct. Alt Set: hPa Trans level: By ATC D17~P] 8 00 0 MHA 8000 130^"
585,True,OIMM,OIMM,False,10-2H,True,PAMTU 1T,STAR,STAR,STAR,98,MATCH,False,independently_consistent,printed_STAR_header,True,False,True,False,False,612.0,792.0,3341,"TURKMENISTAN IRAN 180^ 11,800 OIMM/MHD SHAHID HASHEMI NEJAD INTL JEPPESEN MASHHAD, IRAN .STAR. 10-2H Apt Elev ATIS 126.4 3266 11 APR 25 .Eff.17.Apr. NOT AVAILABLE WHEN OI(D)-35, OI(D)-76 & OI(C)-78 ACTIVE Alt Set: hPa Trans level: By ATC 132 88 36-30 [PAMT1T] PAMTU 1T ARRIVAL (ALL RWYS)"
586,True,OIMM,OIMM,False,10-2J,True,"ALMUX 1N, ALMUX 1P, ALMUX 1Q",STAR,STAR,STAR,98,MATCH,False,independently_consistent,printed_STAR_header,True,False,True,False,False,612.0,792.0,11240,"OIMM/MHD SHAHID HASHEMI NEJAD INTL JEPPESEN MASHHAD, IRAN .STAR. 10-2J Apt Elev ATIS 126.4 3266 11 APR 25 .Eff.17.Apr. Alt Set: hPa Trans level: By ATC ALMUX 2 5 3 ^ 4 21 1 0 0 0"
587,True,OIMM,OIMM,False,10-2K,True,TANBU 1T,STAR,STAR,STAR,98,MATCH,False,independently_consistent,printed_STAR_header,True,False,True,False,False,612.0,792.0,2486,"180^ D S M N D B Apt Elev ATIS 126.4 3266 Alt Set: hPa Trans level: By ATC CAUTION: STAR penatrates OI(R)-10, OI(D)-35 & OI(C)-78. OIMM/MHD SHAHID HASHEMI NEJAD INTL JEPPESEN MASHHAD, IRAN .STAR. 10-2K 5 JUN 26 .Eff.11.Jun. 36-30 IRAN TURKMANISTAN"
588,True,OIMM,OIMM,False,10-3,True,"PAMTU 1A, PAMTU 1B, PAMTU 1D",SID,SID,SID,98,MATCH,False,independently_consistent,printed_SID_header,True,False,True,False,False,612.0,792.0,15278,"TU 10-3 JEPPESEN OIMM/MHD SHAHID HASHEMI NEJAD INTL MASHHAD, IRAN .SID. Apt Elev 3266 Trans alt: 12000 20 25 11 APR 25 .Eff.17.Apr. 338 450 675 900 1125 1350 Gnd speed-KT 75 100 150 200"
589,True,OIMM,OIMM,False,10-3A,True,"NOTSO 2A, NOTSO 1B, RAMIL 2A, RAMIL 1B",SID,SID,SID,98,MATCH,False,independently_consistent,printed_SID_header,True,True,True,False,False,612.0,792.0,4499,"8600 180^ 11,800 6000 9000 305^ 114.0 MSD MASHHAD MSD D OIMM/MHD SHAHID HASHEMI NEJAD INTL JEPPESEN MASHHAD, IRAN 35 40 45 10-3A Apt Elev Trans alt: 12000 3266 .SID. 11 APR 25 .Eff.17.Apr."
590,True,OIMM,OIMM,False,10-3B,True,"BOTEK 2A, BOTEK 1B",SID,SID,SID,98,MATCH,False,independently_consistent,printed_SID_header,True,False,True,False,False,612.0,792.0,10642,"8600 6000 9000 JEPPESEN OIMM/MHD SHAHID HASHEMI NEJAD INTL MASHHAD, IRAN .SID. Apt Elev 3266 Trans alt: 12000 20 25 14.0 MSD MASHHAD MSD OTEK 1B 10-3B 26 SEP 25 .Eff.2.Oct. BOTEK 1B [BOTE1B] BOTEK 2A [BOTE2A] DEPARTURES (ALL RWYS)"
591,True,OIMM,OIMM,False,10-3C,True,"MIDMO 2A, MIDMO 1B",SID,SID,SID,98,MATCH,False,independently_consistent,printed_SID_header,True,False,True,False,False,612.0,792.0,3480,"TURKMENISTAN IRAN OIMM/MHD SHAHID HASHEMI NEJAD INTL JEPPESEN MASHHAD, IRAN 10-3C Apt Elev Trans alt: 12000 3266 50 45 MIDMO .SID. 26 SEP 25 .Eff.2.Oct. MIDMO 2A: 125 124 37-00 FL160 (ALL RWYS) MIDMO 2A [MIDM2A], MIDMO 1B [MIDM1B] DEPARTURES"
592,True,OIMM,OIMM,False,10-3D,False,"EMESA 2A, EMESA 2B, LOSAN 1A, LOSAN 1B",SID,SID,SID,96,MATCH,False,independently_consistent,Jeppesen_10-3_series,True,True,True,False,False,612.0,792.0,3647,"8600 180^ 11,800 6000 6000 9000 238^ 203^ 305^ EMESA 2A LOSAN 1A 130^ EMESA 2B LOSAN 114.0 MSD MASHHAD MSD D 10093 OIMM/MHD SHAHID HASHEMI NEJAD INTL JEPPESEN MASHHAD, IRAN 35"
593,True,OIMM,OIMM,False,10-3E,True,"ORDOB 1A, ORDOB 1B, ORDOB 1C",SID,SID,SID,98,MATCH,False,independently_consistent,printed_SID_header,True,False,True,False,False,612.0,792.0,13326,"8600 1 8 0 ^ 800 3 6 0 ^ 6000 6000 8000 9000 JEPPESEN OIMM/MHD SHAHID HASHEMI NEJAD INTL MASHHAD, IRAN .SID. Apt Elev 3266 Trans alt: 12000 10-3E 114.0 MSD"
594,True,OIMM,OIMM,False,10-3F,True,"PAMTU 1F, PAMTU 1G, PAMTU 1K, PAMTU 1L",SID,SID,SID,98,MATCH,False,independently_consistent,printed_SID_header,True,False,True,False,False,612.0,792.0,16407,"U JEPPESEN OIMM/MHD SHAHID HASHEMI NEJAD INTL MASHHAD, IRAN .SID. Apt Elev 3266 Trans alt: 12000 20 25 10-3F 11 APR 25 .Eff.17.Apr. e when area OI(D)-35, OI(D)-76 and/or OI(C)-78 active. e when area OI(C)-78 active. 338 450 675 900 1125 1350 Gnd speed-KT 75 100"
595,True,OIMM,OIMM,False,10-3G,True,"NOTSO 1F, NOTSO 1G, NOTSO 1H, RAMIL 1F, RAMIL 1G",SID,SID,SID,96,MATCH,False,independently_consistent,Jeppesen_10-3_series,True,True,True,False,False,612.0,792.0,4693,"180^ NOTSO RAM 300 1500 375 500 750 1000 1250 Gnd speed-KT 75 100 150 200 250 300 FT/NM OIMM/MHD SHAHID HASHEMI NEJAD INTL JEPPESEN MASHHAD, IRAN 35 40 45 10-3G"
596,True,OIMM,OIMM,False,10-3H,True,"BOTEK 1F, BOTEK 1G",SID,SID,SID,98,MATCH,False,independently_consistent,printed_SID_header,True,False,True,False,False,612.0,792.0,11337,"8600 6000 JEPPESEN OIMM/MHD SHAHID HASHEMI NEJAD INTL MASHHAD, IRAN .SID. Apt Elev 3266 Trans alt: 12000 20 25 TEK 1G 10-3H 11 APR 25 .Eff.17.Apr. BOTEK 1G [BOTE1G] BOTEK 1F [BOTE1F] DEPARTURES (ALL RWYS)"
597,True,OIMM,OIMM,False,10-3J,True,"MIDMO 1F, MIDMO 1G",SID,SID,SID,98,MATCH,False,independently_consistent,printed_SID_header,True,True,True,False,False,612.0,792.0,3233,"MIDMO MIDMO 1F: OIMM/MHD SHAHID HASHEMI NEJAD INTL JEPPESEN MASHHAD, IRAN 10-3J Apt Elev Trans alt: 12000 3266 35 40 45 8305 .SID. 11 APR 25 .Eff.17.Apr. FL160 (ALL RWYS) NOT TO SCALE MIDMO 1F [MIDM1F], MIDMO 1G [MIDM1G] DEPARTURES"
598,True,OIMM,OIMM,False,10-3K,True,"ALMUX 1A, ALMUX 1B",SID,SID,SID,98,MATCH,False,independently_consistent,printed_SID_header,True,True,True,False,False,612.0,792.0,2713,"180^ OIMM/MHD SHAHID HASHEMI NEJAD INTL JEPPESEN MASHHAD, IRAN 10-3K Apt Elev Trans alt: 12000 3266 .SID. 11 APR 25 .Eff.17.Apr. 5253 20 25 DEPARTURES (ALL RWYS) ALMUX 1A [ALMU1A] ALMUX 1B [ALMU1B] CONTOUR INTERVALS 7000 5000"
599,True,OIMM,OIMM,False,10-3L,True,"TANBU 1A, TANBU 1B",SID,SID,SID,98,MATCH,False,independently_consistent,printed_SID_header,True,True,True,False,False,612.0,792.0,2774,"180^ OIMM/MHD SHAHID HASHEMI NEJAD INTL JEPPESEN MASHHAD, IRAN 10-3L Apt Elev Trans alt: 12000 3266 .SID. 11 APR 25 .Eff.17.Apr. 5253 20 25 DEPARTURES (ALL RWYS) TANBU 1A [TANB1A] TANBU 1B [TANB1B] CONTOUR INTERVALS 7000 5000"
600,True,OIMM,OIMM,False,10-3M,True,"TANBU 1F, TANBU 1K",SID,SID,SID,98,MATCH,False,independently_consistent,printed_SID_header,True,True,True,False,False,612.0,792.0,2997,"180^ OIMM/MHD SHAHID HASHEMI NEJAD INTL JEPPESEN MASHHAD, IRAN 10-3M Apt Elev Trans alt: 12000 3266 .SID. 20 25 5 JUN 26 .Eff.11.Jun. CAUTION: SIDs penatrates OI(R)-10, OI(D)-35 & OI(C)-78. 5253 DEPARTURES (ALL RWYS) TANBU 1F [TANB1F] TANBU 1K [TANB1K]"
601,True,OIMM,OIMM,False,10-9,True,Airport Diagram Chart (ADC),AIRPORT,AIRPORT,AIRPORT,96,MATCH,False,independently_consistent,Jeppesen_10_20_airport_series,True,False,True,False,False,612.0,792.0,5384,"Apt Elev 10-9 MASHHAD, IRAN N36 14.1 E059 38.7 3266' 126.4 SHAHID HASHEMI NEJAD INTL OIMM/MHD JEPPESEN Tower 118.1 ATIS 121.7 121.9 *MASHHAD Ground .Eff.17.Apr. 11 APR 25 04^E L M K H IRIAF APRON 3234'"
602,True,OIMM,OIMM,False,10-9A,True,ADDITIONAL RUNWAY INFORMATION,AIRPORT,AIRPORT,AIRPORT,96,MATCH,False,independently_consistent,Jeppesen_10_20_airport_series,True,False,True,False,False,612.0,792.0,3101,"11,348' 3459m MASHHAD, IRAN SHAHID HASHEMI NEJAD INTL OIMM/MHD JEPPESEN (60m) (60m) 1 2 1 2 .Eff.17.Apr. 11 APR 25 10-9A From rwy head RWY 13L: 12,500' (3810m) TAKE-OFF RUN AVAILABLE From rwy head RWY 31R: 12,500' (3810m) (60m) (60m) 4 4"
603,True,OIMM,OIMM,False,10-9B,False,HOT SPOTS,AIRPORT,AIRPORT,AIRPORT,96,MATCH,False,independently_consistent,Jeppesen_10_20_airport_series,True,False,True,False,False,612.0,792.0,5779,"OIMM/MHD JEPPESEN MASHHAD, IRAN SHAHID HASHEMI NEJAD INTL 112 114 117 137 130 135 133 131 129 127 122 124 126 128 116 118 120 125 123 121"
604,True,OIMM,,False,10-9S,True,MINIMUMS,AIRPORT,AIRPORT,AIRPORT,96,MATCH,False,independently_consistent,Jeppesen_10_20_airport_series,True,False,True,False,False,612.0,792.0,4247,10-9S JEPPESEN 1 1 2 2 2 2 1 .EASA.AIR.OPS. 5 JUN 26 .Eff.11.Jun. 1 2 2 NOT APPLICABLE NOT APPLICABLE STRAIGHT-IN RWY D C B A
605,True,OIMM,,False,11-1,True,ILS Z OR LOC Z RWY 31R,APP,APP,APP,84,MATCH,False,independently_consistent,Jeppesen_approach_number_series,True,False,True,False,False,612.0,792.0,6940,"OI(R)-1 OI(R)-13 4000 MISSED APCH: BRIEFING STRIP TM 11-1 126.4 127.3 LOC IMSD 109.9 309^ 5000' ILS DA(H) 3460'(200') Apt Elev 3266' 3260' Rwy MSA MSD VOR (1740') MASHHAD, IRAN"
606,True,OIMM,,False,11-2,True,ILS Y OR LOC Y RWY 31R,APP,APP,APP,84,MATCH,False,independently_consistent,Jeppesen_approach_number_series,True,True,True,False,False,612.0,792.0,7035,"OI(R)-1 OI(R)-13 MISSED APCH: BRIEFING STRIP TM 11-2 126.4 127.3 LOC IMSD 109.9 309^ 5000' ILS DA(H) 3460'(200') Apt Elev 3266' 3260' Rwy MSA MSD VOR (1740') MASHHAD, IRAN D5.2 IMSD"
607,True,OIMM,,False,11-3,True,ILS X OR LOC X RWY 31R CAT C & D,APP,APP,APP,84,MATCH,False,independently_consistent,Jeppesen_approach_number_series,True,True,True,False,False,612.0,792.0,7605,OI(R)-1 OI(R)-13 310^ MHA 11000 113^ 385 MSD MASHHAD MSD MISSED APCH: BRIEFING STRIP TM 11-3 126.4 127.3 LOC IMSD 109.9 309^ 5000' ILS DA(H) 3460'(200') Apt Elev 3266'
608,True,OIMM,OIMM,False,13-1,True,VOR Z RWY 13L,APP,APP,APP,84,MATCH,False,independently_consistent,Jeppesen_approach_number_series,True,True,True,False,False,612.0,792.0,6985,"4000 5000 MISSED APCH: BRIEFING STRIP TM 13-1 MASHHAD, IRAN 126.4 127.3 VOR MSD 114.0 129^ Apt Elev D6.0 4800'(1572') 3266' 3228' 3970'(742') SHAHID HASHEMI NEJAD INTL Alt Set: hPa Rwy Elev: 113 hPa Trans level: By ATC OIMM/MHD"
609,True,OIMM,,False,13-2,True,VOR Y RWY 13L,APP,APP,APP,84,MATCH,False,independently_consistent,Jeppesen_approach_number_series,True,False,True,False,False,612.0,792.0,7314,"309^ 4000 400 5000 MISSED APCH: BRIEFING STRIP TM 13-2 MASHHAD, IRAN 126.4 127.3 VOR MSD 114.0 129^ Apt Elev D6.0 4800'(1572') 3266' 3228' 3970'(742') (IF) SHAHID HASHEMI NEJAD INTL Alt Set: hPa"
610,True,OIMM,,False,13-3,True,VOR Z RWY 31R,APP,APP,APP,84,MATCH,False,independently_consistent,Jeppesen_approach_number_series,True,False,True,False,False,612.0,792.0,5715,"OI(R)-1 OI(R)-13 4000 13-3 MASHHAD, IRAN MASHHAD Tower MISSED APCH: BRIEFING STRIP TM 126.4 127.3 VOR MSD 114.0 310^ 3810'(544') Apt Elev 3266' MSA MSD VOR D5.0 4900'(1634') Final Apch Crs 10 SHAHID HASHEMI NEJAD INTL"
611,True,OIMM,OIMM,False,13-4,True,VOR Y RWY 31R,APP,APP,APP,84,MATCH,False,independently_consistent,Jeppesen_approach_number_series,True,False,True,False,False,612.0,792.0,6619,"OI(R)-1 OI(R)-13 4000 4000 4000 13-4 MASHHAD, IRAN 126.4 MASHHAD Tower 127.3 BRIEFING STRIP TM 310^ MISSED APCH: 10 VOR MSD 114.0 Apt Elev 3266' SHAHID HASHEMI NEJAD INTL Final Apch Crs OIMM/MHD JEPPESEN"
612,True,OIMM,,False,16-1,True,NDB RWY 31L,APP,APP,APP,84,MATCH,False,independently_consistent,Jeppesen_approach_number_series,True,False,True,False,False,612.0,792.0,6250,"OI(R)-1 OI(R)-13 4000 4000 MISSED APCH: BRIEFING STRIP TM 16-1 MASHHAD, IRAN 126.4 MASHHAD Tower 127.3 NDB MSD 385 295^ No FAF Apt Elev 3266' then turn RIGHT to rejoin holding at 7500'. Turn RIGHT onto track 325^ climbing to 5500', Final Apch Crs 10 4020'(754')"
613,True,OIMM,,False,16-2,True,NDB RWY 31R,APP,APP,APP,84,MATCH,False,independently_consistent,Jeppesen_approach_number_series,True,False,True,False,False,612.0,792.0,6441,"OI(R)-1 OI(R)-13 4000 4000 MISSED APCH: BRIEFING STRIP TM 16-2 MASHHAD, IRAN 126.4 MASHHAD Tower 127.3 NDB MSD 385 295^ No FAF Apt Elev 3266' then turn RIGHT to rejoin holding at 7500'. Turn RIGHT onto track 325^ climbing to 5500', Final Apch Crs 10 4020'(754')"
614,True,OIMM,,False,16-3,True,CHART PAGE 403,APP,APP,APP,84,MATCH,False,independently_consistent,Jeppesen_approach_number_series,True,False,True,False,False,612.0,792.0,6122,"4000 4000 10 MISSED APCH: BRIEFING STRIP TM 16-3 MASHHAD, IRAN MASHHAD Tower 126.4 127.3 NDB MSD 385 MDA(H) Apt Elev 3266' Turn LEFT onto track 120^ climbing to 5500', then turn LEFT to rejoin holding at 7000'. No FAF 4200'(934') 140^ Final Apch Crs SHAHID HASHEMI NEJAD INTL"
615,True,OIMN,OIMN,False,,False,AIRPORT INFORMATION,AIRPORT,AIRPORT,AIRPORT,88,MATCH,False,independently_consistent,airport_header,True,False,True,False,False,612.0,792.0,1857,"General Information Location: BOJNORD IRN ICAO/IATA: OIMN / BJB Lat/Long: N37° 29.3', E057° 18.4' Elevation: 3567 ft Airport Use: Public Daylight Savings: Not Observed UTC Conversion: -3:30 = UTC Magnetic Variation: 5.0° E Fuel Types: Jet A-1 Customs: Yes Bojnord Information: 121.900 AFIS General Information Location: BOJNORD IRN ICAO/IATA: OIMN / "
616,True,OIMN,OIMN,False,,False,AIRPORT INFORMATION,AIRPORT,AIRPORT,AIRPORT,88,MATCH,False,independently_consistent,airport_header,True,False,True,False,False,612.0,792.0,1249,"General Information Location: BOJNORD IRN ICAO/IATA: OIMN / BJB Lat/Long: N37° 29.3', E057° 18.4' Elevation: 3567 ft Airport Use: Public Daylight Savings: Not Observed UTC Conversion: -3:30 = UTC Magnetic Variation: 5.0° E Fuel Types: Jet A-1 Customs: Yes Bojnord Information: 121.900 AFIS Bojnord Information: 121.900 AFIS Airport Information For OI"
617,True,OIMN,OIMN,False,10-2,True,"SILPO 1N, TULER 1N, EGLUL 1N, RIBOB 1N",STAR,STAR,STAR,98,MATCH,False,independently_consistent,printed_STAR_header,True,False,True,False,False,612.0,792.0,7529,"10-2 .STAR. JEPPESEN Apt Elev OIMN/BJB BOJNORD BOJNORD, IRAN 3567' SILPO 11500 SILPO 1N 300^ [EGLU1N] [RIBO1N] [SILP1N] [TULE1N] Alt Set: hPa Trans level: FL130 Trans alt: 11000' Actual descent clearance will be as directed by ATC 13.9 .Eff.21.Jun. 15 JUN 18 BRD MSA BRD VOR"
618,True,OIMN,OIMN,False,10-3,True,"EGLUL 2A, EGLUL 2B",SID,SID,SID,98,MATCH,False,independently_consistent,printed_SID_header,True,True,True,False,False,612.0,792.0,4066,"10-3 JEPPESEN Apt Elev OIMN/BJB BOJNORD BOJNORD, IRAN 3567' Trans level: FL130 Trans alt: 11000' .SID. BOJNORD 114.8 BRD BRD N37 29.7 E057 19.4 .Eff.21.Jun. D [EGLU2B] [EGLU2A] At or above 6000' EGLUL 2A EGLUL 2B 15 JUN 18 MSA BRD VOR"
619,True,OIMN,OIMN,False,10-3A,True,"RIBOB 2A, RIBOB 2B",SID,SID,SID,98,MATCH,False,independently_consistent,printed_SID_header,True,True,True,False,False,612.0,792.0,4407,"BOJNORD 114.8 BRD BRD N37 29.7 E057 19.4 D JEPPESEN Apt Elev OIMN/BJB BOJNORD BOJNORD, IRAN 3567' Trans level: FL130 Trans alt: 11000' .SID. .Eff.21.Jun. 10-3A [RIBO2B] [RIBO2A] At 9000' RIBOB 2B At or above 6000' RIBOB 2A 11500' On return"
620,True,OIMN,OIMN,False,10-3B,True,"SILPO 2A, SILPO 2B",SID,SID,SID,98,MATCH,False,independently_consistent,printed_SID_header,True,True,True,False,False,612.0,792.0,3255,"JEPPESEN Apt Elev OIMN/BJB BOJNORD BOJNORD, IRAN 3567' Trans level: FL130 Trans alt: 11000' .SID. BOJNORD 114.8 BRD BRD N37 29.7 E057 19.4 .Eff.21.Jun. D At 5500' 10-3B At or above 6000' [SILP2A] [SILP2B] 15 JUN 18 MSA BRD VOR 090^"
621,True,OIMN,OIMN,False,10-3C,True,"TULER 1A, TULER 1B",SID,SID,SID,98,MATCH,False,independently_consistent,printed_SID_header,True,True,True,False,False,612.0,792.0,4435,"JEPPESEN Apt Elev OIMN/BJB BOJNORD BOJNORD, IRAN 3567' Trans level: FL130 Trans alt: 11000' .SID. BOJNORD 114.8 BRD BRD N37 29.7 E057 19.4 .Eff.21.Jun. D At 5500' 10-3C [TULE1A] [TULE1B] At or above 6000' TULER 1A At or above 7500' TULER 1B"
622,True,OIMN,OIMN,False,10-9,True,Airport Diagram Chart (ADC),AIRPORT,AIRPORT,AIRPORT,96,MATCH,False,independently_consistent,Jeppesen_10_20_airport_series,True,False,True,False,False,612.0,792.0,5206,"Apt Elev BOJNORD, IRAN BOJNORD 05^E VOR 10-9 OIMN/BJB 118.2 121.9 Elev 3457' JEPPESEN 63m 207' Stopway A 37-30 37-30 57-17 57-18 57-19 57-20 *BOJNORD Information (AFIS) 10 OCT 25"
623,True,OIMN,,False,11-1,True,APPROACH 11-1,APP,APP,APP,84,MATCH,False,independently_consistent,Jeppesen_approach_number_series,True,False,True,False,False,612.0,792.0,8499,"4000 4000 4000 5000 5000 5000 5000 5000 5000 6000 4000 D12.0 BOJNORD 11-1 BOJNORD, IRAN LOC IBRD 246^ MDA(H) 270^ 090^ 180^ Alt Set: hPa Trans alt: 11000'"
624,True,OIMN,OIMN,False,13-1,True,CHART PAGE 413,APP,APP,APP,84,MATCH,False,independently_consistent,Jeppesen_approach_number_series,True,False,True,False,False,612.0,792.0,6923,"500 5000 6000 4000 BOJNORD 13-1 BOJNORD, IRAN VOR BRD 245^ MDA(H) 270^ 090^ 180^ Alt Set: hPa Trans alt: 11000' MISSED APCH: BRIEFING STRIP TM Final Apch Crs 10 OIMN/BJB 118.2"
625,True,OIMN,OIMN,False,13-2,True,CHART PAGE 414,APP,APP,APP,84,MATCH,False,independently_consistent,Jeppesen_approach_number_series,True,False,True,False,False,612.0,792.0,6496,"500 5000 6000 4000 BOJNORD 13-2 BOJNORD, IRAN VOR BRD 245^ MDA(H) 270^ 090^ 180^ Alt Set: hPa Trans alt: 11000' MISSED APCH: BRIEFING STRIP TM Final Apch Crs 10 OIMN/BJB 118.2"
626,True,OIMN,,False,16-1,True,CHART PAGE 415,APP,APP,APP,84,MATCH,False,independently_consistent,Jeppesen_approach_number_series,True,False,True,False,False,612.0,792.0,6922,"6000 5000 4000 4000 5000 MISSED APCH CLIMB GRADIENT MIM 4.1% MSA BRD NDB 4^ 240^ BOJNORD 16-1 BOJNORD, IRAN *BOJNORD Information NDB BRD 346 240^ Minimum Alt MDA(H) 270^ 090^ 180^"
627,True,OIMN,,False,16-2,True,CHART PAGE 416,APP,APP,APP,84,MATCH,False,independently_consistent,Jeppesen_approach_number_series,True,False,True,False,False,612.0,792.0,7206,"6000 5000 4000 4000 5000 MISSED APCH CLIMB GRADIENT MIM 4.1% 240^ BOJNORD 16-2 BOJNORD, IRAN *BOJNORD Information NDB BRD 346 240^ Minimum Alt MDA(H) 270^ 090^ 180^ No FAF Alt Set: hPa Trans level: FL 130"
628,True,OIMS,OIMS,False,,False,AIRPORT INFORMATION,AIRPORT,AIRPORT,AIRPORT,88,MATCH,False,independently_consistent,airport_header,True,False,True,False,False,612.0,792.0,1711,"General Information Location: SABZEVAR IRN ICAO/IATA: OIMS / AFZ Lat/Long: N36° 10.1', E057° 35.8' Elevation: 3010 ft Airport Use: Public Daylight Savings: Not Observed UTC Conversion: -3:30 = UTC Magnetic Variation: 4.0° E Fuel Types: Jet A-1 Customs: Yes General Information Location: SABZEVAR IRN ICAO/IATA: OIMS / AFZ Lat/Long: N36° 10.1', E057° "
629,True,OIMS,OIMS,False,10-2,True,"BONEM 1A, BONEM 1B",STAR,STAR,STAR,98,MATCH,False,independently_consistent,printed_STAR_header,True,False,True,False,False,612.0,792.0,7679,"Apt Elev 10-2 SABZEVAR SABZEVAR, IRAN 3010' .STAR. OIMS/AFZ JEPPESEN .Eff.4.Nov. Alt Set: hPa Trans level: FL100 Trans alt: 8000' Actual descent clearance will be as directed by ATC. 29 OCT 21 MHA 8000 MSA 090^ 180^ 310^ SBZ VOR 10,400 8000 10,300 271^ BONEM 1A [BONE1A] BONEM 1B [BONE1B]"
630,True,OIMS,OIMS,False,10-2A,True,BONEM 1C,STAR,STAR,STAR,98,MATCH,False,independently_consistent,printed_STAR_header,True,True,True,False,False,612.0,792.0,2840,"Apt Elev SABZEVAR SABZEVAR, IRAN 3010' .STAR. 10-2A JEPPESEN .Eff.4.Nov. BONEM OIMS/AFZ Actual descent clearance will be as directed by ATC. Alt Set: hPa Trans level: FL100 Trans alt: 8000' 29 OCT 21 MSA 090^ 180^ 310^ SBZ NDB 10,400 10,300 8000 BONEM 1C [BONE1C] ARRIVALS (RWYS 09, 27)"
631,True,OIMS,OIMS,False,10-3,True,"BONEM 1A, BONEM 1B",SID,SID,SID,98,MATCH,False,independently_consistent,printed_SID_header,True,True,True,False,False,612.0,792.0,2520,"BONEM Apt Elev .SID. 10-3 SABZEVAR SABZEVAR, IRAN Trans level: FL100 Trans alt: 8000' 3010' JEPPESEN OIMS/AFZ 29 OCT 21 .Eff.4.Nov. MSA 090^ 180^ 310^ SBZ VOR 10,400 8000 10,300 BONEM 1A [BONE1A] BONEM 1B [BONE1B] DEPARTURES (ALL RWYS)"
632,True,OIMS,,False,10-9,True,Airport Diagram Chart (ADC),AIRPORT,AIRPORT,AIRPORT,96,MATCH,False,independently_consistent,Jeppesen_10_20_airport_series,True,False,True,False,False,612.0,792.0,3568,"Apt Elev 3010' N36 10.1 E057 35.8 SABZEVAR, IRAN SABZEVAR 10-9 04^E 36-10 36-10 36-11 36-11 57-35 57-36 57-37 09 27 091^ 10,423' 3177m NDB VOR 121.9 Elev 2975' JEPPESEN MET"
633,True,OIMS,OIMS,False,10-9S,True,MINIMUMS,AIRPORT,AIRPORT,AIRPORT,96,MATCH,False,independently_consistent,Jeppesen_10_20_airport_series,True,False,True,False,False,612.0,792.0,3314,10-9S JEPPESEN 1 1 1 2 .EASA.AIR.OPS. 2 7 OCT 22 STRAIGHT-IN RWY D C B A OIMS/AFZ (345') VOR DME (522') (522') (522') (522') (345') (345') (345')
634,True,OIMS,,False,13-1,True,VOR DME RWY 09,APP,APP,APP,91,MATCH,False,independently_consistent,instrument_approach_header,True,False,True,False,False,612.0,792.0,5648,"4000 5000 5000 4000 SABZEVAR 117.0 SBZ D MISSED APCH: BRIEFING STRIP TM SABZEVAR 13-1 SABZEVAR, IRAN VOR DME Rwy 09 121.9 VOR SBZ 117.0 S B Z Final Apch Crs 091^ D4.0 4400'(1425')"
635,True,OIMS,,False,13-2,True,VOR DME RWY 27,APP,APP,APP,91,MATCH,False,independently_consistent,instrument_approach_header,True,False,True,False,False,612.0,792.0,6392,"4000 5000 5000 5000 4000 4000 SABZEVAR 117.0 SBZ D MISSED APCH: BRIEFING STRIP TM SABZEVAR 13-2 SABZEVAR, IRAN VOR DME Rwy 27 121.9 VOR SBZ 117.0 S B Z Final Apch Crs 271^"
636,True,OIMS,,False,16-1,True,NDB RWY 09,APP,APP,APP,84,MATCH,False,independently_consistent,Jeppesen_approach_number_series,True,False,True,False,False,612.0,792.0,6275,"4000 5000 5000 5000 5000 4000 MISSED APCH: BRIEFING STRIP TM SABZEVAR 16-1 SABZEVAR, IRAN 121.9 NDB SBZ Final Apch Crs 084^ 3360'(385') Apt Elev Rwy 3010' 2975' 310^ 090^"
637,True,OIMS,,False,16-2,True,NDB RWY 27,APP,APP,APP,84,MATCH,False,independently_consistent,Jeppesen_approach_number_series,True,False,True,False,False,612.0,792.0,6035,"4000 5000 5000 5000 5000 4000 MISSED APCH: BRIEFING STRIP TM SABZEVAR 16-2 SABZEVAR, IRAN 121.9 NDB SBZ Final Apch Crs 277^ 3950'(952') Apt Elev Rwy 3010' 2998' 310^ 090^"
638,True,OIMT,OIMT,False,,False,AIRPORT INFORMATION,AIRPORT,AIRPORT,AIRPORT,88,MATCH,False,independently_consistent,airport_header,True,False,True,False,False,612.0,792.0,1727,"General Information Location: TABAS IRN ICAO/IATA: OIMT / TCX Lat/Long: N33° 40.1', E056° 53.6' Elevation: 2251 ft Airport Use: Public Daylight Savings: Not Observed UTC Conversion: -3:30 = UTC Magnetic Variation: 4.0° E Fuel Types: Jet A-1 Customs: No General Information Location: TABAS IRN ICAO/IATA: OIMT / TCX Lat/Long: N33° 40.1', E056° 53.6' E"
639,True,OIMT,OIMT,False,10-2,True,"ALMUD 1N, PATEN 1N",STAR,STAR,STAR,98,MATCH,False,independently_consistent,printed_STAR_header,True,True,True,False,False,612.0,792.0,3233,".STAR. JEPPESEN Apt Elev OIMT/TCX TABAS, IRAN 2251' TABAS Actual descent clearance will be as directed by ATC. PATEN N34 08.4 E057 23.6 10-2 .Eff.15.Oct. 2 OCT 15 [PATE1N] [ALMU1N] Alt Set: hPa Trans level: FL120 Trans alt: 10000' 27.5 000 218^ N 1N MSA TBS VOR 090^ 180^"
640,True,OIMT,OIMT,False,10-3,True,"ALMUD 1A, ALMUD 1B, PATEN 1A, PATEN 1B",SID,SID,SID,98,MATCH,False,independently_consistent,printed_SID_header,True,True,True,False,False,612.0,792.0,3919,"PATEN N34 08.4 E057 23.6 Apt Elev .SID. OIMT/TCX 2251' TABAS, IRAN TABAS JEPPESEN 4500' At 1B .Eff.15.Oct. 10-3 2 OCT 15 Trans level: FL120 Trans alt: 10000' MSA 180^ 270^ 360^ 090^ 9000' 10,100' 11,600'"
641,True,OIMT,OIMT,False,10-3A,True,"ALMUD 1C, ALMUD 1D, PATEN 1C, PATEN 1D",SID,SID,SID,98,MATCH,False,independently_consistent,printed_SID_header,True,True,True,False,False,612.0,792.0,4063,"4500' At PATEN N34 08.4 E057 23.6 Apt Elev .SID. OIMT/TCX 2251' TABAS, IRAN TABAS JEPPESEN 1D .Eff.15.Oct. 2 OCT 15 Trans level: FL120 Trans alt: 10000' 10-3A MSA 180^ 270^ 360^ 090^ 9000' 10,100' 11,600'"
642,True,OIMB,OIMB,False,10-9,False,Airport Diagram Chart (ADC),AIRPORT,AIRPORT,AIRPORT,96,MATCH,False,independently_consistent,Jeppesen_10_20_airport_series,True,False,True,False,False,612.0,792.0,4235,Apt Elev 04^E 33-40 33-40 33-41 33-41 56-52 56-53 56-54 56-55 15 147^ 98 JEPPESEN Control Tower VOR ARP Domestic Terminal 3 MAR 23 PPR at least 72H before EOBT from OIMB APT. Strolling animals exist on the movement area.
643,True,OIMT,,False,10-9S,True,MINIMUMS,AIRPORT,AIRPORT,AIRPORT,96,MATCH,False,independently_consistent,Jeppesen_10_20_airport_series,True,False,True,False,False,612.0,792.0,3147,10-9S JEPPESEN 33 3 MAR 23 1 1 NDB NOT APPLICABLE NOT APPLICABLE 3260' R4900m (1009') 3260'(1009') R4900m R1500m R1500m R1600m R1600m (439') (439') (439') (439') 2690' 2690'
644,True,OIMT,OIMT,False,13-1,True,VOR DME RWY 33 CAT C & D,APP,APP,APP,84,MATCH,False,independently_consistent,Jeppesen_approach_number_series,True,False,True,False,False,612.0,792.0,6895,"3000 6000 7000 7000 7000 400 13-1 TABAS, IRAN TABAS TBS Final Apch Crs 331^ D5.0 3600'(1349') VOR MISSED APCH: OIMT/TCX BRIEFING STRIP TM 2690'(439') Alt Set: hPa Apt Elev: 80 hPa *Ground"
645,True,OIMT,OIMT,False,13-2,True,VOR DME RWY 33 CAT A & B,APP,APP,APP,84,MATCH,False,independently_consistent,Jeppesen_approach_number_series,True,False,True,False,False,612.0,792.0,6628,"6000 7000 7000 7000 3000 4 13-2 TABAS, IRAN TABAS TBS Final Apch Crs 331^ D5.0 3600'(1349') VOR MISSED APCH: OIMT/TCX BRIEFING STRIP TM 2690'(439') Alt Set: hPa Apt Elev: 80 hPa *Ground"
646,True,OIMT,OIMT,False,13-3,True,APPROACH 13-3,APP,APP,APP,84,MATCH,False,independently_consistent,Jeppesen_approach_number_series,True,False,True,False,False,612.0,792.0,7151,"4000 7000 3000 13-3 TABAS, IRAN TABAS TBS Final Apch Crs 136^ D5.0 4000'(1749') VOR MISSED APCH: OIMT/TCX BRIEFING STRIP TM MDA(H) Alt Set: hPa Apt Elev: 80 hPa *Ground 121.6 JEPPESEN 113.0"
647,True,OIMT,OIMT,False,13-4,True,APPROACH 13-4,APP,APP,APP,84,MATCH,False,independently_consistent,Jeppesen_approach_number_series,True,False,True,False,False,612.0,792.0,6761,"4000 7000 3000 13-4 TABAS, IRAN TABAS TBS Final Apch Crs 136^ D5.0 4000'(1749') VOR MISSED APCH: OIMT/TCX BRIEFING STRIP TM MDA(H) Alt Set: hPa Apt Elev: 80 hPa *Ground 121.6 JEPPESEN 113.0"
648,True,OIMT,OIMT,False,16-1,False,NDB RWY 33 CAT C & D,APP,APP,APP,84,MATCH,False,independently_consistent,Jeppesen_approach_number_series,True,False,True,False,False,612.0,792.0,6896,"5000 6000 7000 7000 3000 4000 MISSED APCH: BRIEFING STRIP TM OIMT/TCX NDB TBS 395 337^ 3260' TABAS 395 TBS T B S *Ground 121.6 (1009') Turn LEFT on 270^ climbing to 5500', then turn LEFT and rejoin holding at 8000'. 173^"
649,True,OIMT,OIMT,False,16-2,False,APPROACH 16-2,APP,APP,APP,84,MATCH,False,independently_consistent,Jeppesen_approach_number_series,True,False,True,False,False,612.0,792.0,6099,"6000 7000 7000 3000 MISSED APCH: BRIEFING STRIP TM OIMT/TCX NDB TBS 395 Final Apch Crs 337^ No FAF 10 MDA(H) 4120'(1869') *Ground 121.6 Turn LEFT on 270^ climbing to 6000', then turn LEFT and rejoin holding at 8000'. 169^ 3"
650,True,OINE,OINE,False,,False,AIRPORT INFORMATION,AIRPORT,AIRPORT,AIRPORT,88,MATCH,False,independently_consistent,airport_header,True,False,True,False,False,612.0,792.0,1607,"General Information Location: KALALEH IRN ICAO/IATA: OINE / KLM Lat/Long: N37° 22.5', E055° 27.1' Elevation: 433 ft Airport Use: Public Daylight Savings: Not Observed UTC Conversion: -3:30 = UTC Magnetic Variation: 5.0° E Customs: No Airport Type: IFR General Information Location: KALALEH IRN ICAO/IATA: OINE / KLM Lat/Long: N37° 22.5', E055° 27.1' "
651,True,OING,OINE,True,10-9,True,Airport Diagram Chart (ADC),AIRPORT,AIRPORT,AIRPORT,96,REVIEW,True,header_icao_differs_from_index,Jeppesen_10_20_airport_series,True,False,True,False,False,612.0,792.0,3807,"37-23 37-23 55-26 55-27 55-28 KALALEH, IRAN KALALEH 10-9 Apt Elev 7274' 2217m 433' NDB 10 100^ OINE/KLM Elev 392' Elev Control Tower Terminal JEPPESEN MET 124.150 121.9"
652,True,OINE,OINE,False,16-1,True,NDB A,APP,APP,APP,84,MATCH,False,independently_consistent,Jeppesen_approach_number_series,True,False,True,False,False,612.0,792.0,6346,"OI(D)-99 1000 2000 1000 NDB KLH *325 Turn LEFT, climb on 280^ from NDB to 4500', then climbing turn LEFT and rejoin holding at 6500'. 088^ 16-1 MISSED APCH: BRIEFING STRIP TM Final Apch Crs MDA(H) 10 OINE/KLM 2630'(2197') JEPPESEN 124.150 Apt Elev 433' 121.9"
653,True,OING,OING,False,,False,AIRPORT INFORMATION,AIRPORT,AIRPORT,AIRPORT,88,MATCH,False,independently_consistent,airport_header,True,False,True,False,False,612.0,792.0,1785,"General Information Location: GORGAN IRN ICAO/IATA: OING / GBT Lat/Long: N36° 54.7', E054° 23.9' Elevation: -28 ft Airport Use: Public Daylight Savings: Not Observed UTC Conversion: -3:30 = UTC Magnetic Variation: 5.0° E Fuel Types: Jet A-1 Customs: Yes Gorgan Approach: 118.750 General Information Location: GORGAN IRN ICAO/IATA: OING / GBT Lat/Long"
654,True,OING,OING,False,,False,AIRPORT INFORMATION,AIRPORT,AIRPORT,AIRPORT,88,MATCH,False,independently_consistent,airport_header,True,False,True,False,False,612.0,792.0,1197,"General Information Location: GORGAN IRN ICAO/IATA: OING / GBT Lat/Long: N36° 54.7', E054° 23.9' Elevation: -28 ft Airport Use: Public Daylight Savings: Not Observed UTC Conversion: -3:30 = UTC Magnetic Variation: 5.0° E Fuel Types: Jet A-1 Customs: Yes Gorgan Approach: 118.750 Gorgan Approach: 118.750 Airport Information For OING Page 2 (c) JEPPES"
655,True,OING,OING,False,10-2,True,"ALNIT 1R, ALNIT 2S, BONUL 2S, IMPIR 2R, IMPIR 1S, RUDEX 2R, RUDEX 2S",STAR,STAR,STAR,98,MATCH,False,independently_consistent,printed_STAR_header,True,False,True,False,False,612.0,792.0,13289,"V OR OING/GBT .STAR. GORGAN GORGAN, IRAN 10-2 JEPPESEN Alt Set: hPa Trans level: By ATC 35 40 45 23 AUG 19 Actual descent clearance will be as directed by ATC. -28 Apt Elev 121 55-00 ROUTING STAR ALNIT 1R ALNIT 2S BONUL 2S"
656,True,OING,OING,False,10-2A,True,"IMPIR 1N, RUDEX 1N",STAR,STAR,STAR,98,MATCH,False,independently_consistent,printed_STAR_header,True,False,True,False,False,612.0,792.0,3264,"2600 OING/GBT .STAR. GORGAN GORGAN, IRAN JEPPESEN 23 AUG 19 10-2A 20 25 117.6 GGN GORGAN GGN D Apt Elev *ATIS 128.8 -28 Alt Set: hPa Trans level: By ATC Actual descent clearance will be as directed by ATC. 14 19 37-00 IMPIR 1N [IMPI1N]"
657,True,OING,OING,False,10-3,True,"ALNIT 1B, ALNIT 1C, BONUL 1B, BONUL 1C, RUDEX 1B, RUDEX 1C",SID,SID,SID,96,MATCH,False,independently_consistent,Jeppesen_10-3_series,True,False,True,False,False,612.0,792.0,18333,"V OR N G G T OING/GBT GORGAN GORGAN, IRAN 10-3 JEPPESEN 35 40 45 ared FL. eared FL. 500 667 1000 1333 1667 2000 438 583 875 1167 1458 1750 Gnd speed-KT"
658,True,OING,OING,False,10-3A,True,"IMPIR 1B, IMPIR 1D, IMPIR 1F",SID,SID,SID,98,MATCH,False,independently_consistent,printed_SID_header,True,False,True,False,False,612.0,792.0,14662,"095^ 15,000 2 5 0 ^ 1500 D13.0 GGN OING/GBT GORGAN GORGAN, IRAN JEPPESEN 11 DEC 20 10-3A 20 25 .SID. o 1500, turn LEFT (within D13.0 GGN) to GGN VOR, limb to cleared FL. o IMPIR, climb to cleared FL. n RIGHT to GGN VOR, intercept GGN R249 to IMPIR, 54-30 ROUTING 1D [IMPI1D], IMPIR 1F [IMPI1F]"
659,True,OING,OING,False,10-9,True,Airport Diagram Chart (ADC),AIRPORT,AIRPORT,AIRPORT,96,MATCH,False,independently_consistent,Jeppesen_10_20_airport_series,True,False,True,False,False,612.0,792.0,4204,"05^E 129^ 13 Elev -59' Apt Elev GORGAN, IRAN N36 54.7 E054 23.9 10-9 GORGAN OING/GBT -28' 36-55 36-55 54-23 54-24 54-25 3300m ARP Control Tower JEPPESEN 121.850X 10,827'"
660,True,OING,OING,False,11-1,True,ILS Z OR LOC Z RWY 13,APP,APP,APP,84,MATCH,False,independently_consistent,Jeppesen_approach_number_series,True,False,True,False,False,612.0,792.0,7015,"3 MISSED APCH: BRIEFING STRIP TM GORGAN, IRAN 11-1 GORGAN LOC IGGN Final Apch Crs 129^ 200'(259') 250^ 070^ 020^ MSA GGN VOR Alt Set: hPa 109.9 OING/GBT 2300'(2359') Rwy Elev: -2 hPa Trans level: By ATC JEPPESEN 118.750X"
661,True,OING,OING,False,11-2,True,"ILS Y OR LOC Y RWY 13, ILS Z OR LOC Z RWY 13",APP,APP,APP,84,MATCH,False,independently_consistent,Jeppesen_approach_number_series,True,False,True,False,False,612.0,792.0,7176,"MISSED APCH: BRIEFING STRIP TM GORGAN, IRAN 11-2 GORGAN LOC IGGN Final Apch Crs 129^ 200'(259') 250^ 070^ 020^ MSA GGN VOR Alt Set: hPa 109.9 OING/GBT 2300'(2359') Rwy Elev: -2 hPa Trans level: By ATC JEPPESEN 118.750X 121.850X"
662,True,OING,OING,False,11-3,True,ILS X OR LOC X RWY 13,APP,APP,APP,84,MATCH,False,independently_consistent,Jeppesen_approach_number_series,True,False,True,False,False,612.0,792.0,6625,"MISSED APCH: BRIEFING STRIP TM GORGAN, IRAN 11-3 GORGAN LOC IGGN Final Apch Crs 129^ 200'(259') 250^ 070^ 020^ MSA GGN VOR Alt Set: hPa 109.9 OING/GBT 2300'(2359') Rwy Elev: -2 hPa Trans level: By ATC JEPPESEN 118.750X"
663,True,OING,OING,False,13-1,True,VOR Z RWY 13,APP,APP,APP,84,MATCH,False,independently_consistent,Jeppesen_approach_number_series,True,False,True,False,False,612.0,792.0,5332,"MISSED APCH: BRIEFING STRIP TM GORGAN, IRAN 13-1 GORGAN VOR GGN Final Apch Crs 129^ 300'(359') 250^ 070^ 020^ MSA GGN VOR Alt Set: hPa 10 117.6 OING/GBT D7.0 2300'(2359') Rwy Elev: -2 hPa Trans level: By ATC JEPPESEN"
664,True,OING,OING,False,13-2,True,"VOR Y RWY 13, VOR Z RWY 13",APP,APP,APP,84,MATCH,False,independently_consistent,Jeppesen_approach_number_series,True,False,True,False,False,612.0,792.0,5819,"MISSED APCH: BRIEFING STRIP TM GORGAN, IRAN 13-2 GORGAN VOR GGN Final Apch Crs 129^ 300'(359') 250^ 070^ 020^ MSA GGN VOR Alt Set: hPa 10 117.6 OING/GBT D7.0 2300'(2359') Rwy Elev: -2 hPa Trans level: By ATC JEPPESEN"
665,True,OING,OING,False,13-3,True,VOR X RWY 13,APP,APP,APP,84,MATCH,False,independently_consistent,Jeppesen_approach_number_series,True,False,True,False,False,612.0,792.0,5379,"MISSED APCH: BRIEFING STRIP TM GORGAN, IRAN 13-3 GORGAN VOR GGN Final Apch Crs 129^ 300'(359') 250^ 070^ 020^ MSA GGN VOR Alt Set: hPa 10 117.6 OING/GBT D5.0 1600'(1659') Rwy Elev: -2 hPa Trans level: By ATC JEPPESEN"
666,True,OINN,OINN,False,,False,AIRPORT INFORMATION,AIRPORT,AIRPORT,AIRPORT,55,REVIEW,True,only_old_index_supports_category,prior_index_only,True,False,True,False,False,612.0,792.0,1813,"General Information Location: NOSHAHR IRN ICAO/IATA: OINN / NSH Lat/Long: N36° 39.8', E051° 27.9' Elevation: -61 ft Airport Use: Public Daylight Savings: Not Observed UTC Conversion: -3:30 = UTC Magnetic Variation: 5.0° E Fuel Types: Jet A-1 Customs: No Noshahr Tower: 121.700 Noshahr Tower: 118.250 General Information Location: NOSHAHR IRN ICAO/IAT"
667,True,OINN,OINN,False,,False,AIRPORT INFORMATION,AIRPORT,AIRPORT,AIRPORT,88,MATCH,False,independently_consistent,airport_header,True,False,True,False,False,612.0,792.0,1243,"General Information Location: NOSHAHR IRN ICAO/IATA: OINN / NSH Lat/Long: N36° 39.8', E051° 27.9' Elevation: -61 ft Airport Use: Public Daylight Savings: Not Observed UTC Conversion: -3:30 = UTC Magnetic Variation: 5.0° E Fuel Types: Jet A-1 Customs: No Noshahr Tower: 121.700 Noshahr Tower: 118.250 Noshahr Tower: 121.700 Noshahr Tower: 118.250 Airp"
668,True,OINN,,False,10-2,False,"DANEB 1N, DANEB 1P, IMKER 1N, IMKER 1P",STAR,STAR,STAR,98,MATCH,False,independently_consistent,printed_STAR_header,True,False,True,False,False,612.0,792.0,19853,"00 270^ IMKER 266^ 8500 ER 1N, 1P 20 Apt Elev -61 (BELOW SEA LEVEL) Alt Set: hPa Trans level: By ATC JEPPESEN .STAR. NOSHAHR, IRAN 18 SEP 26 .Eff.1.Oct. *ATIS 126.450 52-00 ROUTING STAR DANEB 1N DANEB 1P"
669,True,OINN,,False,10-3,False,"IMKER 2A, IMKER 2B",SID,SID,SID,96,MATCH,False,independently_consistent,Jeppesen_10-3_series,True,False,True,False,False,612.0,792.0,38468,"270^ 10000 IMKER urn RIGHT, intercept 290^ bearing from NSR NDB to D12.0 NSR, turn RIGHT, ong D12.0 NSR Arc, intercept 182^ bearing to NSR NDB at or above FL120, 85^ bearing to DANEB, climb to cleared FL. urn LEFT, intercept 070^ bearing from NSR NDB to D12.0 NSR, turn LEFT, ong D12.0 NSR Arc, intercept 170^ bearing to NSR NDB at or above FL120, 85"
670,True,OINN,OINN,False,10-9,True,Airport Diagram Chart (ADC),AIRPORT,AIRPORT,AIRPORT,96,MATCH,False,independently_consistent,Jeppesen_10_20_airport_series,True,False,True,False,False,612.0,792.0,3955,"NOSHAHR, IRAN NOSHAHR -61' N36 39.8 E051 27.9 *NOSHAHR Tower (BELOW SEA LEVEL) Stopway 459'140m 05^E Apt Elev 10-9 104^ 10 Elev -61 36-40 36-40 51-27 51-28 51-29 6677' 2035m JEPPESEN ARP OINN/NSH"
671,True,OINN,,False,16-1,True,NDB A,APP,APP,APP,84,MATCH,False,independently_consistent,Jeppesen_approach_number_series,True,False,True,False,False,612.0,792.0,6626,"Alt Set: hPa Apt Elev: -2 hPa Trans level: By ATC MISSED APCH: NOSHAHR, IRAN NOSHAHR NDB 260 NSR Final Apch Crs 276^ Apt Elev -61' 16-1 D9.0 850'(911') 3300'(3361') CAT A, B & C D15.0 10 BRIEFING STRIP TM JEPPESEN Trans alt: 11500'"
672,True,OINN,,False,16-2,True,NDB B,APP,APP,APP,84,MATCH,False,independently_consistent,Jeppesen_approach_number_series,True,False,True,False,False,612.0,792.0,6957,"Alt Set: hPa Apt Elev: -2 hPa Trans level: By ATC MISSED APCH: NOSHAHR, IRAN NOSHAHR NDB 260 NSR Final Apch Crs 111^ Apt Elev 16-2 D11.0 -61' D6.0 2000'(2061') CAT A, B & C D17.0 (IAF) (IF) 10 BRIEFING STRIP"
673,True,OINR,OINR,False,,False,AIRPORT INFORMATION,AIRPORT,AIRPORT,AIRPORT,55,REVIEW,True,only_old_index_supports_category,prior_index_only,True,False,True,False,False,612.0,792.0,2137,"General Information Location: RAMSAR IRN ICAO/IATA: OINR / RZR Lat/Long: N36° 54.5', E050° 40.8' Elevation: -66 ft Airport Use: Public Daylight Savings: Not Observed UTC Conversion: -3:30 = UTC Magnetic Variation: 5.0° E Fuel Types: Jet A-1 Customs: No Displaced Threshold: 1017 ft Runway: 31 Length x Width: 4918 ft x 98 ft Surface Type: asphalt TDZ"
674,True,OINR,OINR,False,,False,AIRPORT INFORMATION,AIRPORT,AIRPORT,AIRPORT,55,REVIEW,True,only_old_index_supports_category,prior_index_only,True,False,True,False,False,612.0,792.0,1676,"General Information Location: RAMSAR IRN ICAO/IATA: OINR / RZR Lat/Long: N36° 54.5', E050° 40.8' Elevation: -66 ft Airport Use: Public Daylight Savings: Not Observed UTC Conversion: -3:30 = UTC Magnetic Variation: 5.0° E Fuel Types: Jet A-1 Customs: No Displaced Threshold: 1017 ft Runway: 31 Length x Width: 4918 ft x 98 ft Surface Type: asphalt TDZ"
675,True,OINR,,False,10-2,False,"ALKUP 1S, ALKUP 1T",STAR,STAR,STAR,96,MATCH,False,independently_consistent,Jeppesen_10-2_series,True,False,True,False,False,612.0,792.0,13863,RSR 294^ D17.0 115.5/ 332 290^ Alt Set: hPa Trans level: By ATC ALKUP (IAF) D17.0 RSR 5 5 0 0 3000 20 3 . 8 ALKUP 1T A LK U P
676,True,OINR,OINR,False,10-2A,True,"EGMAN 1S, EGMAN 1T",STAR,STAR,STAR,98,MATCH,False,independently_consistent,printed_STAR_header,True,False,True,False,False,612.0,792.0,13700,"290^ R SR N DB / DM E MAX 185 KT MHA 5500 294^ 17.0 RSR (IAF) 35 40 45 .STAR. JEPPESEN OINR/RZR RAMSAR, IRAN RAMSAR 10-2A 114^ 18 SEP 26"
677,True,OINR,OINR,False,10-2B,True,"ALKUP 1U, BONUP 1U, EGMAN 1U",STAR,STAR,STAR,98,MATCH,False,independently_consistent,printed_STAR_header,True,False,True,False,False,612.0,792.0,4848,"140^ MAX 220 KT MHA 5000 ^ Actual descent clearance will be as directed by ATC. Alt Set: hPa Trans level: By ATC 35 40 45 .STAR. JEPPESEN OINR/RZR RAMSAR, IRAN RAMSAR 10-2B 5^ 18 SEP 26 .Eff.1.Oct. Apt Elev -66 (BELOW SEA LEVEL) 128.4 *ATIS 71"
678,True,OINR,OINR,False,10-3,True,ALKUP 1A,SID,SID,SID,98,MATCH,False,independently_consistent,printed_SID_header,True,False,True,False,False,612.0,792.0,17313,"290^ RSR NDB/ DME 4000 ALKUP Apt Elev -66 Trans alt: 16000 D15.0 RSR 20 25 OINR/RZR RAMSAR RAMSAR, IRAN .SID. JEPPESEN 7 JUL 23 10-3 .Eff.13.Jul. 167 51-00 ALKUP 1B ALKUP 1A [ALKU1A]"
679,True,OINR,OINR,False,10-3A,True,"EGMAN 2A, EGMAN 2B",SID,SID,SID,98,MATCH,False,independently_consistent,printed_SID_header,True,False,True,False,False,612.0,792.0,13528,"0^ 16,000 290^ 8500 4500 SR Apt Elev -66 Trans alt: 16000 OINR/RZR RAMSAR RAMSAR, IRAN .SID. 10-3A JEPPESEN 7 JUL 23 20 25 090^ EGMAN 2B .Eff.13.Jul. DEPARTURES EGMAN 2B [EGMA2B] EGMAN 2A [EGMA2A]"
680,True,OINR,OINR,False,10-3B,True,"BONUP 1A, EGMAN 1C",SID,SID,SID,98,MATCH,False,independently_consistent,printed_SID_header,True,False,True,False,False,612.0,792.0,4085,"8500 140^ 13000 Trans alt: 16000 OINR/RZR RAMSAR RAMSAR, IRAN .SID. JEPPESEN 8 MAR 24 .Eff.21.Mar. 10-3B 20 25 EGMAN 292 20 EGMAN 1C Apt Elev -66 (BELOW SEA LEVEL) 71 37-00 (RWY 12)"
681,True,OINR,OINR,False,10-9,True,Airport Diagram Chart (ADC),AIRPORT,AIRPORT,AIRPORT,96,MATCH,False,independently_consistent,Jeppesen_10_20_airport_series,True,False,True,False,False,612.0,792.0,5659,". . . . 4918' 1499m Apt Elev N36 54.6 E050 40.8 -66'(BELOW SEA LEVEL) RAMSAR RAMSAR, IRAN 10-9 Elev -70' Elev OINR/RZR JEPPESEN 12 118^ Elev -66' 7448' 2270m 13 126^ 05^E"
682,True,OINR,OINR,False,16-1,True,NDB Z RWY 30,APP,APP,APP,84,MATCH,False,independently_consistent,Jeppesen_approach_number_series,True,False,True,False,False,612.0,792.0,6031,"MISSED APCH: BRIEFING STRIP TM 16-1 RAMSAR, IRAN RAMSAR NDB RSR 332 283^ 1250'(1316') OINR/RZR Alt Set: hPa Apt Elev: -2 hPa Trans level: By ATC Trans alt: 16000' 290^ 035^ 140^ CAT A, B & C D5.0 1500'(1566') Final Apch Crs 10"
683,True,OINR,OINR,False,16-2,True,NDB Y RWY 30,APP,APP,APP,84,MATCH,False,independently_consistent,Jeppesen_approach_number_series,True,False,True,False,False,612.0,792.0,6125,"10 MISSED APCH: BRIEFING STRIP TM 16-2 RAMSAR, IRAN RAMSAR NDB RSR 332 283^ 1250'(1316') OINR/RZR Alt Set: hPa Apt Elev: -2 hPa Trans level: By ATC Trans alt: 16000' 290^ 035^ 140^ CAT A, B & C D5.0 1500'(1566') Final Apch Crs"
684,True,OINR,OINR,False,16-3,True,NDB Z RWY 31,APP,APP,APP,84,MATCH,False,independently_consistent,Jeppesen_approach_number_series,True,False,True,False,False,612.0,792.0,5790,"1000 2000 2000 MISSED APCH: BRIEFING STRIP TM 16-3 RAMSAR, IRAN RAMSAR NDB RSR 332 294^ 1450'(1516') OINR/RZR Alt Set: hPa Apt Elev: -2 hPa Trans level: By ATC Trans alt: 16000' 290^ 035^ 140^ CAT A, B & C RIGHT to proceed on track 114^ and rejoin the holding at 5500'. Climb on track 294^ to overhead NDB, then turn"
685,True,OINR,OINR,False,16-4,True,NDB A,APP,APP,APP,84,MATCH,False,independently_consistent,Jeppesen_approach_number_series,True,False,True,False,False,612.0,792.0,5682,"MISSED APCH: BRIEFING STRIP TM 16-4 RAMSAR, IRAN RAMSAR NDB RSR 332 155^ MDA(H) OINR/RZR Alt Set: hPa Apt Elev: -2 hPa Trans level: By ATC Trans alt: 16000' 290^ 035^ 140^ (IAF) D6.0 1500'(1566') D12.0 155^ 335^"
686,True,OINZ,OINZ,False,,False,AIRPORT INFORMATION,AIRPORT,AIRPORT,AIRPORT,55,REVIEW,True,only_old_index_supports_category,prior_index_only,True,False,True,False,False,612.0,792.0,1834,"General Information Location: SARI IRN ICAO/IATA: OINZ / SRY Lat/Long: N36° 38.1', E053° 11.6' Elevation: 37 ft Airport Use: Public Daylight Savings: Not Observed UTC Conversion: -3:30 = UTC Magnetic Variation: 5.0° E Fuel Types: Jet A-1, Jet 4 Customs: Yes Dasht-E-Naz Tower: 122.100 Secondary Dasht-E-Naz Approach: 118.450 General Information Locat"
687,True,OINZ,OINZ,False,,False,AIRPORT INFORMATION,AIRPORT,AIRPORT,AIRPORT,88,MATCH,False,independently_consistent,airport_header,True,False,True,False,False,612.0,792.0,1285,"General Information Location: SARI IRN ICAO/IATA: OINZ / SRY Lat/Long: N36° 38.1', E053° 11.6' Elevation: 37 ft Airport Use: Public Daylight Savings: Not Observed UTC Conversion: -3:30 = UTC Magnetic Variation: 5.0° E Fuel Types: Jet A-1, Jet 4 Customs: Yes Dasht-E-Naz Tower: 122.100 Secondary Dasht-E-Naz Approach: 118.450 Dasht-E-Naz Tower: 122.10"
688,True,OINZ,,False,10-2,False,"DATOL 1N, DATOL 1P, LABET 1P, LABET 1Q, PUSAL 1N, PUSAL 1P",STAR,STAR,STAR,98,MATCH,False,independently_consistent,printed_STAR_header,True,False,True,False,False,612.0,792.0,32199,DATOL PUSAL 267^ 2 4 9 ^ 1P Apt Elev 126.850X Alt Set: hPa Trans level: By ATC 37 JEPPESEN .STAR. 22 DEC 23 .Eff.28.Dec. 10592 *ATIS 153 54-00 ARRIVALS (ALL RWYS) DATOL 1N [DATO1N] DATOL 1P [DATO1P]
689,True,OINZ,,False,10-2A,False,"MODEK 1N, MODEK 1P, RAPSU 1N, RAPSU 1P, RAPSU 1Q",STAR,STAR,STAR,98,MATCH,False,independently_consistent,printed_STAR_header,True,False,True,False,False,612.0,792.0,33553,"350^ 2 3 0 ^ 10,500 113.1 DNZ DASHT-E-NAZ DNZ D 0 KT 000 R 2 3 4 JEPPESEN .STAR. Apt Elev 126.850X Alt Set: hPa Trans level: By ATC 37 22 DEC 23 .Eff.28.Dec."
690,True,OINZ,,False,10-3,False,"DATOL 1F, PUSAL 1E, PUSAL 1F",SID,SID,SID,96,MATCH,False,independently_consistent,Jeppesen_10-3_series,True,False,True,False,False,612.0,792.0,23893,PUSAL DATOL Apt Elev 37 Trans alt: 15000 540 (FT/NM) 675 900 1350 1800 2250 2700 250 (FT/NM) 313 417 625 833 1042 1250 Gnd speed-KT 75 100 150 200 250 300 PUSAL 1F: DATOL 1F:
691,True,OINZ,,False,10-3A,False,"LABET 1E, MODEK 1E, MODEK 1F",SID,SID,SID,96,MATCH,False,independently_consistent,Jeppesen_10-3_series,True,False,True,False,False,612.0,792.0,23101,"10,500 V OR Z N D 2 3 0 ^ NZ Z Z Apt Elev 37 Trans alt: 15000 MODEK 1F: This SID requires a minimum climb gradient of 340 FT/NM. 425 567 850 1133 1417 1700 Gnd speed-KT"
692,True,OINZ,OINZ,False,10-9,True,Airport Diagram Chart (ADC),AIRPORT,AIRPORT,AIRPORT,96,MATCH,False,independently_consistent,Jeppesen_10_20_airport_series,True,False,True,False,False,612.0,792.0,3937,"Apt Elev 10-9 05^E 36-39 36-39 53-10 53-11 53-12 *ATIS JEPPESEN 126.850X 16 MAY 25 156^ VOR Elev 5' Prior permission required at least 48 hours before EOBT from OINZ. CAUTION: Birds in vicinity of airport. Strolling dogs on the movement area. 37' N36 38.2 E053 11.6 SARI, IRAN"
693,True,OINZ,,False,10-9S,True,MINIMUMS,AIRPORT,AIRPORT,AIRPORT,96,MATCH,False,independently_consistent,Jeppesen_10_20_airport_series,True,False,True,False,False,612.0,792.0,1831,10-9S JEPPESEN 16 R1500m R1500m R2200m R2200m 470'(465') 470'(465') 470'(465') 470'(465') 16 MAY 25 1 1 .EASA.AIR.OPS. VOR R1200m R1200m R1200m R1200m 220'(215') 220'(215') 220'(215') 220'(215')
694,True,OINZ,OINZ,False,11-1,True,CHART PAGE 448,APP,APP,APP,84,MATCH,False,independently_consistent,Jeppesen_approach_number_series,True,False,True,False,False,612.0,792.0,8909,"325^ MISSED APCH: BRIEFING STRIP TM DASHT-E-NAZ 11-1 SARI, IRAN LOC IDNZ 110.5 Final Apch Crs 156^ DA(H) (215') 220' 1900'(1895') OINZ/SRY Trans level: By ATC Alt Set: hPa Rwy Elev: 0 hPa *ATIS JEPPESEN 126.850X"
695,True,OINZ,,False,13-1,False,VOR RWY 16,APP,APP,APP,84,MATCH,False,independently_consistent,Jeppesen_approach_number_series,True,False,True,False,False,612.0,792.0,7852,325^ MISSED APCH: VOR DNZ 113.1 Final Apch Crs 155^ (465') 470' D6.0 1900'(1895') Trans level: By ATC Alt Set: hPa Rwy Elev: 0 hPa 155^ (IAF) C CAT A 3000 MAX 200 KT (IF) Trans alt: 15000' 3000
696,True,OISF,OISF,False,,False,AIRPORT INFORMATION,AIRPORT,AIRPORT,AIRPORT,88,MATCH,False,independently_consistent,airport_header,True,False,True,False,False,612.0,792.0,1557,"General Information Location: FASA IRN ICAO/IATA: OISF / FAZ Lat/Long: N28° 53.6', E053° 43.4' Elevation: 4293 ft Airport Use: Public Daylight Savings: Not Observed UTC Conversion: -3:30 = UTC Magnetic Variation: 2.0° E Customs: No Airport Type: IFR General Information Location: FASA IRN ICAO/IATA: OISF / FAZ Lat/Long: N28° 53.6', E053° 43.4' Eleva"
697,True,OISF,OISF,False,10-9,True,Airport Diagram Chart (ADC),AIRPORT,AIRPORT,AIRPORT,96,MATCH,False,independently_consistent,Jeppesen_10_20_airport_series,True,False,True,False,False,612.0,792.0,3978,"FASA, IRAN FASA 10-9 4293' *FASA Information 02^E NDB 6384' 1946m 137^ 14 28-54 28-54 53-43 53-44 OISF/FAZ Apt Elev Birds in vicinity of airport. CAUTION: Strolling animals on the movement area. Elev 4293' Stopway 203' 62m N28 53.6 E053 43.4"
698,True,OISF,,False,16-1,True,NDB RWY 32,APP,APP,APP,91,MATCH,False,independently_consistent,instrument_approach_header,True,False,True,False,False,612.0,792.0,6857,"5000 5000 5000 6000 6000 6000 6000 7000 7000 7000 7000 6000 16-1 FASA, IRAN FASA NDB Rwy 32 *FASA Information NDB FSA *216 Minimum Alt Final Apch Crs No FAF"
699,True,OISL,OISL,False,,False,AIRPORT INFORMATION,AIRPORT,AIRPORT,AIRPORT,88,MATCH,False,independently_consistent,airport_header,True,False,True,False,False,612.0,792.0,1800,"General Information Location: LAR IRN ICAO/IATA: OISL / LRR Lat/Long: N27° 40.4', E054° 23.2' Elevation: 2643 ft Airport Use: Public Daylight Savings: Not Observed UTC Conversion: -3:30 = UTC Magnetic Variation: 3.0° E Fuel Types: Jet A-1, Jet 4 Customs: Yes Lar Tower: 127.350 General Information Location: LAR IRN ICAO/IATA: OISL / LRR Lat/Long: N2"
700,True,OISL,OISL,False,,False,AIRPORT INFORMATION,AIRPORT,AIRPORT,AIRPORT,88,MATCH,False,independently_consistent,airport_header,True,False,True,False,False,612.0,792.0,1199,"General Information Location: LAR IRN ICAO/IATA: OISL / LRR Lat/Long: N27° 40.4', E054° 23.2' Elevation: 2643 ft Airport Use: Public Daylight Savings: Not Observed UTC Conversion: -3:30 = UTC Magnetic Variation: 3.0° E Fuel Types: Jet A-1, Jet 4 Customs: Yes Lar Tower: 127.350 Lar Tower: 127.350 Airport Information For OISL Page 2 (c) JEPPESEN SAND"
701,True,OISL,OISL,False,10-2,True,"NABEX 1R, NABEX 2S, NABEX 1T, ROTAL 2Q, ROTAL 2R, ROTAL 2S",STAR,STAR,STAR,98,MATCH,False,independently_consistent,printed_STAR_header,True,False,True,False,False,612.0,792.0,16588,"V O R 10-2 .STAR. JEPPESEN OISL/LRR LAR LAR, IRAN 50 45 Alt Set: hPa Trans level: By ATC Actual descent clearance will be as directed by ATC. 8790 11 SEP 26 *ATIS 126.475 2643 Apt Elev 111 55-00 ARRIVALS (ALL RWYS)"
702,True,OISL,OISL,False,10-3,True,"NABEX 3C, ROTAL 3A",SID,SID,SID,98,MATCH,False,independently_consistent,printed_SID_header,True,False,True,False,False,612.0,792.0,4442,"180^ 9000 117.9 LAR LAR LAR D 10-3 .SID. JEPPESEN OISL/LRR LAR LAR, IRAN 35 40 45 Apt Elev 2643 Trans alt: 9000 11 SEP 26 95 96 NABEX 3C [NABE3C] ROTAL 3A [ROTA3A] DEPARTURES"
703,True,OISL,,False,10-9,True,Airport Diagram Chart (ADC),AIRPORT,AIRPORT,AIRPORT,96,MATCH,False,independently_consistent,Jeppesen_10_20_airport_series,True,False,True,False,False,612.0,792.0,4094,"Apt Elev 2643' 10-9 LAR, IRAN LAR N27 40.4 E054 23.2 27-41 27-41 54-22 54-23 54-24 03^E Stopway 187'57m Stopway 197'60m 2643' Elev 2624' Elev A B A B2 B1"
704,True,OISL,,False,10-9S,True,MINIMUMS,AIRPORT,AIRPORT,AIRPORT,96,MATCH,False,independently_consistent,Jeppesen_10_20_airport_series,True,False,True,False,False,612.0,792.0,4502,10-9S JEPPESEN 1 ALS out R1500m R1500m R2400m R2400m ALS out R1500m R1500m R4900m R4900m 1 2 2 DEC 22 .EASA.AIR.OPS. ALS out R3700m R3700m R3900m R3900m ALS out R5000m
705,True,OISL,,False,13-1,True,VOR RWY 09,APP,APP,APP,84,MATCH,False,independently_consistent,Jeppesen_approach_number_series,True,False,True,False,False,612.0,792.0,7208,"4000 4000 4000 5000 6000 LAR 117.9 LAR D L A R LAR 13-1 LAR, IRAN VOR LAR 117.9 088^ 4400'(1757') Apt Elev 2643' 090^ 180^ MSA LAR VOR 3390'(747') MISSED APCH: BRIEFING STRIP TM"
706,True,OISL,,False,13-2,True,VOR Z RWY 27,APP,APP,APP,91,MATCH,False,independently_consistent,instrument_approach_header,True,False,True,False,False,612.0,792.0,7890,"4000 4000 4000 5000 5000 6000 7000 4000 LAR 117.9 LAR D L A R (IAF) LAR 13-2 LAR, IRAN VOR LAR 117.9 268^ D10.0 Apt Elev Rwy 2643' 2624'"
707,True,OISL,,False,13-3,True,VOR Y RWY 27,APP,APP,APP,91,MATCH,False,independently_consistent,instrument_approach_header,True,False,True,False,False,612.0,792.0,7316,"4000 500 5000 6000 7000 4000 LAR 13-3 LAR, IRAN VOR LAR 117.9 268^ D10.0 Apt Elev Rwy 2643' 2624' 090^ 180^ MSA LAR VOR 3500'(876') MISSED APCH: BRIEFING STRIP TM"
708,True,OISL,,False,16-1,True,NDB RWY 09,APP,APP,APP,84,MATCH,False,independently_consistent,Jeppesen_approach_number_series,True,False,True,False,False,612.0,792.0,8011,"4000 4000 4000 4000 4000 4000 5000 5000 5000 5000 6000 5000 LAR 16-1 LAR, IRAN NDB LAR 099^ 4500'(1857') Apt Elev 2643' 090^ 180^ MSA LAR VOR"
709,True,OISL,,False,16-2,True,NDB A,APP,APP,APP,84,MATCH,False,independently_consistent,Jeppesen_approach_number_series,True,False,True,False,False,612.0,792.0,7985,"4000 4000 4000 4000 4000 5000 5000 5000 5000 LAR 16-2 LAR, IRAN NDB LAR 266^ 6300'(3657') MDA(H) Apt Elev 2643' 090^ 180^ MSA LAR VOR MISSED APCH: BRIEFING STRIP"
710,True,OISR,OISR,False,,False,AIRPORT INFORMATION,AIRPORT,AIRPORT,AIRPORT,88,MATCH,False,independently_consistent,airport_header,True,False,True,False,False,612.0,792.0,1746,"General Information Location: LAMERD IRN ICAO/IATA: OISR / LFM Lat/Long: N27° 22.4', E053° 11.3' Elevation: 1336 ft Airport Use: Public Daylight Savings: Not Observed UTC Conversion: -3:30 = UTC Magnetic Variation: 2.0° E Fuel Types: Jet A-1 Customs: Yes General Information Location: LAMERD IRN ICAO/IATA: OISR / LFM Lat/Long: N27° 22.4', E053° 11.3"
711,True,OISR,OISR,False,10-2,True,"LAMERD 1U, LAVAN 1N, ROTAL 1N",STAR,STAR,STAR,98,MATCH,False,independently_consistent,printed_STAR_header,True,True,True,False,False,612.0,792.0,2914,"LAMERD LAM N27 22.4 E053 11.0 Apt Elev OISR/LFM 10-2 .STAR. LAMERD LAMERD, IRAN 1336' ROTAL N27 32.7 E053 53.3 233^ D 16 FL90 ROTAL 1N D25 LAM Alt Set: hPa Trans level: FL105 Trans alt: 8500' Actual descent clearance will be as directed by ATC. JEPPESEN (H)117.0 LAM .Eff.21.Aug. 15 AUG 14"
712,True,OISR,OISR,False,10-2A,True,"LAMERD 1V, LAVAN 1P, ROTAL 1P",STAR,STAR,STAR,98,MATCH,False,independently_consistent,printed_STAR_header,True,True,True,False,False,612.0,792.0,3125,"Apt Elev OISR/LFM .STAR. LAMERD LAMERD, IRAN 1336' ROTAL N27 32.7 E053 53.3 232^ 1 15 FL90 ROTAL 1P D25 LAM 10-2A Alt Set: hPa Trans level: FL105 Trans alt: 8500' Actual descent clearance will be as directed by ATC. .Eff.21.Aug. 15 AUG 14 JEPPESEN LAMERD LAM N27 22.4 E053 11.0 117.0 LAM"
713,True,OISR,OISR,False,10-3,True,KUPTO 1D,SID,SID,SID,98,MATCH,False,independently_consistent,printed_SID_header,True,True,True,False,False,612.0,792.0,1961,"Apt Elev OISR/LFM 10-3 LAMERD LAMERD, IRAN 1336' Trans level: FL105 Trans alt: 8500' .SID. KUPTO N28 24.3 E052 54.5 JEPPESEN 19 SEP 14 MSA 7600' 6500' LAM VOR 090^ 360^ KUPTO 1D [KUPT1D] RWY 11 DEPARTURE"
714,True,OISR,OISR,False,10-9,True,Airport Diagram Chart (ADC),AIRPORT,AIRPORT,AIRPORT,96,MATCH,False,independently_consistent,Jeppesen_10_20_airport_series,True,False,True,False,False,612.0,792.0,3997,"Apt Elev 02^E 1336' 10-9 LAMERD, IRAN LAMERD N27 22.4 E053 11.3 OISR/LFM 112^ 27-23 27-23 53-10 53-11 53-12 10,020' VOR Elev 1336' JEPPESEN ARP 122.650 *Ground 121.7 *LAMERD Information (AFIS)"
715,True,OISR,,False,13-1,True,APPROACH 13-1,APP,APP,APP,84,MATCH,False,independently_consistent,Jeppesen_approach_number_series,True,True,True,False,False,612.0,792.0,6865,"2000 2000 3000 3000 300 4000 4000 2000 2000 LAMERD l a m D7.0 MISSED APCH: BRIEFING STRIP TM 13-1 LAMERD LAMERD, IRAN VOR LAM 289^ MDA(H) 090^ 360^"
716,True,OISR,,False,16-1,True,APPROACH 16-1,APP,APP,APP,84,MATCH,False,independently_consistent,Jeppesen_approach_number_series,True,True,True,False,False,612.0,792.0,6696,"2000 2000 2000 3000 3000 3000 4000 4000 2000 MISSED APCH: BRIEFING STRIP TM 16-1 LAMERD LAMERD, IRAN NDB LAM 287^ MDA(H) 090^ 360^ Alt Set: hPa Trans alt: 8500' Apt Elev"
717,True,OISR,,False,16-2,True,APPROACH 16-2,APP,APP,APP,84,MATCH,False,independently_consistent,Jeppesen_approach_number_series,True,False,True,False,False,612.0,792.0,6046,"2000 2000 3000 300 4000 5000 2000 MISSED APCH: BRIEFING STRIP TM 16-2 LAMERD LAMERD, IRAN NDB LAM 346 288^ MDA(H) 090^ 360^ MSA LAM NDB Climb on track 300^ to 4500', then turn LEFT and rejoin holding at 6500'. Alt Set: hPa"
718,True,OISS,OISS,False,,False,AIRPORT INFORMATION,AIRPORT,AIRPORT,AIRPORT,55,REVIEW,True,only_old_index_supports_category,prior_index_only,True,False,True,False,False,612.0,792.0,2285,"General Information Location: SHIRAZ IRN ICAO/IATA: OISS / SYZ Lat/Long: N29° 32.4', E052° 35.3' Elevation: 4917 ft Airport Use: Public Daylight Savings: Not Observed UTC Conversion: -3:30 = UTC Magnetic Variation: 3.0° E Fuel Types: Jet A-1 Customs: Yes Runway: 29R Length x Width: 14219 ft x 148 ft Surface Type: asphalt TDZ-Elev: 4864 ft Lighting:"
719,True,OISS,OISS,False,,False,AIRPORT INFORMATION,AIRPORT,AIRPORT,AIRPORT,55,REVIEW,True,only_old_index_supports_category,prior_index_only,True,False,True,False,False,612.0,792.0,1926,"General Information Location: SHIRAZ IRN ICAO/IATA: OISS / SYZ Lat/Long: N29° 32.4', E052° 35.3' Elevation: 4917 ft Airport Use: Public Daylight Savings: Not Observed UTC Conversion: -3:30 = UTC Magnetic Variation: 3.0° E Fuel Types: Jet A-1 Customs: Yes Runway: 29R Length x Width: 14219 ft x 148 ft Surface Type: asphalt TDZ-Elev: 4864 ft Lighting:"
720,True,OISS,OISS,False,10-1P,True,AIRPORT BRIEFING,AIRPORT,AIRPORT,AIRPORT,96,MATCH,False,independently_consistent,Jeppesen_10_20_airport_series,True,False,True,False,False,612.0,792.0,4069,"JEPPESEN 1. GENERAL 1.1. ATIS ATIS 127.0 1.2. RWY OPERATIONS Normally, RWY 29L assigned for arrivals and RWY 29R for departures. 1.3. TAXI PROCEDURES 180^ turns are permitted for heavy ACFT at the end of RWY in use only. ACFT taxiing on apron shall use minimum power. Heavy ACFT shall taxi with minimum total jet blast effect at all times. B747 and B"
721,True,OISS,OISS,False,10-1P1,True,AIRPORT BRIEFING,AIRPORT,AIRPORT,AIRPORT,96,MATCH,False,independently_consistent,Jeppesen_10_20_airport_series,True,False,True,False,False,612.0,792.0,1389,"JEPPESEN 3.3. 3.2.2. 3. DEPARTURE TAXI PROCEDURES In order to maximize RWY capacity, ACFT shall minimize RWY occupancy time. Departing ACFT on receipt of the line-up clearance, shall taxi to position as soon as possible. Cockpit checks shall be completed prior to line up. ACFT that cannot comply with these requirements shall notify ATC as soon as p"
722,True,OISS,OISS,False,10-1R,True,RADAR MINIMUM ALTITUDES,AIRPORT,AIRPORT,AIRPORT,96,MATCH,False,independently_consistent,Jeppesen_10_20_airport_series,True,False,True,False,False,612.0,792.0,5197,"D58 D70 30-30 Apt Elev OISS/SYZ SHIRAZ, IRAN 4927' Alt Set: hPa Trans level: By ATC Trans alt: 13000' *SHIRAZ Radar SHAHID DASTGHAIB INTL .RADAR.MINIMUM.ALTITUDES. 10-1R 31-00 R-320 R-360 R-030 R-340 R-350 119.0 125.4 JEPPESEN 21 NOV 14 330^ D90"
723,True,OISS,OISS,False,10-1R1,True,RADAR MINIMUM ALTITUDES,AIRPORT,AIRPORT,AIRPORT,96,MATCH,False,independently_consistent,Jeppesen_10_20_airport_series,True,False,True,False,False,612.0,792.0,3932,"330^ D20 D30 OI(P)-7 Apt Elev OISS/SYZ .RADAR.MINIMUM.ALTITUDES. 10-1R1 SHIRAZ, IRAN 4927' Alt Set: hPa Trans level: By ATC Trans alt: 13000' *SHIRAZ Radar SHAHID DASTGHAIB INTL 119.0 125.4 JEPPESEN 12000 14000 15000 21 NOV 14 R-030 R-315 R-340 R-360"
724,True,OISS,,False,10-2,False,"ASNIT 1P, KAVOT 1P, KINOT 1P, NALBI 1P",STAR,STAR,STAR,96,MATCH,False,independently_consistent,Jeppesen_10-2_series,True,False,True,False,False,612.0,792.0,40897,COMMS LOST LOST C O M M S COMMS LOST COMMS COMMS LOST COMMS LOST LOST COMMS COMMS LOST COMMS LOST COMMS LOST C
725,True,OISS,OISF,True,10-2B,False,"DASDO 2R, KASOL 1R, KUPTO 1R, LAGSA 2R, TAGTA 1R",STAR,STAR,STAR,96,REVIEW,True,header_icao_differs_from_index,Jeppesen_10-2_series,True,False,True,False,False,612.0,792.0,50691,FASA OISF COMMS LOST LOST C O M M S COMMS LOST COMMS COMMS LOST COMMS LOST LOST COMMS COMMS LOST COMMS LOST COMMS
726,True,OISS,,False,10-2C,False,"KATUR 1R, KUGVU 1R",STAR,STAR,STAR,96,MATCH,False,independently_consistent,Jeppesen_10-2_series,True,False,True,False,False,612.0,792.0,19836,R148 R 2 4 7 R 2 3 6 COMMS LOST LOST C O M M S COMMS LOST COMMS COMMS LOST COMMS LOST
727,True,OISS,,False,10-2D,False,"KAVIL 1S, KISED 1S",STAR,STAR,STAR,96,MATCH,False,independently_consistent,Jeppesen_10-2_series,True,False,True,False,False,612.0,792.0,14673,"OI(D)-48 10,800 1 8 0 ^ 11,800 270^ 3 6 0 ^ SYZ VOR v Alt Set: hPa Actual descent clearance will be as directed by ATC. Trans level: By ATC D17.0 SYZ 17.0 R280 117.8 SYZ SHIRAZ SYZ"
728,True,OISS,,False,10-2E,False,VAVAS 1S,STAR,STAR,STAR,96,MATCH,False,independently_consistent,Jeppesen_10-2_series,True,False,True,False,False,612.0,792.0,14753,COMMS LOST LOST C O M M S COMMS LOST COMMS COMMS LOST COMMS LOST LOST COMMS COMMS LOST COMMS LOST COMMS LOST C
729,True,OISS,,False,10-2F,False,IVERA 1T,STAR,STAR,STAR,96,MATCH,False,independently_consistent,Jeppesen_10-2_series,True,False,True,False,False,612.0,792.0,30958,R 2 5 COMMS LOST LOST C O M M S COMMS LOST COMMS COMMS LOST COMMS LOST LOST COMMS COMMS LOST COMMS LOST
730,True,OISS,,False,10-2G,False,"ASNIT 1X, IVERA 1X, KAVIL 1X, KUGVU 1X, KISED 2X",STAR,STAR,STAR,96,MATCH,False,independently_consistent,Jeppesen_10-2_series,True,False,True,False,False,612.0,792.0,43758,R287 D20.0 SYZ COMMS LOST LOST C O M M S COMMS LOST COMMS COMMS LOST COMMS LOST LOST COMMS COMMS LOST COMMS LOST COMMS
731,True,OISS,,False,10-3,False,"ASNIT 1A, ASNIT 1B, KAVOT 1A, KAVOT 1B, KAVOT 1C",SID,SID,SID,96,MATCH,False,independently_consistent,Jeppesen_10-3_series,True,True,True,False,False,612.0,792.0,6258,LOST COMMS COMMS LOST COMMS COMMS COMMS LOST LOST COMMS LOST COMMS COMMS LOST COMMS LOST COMMS LOST COMMS LOST COMMS COMMS COMMS ^
732,True,OISS,,False,10-3A,False,"ASNIT 1E, ASNIT 1F, KAVOT 1E, KAVOT 1F",SID,SID,SID,96,MATCH,False,independently_consistent,Jeppesen_10-3_series,True,True,True,False,False,612.0,792.0,6737,LOST COMMS COMMS LOST COMMS COMMS COMMS LOST LOST COMMS LOST COMMS COMMS LOST COMMS LOST COMMS LOST COMMS LOST COMMS COMMS COMMS 180^
733,True,OISS,OISS,False,10-3B,False,"KINOT 1A, KINOT 1B, NALBI 1A, NALBI 1B",SID,SID,SID,98,MATCH,False,independently_consistent,printed_SID_header,True,False,True,False,False,612.0,792.0,20378,COMMS LO ST MS COMMS LOST LOST COMMS LOST OMMS COMMS LOST COMMS LOST C O M M S LO ST NALBI .SID. JEPPESEN OISS/SYZ
734,True,OISS,OMMS,True,10-3C,False,"KINOT 1E, KINOT 1F, NALBI 1E, NALBI 1F",SID,SID,SID,96,REVIEW,True,header_icao_differs_from_index,Jeppesen_10-3_series,True,False,True,False,False,612.0,792.0,22919,LO ST COMMS COMMS LO ST OMMS COMMS COMMS LOST LOST COMMS LOST COMMS COMMS LOST COMMS LOST COMMS LOST C O M M
735,True,OISS,OISS,False,10-3D,True,"KASOL 1A, KASOL 1B, TAGTA 1A, TAGTA 1B",SID,SID,SID,98,MATCH,False,independently_consistent,printed_SID_header,True,True,True,False,False,612.0,792.0,6686,"280^ 10,800 180^ 270^ 10000 Apt Elev KASOL 1A TAGTA 1A 112^ KASOL 1B, TAGTA 1B 35 40 45 .SID. JEPPESEN OISS/SYZ SHAHID DASTGHAIB INTL SHIRAZ, IRAN 10-3D 4927 D15.0 SYZ 148^ Trans alt: 13000 SYZ VOR"
736,True,OISS,OISS,False,10-3E,True,"KASOL 1E, KASOL 1F, TAGTA 1E, TAGTA 1F",SID,SID,SID,98,MATCH,False,independently_consistent,printed_SID_header,True,True,True,False,False,612.0,792.0,6024,"10,800 180^ 270^ Apt Elev SHIRAZ SR 290^ SR NDB up to KASOL 1E TAGTA 1E 112^ KASOL 1F, TAG 35 40 45 .SID. JEPPESEN OISS/SYZ SHAHID DASTGHAIB INTL SHIRAZ, IRAN 10-3E 4927 148^"
737,True,OISS,OMMS,True,10-3F,False,"KATAG 1A, KATAG 1B, KUPTO 1A, KUPTO 1B",SID,SID,SID,98,REVIEW,True,header_icao_differs_from_index,printed_SID_header,True,True,True,False,False,612.0,792.0,6677,"280^ LOST LOST COMMS COMMS COMMS LOST LOST COMMS LOST COMMS LOST COMMS COMMS OMMS 10,800 180^ 270^ Apt Elev 35 40 45 .SID. JEPPESEN"
738,True,OISS,,False,10-3G,False,"KATAG 1E, KATAG 1F, KUPTO 1E, KUPTO 1F",SID,SID,SID,96,MATCH,False,independently_consistent,Jeppesen_10-3_series,True,True,True,False,False,612.0,792.0,6682,"LOST COMMS COMMS LOST COMMS COMMS COMMS LOST LOST COMMS LOST COMMS COMMS LOST COMMS LOST COMMS LOST COMMS LOST COMMS COMMS COMMS 10,800"
739,True,OISS,,False,10-3H,False,"DEPSU 1A, DEPSU 1B, DEPSU 1C, DEPSU 1D",SID,SID,SID,96,MATCH,False,independently_consistent,Jeppesen_10-3_series,True,False,True,False,False,612.0,792.0,57374,LO ST COMMS LO ST COMMS COMMS LOST LOST COMMS LOST COMMS LOST COMMS LOST COMMS LOST C O M M S LO ST C
740,True,OISS,,False,10-3J,False,"DEPSU 1E, DEPSU 1F, DEPSU 1G, DEPSU 1H",SID,SID,SID,96,MATCH,False,independently_consistent,Jeppesen_10-3_series,True,False,True,False,False,612.0,792.0,76963,LO ST COMMS LO ST COMMS COMMS LOST LOST COMMS LOST COMMS LOST COMMS LOST COMMS LOST C O M M S LO ST C
741,True,OISS,,False,10-3K,False,"KATUR 1A, KATUR 1B, KATUR 1C, KATUR 1D",SID,SID,SID,96,MATCH,False,independently_consistent,Jeppesen_10-3_series,True,False,True,False,False,612.0,792.0,60387,"280^ D)-48 10,800 1 8 0 ^ 11,800 270^ V OR Z Y S 3 6 0 ^ 10000 Apt Elev 4927 Trans alt: 13000 112^ D15.0 SYZ"
742,True,OISS,,False,10-3L,False,"KATUR 1E, KATUR 1F, KATUR 1G, KATUR 1H",SID,SID,SID,96,MATCH,False,independently_consistent,Jeppesen_10-3_series,True,False,True,False,False,612.0,792.0,54824,"OI(D)-48 10,800 1 8 0 ^ 11,800 270^ N DB R S 3 6 0 ^ 10000 Apt Elev when OI(D)-48 active. 205 SR SHIRAZ SR 290^ SR NDB"
743,True,OISS,,False,10-3M,False,"KUGVU 1A, KUGVU 1B, KUGVU 1C, KUGVU 1D",SID,SID,SID,96,MATCH,False,independently_consistent,Jeppesen_10-3_series,True,False,True,False,False,612.0,792.0,42664,"280^ OI(D)-48 10,800 1 8 0 ^ 11,800 270^ 3 6 0 ^ 10000 Apt Elev 4927 Trans alt: 13000 112^ D15.0 SYZ SYZ VOR 117.8 SYZ SHIRAZ SYZ D"
744,True,OISS,,False,10-3N,False,"KUGVU 1E, KUGVU 1F, KUGVU 1G, KUGVU 1H",SID,SID,SID,96,MATCH,False,independently_consistent,Jeppesen_10-3_series,True,False,True,False,False,612.0,792.0,64760,"OI(D)-48 10,800 1 8 0 ^ 11,800 270^ N DB R S 3 6 0 ^ 10000 Apt Elev when OI(D)-48 active. 205 SR SHIRAZ SR 290^ SR NDB"
745,True,OISS,OMMS,True,10-3P,False,"IVERA 1A, IVERA 1B",SID,SID,SID,96,REVIEW,True,header_icao_differs_from_index,Jeppesen_10-3_series,True,False,True,False,False,612.0,792.0,25236,280^ LO ST COMMS COMMS LO ST OMMS COMMS COMMS LOST LOST COMMS LOST COMMS COMMS LOST COMMS LOST COMMS LOST C O M
746,True,OISS,,False,10-3Q,False,"IVERA 1C, IVERA 1D",SID,SID,SID,98,MATCH,False,independently_consistent,printed_SID_header,True,False,True,False,False,612.0,792.0,23802,"280^ 10,800 1 8 0 ^ 11,800 270^ 3 6 0 ^ 10000 112^ D15.0 SYZ 117.8 SYZ SHIRAZ SYZ D 1 8 0 ^ .SID."
747,True,OISS,,False,10-3S,False,"KAVIL 1A, KISED 1A",SID,SID,SID,96,MATCH,False,independently_consistent,Jeppesen_10-3_series,True,False,True,False,False,612.0,792.0,19093,0^ LO ST COMMS LO ST COMMS COMMS LOST LOST COMMS LOST COMMS LOST COMMS LOST COMMS LOST C O M M S LO ST
748,True,OISS,,False,10-3T,False,"KAVIL 1B, KISED 1B",SID,SID,SID,96,MATCH,False,independently_consistent,Jeppesen_10-3_series,True,False,True,False,False,612.0,792.0,21284,LO ST COMMS LO ST COMMS COMMS COMMS LOST LOST COMMS LOST COMMS COMMS LOST COMMS LOST COMMS LOST C O M M S LO
749,True,OISS,,False,10-3U,False,"KAVIL 1E, KISED 1E",SID,SID,SID,98,MATCH,False,independently_consistent,printed_SID_header,True,False,True,False,False,612.0,792.0,17084,"10,800 1 8 0 ^ 11,800 270^ 3 6 0 ^ 205 SR SHIRAZ SR 290^ 117.8 SYZ SHIRAZ SYZ D ans alt: 13000 KISED 1E 1E .SID. JEPPESEN"
750,True,OISS,,False,10-3V,False,"KAVIL 1F, KISED 1F",SID,SID,SID,96,MATCH,False,independently_consistent,Jeppesen_10-3_series,True,False,True,False,False,612.0,792.0,19988,"10,800 1 8 0 ^ 11,800 270^ 3 6 0 ^ 10000 SR AZ R 112^ D15.0 SYZ within D15.0 SYZ 117.8 SYZ SHIRAZ SYZ D"
751,True,OISS,,False,10-9,False,Airport Diagram Chart (ADC),AIRPORT,AIRPORT,AIRPORT,96,MATCH,False,independently_consistent,Jeppesen_10_20_airport_series,True,False,True,False,False,612.0,792.0,7553,"VOR 11R 111^ 14,012' 4271m 11L 111^ 29R 291^ 14,219' 4334m A2 B2 C2 A A3 B5 B4 A6 F1 C4 C4 C C6 C7"
752,True,OISS,OISS,False,10-9A,True,HOT SPOTS,AIRPORT,AIRPORT,AIRPORT,96,MATCH,False,independently_consistent,Jeppesen_10_20_airport_series,True,False,True,False,False,612.0,792.0,3532,"SHIRAZ, IRAN SHAHID DASTGHAIB INTL OISS/SYZ JEPPESEN G3 A4 G4 A A 110 101102 103104 105 106 107 108 109 111 Control Tower 10-9A 29-32.5 29-32.6 29-32.7 52-35.9 52-35.8"
753,True,OISS,,False,10-9S,True,MINIMUMS,AIRPORT,AIRPORT,AIRPORT,96,MATCH,False,independently_consistent,Jeppesen_10_20_airport_series,True,False,True,False,False,612.0,792.0,3099,10-9S 1 4 4 4 1 JEPPESEN 5 5 ALS out R1500m R1500m R1500m R1500m R2400m R1700m R2400m R1700m (540') (540') (540') (540') 4 5400'
754,True,OISS,OISS,False,11-1,True,ILS Z OR LOC Z RWY 29L,APP,APP,APP,84,MATCH,False,independently_consistent,Jeppesen_approach_number_series,True,False,True,False,False,612.0,792.0,14671,"OI(R)-36 6000 6000 600 6000 6000 6000 7000 7000 7000 7000 7000 8000 D4.0 SYZ MISSED APCH: BRIEFING STRIP TM OISS/SYZ SHAHID DASTGHAIB INTL 11-1 SHIRAZ, IRAN LOC ISYZ"
755,True,OISS,OISS,False,11-2,True,ILS Y OR LOC Y RWY 29L,APP,APP,APP,84,MATCH,False,independently_consistent,Jeppesen_approach_number_series,True,False,True,False,False,612.0,792.0,8879,"OI(R)-36 6000 6000 7000 7000 7000 7000 7000 8000 MSA SYZ VOR 270^ MISSED APCH: BRIEFING STRIP TM OISS/SYZ SHAHID DASTGHAIB INTL 11-2 SHIRAZ, IRAN LOC ISYZ 109.9 292^ D8.0 ISYZ"
756,True,OISS,OISS,False,11-3,True,ILS X OR LOC X RWY 29L,APP,APP,APP,84,MATCH,False,independently_consistent,Jeppesen_approach_number_series,True,False,True,False,False,612.0,792.0,9060,"OI(R)-36 6000 7000 7000 7000 7000 8000 MISSED APCH: BRIEFING STRIP TM OISS/SYZ SHAHID DASTGHAIB INTL 11-3 SHIRAZ, IRAN LOC ISYZ 109.9 292^ D8.0 ISYZ 7400'(2540') Apt Elev Rwy 4860' 4917'"
757,True,OISS,,False,13-1,False,VOR RWY 29L,APP,APP,APP,84,MATCH,False,independently_consistent,Jeppesen_approach_number_series,True,False,True,False,False,612.0,792.0,9872,075^ OI(R)-36 6000 6000 6000 6000 6000 7000 7000 7000 7000 7000 7000 8000 8000 8000 D4.0 280^ (IAF) 255^ 075^ MAX 230 KT 9 50
758,True,OISS,,False,13-2,False,VOR RWY 29R,APP,APP,APP,84,MATCH,False,independently_consistent,Jeppesen_approach_number_series,True,False,True,False,False,612.0,792.0,9810,OI(R)-36 6000 6000 6000 6000 6000 7000 7000 7000 7000 7000 7000 8000 8000 8000 D4.0 280^ (IAF) 255^ 075^ MAX 230 KT 9 50 0
759,True,OISS,,False,13-3,True,CHART PAGE 491,APP,APP,APP,84,MATCH,False,independently_consistent,Jeppesen_approach_number_series,True,False,True,False,False,612.0,792.0,7135,"OI(R)-36 6000 6000 6000 6000 7000 7000 7000 D4.0 MISSED APCH: BRIEFING STRIP TM 13-3 SHAHID DASTGHAIB INTL SHIRAZ, IRAN 294^ MDA(H) Apt Elev 4917' Final Apch Crs D8.0 7200' Alt Set: hPa"
760,True,OISS,,False,13-4,False,VOR B,APP,APP,APP,84,MATCH,False,independently_consistent,Jeppesen_approach_number_series,True,False,True,False,False,612.0,792.0,8470,OI(R)-36 6000 6000 7000 7000 7000 7000 00 7000 8000 8000 8000 9000 9000 9000 D16.0 (IF) 107^ D20.0 (IAF) 10 BRIEFING STRIP TM JEPPESEN
761,True,OISS,,False,16-1,True,NDB A,APP,APP,APP,84,MATCH,False,independently_consistent,Jeppesen_approach_number_series,True,False,True,False,False,612.0,792.0,6384,"OI(R)-36 6000 6000 7000 7000 7000 7000 7000 8000 6000 MISSED APCH: BRIEFING STRIP TM 16-1 SHAHID DASTGHAIB INTL SHIRAZ, IRAN NDB SR 205 285^ MDA(H) Final Apch Crs Alt Set: hPa"
762,True,OISY,OISY,False,,False,AIRPORT INFORMATION,AIRPORT,AIRPORT,AIRPORT,88,MATCH,False,independently_consistent,airport_header,True,False,True,False,False,612.0,792.0,1815,"General Information Location: YASOUJ IRN ICAO/IATA: OISY / YES Lat/Long: N30° 41.8', E051° 33.0' Elevation: 5939 ft Airport Use: Public Daylight Savings: Not Observed UTC Conversion: -3:30 = UTC Magnetic Variation: 4.0° E Fuel Types: Jet A-1 Customs: No General Information Location: YASOUJ IRN ICAO/IATA: OISY / YES Lat/Long: N30° 41.8', E051° 33.0'"
763,True,OISY,OISY,False,10-2,True,"MIPUL 1N, RADID 1N",STAR,STAR,STAR,98,MATCH,False,independently_consistent,printed_STAR_header,True,False,True,False,False,612.0,792.0,3726,"J S Y V O R N 10-2 .STAR. JEPPESEN Apt Elev Alt Set: hPa OISY/YES YASOUJ YASOUJ, IRAN 5939 199^ Trans level: FL170 35 40 45 .Eff.17.Apr. MIPUL 4 APR 25 14486"
764,True,OISY,OISY,False,10-3,True,"MIPUL 1A, RADID 1A",SID,SID,SID,98,MATCH,False,independently_consistent,printed_SID_header,True,False,True,False,False,612.0,792.0,3605,"15,600 J S Y V OR 10-3 JEPPESEN Apt Elev OISY/YES YASOUJ YASOUJ, IRAN 5939 35 40 45 Trans alt: 15000 .SID. .Eff.17.Apr. MIPUL 4 APR 25 14486 165 31-00"
765,True,OISY,OISY,False,10-9,True,Airport Diagram Chart (ADC),AIRPORT,AIRPORT,AIRPORT,96,MATCH,False,independently_consistent,Jeppesen_10_20_airport_series,True,False,True,False,False,612.0,792.0,4788,"13 Apt Elev 30-42 30-42 30-43 30-43 51-32 51-33 51-34 10-9 5939' YASOUJ, IRAN YASOUJ N30 41.8 E051 33.0 04^E NDB 299' Stopway 3200m 91m OISY/YES MET JEPPESEN Isolated acft"
766,True,OISY,,False,13-1,True,VOR RWY 13,APP,APP,APP,84,MATCH,False,independently_consistent,Jeppesen_approach_number_series,True,False,True,False,False,612.0,792.0,7863,"295^ 7000 7000 8000 9000 9000 7000 7000 8000 10000 11000 9000 8 70 12000 11000 13000 13000 11000 BRIEFING STRIP TM YASOUJ 13-1 YASOUJ, IRAN"
767,True,OISY,,False,13-2,True,VOR A,APP,APP,APP,84,MATCH,False,independently_consistent,Jeppesen_approach_number_series,True,True,True,False,False,612.0,792.0,8014,"10 10000 11000 10000 11000 12000 10000 11000 9000 8000 7000 7000 7000 7000 309^ BRIEFING STRIP TM YASOUJ 13-2 YASOUJ, IRAN VOR YSJ 319^ MDA(H)"
768,True,OISY,,False,16-1,True,NDB A,APP,APP,APP,84,MATCH,False,independently_consistent,Jeppesen_approach_number_series,True,True,True,False,False,612.0,792.0,7813,"11 11000 12000 13000 11000 10000 9000 9000 10000 7000 8000 7000 7000 7000 7000 116^ 310^ MISSED APCH: BRIEFING STRIP TM YASOUJ 16-1 YASOUJ, IRAN NDB"
769,True,OISY,OISY,False,16-2,True,NDB B,APP,APP,APP,84,MATCH,False,independently_consistent,Jeppesen_approach_number_series,True,True,True,False,False,612.0,792.0,7784,"13000 12000 11000 11 7000 7000 7000 7000 8000 7000 9000 10000 11000 9000 10000 YASOUJ 16-2 YASOUJ, IRAN OISY/YES JEPPESEN .Eff.17.Apr. NDB B 116^ 310^"
770,True,OITK,OITK,False,,False,AIRPORT INFORMATION,AIRPORT,AIRPORT,AIRPORT,88,MATCH,False,independently_consistent,airport_header,True,False,True,False,False,612.0,792.0,1594,"General Information Location: KHOY IRN ICAO/IATA: OITK / KHY Lat/Long: N38° 25.3', E044° 58.6' Elevation: 3964 ft Airport Use: Public Daylight Savings: Not Observed UTC Conversion: -3:30 = UTC Magnetic Variation: 6.0° E Fuel Types: Jet A-1 Customs: No General Information Location: KHOY IRN ICAO/IATA: OITK / KHY Lat/Long: N38° 25.3', E044° 58.6' Ele"
771,True,OITK,OITK,False,10-2,True,BORES 2Q,STAR,STAR,STAR,98,MATCH,False,independently_consistent,printed_STAR_header,True,False,True,False,False,612.0,792.0,2405,"10,700 10-2 .STAR. JEPPESEN OITK/KHY KHOY KHOY, IRAN Apt Elev 3964 Alt Set: hPa Trans level: FL120 Actual descent clearance will be as directed by ATC. 20 25 12 MAR 21 .Eff.25.Mar. 155 134 BORES 2Q ARRIVAL [BORE2Q] (ALL RWYS)"
772,True,OITT,OITT,False,10-3,True,"TBZ 1C, TBZ 1D",SID,SID,SID,98,MATCH,False,independently_consistent,printed_SID_header,True,False,True,False,False,612.0,792.0,11343,TABRIZ OITT -Intl 117.7 TBZ TABRIZ TBZ D R282 10-3 .SID. JEPPESEN Trans alt: 10000 313 417 625 833 1042 1250 d speed-KT 75 100 150 200 250 300
773,True,OITK,OITK,False,10-9,True,Airport Diagram Chart (ADC),AIRPORT,AIRPORT,AIRPORT,96,MATCH,False,independently_consistent,Jeppesen_10_20_airport_series,True,False,True,False,False,612.0,792.0,3738,"NDB 06^E 9190'2801 15 151^ Elev 3825' 38-26 38-26 44-57 44-58 44-59 45-00 Apt Elev 10-9 JEPPESEN 3964' N38 25.3 E044 58.6 KHOY, IRAN KHOY OITK/KHY VOR 4 DEC 20 122.250 121.850 *KHOY Information (AFIS)"
774,True,OITK,,False,13-1,False,VOR DME RWY 15,APP,APP,APP,91,MATCH,False,independently_consistent,instrument_approach_header,True,False,True,False,False,612.0,792.0,8691,"OI(D)-65 5000 6000 6000 7000 7000 7000 8000 8000 9000 9000 8000 7000 5000 MHA 10000 MAX 210 KT (IAF) (IF) D18.0 D15.0 D13.0 KHOY KHOY, IRAN VOR DME Rwy 15"
775,True,OITK,,False,13-2,True,VOR DME RWY 33,APP,APP,APP,91,MATCH,False,independently_consistent,instrument_approach_header,True,False,True,False,False,612.0,792.0,8807,"OI(D)-65 5000 5000 6000 000 7000 7000 8000 8000 8000 9000 10000 11000 6000 5000 6000 KHOY DK H Y KHOY KHOY, IRAN VOR DME Rwy 33 13-2 VOR KHY"
776,True,OITK,,False,16-1,True,APPROACH 16-1,APP,APP,APP,84,MATCH,False,independently_consistent,Jeppesen_approach_number_series,True,False,True,False,False,612.0,792.0,5701,"OI(D)-65 5000 5000 5000 6000 6000 7000 7000 5 015^ 195^ 150^ KHOY 16-1 KHOY, IRAN CIRCLING NDB CAT C & D 1 MSA KHY NDB 260^ 145^ 290^ 1 NDB"
777,True,OITK,,False,16-2,True,APPROACH 16-2,APP,APP,APP,84,MATCH,False,independently_consistent,Jeppesen_approach_number_series,True,False,True,False,False,612.0,792.0,6046,"OI(D)-65 5000 5000 5000 6000 6000 7000 7000 500 KHOY 16-2 KHOY, IRAN CIRCLING NDB MSA KHY NDB 260^ 145^ 290^ 2 NDB KHY 288 Final Apch Crs 182^"
778,True,OITL,OITL,False,,False,AIRPORT INFORMATION,AIRPORT,AIRPORT,AIRPORT,55,REVIEW,True,only_old_index_supports_category,prior_index_only,True,False,True,False,False,612.0,792.0,2088,"General Information Location: ARDABIL IRN ICAO/IATA: OITL / ADU Lat/Long: N38° 19.6', E048° 25.4' Elevation: 4319 ft Airport Use: Public Daylight Savings: Not Observed UTC Conversion: -3:30 = UTC Magnetic Variation: 6.0° E Fuel Types: Jet A-1, Jet 4 Customs: Yes Runway: 33 Length x Width: 10820 ft x 148 ft Surface Type: asphalt TDZ-Elev: 4303 ft Li"
779,True,OITL,OITL,False,,False,AIRPORT INFORMATION,AIRPORT,AIRPORT,AIRPORT,55,REVIEW,True,only_old_index_supports_category,prior_index_only,True,False,True,False,False,612.0,792.0,1636,"General Information Location: ARDABIL IRN ICAO/IATA: OITL / ADU Lat/Long: N38° 19.6', E048° 25.4' Elevation: 4319 ft Airport Use: Public Daylight Savings: Not Observed UTC Conversion: -3:30 = UTC Magnetic Variation: 6.0° E Fuel Types: Jet A-1, Jet 4 Customs: Yes Runway: 33 Length x Width: 10820 ft x 148 ft Surface Type: asphalt TDZ-Elev: 4303 ft Li"
780,True,OITL,OITL,False,10-2,True,"EGVON 1N, EGVON 1P, EGVON 1Q",STAR,STAR,STAR,98,MATCH,False,independently_consistent,printed_STAR_header,True,False,True,False,False,612.0,792.0,9290,"ARDABIL 115.7 ARB ARB N38 18.9 E048 26.1 D Apt Elev OITL/ADU ARDABIL ARDABIL, IRAN 4319' .STAR. *ATIS Actual descent clearance will be as directed by ATC. JEPPESEN 10-2 20 DEC 24 Alt Set: hPa Trans level: By ATC Trans alt: 12000' .Eff.26.Dec. 126.650 MSA 180^ 360^ 270^"
781,True,OITL,OITL,False,10-2A,True,"GIVTA 1N, GIVTA 1P, GIVTA 1Q",STAR,STAR,STAR,98,MATCH,False,independently_consistent,printed_STAR_header,True,False,True,False,False,612.0,792.0,8795,"GIVTA 5^ Apt Elev OITL/ADU ARDABIL ARDABIL, IRAN 4319' .STAR. *ATIS Actual descent clearance will be as directed by ATC. 312^ JEPPESEN 10-2A 20 DEC 24 Alt Set: hPa Trans level: By ATC Trans alt: 12000' .Eff.26.Dec. 126.650 MSA 180^ 360^ 270^ ARB VOR 17,800"
782,True,OITL,OITL,False,10-2A1,True,GIVTA 1R,STAR,STAR,STAR,98,MATCH,False,independently_consistent,printed_STAR_header,True,True,True,False,False,612.0,792.0,2574,"Apt Elev OITL/ADU ARDABIL ARDABIL, IRAN 4319' .STAR. *ATIS JEPPESEN Actual descent clearance will be as directed by ATC. Alt Set: hPa Trans level: By ATC Trans alt: 12000' .Eff.26.Dec. 126.650 10-2A1 ARDABIL 115.7 ARB ARB N38 18.9 E048 26.1 D 20 DEC 24 MSA 180^ 360^ 270^"
783,True,OITL,OITL,False,10-2B,True,"ITUPA 1N, ITUPA 1P, ITUPA 1Q",STAR,STAR,STAR,98,MATCH,False,independently_consistent,printed_STAR_header,True,True,True,False,False,612.0,792.0,3587,"Apt Elev OITL/ADU ARDABIL ARDABIL, IRAN 4319' .STAR. *ATIS 10-2B JEPPESEN Actual descent clearance will be as directed by ATC. ITUPA 126^ 147^ 151^ 20 DEC 24 Alt Set: hPa Trans level: By ATC Trans alt: 12000' .Eff.26.Dec. 126.650 MSA 180^ 360^ 270^ ARB VOR"
784,True,OITL,OITL,False,10-2C,True,"GIVTA 1S, GIVTA 1T, GIVTA 1V",STAR,STAR,STAR,98,MATCH,False,independently_consistent,printed_STAR_header,True,True,True,False,False,612.0,792.0,4222,"ARDABIL 115.7 ARB ARB N38 18.9 E048 26.1 D ARDABIL 355 ARB ARB N38 19.8 E048 24.9 Apt Elev OITL/ADU ARDABIL ARDABIL, IRAN 4319' .STAR. *ATIS 10-2C JEPPESEN Actual descent clearance will be as directed by ATC. 20 DEC 24 Alt Set: hPa Trans level: By ATC Trans alt: 12000' .Eff.26.Dec. 126.650"
785,True,OITL,OITL,False,10-3,True,"EGVON 1J, EGVON 1L",SID,SID,SID,98,MATCH,False,independently_consistent,printed_SID_header,True,True,True,False,False,612.0,792.0,4202,"ARDABIL 115.7 ARB ARB N38 18.9 E048 26.1 D Apt Elev .SID. OITL/ADU ARDABIL ARDABIL, IRAN 4319' Do not proceed beyond ARB R-290 due to high terrain. 1 At 8200' EGVON 1J At or above 12000' EG JEPPESEN 10-3 20 DEC 24 Trans level: By ATC Trans alt: 12000'"
786,True,OITL,OITL,False,10-3A,True,"EGVON 1D, EGVON 1E",SID,SID,SID,98,MATCH,False,independently_consistent,printed_SID_header,True,True,True,False,False,612.0,792.0,3555,"Apt Elev .SID. OITL/ADU ARDABIL ARDABIL, IRAN 4319' JEPPESEN ARDABIL 115.7 ARB ARB N38 18.9 E048 26.1 D EGVON 1D At or above 6300' 10-3A 20 DEC 24 Trans level: By ATC Trans alt: 12000' .Eff.26.Dec. MSA 180^ 270^ 360^ ARB VOR"
787,True,OITL,OITL,False,10-3B,True,"GIVTA 1J, GIVTA 1L, GIVTA 1M",SID,SID,SID,98,MATCH,False,independently_consistent,printed_SID_header,True,True,True,False,False,612.0,792.0,3369,"32 At 6000' Apt Elev .SID. OITL/ADU ARDABIL ARDABIL, IRAN 4319' JEPPESEN 10-3B 20 DEC 24 Trans level: By ATC Trans alt: 12000' .Eff.26.Dec. MSA 180^ 270^ 360^ ARB VOR 10,000 17,800 12,500 GIVTA 1J [GIVT1J] GIVTA 1L [GIVT1L]"
788,True,OITL,OITL,False,10-3C,True,"GIVTA 1D, GIVTA 1E",SID,SID,SID,98,MATCH,False,independently_consistent,printed_SID_header,True,True,True,False,False,612.0,792.0,3051,"Apt Elev .SID. OITL/ADU ARDABIL ARDABIL, IRAN 4319' 10-3C 070^ JEPPESEN GIVTA 1E 20 DEC 24 Trans level: By ATC Trans alt: 12000' .Eff.26.Dec. MSA 180^ 270^ 360^ ARB VOR 10,000 17,800 12,500 GIVTA 1D [GIVT1D] GIVTA 1E [GIVT1E] DEPARTURES"
789,True,OITL,OITL,False,10-3D,True,"ITUPA 1J, ITUPA 1L",SID,SID,SID,98,MATCH,False,independently_consistent,printed_SID_header,True,True,True,False,False,612.0,792.0,3150,"Apt Elev .SID. OITL/ADU ARDABIL ARDABIL, IRAN 4319' JEPPESEN 10-3D ITUPA 20 DEC 24 .Eff.26.Dec. Trans level: By ATC Trans alt: 12000' MSA 180^ 270^ 360^ ARB VOR 10,000 17,800 12,500 ITUPA 1J [ITUP1J] ITUPA 1L [ITUP1L] DEPARTURES (RWYS 15, 33)"
790,True,OITL,OITL,False,10-3E,True,"ITUPA 1D, ITUPA 1E",SID,SID,SID,98,MATCH,False,independently_consistent,printed_SID_header,True,True,True,False,False,612.0,792.0,2462,"Apt Elev .SID. OITL/ADU ARDABIL ARDABIL, IRAN 4319' JEPPESEN 10-3E ITUPA 20 DEC 24 .Eff.26.Dec. Trans level: By ATC Trans alt: 12000' MSA 180^ 270^ 360^ ARB VOR 10,000 17,800 12,500 ITUPA 1D [ITUP1D] ITUPA 1E [ITUP1E] DEPARTURES (RWYS 07, 25)"
791,True,OITL,OITL,False,10-3F,True,"EGVON 1G, EGVON 1H",SID,SID,SID,98,MATCH,False,independently_consistent,printed_SID_header,True,True,True,False,False,612.0,792.0,3151,"Apt Elev .SID. OITL/ADU ARDABIL ARDABIL, IRAN 4319' JEPPESEN 10-3F ARDABIL 355 ARB ARB 20 DEC 24 Trans level: By ATC Trans alt: 12000' .Eff.26.Dec. MSA 180^ 270^ 360^ ARB NDB 17,800 10,000 12,500 EGVON 1G [EGVO1G] EGVON 1H [EGVO1H]"
792,True,OITL,OITL,False,10-3G,True,"GIVTA 1A, GIVTA 1B, GIVTA 1C",SID,SID,SID,98,MATCH,False,independently_consistent,printed_SID_header,True,True,True,False,False,612.0,792.0,3251,"At 6000' Apt Elev .SID. OITL/ADU ARDABIL ARDABIL, IRAN 4319' 32 10-3G JEPPESEN 20 DEC 24 Trans level: By ATC Trans alt: 12000' .Eff.26.Dec. MSA 180^ 270^ 360^ ARB NDB 10,000 17,800 12,500 GIVTA 1A [GIVT1A] GIVTA 1B [GIVT1B]"
793,True,OITL,OITL,False,10-3H,True,"ITUPA 1G, ITUPA 1H",SID,SID,SID,98,MATCH,False,independently_consistent,printed_SID_header,True,True,True,False,False,612.0,792.0,2431,"Apt Elev .SID. OITL/ADU ARDABIL ARDABIL, IRAN 4319' ITUPA 10-3H JEPPESEN 20 DEC 24 Trans level: By ATC Trans alt: 12000' .Eff.26.Dec. MSA 180^ 270^ 360^ ARB NDB 10,000 17,800 12,500 ITUPA 1G [ITUP1G] ITUPA 1H [ITUP1H] DEPARTURES (RWYS 07, 25)"
794,True,OITL,OITL,False,10-9,True,Airport Diagram Chart (ADC),AIRPORT,AIRPORT,AIRPORT,96,MATCH,False,independently_consistent,Jeppesen_10_20_airport_series,True,False,True,False,False,612.0,792.0,5607,"Apt Elev 10-9 ARDABIL, IRAN ARDABIL NDB ARP OITL/ADU *ATIS 48-27 A MET 38-20 38-20 48-24 48-25 48-26 JEPPESEN Birds in vicinity of apt. Strolling dogs on movement area. Intersection of rwy 33 and 25 is bumpy. 05^E 121.9 *ARDABIL Tower"
795,True,OITL,,False,11-1,False,LOC RWY 15,APP,APP,APP,84,MATCH,False,independently_consistent,Jeppesen_approach_number_series,True,True,True,False,False,612.0,792.0,8037,"AZERBAIJAN REPUBLIC OF IRAN 5000 5000 5000 6000 6000 7000 5000 500 MISSED APCH: BRIEFING STRIP TM 10 ARDABIL, IRAN ARDABIL LOC IARD 110.3 144^ 6600' Alt Set: hPa"
796,True,OITL,,False,11-2,True,ILS Z OR LOC Z RWY 33,APP,APP,APP,84,MATCH,False,independently_consistent,Jeppesen_approach_number_series,True,False,True,False,False,612.0,792.0,7892,"5000 270^ 180^ 360^ MISSED APCH: LOC 109.9 IARB Final Apch Crs 325^ Alt Set: hPa Rwy Elev: 148 hPa Trans level: By ATC 6800' 4530'(227') DA(H) ILS D0.7 ARDABIL, IRAN ARDABIL 11-2 BRIEFING STRIP TM"
797,True,OITL,,False,11-3,False,ILS Y OR LOC Y RWY 33,APP,APP,APP,84,MATCH,False,independently_consistent,Jeppesen_approach_number_series,True,False,True,False,False,612.0,792.0,7069,"5000 270^ 180^ 360^ MISSED APCH: LOC 109.9 IARB Final Apch Crs 325^ Alt Set: hPa Rwy Elev: 148 hPa Trans level: By ATC 6800' 4565'(262') DA(H) ILS D0.7 ARDABIL, IRAN ARDABIL BRIEFING STRIP TM 10"
798,True,OITL,,False,13-1,False,VOR Z RWY 07,APP,APP,APP,84,MATCH,False,independently_consistent,Jeppesen_approach_number_series,True,False,True,False,False,612.0,792.0,6084,IRAN OF REPUBLIC AZERBAIJAN 5000 5000 ARDABIL D A R B ARDABIL VOR ARB 115.7 Final Apch Crs 071^ 270^ 180^ 360^ MSA ARB VOR 4780'(461') Alt Set: hPa Trans level: By ATC Apt Elev: 149 hPa 10
799,True,OITL,,False,13-2,False,VOR Y RWY 07,APP,APP,APP,84,MATCH,False,independently_consistent,Jeppesen_approach_number_series,True,False,True,False,False,612.0,792.0,6042,AZERBAIJAN IRAN REPUBLIC OF 5000 5000 ARDABIL D A R B ARDABIL VOR ARB 115.7 Final Apch Crs 071^ 270^ 180^ 360^ MSA ARB VOR 4780'(461') Alt Set: hPa Trans level: By ATC Apt Elev: 149 hPa 10
800,True,OITL,,False,13-3,False,VOR Z RWY 15,APP,APP,APP,84,MATCH,False,independently_consistent,Jeppesen_approach_number_series,True,False,True,False,False,612.0,792.0,7121,"311^ OF IRAN REPUBLIC AZERBAIJAN 5000 5000 D5.0 D2.5 MISSED APCH: BRIEFING STRIP TM 10 ARDABIL, IRAN ARDABIL VOR ARB 115.7 142^ 5500' Alt Set: hPa Trans level: By ATC 270^ 180^ 360^"
801,True,OITL,OITL,False,13-4,False,VOR Y RWY 15,APP,APP,APP,84,MATCH,False,independently_consistent,Jeppesen_approach_number_series,True,False,True,False,False,612.0,792.0,6031,"AZERBAIJAN REPUBLIC OF IRAN 5000 5000 D7.0 MISSED APCH: BRIEFING STRIP TM ARDABIL, IRAN ARDABIL VOR ARB 115.7 Final Apch Crs 142^ 270^ 180^ 360^ MSA ARB VOR OITL/ADU 4850'(554') Alt Set: hPa"
802,True,OITL,,False,13-5,False,VOR RWY 33,APP,APP,APP,84,MATCH,False,independently_consistent,Jeppesen_approach_number_series,True,False,True,False,False,612.0,792.0,6328,"5000 5000 border approximately 10 NM NE of airport. CAUTION: Azerbaijanian 270^ 180^ 360^ MISSED APCH: 10 ARDABIL, IRAN ARDABIL VOR 115.7 ARB Final Apch Crs 329^ Alt Set: hPa Rwy Elev: 148 hPa Trans level: By ATC Trans alt: 12000' 5300'(997') D3.0"
803,True,OITL,,False,16-1,False,NDB RWY 15,APP,APP,APP,91,MATCH,False,independently_consistent,instrument_approach_header,True,False,True,False,False,612.0,792.0,6700,"AZERBAIJAN IRAN OF REPUBLIC 5000 5000 D5.0 MISSED APCH: BRIEFING STRIP TM ARDABIL, IRAN ARDABIL NDB ARB 132^ 5300' Alt Set: hPa Trans level: By ATC 270^ 180^ 360^ MSA ARB NDB Rwy Elev: 148 hPa (1004')"
804,True,OITL,,False,16-2,False,NDB RWY 33,APP,APP,APP,84,MATCH,False,independently_consistent,Jeppesen_approach_number_series,True,False,True,False,False,612.0,792.0,6420,"5000 500 D3.0 border approximately 10 NM NE of airport. A R B CAUTION: Azerbaijanian 270^ 180^ 360^ MISSED APCH: ARDABIL, IRAN ARDABIL NDB ARB Final Apch Crs 321^ Alt Set: hPa Rwy Elev: 148 hPa Trans level: By ATC Trans alt: 12000' 5300'(997') D3.0"
805,True,OITL,,False,16-3,True,CHART PAGE 521,APP,APP,APP,84,MATCH,False,independently_consistent,Jeppesen_approach_number_series,True,False,True,False,False,612.0,792.0,5518,"5000 5000 6000 MISSED APCH: 10 ARDABIL, IRAN ARDABIL 16-3 NDB 355 Final Apch Crs 312^ No FAF MDA(H) Turn LEFT on track 220^, climb to 6300' Alt Set: hPa Apt Elev: 148 hPa Trans level: By ATC ARB Refer to Minimums (CAT A & B: 5600'), then turn LEFT and rejoin holding. MSA ARB NDB"
806,True,OITM,OITM,False,,False,AIRPORT INFORMATION,AIRPORT,AIRPORT,AIRPORT,88,MATCH,False,independently_consistent,airport_header,True,False,True,False,False,612.0,792.0,1651,"General Information Location: SAHAND IRN ICAO/IATA: OITM / ACP Lat/Long: N37° 20.9', E046° 08.0' Elevation: 4397 ft Airport Use: Public Daylight Savings: Not Observed UTC Conversion: -3:30 = UTC Magnetic Variation: 5.0° E Customs: No Airport Type: IFR General Information Location: SAHAND IRN ICAO/IATA: OITM / ACP Lat/Long: N37° 20.9', E046° 08.0' E"
807,True,OITM,OITM,False,10-2,True,GETOB 1D,STAR,STAR,STAR,98,MATCH,False,independently_consistent,printed_STAR_header,True,True,True,False,False,612.0,792.0,4046,"SHD Apt Elev OITM/ACP 10-2 .STAR. SAHAND 4397' SAHAND SHD N37 20.8 E046 08.6 D JEPPESEN Alt Set: hPa Trans level: FL110 Trans alt: 9000' Actual descent clearance will be as directed by ATC. .Eff.2.Oct. 26 SEP 25 SAHAND, IRAN (116.0) SHD MSA 090^ 180^ 270^ 360^ SHD NDB"
808,True,OITT,OITM,True,10-9,True,Airport Diagram Chart (ADC),AIRPORT,AIRPORT,AIRPORT,96,REVIEW,True,header_icao_differs_from_index,Jeppesen_10_20_airport_series,True,False,True,False,False,612.0,792.0,3686,Elev 4397' 9350'2850m 08 26 260^ 10-9 SAHAND N37 20.9 E046 08.0 4397' Apt Elev 05^E OITM/ACP 37-21 37-21 37-22 37-22 46-06 46-07 46-08 46-09 JEPPESEN Stopway 482'147m
809,True,OITM,,False,16-1,True,NDB A,APP,APP,APP,84,MATCH,False,independently_consistent,Jeppesen_approach_number_series,True,False,True,False,False,612.0,792.0,6179,5000 7000 7000 6000 5000 6000 6000 SAHAND SAHAND D 252^ D8.0 D10.0 D13.0 SAHAND 16-1 8500' MSA SHD NDB 37-25 MISSED APCH: BRIEFING STRIP TM 270^ 090^ 180^
810,True,OITM,,False,16-2,True,NDB B,APP,APP,APP,84,MATCH,False,independently_consistent,Jeppesen_approach_number_series,True,False,True,False,False,612.0,792.0,5758,6000 6000 5000 5000 SAHAND 363 SHD SAHAND D MISSED APCH: BRIEFING STRIP TM SAHAND 16-2 8500' MSA SHD NDB (116.0) SHD 285^ 285^ 087^ 270^ 090^ 180^ 360^ NDB
811,True,OITR,OITR,False,,False,AIRPORT INFORMATION,AIRPORT,AIRPORT,AIRPORT,88,MATCH,False,independently_consistent,airport_header,True,False,True,False,False,612.0,792.0,1779,"General Information Location: UROMIYEH IRN ICAO/IATA: OITR / OMH Lat/Long: N37° 40.3', E045° 04.1' Elevation: 4342 ft Airport Use: Public Daylight Savings: Not Observed UTC Conversion: -3:30 = UTC Magnetic Variation: 4.0° E Fuel Types: Jet A-1 Customs: Yes General Information Location: UROMIYEH IRN ICAO/IATA: OITR / OMH Lat/Long: N37° 40.3', E045° "
812,True,OITR,OITR,False,10-2,True,"ALRAM 1N, ALRAM 1P, ALRAM 1Q, RABEM 1N, RABEM 1P, RABEM 1Q, TOTBO 1N, TOTBO 1P, TOTBO 1Q",STAR,STAR,STAR,98,MATCH,False,independently_consistent,printed_STAR_header,True,False,True,False,False,612.0,792.0,6821,"090^ 270^ 180^ 360^ 275^ 10-2 .STAR. UROMIYEH UROMIYEH, IRAN O 1N 235^ 210^ Apt Elev 4342' *ATIS Alt Set: hPa Trans level: By ATC Trans alt: 10000' Actual descent clearance will be as directed by ATC. JEPPESEN 12,300 13,900 10,500 9400 127.250 OITR/OMH"
813,True,OITR,OITR,False,10-2A,True,"ALRAM 1R, RABEM 1R, TOTBO 1R, TUBAR 1R",STAR,STAR,STAR,98,MATCH,False,independently_consistent,printed_STAR_header,True,False,True,False,False,612.0,792.0,6048,"090^ 270^ 180^ 360^ .STAR. UROMIYEH UROMIYEH, IRAN 243^ 282^ 295^ Apt Elev 4342' *ATIS 16 APR 21 JEPPESEN OITR/OMH Alt Set: hPa Trans level: By ATC Trans alt: 10000' Actual descent clearance will be as directed by ATC. 127.250 10-2A 12,300 9400 13,900 10,500"
814,True,OITR,OITR,False,10-2B,True,"TUBAR 1N, TUBAR 1P, TUBAR 1Q",STAR,STAR,STAR,98,MATCH,False,independently_consistent,printed_STAR_header,True,False,True,False,False,612.0,792.0,4770,"090^ 270^ 180^ 360^ .STAR. UROMIYEH UROMIYEH, IRAN Apt Elev *ATIS Alt Set: hPa Trans level: By ATC Trans alt: 10000' 10-2B Actual descent clearance will be as directed by ATC. 12,300 9400 13,900 10,500 JEPPESEN 4342' 127.250 OITR/OMH 16 APR 21 MSA UMH VOR R"
815,True,OITR,OITR,False,10-2C,True,"TUDNU 1N, TUDNU 1P, TUDNU 1Q",STAR,STAR,STAR,98,MATCH,False,independently_consistent,printed_STAR_header,True,False,True,False,False,612.0,792.0,3878,"090^ 270^ 180^ 360^ .STAR. UROMIYEH UROMIYEH, IRAN 10-2C Apt Elev 4342' *ATIS 16 APR 21 JEPPESEN 12,300 9400 13,900 10,500 MHA 9000 127.250 OITR/OMH Alt Set: hPa Trans level: By ATC Trans alt: 10000' Actual descent clearance will be as directed by ATC. MSA UMH VOR"
816,True,OITR,OITR,False,10-3,True,"ALRAM 1J, ALRAM 1K",SID,SID,SID,98,MATCH,False,independently_consistent,printed_SID_header,True,True,True,False,False,612.0,792.0,3296,"Apt Elev .SID. Trans level: By ATC Trans alt: 10000' UROMIYEH UROMIYEH, IRAN 4342' JEPPESEN OITR/OMH 10-3 2 JUL 21 .Eff.15.Jul. MSA 180^ 270^ 360^ 090^ UMH VOR 12,300 9400 13,900 10,500 ALRAM 1J [ALRA1J] ALRAM 1K [ALRA1K] DEPARTURES"
817,True,OITR,OITR,False,10-3A,True,"BONAM 1A, BONAM 1B, RABEM 1A, RABEM 1B",SID,SID,SID,98,MATCH,False,independently_consistent,printed_SID_header,True,True,True,False,False,612.0,792.0,4137,"Apt Elev .SID. Trans level: By ATC Trans alt: 10000' UROMIYEH UROMIYEH, IRAN 4342' At or above FL150 10-3A JEPPESEN OITR/OMH 2 JUL 21 .Eff.15.Jul. MSA 180^ 270^ 360^ 090^ UMH VOR 12,300 9400 13,900 10,500 RABEM"
818,True,OITR,OITR,False,10-3B,True,"BONAM 1C, BONAM 1D, RABEM 1C, RABEM 1D",SID,SID,SID,98,MATCH,False,independently_consistent,printed_SID_header,True,True,True,False,False,612.0,792.0,4080,"Apt Elev .SID. Trans level: By ATC Trans alt: 10000' UROMIYEH UROMIYEH, IRAN 4342' At or above FL150 16 APR 21 JEPPESEN 10-3B OITR/OMH MSA 180^ 270^ 360^ 090^ UMH NDB 9400 12,300 13,900 10,500 RABEM BONAM"
819,True,OITR,OITR,False,10-3C,True,"ROVON 1A, ROVON 1B, ROVON 1E, ROVON 1F",SID,SID,SID,98,MATCH,False,independently_consistent,printed_SID_header,True,True,True,False,False,612.0,792.0,4222,"Apt Elev .SID. Trans level: By ATC Trans alt: 10000' UROMIYEH UROMIYEH, IRAN 30^ 10-3C JEPPESEN ROVON 1 16 APR 21 4342' OITR/OMH MSA 180^ 270^ 360^ 090^ UMH VOR 12,300 9400 13,900 10,500 D UROMIYEH 113.5 UMH"
820,True,OITR,OITR,False,10-3D,True,"ROVON 1C, ROVON 1D, ROVON 1G, ROVON 1H",SID,SID,SID,98,MATCH,False,independently_consistent,printed_SID_header,True,True,True,False,False,612.0,792.0,4343,"0^ Apt Elev .SID. Trans level: By ATC Trans alt: 10000' UROMIYEH UROMIYEH, IRAN 4342' 10-3D ROVON 1C N37 39.9 E045 03.7 370 UMH JEPPESEN ROVON 1G 16 APR 21 OITR/OMH MSA 180^ 270^ 360^ 090^ UMH NDB 12,300 9400 13,900"
821,True,OITR,OITR,False,10-9,True,Airport Diagram Chart (ADC),AIRPORT,AIRPORT,AIRPORT,96,MATCH,False,independently_consistent,Jeppesen_10_20_airport_series,True,False,True,False,False,612.0,792.0,6015,NDB 10-9 *UROMIYEH Tower 121.9 04^E Apt Elev *ATIS Control 69' 3252m 21 209^ JEPPESEN ARP OITR/OMH 127.250 118.250 37-40 37-40 37-41 37-41 45-03 45-04 45-05 45-06
822,True,OITR,,False,10-9S,True,MINIMUMS,AIRPORT,AIRPORT,AIRPORT,96,MATCH,False,independently_consistent,Jeppesen_10_20_airport_series,True,False,True,False,False,612.0,792.0,3731,10-9S 03 JEPPESEN 1 ALS out 4800'(458') 4800'(458') 4800'(458') 4800'(458') 21 2 ALS out 4500'(228') 4500'(228') 4500'(228') 4500'(228') 3 3 3 3 ILS Z 4 ALS out 4500'(228')
823,True,OITR,,False,10-9S1,True,MINIMUMS,AIRPORT,AIRPORT,AIRPORT,96,MATCH,False,independently_consistent,Jeppesen_10_20_airport_series,True,False,True,False,False,612.0,792.0,2908,10-9S1 JEPPESEN 5280'(938') 4850'(508') V1500m V1600m 5390'(1048') 1 5000'(658') 5000'(658') 5280'(938') 5390'(1048') 5 5120'(778') 5120'(778') 4760'(418') 4850'(508') 4760'(418') 5390'(1048') 5280'(938') 5280'(938') 5390'(1048') 1 5280'(938') 5000'(658')
824,True,OITR,,False,11-1,True,ILS Z OR LOC Z RWY 21,APP,APP,APP,84,MATCH,False,independently_consistent,Jeppesen_approach_number_series,True,False,True,False,False,612.0,792.0,8316,"OI(C)-65 045^ MISSED APCH: UROMIYEH UROMIYEH, IRAN *UROMIYEH Tower 11-1 LOC IUMH 108.9 Final Apch Crs 209^ 7300'(3028') 4500'(228') Apt Elev Rwy 4272' 4342' 270^ 090^ 180^ 360^ BRIEFING STRIP TM"
825,True,OITR,,False,11-2,True,ILS Y OR LOC Y RWY 21,APP,APP,APP,84,MATCH,False,independently_consistent,Jeppesen_approach_number_series,True,False,True,False,False,612.0,792.0,7112,"OI(C)-65 MISSED APCH: UROMIYEH UROMIYEH, IRAN *UROMIYEH Tower 11-2 LOC IUMH 108.9 Final Apch Crs 209^ 6700'(2428') 4500'(228') Apt Elev Rwy 4272' 4342' 270^ 090^ 180^ 360^ BRIEFING STRIP TM *ATIS"
826,True,OITR,,False,11-3,True,ILS X OR LOC X RWY 21,APP,APP,APP,84,MATCH,False,independently_consistent,Jeppesen_approach_number_series,True,False,True,False,False,612.0,792.0,7946,"OI(D)-47 OI(C)-65 6000 7000 7000 00 ILS DA(H) MSA UMH NDB MISSED APCH: UROMIYEH UROMIYEH, IRAN *UROMIYEH Tower 11-3 LOC IUMH 108.9 209^ 6506'(2234') 4500'(228') Apt Elev Rwy 4272' 4342'"
827,True,OITR,,False,13-1,False,VOR RWY 03,APP,APP,APP,84,MATCH,False,independently_consistent,Jeppesen_approach_number_series,True,False,True,False,False,612.0,792.0,6560,"D3.0 D4.0 MISSED APCH: UROMIYEH UROMIYEH, IRAN *UROMIYEH Tower VOR UMH 113.5 030^ 7100' D9.0 4800'(458') Climb STRAIGHT AHEAD to VOR, then climb on MSA UMH VOR 37-40 Final Apch Crs 270^ 090^ 180^ 360^ 10 (2758')"
828,True,OITR,,False,13-2,True,VOR Z RWY 21,APP,APP,APP,84,MATCH,False,independently_consistent,Jeppesen_approach_number_series,True,False,True,False,False,612.0,792.0,7020,"OI(C)-65 045^ 029^ MISSED APCH: UROMIYEH UROMIYEH, IRAN *UROMIYEH Tower 121.9 13-2 VOR UMH 113.5 Final Apch Crs 209^ D5.0 6000'(1728') 4690'(418') 270^ 090^ 180^ 360^ MSA UMH VOR Turn LEFT to intercept R-150 climbing to 7000', then climbing turn LEFT to rejoin the holding at 9000'."
829,True,OITR,,False,13-3,False,VOR Y RWY 21,APP,APP,APP,84,MATCH,False,independently_consistent,Jeppesen_approach_number_series,True,False,True,False,False,612.0,792.0,7025,"OI(C)-65 5000 6000 7000 7000 MISSED APCH: UROMIYEH UROMIYEH, IRAN *UROMIYEH Tower VOR UMH 113.5 Final Apch Crs 209^ 4930'(658') Apt Elev Rwy 4272' 4342' 270^ 090^ 180^ 360^"
830,True,OITR,,False,16-1,True,NDB Z RWY 21 CAT A & B,APP,APP,APP,91,MATCH,False,independently_consistent,instrument_approach_header,True,False,True,False,False,612.0,792.0,6129,"OI(C)-65 5000 6000 7000 7000 6000 MISSED APCH: UROMIYEH UROMIYEH, IRAN *UROMIYEH Tower 16-1 NDB UMH 213^ 5120'(848') Apt Elev Rwy 4272' 4342' MSA UMH NDB 370 Turn LEFT on track 145^ climbing to 7000', then turn LEFT to rejoin the holding at 9000'. Alt Set: hPa"
831,True,OITR,,False,16-2,True,NDB Y RWY 21 CAT C & D,APP,APP,APP,91,MATCH,False,independently_consistent,instrument_approach_header,True,False,True,False,False,612.0,792.0,6275,"OI(C)-65 MISSED APCH: UROMIYEH UROMIYEH, IRAN *UROMIYEH Tower 16-2 NDB UMH 213^ 5120'(848') Apt Elev Rwy 4272' 4342' MSA UMH NDB [FN21] 370 Turn LEFT on track 145^ climbing to 7000', then turn LEFT to rejoin the holding at 9000'. Alt Set: hPa Rwy Elev: 147 hPa Trans level: By ATC Trans alt: 10000' *ATIS"
832,True,OITT,OITT,False,,False,AIRPORT INFORMATION,AIRPORT,AIRPORT,AIRPORT,55,REVIEW,True,only_old_index_supports_category,prior_index_only,True,False,True,False,False,612.0,792.0,2162,"General Information Location: TABRIZ IRN ICAO/IATA: OITT / TBZ Lat/Long: N38° 08.0', E046° 14.1' Elevation: 4449 ft Airport Use: Public Daylight Savings: Not Observed UTC Conversion: -3:30 = UTC Magnetic Variation: 5.0° E Fuel Types: 100 Octane (LL), Jet A-1, Jet 4 Customs: Yes Runway: 30R Length x Width: 11995 ft x 148 ft Surface Type: concrete TD"
833,True,OITT,OITT,False,,False,AIRPORT INFORMATION,AIRPORT,AIRPORT,AIRPORT,55,REVIEW,True,only_old_index_supports_category,prior_index_only,True,False,True,False,False,612.0,792.0,1721,"General Information Location: TABRIZ IRN ICAO/IATA: OITT / TBZ Lat/Long: N38° 08.0', E046° 14.1' Elevation: 4449 ft Airport Use: Public Daylight Savings: Not Observed UTC Conversion: -3:30 = UTC Magnetic Variation: 5.0° E Fuel Types: 100 Octane (LL), Jet A-1, Jet 4 Customs: Yes Runway: 30R Length x Width: 11995 ft x 148 ft Surface Type: concrete TD"
834,True,OITT,OITT,False,10-2,True,"BORES 1N, BORES 1P, DASDA 1N, DASDA 1P",STAR,STAR,STAR,98,MATCH,False,independently_consistent,printed_STAR_header,True,False,True,False,False,612.0,792.0,7330,".STAR. Apt Elev OITT/TBZ 10-2 4459' TABRIZ INTL TABRIZ, IRAN *ATIS 127.0 Actual descent clearance will be as directed by ATC. DASDA N38 41.6 E046 52.2 JEPPESEN [BORE1N], [BORE1P] [DASD1N], [DASD1P] Alt Set: hPa Trans level: By ATC Trans alt: 12000' 2 219^ 198^ 2 4"
835,True,OITT,OITT,False,10-2A,True,"PAPOK 1N, PAPOK 1P, RABDI 1N, RABDI 1P",STAR,STAR,STAR,98,MATCH,False,independently_consistent,printed_STAR_header,True,True,True,False,False,612.0,792.0,4321,"RABDI N38 48.1 E045 44.5 PAPOK N38 44.7 E046 19.4 .STAR. Apt Elev OITT/TBZ 4459' TABRIZ INTL TABRIZ, IRAN *ATIS 127.0 Actual descent clearance will be as directed by ATC. JEPPESEN Alt Set: hPa Trans level: By ATC Trans alt: 12000' [RABD1N], [RABD1P] [PAPO1N], [PAPO1P] 10-2A 184^ 155^ 129^"
836,True,OITT,OITT,False,10-2B,True,"RAKED 2N, RAKED 1P, RUDAD 1N, RUDAD 1P",STAR,STAR,STAR,98,MATCH,False,independently_consistent,printed_STAR_header,True,True,True,False,False,612.0,792.0,3702,"TABRIZ 117.7 TBZ TBZ D .STAR. Apt Elev OITT/TBZ 4459' TABRIZ INTL TABRIZ, IRAN *ATIS 127.0 Actual descent clearance will be as directed by ATC. JEPPESEN Alt Set: hPa Trans level: By ATC Trans alt: 12000' 10-2B .Eff.27.Apr. 21 APR 17 MSA TBZ VOR RWYS 12L, 30R ARRIVALS 180^ 270^"
837,True,OITT,OITT,False,10-2C,True,"SETNA 1N, SETNA 1P",STAR,STAR,STAR,98,MATCH,False,independently_consistent,printed_STAR_header,True,True,True,False,False,612.0,792.0,3015,"TABRIZ TBZ .STAR. Apt Elev OITT/TBZ 4459' TABRIZ INTL TABRIZ, IRAN *ATIS 127.0 Actual descent clearance will be as directed by ATC. JEPPESEN Alt Set: hPa Trans level: By ATC Trans alt: 12000' 10-2C .Eff.27.Apr. 21 APR 17 MSA TBZ VOR RWYS 12L, 30R ARRIVALS 180^ 270^ 360^ 090^"
838,True,OITT,OITT,False,10-3,True,"BORES 1A, DASDA 1A, PAPOK 1A, RABDI 1A",SID,SID,SID,98,MATCH,False,independently_consistent,printed_SID_header,True,True,True,False,False,612.0,792.0,4263,"Apt Elev OITT/TBZ 10-3 4459' TABRIZ INTL TABRIZ, IRAN Trans level: By ATC Trans alt: 12000' .SID. JEPPESEN RABDI N38 48.1 E045 44.5 PAPOK N38 44.7 E046 19.4 DASDA N38 41.6 E046 52.2 [RABD1A] [PAPO1A], [DASD1A] [BORE1A], 2 OCT 15 .Eff.15.Oct. MSA TBZ VOR 180^"
839,True,OITT,OITT,False,10-3A,True,"RAKED 1A, RAKED 1B",SID,SID,SID,98,MATCH,False,independently_consistent,printed_SID_header,True,True,True,False,False,612.0,792.0,3664,"[RAKE1A] [RAKE1B] Apt Elev OITT/TBZ 4459' TABRIZ INTL TABRIZ, IRAN Trans level: By ATC Trans alt: 12000' .SID. c JEPPESEN 10-3A 2 OCT 15 .Eff.15.Oct. MSA TBZ VOR 150^ RAKED 1A RAKED 1B 180^ 270^ 360^ 090^ 12,700' 11,700'"
840,True,OITT,OITT,False,10-3B,True,"RUDAD 1A, RUDAD 1B, UMH 1A, UMH 1B",SID,SID,SID,98,MATCH,False,independently_consistent,printed_SID_header,True,True,True,False,False,612.0,792.0,4210,"Apt Elev OITT/TBZ 4449' TABRIZ INTL TABRIZ, IRAN D Trans level: By ATC Trans alt: 12000' 10-3B .SID. JEPPESEN 21 JAN 22 .Eff.27.Jan. MSA TBZ VOR 113^ RUD 180^ 270^ 360^ 090^ TABRIZ TBZ 117.7 TBZ N38 08.9 E046 12.8"
841,True,OITT,OITT,False,10-9,True,Airport Diagram Chart (ADC),AIRPORT,AIRPORT,AIRPORT,96,MATCH,False,independently_consistent,Jeppesen_10_20_airport_series,True,False,True,False,False,612.0,792.0,6239,"4449' N38 08.0 E046 14.1 Apt Elev *ATIS 127.0 10-9 TABRIZ, IRAN TABRIZ INTL G F E H J OITT/TBZ K 05^E D 124.1 121.9 Tower 121.7 JEPPESEN TABRIZ Tower (GND) HOT SPOTS"
842,True,OITT,OITT,False,10-9A,True,PARKING STANDS & COORDS,AIRPORT,AIRPORT,AIRPORT,96,MATCH,False,independently_consistent,Jeppesen_10_20_airport_series,True,False,True,False,False,612.0,792.0,7318,"TABRIZ, IRAN OITT/TBZ JEPPESEN 10-9A TABRIZ INTL Control Tower De-icing pad A Isolated Parking Position RWY 12R/30L VIP Pavilion 46-15.1 46-14.9 46-14.7 46-14.6 46-14.5 46-14.4 46-14.3 46-14.2 37-07.3 37-07.5"
843,True,OITT,,False,10-9S,True,MINIMUMS,AIRPORT,AIRPORT,AIRPORT,96,MATCH,False,independently_consistent,Jeppesen_10_20_airport_series,True,False,True,False,False,612.0,792.0,2978,10-9S JEPPESEN 1 1 2 .Eff.1.Dec. .EASA.AIR.OPS. NOT APPLICABLE NOT APPLICABLE NOT APPLICABLE NOT APPLICABLE NOT APPLICABLE NOT APPLICABLE NOT APPLICABLE NOT APPLICABLE Missed apch climb gradient MIN 220'/NM.
844,True,OITT,,False,11-1,False,ILS RWY 30L,APP,APP,APP,84,MATCH,False,independently_consistent,Jeppesen_approach_number_series,True,False,True,False,False,612.0,792.0,8840,"082^ TABRIZ, IRAN TABRIZ INTL 127.0 122.5 LOC ITBL 110.3 304^ Apt Elev 4449' MSA TBZ VOR 7500' Alt Set: hPa Trans level: By ATC Trans alt: 12000' MISSED APCH: 38-20 DA(H) *ATIS TABRIZ Approach TABRIZ Tower Final Apch Crs"
845,True,OITT,,False,11-2,True,ILS RWY 30R,APP,APP,APP,91,MATCH,False,independently_consistent,instrument_approach_header,True,False,True,False,False,612.0,792.0,8786,"082^ TABRIZ, IRAN TABRIZ INTL 11-2 127.0 122.5 LOC ITBZ 109.9 304^ Apt Elev 4449' MSA TBZ VOR 8100' Alt Set: hPa Rwy Elev: 153 hPa Trans level: By ATC Trans alt: 12000' MISSED APCH: 38-20 DA(H) *ATIS TABRIZ Approach TABRIZ Tower Final"
846,True,OITT,,False,13-1,False,VOR A,APP,APP,APP,84,MATCH,False,independently_consistent,Jeppesen_approach_number_series,True,False,True,False,False,612.0,792.0,7412,"MISSED APCH: TABRIZ, IRAN TABRIZ INTL 127.0 122.5 VOR TBZ 117.7 304^ D8.0 7200' Apt Elev 4449' Alt Set: hPa Trans level: By ATC Trans alt: 12000' MDA(H) MSA TBZ VOR Apt Elev: 153 hPa *ATIS TABRIZ Approach TABRIZ Tower 10 Final"
847,True,OITT,,False,13-2,True,VOR B,APP,APP,APP,84,MATCH,False,independently_consistent,Jeppesen_approach_number_series,True,False,True,False,False,612.0,792.0,8477,"082^ 115 TABRIZ, IRAN TABRIZ INTL 13-2 VOR TBZ 117.7 304^ Apt Elev 4449' MSA TBZ VOR D9.0 6600' Alt Set: hPa Apt Elev: 153 hPa Trans level: By ATC Trans alt: 12000' MISSED APCH: 38-20 MDA(H) Final Apch Crs 270^"
848,True,OITT,,False,13-3,True,VOR C,APP,APP,APP,84,MATCH,False,independently_consistent,Jeppesen_approach_number_series,True,False,True,False,False,612.0,792.0,8100,"082^ TABRIZ, IRAN TABRIZ INTL 13-3 VOR TBZ 117.7 307^ Apt Elev 4449' MSA TBZ VOR 6500' Alt Set: hPa Apt Elev: 153 hPa Trans level: By ATC Trans alt: 12000' MISSED APCH: 38-20 Final Apch Crs 270^ 090^ 180^ 360^"
849,True,OITT,OITT,False,13-4,True,VOR D,APP,APP,APP,84,MATCH,False,independently_consistent,Jeppesen_approach_number_series,True,False,True,False,False,612.0,792.0,6703,"MISSED APCH: TABRIZ, IRAN TABRIZ INTL 13-4 127.0 122.5 VOR 117.7 TBZ Final Apch Crs 105^ MDA(H) Apt Elev 4449' Alt Set: hPa Trans level: By ATC Trans alt: 12000' No FAF Apt Elev: 153 hPa *ATIS TABRIZ Approach TABRIZ Tower OITT/TBZ"
850,True,OITU,OITU,False,,False,AIRPORT INFORMATION,AIRPORT,AIRPORT,AIRPORT,88,MATCH,False,independently_consistent,airport_header,True,False,True,False,False,612.0,792.0,1667,"General Information Location: MAKU IRN ICAO/IATA: OITU / IMQ Lat/Long: N39° 11.5', E044° 55.5' Elevation: 3169 ft Airport Use: Public Daylight Savings: Not Observed UTC Conversion: -3:30 = UTC Magnetic Variation: 6.0° E Customs: No Airport Type: IFR General Information Location: MAKU IRN ICAO/IATA: OITU / IMQ Lat/Long: N39° 11.5', E044° 55.5' Eleva"
851,True,OITT,OITU,True,10-2,True,TBZ 1N,STAR,STAR,STAR,98,REVIEW,True,header_icao_differs_from_index,printed_STAR_header,True,False,True,False,False,612.0,792.0,4131,"9700 240^ 10,600 Apt Elev 3169 .STAR. JEPPESEN OITU/IMQ MAKU MAKU, IRAN Alt Set: hPa Trans level: By ATC Actual descent clearance will be as directed by ATC. 10-2 12 MAR 21 .Eff.25.Mar. 204 150 152 39-30 AZERBAIJAN AZERBAIJAN ARMENIA ARMENIA [TBZ1N]"
852,True,OITT,OITU,True,10-2A,True,TBZ 1P,STAR,STAR,STAR,98,REVIEW,True,header_icao_differs_from_index,printed_STAR_header,True,False,True,False,False,612.0,792.0,4021,"240^ 10,600 Apt Elev 3169 .STAR. JEPPESEN OITU/IMQ MAKU MAKU, IRAN 10-2A Alt Set: hPa Trans level: By ATC Actual descent clearance will be as directed by ATC. 12 MAR 21 .Eff.25.Mar. 204 150 152 39-30 AZERBAIJAN AZERBAIJAN ARMENIA ARMENIA [TBZ1P] TBZ 1P ARRIVAL"
853,True,OITT,OITU,True,10-3,True,TBZ 1A,SID,SID,SID,98,REVIEW,True,header_icao_differs_from_index,printed_SID_header,True,False,True,False,False,612.0,792.0,3816,"NAKHCHIVAN UBBN 240^ 10,600 112.4 MAK MAKU MAK D 130^ Apt Elev 3169 Trans alt: 11000 10-3 .SID. JEPPESEN OITU/IMQ MAKU MAKU, IRAN 12662 12 MAR 21 .Eff.25.Mar. 204 150 152"
854,True,OITU,OITU,False,10-9,True,Airport Diagram Chart (ADC),AIRPORT,AIRPORT,AIRPORT,96,MATCH,False,independently_consistent,Jeppesen_10_20_airport_series,True,False,True,False,False,612.0,792.0,3966,"Apt Elev 10-9 JEPPESEN 3169' N39 11.6 E044 55.5 MAKU, IRAN MAKU 120.125 121.675 *MAKU Information 06^E A TERMINAL Elev 3169' 3150m VOR ARP 109^ 11 10,335' *MAKU Information (GND) OITU/IMQ 39-12"
855,True,OITU,OITU,False,13-1,True,VOR DME RWY 29,APP,APP,APP,91,MATCH,False,independently_consistent,instrument_approach_header,True,False,True,False,False,612.0,792.0,6575,"AZERBAIJAN IRAN 4000 112.4 MAK MAKU MAK D 295^ 130^ D5.0 [FF29] MISSED APCH: BRIEFING STRIP TM JEPPESEN 13-1 MAKU, IRAN MAKU OITU/IMQ *MAKU Information *Ground VOR DME Rwy 29 120.125 121.675"
856,True,OITZ,OITZ,False,,False,AIRPORT INFORMATION,AIRPORT,AIRPORT,AIRPORT,88,MATCH,False,independently_consistent,airport_header,True,False,True,False,False,612.0,792.0,1725,"General Information Location: ZANJAN IRN ICAO/IATA: OITZ / JWN Lat/Long: N36° 46.5', E048° 21.5' Elevation: 5380 ft Airport Use: Public Daylight Savings: Not Observed UTC Conversion: -3:30 = UTC Magnetic Variation: 5.0° E Customs: Yes Airport Type: IFR General Information Location: ZANJAN IRN ICAO/IATA: OITZ / JWN Lat/Long: N36° 46.5', E048° 21.5' "
857,True,OITZ,OITZ,False,10-2,True,"LOXUB 1N, LOXUB 1P, SUTBU 1N, SUTBU 1P, TULGU 1N, TULGU 1P",STAR,STAR,STAR,98,MATCH,False,independently_consistent,printed_STAR_header,True,False,True,False,False,612.0,792.0,8179,"LOXUB Apt Elev OITZ/JWN 10-2 .STAR. ZANJAN ZANJAN, IRAN 5380' Alt Set: hPa Trans level: FL135 Trans alt: 11500' Actual descent clearance will be as directed by ATC. 290^ JEPPESEN 30 NOV 18 .Eff.6.Dec. SUTBU MSA ZAJ VOR 11,500 RWYS 12, 30 ARRIVALS NOT TO SCALE LOXUB 1P [LOXU1P] LOXUB 1N [LOXU1N], SUTBU 1N [SUTB1N], SUTBU 1P [SUTB1P] TULGU 1N [TULG1N"
858,True,OITZ,OITZ,False,10-3,True,"LOXUB 1A, SUTBU 1A, SUTBU 1B, TULGU 1A, TULGU 1B",SID,SID,SID,98,MATCH,False,independently_consistent,printed_SID_header,True,False,True,False,False,612.0,792.0,15083,"LOXUB U Apt Elev OITZ/JWN 10-3 ZANJAN ZANJAN, IRAN 5380' Trans level: FL135 Trans alt: 11500' .SID. SUTBU 30 NOV 18 .Eff.6.Dec. JEPPESEN MSA ZAJ VOR 11,500 LOXUB 1A [LOXU1A] SUTBU 1B [SUTB1B] SUTBU 1A [SUTB1A], TULGU 1B [TULG1B] TULGU 1A [TULG1A], DEPARTURES"
859,True,OITZ,OITZ,False,10-9,True,Airport Diagram Chart (ADC),AIRPORT,AIRPORT,AIRPORT,96,MATCH,False,independently_consistent,Jeppesen_10_20_airport_series,True,False,True,False,False,612.0,792.0,4949,"NDB Elev 5308' 05^E Apt Elev OITZ/JWN 5380' 10-9 ZANJAN, IRAN ZANJAN N36 46.5 E048 21.6 36-47 36-47 48-21 48-22 48-23 Stopway 364' 111m JEPPESEN 12 122^ 320 B ARP"
860,True,OITZ,OITZ,False,13-1,True,VOR DME RWY 12 CAT C & D,APP,APP,APP,84,MATCH,False,independently_consistent,Jeppesen_approach_number_series,True,True,True,False,False,612.0,792.0,6443,"8000 9000 9000 9000 6000 8000 7000 OITZ/JWN 13-1 ZANJAN, IRAN ZANJAN VOR ZAJ Final Apch Crs 116^ 5800' (492') MSA ZAJ VOR Alt Set: hPa Trans alt: 11500' MISSED APCH: BRIEFING STRIP TM Rwy Elev: 180 hPa"
861,True,OITZ,OITZ,False,13-2,True,VOR DME RWY 12 CAT A & B,APP,APP,APP,84,MATCH,False,independently_consistent,Jeppesen_approach_number_series,True,True,True,False,False,612.0,792.0,6691,"8000 9000 9000 9000 8000 7000 6000 OITZ/JWN 13-2 ZANJAN, IRAN ZANJAN VOR ZAJ Final Apch Crs 116^ 5800' (492') MSA ZAJ VOR Alt Set: hPa Trans alt: 11500' MISSED APCH: BRIEFING STRIP TM Rwy Elev: 180 hPa"
862,True,OITZ,OITZ,False,13-3,True,VOR DME RWY 30,APP,APP,APP,84,MATCH,False,independently_consistent,Jeppesen_approach_number_series,True,False,True,False,False,612.0,792.0,6651,"280^ 8000 8000 9000 6000 7000 8000 ZANJAN 114.4 ZAJ DZ A J D1.5 OITZ/JWN 13-3 ZANJAN, IRAN ZANJAN VOR ZAJ Final Apch Crs 305^ 6100' (720') Alt Set: hPa Trans alt: 11500' MISSED APCH:"
863,True,OITZ,OITZ,False,16-1,True,NDB RWY 12,APP,APP,APP,91,MATCH,False,independently_consistent,instrument_approach_header,True,False,True,False,False,612.0,792.0,7238,"8000 9000 9000 9000 8000 7000 6000 OITZ/JWN 16-1 ZANJAN, IRAN ZANJAN NDB Rwy 12 NDB ZAJ 321 Final Apch Crs 120^ 5660' (352') MSA ZAJ NDB Alt Set: hPa Trans alt: 11500' MISSED APCH: BRIEFING STRIP"
864,True,OITZ,OITZ,False,16-2,True,NDB RWY 30 CAT C & D,APP,APP,APP,91,MATCH,False,independently_consistent,instrument_approach_header,True,False,True,False,False,612.0,792.0,6121,"8000 9000 9000 8000 7000 6000 OITZ/JWN 16-2 ZANJAN, IRAN ZANJAN NDB Rwy 30 NDB ZAJ 321 Final Apch Crs 307^ 6300' (920') MSA ZAJ NDB Alt Set: hPa Apt Elev: 182 hPa Trans alt: 11500' MISSED APCH: BRIEFING STRIP TM"
865,True,OITZ,OITZ,False,16-3,True,APPROACH 16-3,APP,APP,APP,84,MATCH,False,independently_consistent,Jeppesen_approach_number_series,True,False,True,False,False,612.0,792.0,5414,"8000 9000 9000 8000 7000 6000 OITZ/JWN 16-3 ZANJAN, IRAN ZANJAN NDB ZAJ 321 Final Apch Crs 307^ MDA(H) 6300'(920') MSA ZAJ NDB Alt Set: hPa Apt Elev: 182 hPa Trans alt: 11500' MISSED APCH: BRIEFING STRIP TM"
866,True,OIYY,OIYY,False,,False,AIRPORT INFORMATION,AIRPORT,AIRPORT,AIRPORT,55,REVIEW,True,only_old_index_supports_category,prior_index_only,True,False,True,False,False,612.0,792.0,1816,"General Information Location: YAZD IRN ICAO/IATA: OIYY / AZD Lat/Long: N31° 54.4', E054° 16.6' Elevation: 4054 ft Airport Use: Public Daylight Savings: Not Observed UTC Conversion: -3:30 = UTC Magnetic Variation: 3.0° E Fuel Types: Jet A-1 Customs: Yes Yazd Ground: 121.900 Yazd Approach: 122.700 General Information Location: YAZD IRN ICAO/IATA: OIY"
867,True,OIYY,OIYY,False,,False,AIRPORT INFORMATION,AIRPORT,AIRPORT,AIRPORT,88,MATCH,False,independently_consistent,airport_header,True,False,True,False,False,612.0,792.0,1241,"General Information Location: YAZD IRN ICAO/IATA: OIYY / AZD Lat/Long: N31° 54.4', E054° 16.6' Elevation: 4054 ft Airport Use: Public Daylight Savings: Not Observed UTC Conversion: -3:30 = UTC Magnetic Variation: 3.0° E Fuel Types: Jet A-1 Customs: Yes Yazd Ground: 121.900 Yazd Approach: 122.700 Yazd Ground: 121.900 Yazd Approach: 122.700 Airport I"
868,True,OIYY,OIYY,False,10-2,True,"BOMIT 1N, BOMIT 1P, BOMIT 1Q, BOMUN 1N, BOMUN 1P, BOMUN 1Q",STAR,STAR,STAR,98,MATCH,False,independently_consistent,printed_STAR_header,True,False,True,False,False,612.0,792.0,5579,"180^ 10,700 BOMIT 227^ Apt Elev *ATIS 126.250 4054 Actual descent clearance will be as directed by ATC. Alt Set: hPa Trans level: By ATC MHA 8000 50 45 OIYY/AZD 10-2 .STAR. YAZD, IRAN JEPPESEN .Eff.25.Mar. SHAHID SADOOGHI INTL 12 MAR 21 T Q"
869,True,OIYY,,False,10-2A,False,"BONEG 1N, BONEG 1P, BONEG 1Q, BONOL 1N, BONOL 1P, BONOL 1Q",STAR,STAR,STAR,96,MATCH,False,independently_consistent,Jeppesen_10-2_series,True,False,True,False,False,612.0,792.0,6921,"180^ D Z Y V O R MHA 8000 31 13 BONOL 164^ D15.0 YZD Apt Elev *ATIS 126.250 Alt Set: hPa Trans level: By ATC Actual descent clearance will be as directed by ATC. BONOL 1N, 1P, 1Q 10000 5500T 15"
870,True,OIYY,,False,10-2B,False,"GADPU 1N, GADPU 1P, GADPU 1Q, TOVTA 1N, TOVTA 1P, TOVTA 1Q, VEDOP 1N, VEDOP 1P, VEDOP 1Q",STAR,STAR,STAR,96,MATCH,False,independently_consistent,Jeppesen_10-2_series,True,False,True,False,False,612.0,792.0,17695,"11,400 GADPU 330^ 125^ 305^ 15.0 YZD VEDOP 311^ 320^ Apt Elev 50 4054 Alt Set: hPa Trans level: By ATC Actual descent clearance will be as directed by ATC. 1P, 1Q 30 DOP 1N, 1Q 10000 8400T 9500 VEDOP 1P 15.2"
871,True,OIYY,OIYY,False,10-2C,True,BOMUN 1D,STAR,STAR,STAR,98,MATCH,False,independently_consistent,printed_STAR_header,True,False,True,False,False,612.0,792.0,3135,"180^ Apt Elev *ATIS 126.250 4054 Actual descent clearance will be as directed by ATC. Alt Set: hPa Trans level: By ATC 50 45 OIYY/AZD .STAR. YAZD, IRAN 10-2C JEPPESEN .Eff.25.Mar. SHAHID SADOOGHI INTL 12 MAR 21 127 (RWYS 13, 31) [BOMU1D] BOMUN 1D ARRIVAL"
872,True,OIYY,OIYY,False,10-2D,True,"BONEG 1D, BONOL 1D",STAR,STAR,STAR,98,MATCH,False,independently_consistent,printed_STAR_header,True,False,True,False,False,612.0,792.0,3131,"Apt Elev *ATIS 126.250 Actual descent clearance will be as directed by ATC. Alt Set: hPa Trans level: By ATC 4054 BONOL 161^ 50 45 OIYY/AZD .STAR. YAZD, IRAN 10-2D JEPPESEN .Eff.25.Mar. SHAHID SADOOGHI INTL 12 MAR 21 BONEG 1D [BONE1D] BONOL 1D [BONO1D] ARRIVALS (RWYS 13, 31)"
873,True,OIYY,OIYY,False,10-2E,True,"GADPU 1D, TOVTA 1D, VEDOP 1D",STAR,STAR,STAR,98,MATCH,False,independently_consistent,printed_STAR_header,True,False,True,False,False,612.0,792.0,7748,"GADPU VEDOP 314^ Apt Elev *ATIS 26.250 Alt Set: hPa Trans level: By ATC Actual descent clearance will be as directed by ATC. 4054 OIYY/AZD .STAR. YAZD, IRAN 10-2E JEPPESEN .Eff.25.Mar. SHAHID SADOOGHI INTL 12 MAR 21 50 45 57 55-00 GADPU 1D [GADP1D]"
874,True,OIYY,OIYY,False,10-3,True,"BOMIT 1A, BOMIT 1B, BOMUN 3A, BOMUN 3B",SID,SID,SID,98,MATCH,False,independently_consistent,printed_SID_header,True,False,True,False,False,612.0,792.0,3582,"180^ 10,700 BOMIT Apt Elev Trans alt: 12000 4054 35 40 45 OIYY/AZD 10-3 YAZD, IRAN .SID. JEPPESEN .Eff.25.Mar. SHAHID SADOOGHI INTL 12 MAR 21 127 BOMIT 1A [BOMI1A], BOMIT 1B [BOMI1B] BOMUN 3A [BOMU3A], BOMUN 3B [BOMU3B] DEPARTURES"
875,True,OIYY,OIYY,False,10-3A,True,"BOMUN 2C, BOMUN 2D",SID,SID,SID,98,MATCH,False,independently_consistent,printed_SID_header,True,False,True,False,False,612.0,792.0,3332,"180^ 10,700 BO Apt Elev Trans alt: 12000 4054 35 40 45 OIYY/AZD YAZD, IRAN .SID. 10-3A JEPPESEN .Eff.25.Mar. SHAHID SADOOGHI INTL 12 MAR 21 127 32-00 BOMUN 2C [BOMU2C], BOMUN 2D [BOMU2D] DEPARTURES"
876,True,OIYY,OIYY,False,10-3B,True,"GADPU 2B, GADPU 2C, VEDOP 2A, VEDOP 2B",SID,SID,SID,98,MATCH,False,independently_consistent,printed_SID_header,True,True,True,False,False,612.0,792.0,3794,"11,400 180^ 6500 Apt Elev Trans alt: 12000 4054 GADPU 2B VEDOP 2A 20 25 OIYY/AZD YAZD, IRAN .SID. 10-3B JEPPESEN SHAHID SADOOGHI INTL 12 MAR 21 .Eff.25.Mar. 127 32-00 VEDOP 2A [VEDO2A], VEDOP 2B [VEDO2B] GADPU 2B [GADP2B], GADPU 2C [GADP2C] DEPARTURES"
877,True,OIYY,OIYY,False,10-3C,True,"GADPU 1D, VEDOP 1C",SID,SID,SID,98,MATCH,False,independently_consistent,printed_SID_header,True,False,True,False,False,612.0,792.0,3468,"311^ 314^ 180^ 10,700 090^ 7000 5500 Apt Elev 402 YZD YAZD YZD 151^ 134^ 131^ GADPU 1D Trans alt: 12000 4054 20 25 OIYY/AZD YAZD, IRAN .SID. 10-3C JEPPESEN"
878,True,OIYY,,False,10-3D,True,"BONEG 5A, BONEG 5B, BONOL 3A, BONOL 3B, TOVTA 2A, TOVTA 2B",SID,SID,SID,96,MATCH,False,independently_consistent,Jeppesen_10-3_series,True,False,True,False,False,612.0,792.0,23508,"0 Apt Elev Trans alt: 12000 4054 JEPPESEN YAZD, IRAN 10-3D .Eff.25.Mar. 12 MAR 21 2B -30 55-00 DEPARTURES BONEG 5A [BONE5A] BONEG 5B [BONE5B] BONOL 3A [BONO3A] BONOL 3B [BONO3B] TOVTA 2A [TOVT2A] TOVTA 2B [TOVT2B] RWY 31 SID ROUTING 13"
879,True,OIYY,,False,10-3E,True,"BONEG 3C, BONEG 3D, BONOL 1C, BONOL 1D, TOVTA 1C, TOVTA 1D",SID,SID,SID,98,MATCH,False,independently_consistent,printed_SID_header,True,False,True,False,False,612.0,792.0,42607,"400 Apt Elev BONOL 1C, 1D, TOVTA 1C, 1D: 350 per NM. These SIDs require a minimum climb gradient of Trans alt: 12000 4054 Turn RIGHT, intercept 342^ bearing from YZD NDB to BONOL, climb to cleared FL. Turn LEFT, intercept 289^ bearing from YZD NDB to TOVTA, climb to cleared FL. JEPPESEN YAZD, IRAN .SID. 10-3E .Eff.25.Mar. L 12 MAR 21 7 55-00 BONEG "
880,True,OIYY,,False,10-9,False,Airport Diagram Chart (ADC),AIRPORT,AIRPORT,AIRPORT,96,MATCH,False,independently_consistent,Jeppesen_10_20_airport_series,True,False,True,False,False,612.0,792.0,5799,"Apt Elev 4 ARP 03^E P1 P2 P3 P4 P5 P6 13,451' JEPPESEN Control Tower TERMINAL 2 Apron 2 31-55 31-55 54-15 54-16 54-17 54-18 Isolated parking position"
881,True,OIYY,OIYY,False,10-9A,False,PARKING STANDS & COORDS,AIRPORT,AIRPORT,AIRPORT,96,MATCH,False,independently_consistent,Jeppesen_10_20_airport_series,True,False,True,False,False,612.0,792.0,3293,OIYY/AZD JEPPESEN 54-17 31-54.2 31-54.3 31-54.2 31-54.3 54-16.8 54-17.1 C B Control Tower TERMINAL 1 TERMINAL 2 APRON 2 D 31-54.1 101 102 103 104 Isolated parking position
882,True,OIYY,,False,10-9S,True,MINIMUMS,AIRPORT,AIRPORT,AIRPORT,96,MATCH,False,independently_consistent,Jeppesen_10_20_airport_series,True,False,True,False,False,612.0,792.0,4413,10-9S JEPPESEN 13 ALS out (436') (436') (436') (436') 31 4420' 4420' 4420' 4420' ALS out (516') (516') 1 4500' 4500' ALS out (516') (516') 4500' 4500'
883,True,OIYY,OIYY,False,11-1,True,CHART PAGE 578,APP,APP,APP,84,MATCH,False,independently_consistent,Jeppesen_approach_number_series,True,False,True,False,False,612.0,792.0,7303,"5000 6000 10 MISSED APCH: BRIEFING STRIP TM YAZD, IRAN 11-1 LOC 108.9 Final Apch Crs 310^ 5900' DA(H) IYZD OIYY/AZD JEPPESEN SHAHID SADOOGHI INTL 122.7 YAZD Tower (APP) 121.9 Ground 126.250"
884,True,OIYY,OIYY,False,13-1,True,VOR Z RWY 13,APP,APP,APP,84,MATCH,False,independently_consistent,Jeppesen_approach_number_series,True,False,True,False,False,612.0,792.0,6627,"5000 MISSED APCH: BRIEFING STRIP TM YAZD, IRAN 13-1 VOR 117.7 Final Apch Crs 132^ D5.0 5100' YZD 10 OIYY/AZD R-125 to 5500', then turn LEFT to VOR and proceed on R-312 to JEPPESEN SHAHID SADOOGHI INTL 122.7 YAZD Tower (APP) 121.9 Ground 126.250"
885,True,OIYY,OIYY,False,13-2,True,VOR Y RWY 13,APP,APP,APP,84,MATCH,False,independently_consistent,Jeppesen_approach_number_series,True,False,True,False,False,612.0,792.0,7073,"YAZD Pardis Yazd OIYP 5000 MISSED APCH: BRIEFING STRIP TM YAZD, IRAN 13-2 VOR 117.7 Final Apch Crs 132^ D5.0 5100' YZD 10 OIYY/AZD JEPPESEN SHAHID SADOOGHI INTL 122.7 YAZD Tower (APP) 121.9"
886,True,OIYY,,False,13-3,True,VOR X RWY 13 CAT C & D,APP,APP,APP,84,MATCH,False,independently_consistent,Jeppesen_approach_number_series,True,False,True,False,False,612.0,792.0,6329,"YAZD Pardis Yazd 5000 6000 7000 8000 MISSED APCH: BRIEFING STRIP TM 10 YAZD, IRAN 13-3 122.7 VOR 117.7 Final Apch Crs 132^ 4500' (516') Apt Elev 4054' Rwy 3984' YZD No FAF Climb on R-128 to 7300', then turn LEFT to rejoin"
887,True,OIYY,OIYY,False,13-4,True,VOR Z RWY 31,APP,APP,APP,84,MATCH,False,independently_consistent,Jeppesen_approach_number_series,True,False,True,False,False,612.0,792.0,6633,"5000 6000 MISSED APCH: BRIEFING STRIP TM 10 YAZD, IRAN 13-4 VOR 117.7 Final Apch Crs 305^ D5.0 5500'(1446') 4520' Apt Elev 4054' YZD Climb STRAIGHT AHEAD to VOR, then climb on OIYY/AZD JEPPESEN 122.7 121.9 YAZD Tower (APP) Ground"
888,True,OIYY,OIYY,False,13-5,True,VOR Y RWY 31,APP,APP,APP,84,MATCH,False,independently_consistent,Jeppesen_approach_number_series,True,False,True,False,False,612.0,792.0,7123,"YAZD Pardis Yazd OIYP 5000 MISSED APCH: BRIEFING STRIP TM 10 YAZD, IRAN 13-5 VOR 117.7 Final Apch Crs 305^ 4520' (466') Apt Elev 4054' YZD OIYY/AZD JEPPESEN SHAHID SADOOGHI INTL 122.7 121.9 YAZD Tower (APP)"
889,True,OIYY,OIYY,False,13-6,True,CHART PAGE 584,APP,APP,APP,84,MATCH,False,independently_consistent,Jeppesen_approach_number_series,True,False,True,False,False,612.0,792.0,5588,"YAZD Pardis Yazd 5000 6000 7000 8000 MISSED APCH: BRIEFING STRIP TM 10 YAZD, IRAN 13-6 122.7 VOR 117.7 Final Apch Crs 132^ Apt Elev 4054' YZD No FAF Climb on R-128 to 7300', then turn LEFT to rejoin OIYY/AZD JEPPESEN"
890,True,OIYY,OIYY,False,13-7,True,CHART PAGE 585,APP,APP,APP,84,MATCH,False,independently_consistent,Jeppesen_approach_number_series,True,False,True,False,False,612.0,792.0,6662,"YAZD Pardis Yazd OIYP 5000 MISSED APCH: BRIEFING STRIP TM 10 YAZD, IRAN 13-7 VOR 117.7 Final Apch Crs 305^ Apt Elev 4054' YZD OIYY/AZD JEPPESEN SHAHID SADOOGHI INTL 122.7 121.9 YAZD Tower (APP) Ground"
891,True,OIYY,OIYP,True,16-1,True,NDB A,APP,APP,APP,84,REVIEW,True,header_icao_differs_from_index,Jeppesen_approach_number_series,True,False,True,False,False,612.0,792.0,6764,"YAZD Pardis Yazd OIYP 5000 6000 7000 8000 MISSED APCH: BRIEFING STRIP TM 10 YAZD, IRAN 16-1 NDB Final Apch Crs 306^ MDA(H) 5000'(946') Apt Elev 4054' YZD No FAF 402 Climb on 306^ to 6500', then turn RIGHT to rejoin"
892,True,OIZB,OIZB,False,,False,AIRPORT INFORMATION,AIRPORT,AIRPORT,AIRPORT,88,MATCH,False,independently_consistent,airport_header,True,False,True,False,False,612.0,792.0,1755,"General Information Location: ZABOL IRN ICAO/IATA: OIZB / ACZ Lat/Long: N31° 05.9', E061° 32.6' Elevation: 1577 ft Airport Use: Public Daylight Savings: Not Observed UTC Conversion: -3:30 = UTC Magnetic Variation: 3.0° E Fuel Types: Jet A-1 Customs: No General Information Location: ZABOL IRN ICAO/IATA: OIZB / ACZ Lat/Long: N31° 05.9', E061° 32.6' E"
893,True,OIZB,OIZB,False,10-2,True,"ELOKA 1N, ELOKA 1P, ELOKA 1Q",STAR,STAR,STAR,98,MATCH,False,independently_consistent,printed_STAR_header,True,False,True,False,False,612.0,792.0,9034,"R310^ R200^ Apt Elev OIZB/ACZ 10-2 ZABOL ZABOL, IRAN 1572' JEPPESEN .STAR. ZABOL 113.1 ZAL ZAL N31 05.7 E061 32.5 D D12 ZAL D12 ZAL R280^ (IAF) (IAF) 22 DEC 23 .Eff.28.Dec. Alt Set: hPa Trans level: FL70 Trans alt: 5000' MSA"
894,True,OIZB,OIZB,False,10-3,True,"ELOKA 2A, ELOKA 2B",SID,SID,SID,98,MATCH,False,independently_consistent,printed_SID_header,True,True,True,False,False,612.0,792.0,2502,"Apt Elev .SID. OIZB/ACZ ZABOL ZABOL, IRAN 1572' Trans level: FL70 Trans alt: 5000' JEPPESEN BASED ON NDB 10-3 1 MAY 15 MSA 3600' ZAL NDB ELOKA 2A ELOKA 2B RWYS 34, 16 DEPARTURES [ELOK2B] [ELOK2A]"
895,True,OIZB,OIZB,False,10-3A,True,"ELOKA 2C, ELOKA 2D",SID,SID,SID,98,MATCH,False,independently_consistent,printed_SID_header,True,True,True,False,False,612.0,792.0,2155,"Apt Elev .SID. OIZB/ACZ ZABOL ZABOL, IRAN 1572' Trans level: FL70 Trans alt: 5000' JEPPESEN BASED ON VOR 10-3A 1 MAY 15 MSA 3600' ZAL VOR ELOKA 2C [ELOK2C] ELOKA 2D [ELOK2D] RWYS 34, 16 DEPARTURES"
896,True,OIZH,OIZH,False,10-9,True,Airport Diagram Chart (ADC),AIRPORT,AIRPORT,AIRPORT,96,MATCH,False,independently_consistent,Jeppesen_10_20_airport_series,True,False,True,False,False,612.0,792.0,4321,"Apt Elev 164^ 02^E NDB 31-06 31-06 61-32 61-33 61-34 Elev 1567' JEPPESEN Birds in vicinity of airport. 18 AUG 23 Strolling animals exist on the movement area. ARP PPR at least 72 hours before EOBT from OIZH. 1572' ZABOL 10-9 ZABOL, IRAN Stopway"
897,True,OIZB,OIZB,False,13-1,True,VOR Z RWY 16,APP,APP,APP,84,MATCH,False,independently_consistent,Jeppesen_approach_number_series,True,False,True,False,False,612.0,792.0,5687,"340^ MISSED APCH: ZABOL, IRAN ZABOL 13-1 VOR ZAL Final Apch Crs 170^ 2000'(423') Apt Elev 1577' OIZB/ACZ Apt Elev: 56 hPa 113.1 D6.0 2900'(1323') Climb STRAIGHT AHEAD to VOR, then turn RIGHT on R-310 to rejoin holding at 4000'. 130^ 310^ 11 D M"
898,True,OIZB,OIZB,False,13-2,True,VOR Y RWY 16,APP,APP,APP,84,MATCH,False,independently_consistent,Jeppesen_approach_number_series,True,False,True,False,False,612.0,792.0,5726,"IRAN AFGHANISTAN MISSED APCH: ZABOL, IRAN ZABOL 13-2 VOR ZAL Final Apch Crs 170^ MDA(H) 2000'(423') Apt Elev 1577' OIZB/ACZ Apt Elev: 56 hPa 113.1 17 10 BRIEFING STRIP TM JEPPESEN No FAF CAT A & B"
899,True,OIZB,OIZB,False,13-3,True,VOR Z RWY 34,APP,APP,APP,84,MATCH,False,independently_consistent,Jeppesen_approach_number_series,True,False,True,False,False,612.0,792.0,5931,"MISSED APCH: ZABOL, IRAN ZABOL 13-3 VOR ZAL Final Apch Crs 340^ 2310'(733') Apt Elev 1577' OIZB/ACZ Apt Elev: 56 hPa 113.1 D6.0 2900'(1323') Climb STRAIGHT AHEAD to VOR, then turn LEFT on R-200 to rejoin holding at 4000'. D1.5 10 BRIEFING STRIP TM ZABOL 113.1 ZAL"
900,True,OIZB,OIZB,False,13-4,True,VOR Y RWY 34,APP,APP,APP,84,MATCH,False,independently_consistent,Jeppesen_approach_number_series,True,False,True,False,False,612.0,792.0,5910,"MISSED APCH: ZABOL, IRAN ZABOL 13-4 VOR ZAL Final Apch Crs 340^ MDA(H) 2310'(733') Apt Elev 1577' OIZB/ACZ Apt Elev: 56 hPa 113.1 10 BRIEFING STRIP TM ZABOL 113.1 ZAL DZ A L No FAF Climb on R-340 to 3000', then turn LEFT to rejoin holding at 4000'."
901,True,OIZB,OIZB,False,16-1,True,NDB RWY 34,APP,APP,APP,91,MATCH,False,independently_consistent,instrument_approach_header,True,False,True,False,False,612.0,792.0,6901,"IRAN AFGHANISTAN Z A L 295 ZAL MISSED APCH: 10 ZABOL, IRAN ZABOL NDB Rwy 34 16-1 NDB 295 ZAL Final Apch Crs 338^ 2380'(803') Apt Elev 1577' Climb on track 338^ to 2800', then turn LEFT to rejoin holding at 3500'. OIZB/ACZ BRIEFING STRIP TM Apt Elev: 56 hPa"
902,True,OIZC,OIZC,False,,False,AIRPORT INFORMATION,AIRPORT,AIRPORT,AIRPORT,55,REVIEW,True,only_old_index_supports_category,prior_index_only,True,False,True,False,False,612.0,792.0,2269,"General Information Location: CHAH BAHAR IRN ICAO/IATA: OIZC / ZBR Lat/Long: N25° 26.7', E060° 23.0' Elevation: 24 ft Airport Use: Military Daylight Savings: Not Observed UTC Conversion: -3:30 = UTC Magnetic Variation: 1.0° E Fuel Types: Jet A-1, Jet 4 Customs: Yes Runway: 27R Length x Width: 12418 ft x 148 ft Surface Type: asphalt TDZ-Elev: 24 ft "
903,True,OIZC,OIZC,False,,False,AIRPORT INFORMATION,AIRPORT,AIRPORT,AIRPORT,55,REVIEW,True,only_old_index_supports_category,prior_index_only,True,False,True,False,False,612.0,792.0,1963,"General Information Location: CHAH BAHAR IRN ICAO/IATA: OIZC / ZBR Lat/Long: N25° 26.7', E060° 23.0' Elevation: 24 ft Airport Use: Military Daylight Savings: Not Observed UTC Conversion: -3:30 = UTC Magnetic Variation: 1.0° E Fuel Types: Jet A-1, Jet 4 Customs: Yes Runway: 27R Length x Width: 12418 ft x 148 ft Surface Type: asphalt TDZ-Elev: 24 ft "
904,True,OIZC,OIZC,False,10-2,True,"EGLES 1D, EGLES 1E, EGLES 1F, EGNUX 1D, EGNUX 1E, EGNUX 1F",STAR,STAR,STAR,98,MATCH,False,independently_consistent,printed_STAR_header,True,False,True,False,False,612.0,792.0,5656,"EGLES 4^ 212^ Apt Elev ARRIVALS 187^ Alt Set: hPa Trans level: By ATC Actual descent clearance will be as directed by ATC. EGLES 1D [EGLE1D] EGLES 1E [EGLE1E] EGLES 1F [EGLE1F] EGNUX 1D [EGNU1D] EGNUX 1E [EGNU1E] EGNUX 1F [EGNU1F] (ALL RWYS) 24 10-2 .STAR. JEPPESEN OIZC/ZBR KONARAK CHAH BAHAR, IRAN 14 OCT 22 3879"
905,True,OIZC,OIZC,False,10-2A,True,"EGPER 1D, EGPER 1E, EGPER 1F",STAR,STAR,STAR,98,MATCH,False,independently_consistent,printed_STAR_header,True,False,True,False,False,612.0,792.0,4758,"EGPER 115^ Apt Elev 24 Alt Set: hPa Trans level: By ATC Actual descent clearance will be as directed by ATC. EGPER 1D [EGPE1D] EGPER 1E [EGPE1E] EGPER 1F [EGPE1F] (ALL RWYS) ARRIVALS .STAR. JEPPESEN OIZC/ZBR KONARAK CHAH BAHAR, IRAN 10-2A 3879 35 40 45 14 OCT 22 1 26-00"
906,True,OIZC,,False,10-3,False,"EGLES 1E, EGLES 1F, EGNUX 1E, EGNUX 1F",SID,SID,SID,96,MATCH,False,independently_consistent,Jeppesen_10-3_series,True,False,True,False,False,612.0,792.0,12237,"2400 270^ FL100 GLES 5.6 CBH H BAHAR CBH Apt Elev 24 Trans alt: 3000 EGLES 1E [EGLE1E] EGLES 1F [EGLE1F] EGNUX 1E [EGNU1E] EGNUX 1F [EGNU1F] DEPARTURES (ALL RWYS) 27L/R 09L/R 27L/R 09L/R Turn RIGHT, intercept CBH R007 to EGLES, climb to cleared FL. Turn LEFT, intercept CBH R007 to EGLES, climb to cleared FL."
907,True,OIZC,,False,10-3A,False,"EGLES 1G, EGLES 1H, EGNUX 1G, EGNUX 1H",SID,SID,SID,96,MATCH,False,independently_consistent,Jeppesen_10-3_series,True,False,True,False,False,612.0,792.0,17085,OI(D)-21 2400 270^ L50 2500 FL100 GLES 5.6 CBH H BAHAR BH 3 0 GLES 1H NUX 1H Apt Elev 24 Trans alt: 3000 EGLES 1G [EGLE1G] EGNUX 1G [EGNU1G] EGNUX 1H [EGNU1H] EGLES 1H [EGLE1H] DEPARTURES (ALL RWYS) 27L/R
908,True,OIZC,,False,10-3B,False,"EGPER 1E, EGPER 1F, EGPER 1G, EGPER 1H",SID,SID,SID,96,MATCH,False,independently_consistent,Jeppesen_10-3_series,True,False,True,False,False,612.0,792.0,18578,"OI(D)-21 2400 270^ 2500 27L/R 09L/R 1 Not useable when OI(D)-21 active. 1 Apt Elev 24 Trans alt: 3000 EGPER 1E [EGPE1E] EGPER 1F [EGPE1F] EGPER 1G [EGPE1G] EGPER 1H [EGPE1H] DEPARTURES (ALL RWYS) Climb on CBH R270 to 2000, turn RIGHT, intercept CBH R327 to EGPER, climb to cleared FL. Climb on CBH R090 to 2000, turn LEFT, intercept CBH R327 to EGPER"
909,True,OIZC,,False,10-9,True,Airport Diagram Chart (ADC),AIRPORT,AIRPORT,AIRPORT,96,MATCH,False,independently_consistent,Jeppesen_10_20_airport_series,True,False,True,False,False,612.0,792.0,4636,"01^E Apt Elev JEPPESEN 3 4 5 6 VOR 25-27 25-27 25-28 25-28 60-21 60-22 60-23 60-24 60-25 7 OCT 22 Civil ACFT are authorized to operate only during daylight. 24' 10-9 CHAH BAHAR, IRAN N25 26.7 E060 23.0"
910,True,OIZC,,False,10-9S,True,MINIMUMS,AIRPORT,AIRPORT,AIRPORT,96,MATCH,False,independently_consistent,Jeppesen_10_20_airport_series,True,False,True,False,False,612.0,792.0,4869,10-9S JEPPESEN ALS out 380'(356') 380'(356') 380'(356') 380'(356') 09L 1 380'(356') 380'(356') 380'(356') 380'(356') 09R 1 ALS out 380'(356') (356') 380'(356') 380'(356') 380' ALS out 380'(356') 380'(356')
911,True,OIZC,OIZC,False,10-9S1,True,MINIMUMS,AIRPORT,AIRPORT,AIRPORT,96,MATCH,False,independently_consistent,Jeppesen_10_20_airport_series,True,False,True,False,False,612.0,792.0,982,"10-9S1 JEPPESEN .EASA.AIR.OPS. 7 OCT 22 DAY R/V500m Adequate Vis Ref R400m RCLM & RL Low Visibility Procedures required OIZC/ZBR CHAH BAHAR, IRAN KONARAK TAKE-OFF"
912,True,OIZC,,False,13-1,False,VOR DME 2 RWY 09L,APP,APP,APP,84,MATCH,False,independently_consistent,Jeppesen_approach_number_series,True,False,True,False,False,612.0,792.0,7577,"03^ 1000 1000 1000 1000 1000 1000 1000 1000 1000 1000 1000 2000 2000 2000 2000 183^ 003^ MISSED APCH: CHAH BAHAR, IRAN VOR CBH 115.6 Final"
913,True,OIZC,,False,13-2,False,VOR DME 3 RWY 09L,APP,APP,APP,84,MATCH,False,independently_consistent,Jeppesen_approach_number_series,True,False,True,False,False,612.0,792.0,5785,"1000 1000 1000 1000 1000 2000 2000 MISSED APCH: CHAH BAHAR, IRAN VOR CBH 115.6 090^ D8.0 1900'(1876') Final Apch Crs MSA CBH VOR 270^ 090^ 360^ 15 20"
914,True,OIZC,OIZC,False,13-3,False,VOR 2 RWY 09L,APP,APP,APP,84,MATCH,False,independently_consistent,Jeppesen_approach_number_series,True,False,True,False,False,612.0,792.0,5985,"1000 MISSED APCH: CHAH BAHAR, IRAN VOR CBH 115.6 090^ Final Apch Crs MHA CAT C & D 25-30 Apt Elev 24' MSA CBH VOR 270^ 090^ 360^ 10 No FAF 380'(356') *CHAH BAHAR Approach 123.4 OIZC/ZBR"
915,True,OIZC,,False,13-4,False,VOR DME 1 RWY 27L,APP,APP,APP,84,MATCH,False,independently_consistent,Jeppesen_approach_number_series,True,False,True,False,False,612.0,792.0,7869,"003^ 1000 1000 1000 1000 1000 1000 1000 1000 1000 2000 2000 1000 183^ 003^ MISSED APCH: CHAH BAHAR, IRAN VOR CBH 115.6 Final Apch Crs 270^ D8.0"
916,True,OIZC,OIZC,False,13-5,False,VOR 1 RWY 27L,APP,APP,APP,84,MATCH,False,independently_consistent,Jeppesen_approach_number_series,True,False,True,False,False,612.0,792.0,6355,"1000 1000 MISSED APCH: CHAH BAHAR, IRAN VOR CBH 115.6 270^ 890'(866') D 25-30 Apt Elev 24' MSA CBH VOR 270^ 090^ 360^ No FAF Final Apch Crs 10 *CHAH BAHAR Approach 123.4 OIZC/ZBR"
917,True,OIZH,OIZH,False,,False,AIRPORT INFORMATION,AIRPORT,AIRPORT,AIRPORT,55,REVIEW,True,only_old_index_supports_category,prior_index_only,True,False,True,False,False,612.0,792.0,2192,"General Information Location: ZAHEDAN IRN ICAO/IATA: OIZH / ZAH Lat/Long: N29° 28.4', E060° 54.2' Elevation: 4520 ft Airport Use: Public Daylight Savings: Not Observed UTC Conversion: -3:30 = UTC Magnetic Variation: 2.0° E Fuel Types: Jet A-1 Customs: Yes Runway: 35R Length x Width: 13993 ft x 148 ft Surface Type: asphalt TDZ-Elev: 4517 ft Lighting"
918,True,OIZH,OIZH,False,,False,AIRPORT INFORMATION,AIRPORT,AIRPORT,AIRPORT,55,REVIEW,True,only_old_index_supports_category,prior_index_only,True,False,True,False,False,612.0,792.0,1751,"General Information Location: ZAHEDAN IRN ICAO/IATA: OIZH / ZAH Lat/Long: N29° 28.4', E060° 54.2' Elevation: 4520 ft Airport Use: Public Daylight Savings: Not Observed UTC Conversion: -3:30 = UTC Magnetic Variation: 2.0° E Fuel Types: Jet A-1 Customs: Yes Runway: 35R Length x Width: 13993 ft x 148 ft Surface Type: asphalt TDZ-Elev: 4517 ft Lighting"
919,True,OIZH,OIZH,False,10-2,True,"DAPAP 2Z, ITBIR 2Z, LUDAX 2Z, PUVMI 2Z",STAR,STAR,STAR,98,MATCH,False,independently_consistent,printed_STAR_header,True,False,True,False,False,612.0,792.0,4113,"IRAN ANISTAN LUDAX OIZH/ZAH ZAHEDAN INTL ZAHEDAN, IRAN Apt Elev *ATIS JEPPESEN .RNAV.STAR. 128.450 4523 50 45 Alt Set: hPa Trans level: By ATC RNP 1. Actual descent clearance will be as directed by ATC. 10-2 18 SEP 26 .Eff.1.Oct. 104 34 30-00 PUVMI 2Z [PUVM2Z]"
920,True,OIZH,OIZH,False,10-2A,True,"DAPAP 1T, ITBIR 1T, LUDAX 1T, PUVMI 1T",STAR,STAR,STAR,98,MATCH,False,independently_consistent,printed_STAR_header,True,False,True,False,False,612.0,792.0,4435,"LUDAX 165^ OIZH/ZAH ZAHEDAN INTL ZAHEDAN, IRAN Apt Elev *ATIS JEPPESEN .RNAV.STAR. 10-2A 4523 50 45 128.450 Alt Set: hPa Trans level: By ATC RNP 1. Actual descent clearance will be as directed by ATC. 18 SEP 26 .Eff.1.Oct. .SPEED: MAX 210 KT PUVMI 1T [PUVM1T] DAPAP 1T [DAPA1T] LUDAX 1T [LUDA1T] ITBIR 1T [ITBI1T]"
921,True,OIZH,OIZH,False,10-2B,True,"DERBO 2Z, OBSEL 2Z, PEGOS 2Z, PIRAN 2Z",STAR,STAR,STAR,98,MATCH,False,independently_consistent,printed_STAR_header,True,False,True,False,False,612.0,792.0,4027,"AFGHANISTAN PAKISTAN 323^ 143^ ZH4~9 068^ 10.0 Apt Elev *ATIS 128.450 4523 OIZH/ZAH ZAHEDAN INTL ZAHEDAN, IRAN JEPPESEN .RNAV.STAR. 50 45 MHA 10000 Alt Set: hPa Trans level: By ATC RNP 1. Actual descent clearance will be as directed by ATC. 10-2B 18 SEP 26"
922,True,OIZH,OIZH,False,10-2C,True,"DERBO 1S, OBSEL 1S, PEGOS 1U, PIRAN 1S",STAR,STAR,STAR,98,MATCH,False,independently_consistent,printed_STAR_header,True,False,True,False,False,612.0,792.0,3871,"9000 R A PIRAN 93^ OIZH/ZAH ZAHEDAN INTL ZAHEDAN, IRAN Apt Elev *ATIS JEPPESEN .RNAV.STAR. 10-2C 35 40 45 4523 128.450 RNP 1. Alt Set: hPa Trans level: By ATC Actual descent clearance will be as directed by ATC. 18 SEP 26 .Eff.1.Oct. .SPEED: MAX 210 KT"
923,True,OIZH,,False,10-2D,False,"DERBO 1X, DERBO 1Y, ITBIR 1X, ITBIR 1Y, OBSEL 1X, OBSEL 1Y, PEGOS 1X, PEGOS 1Y, PIRAN 1X, PUVMI 1X, PUVMI 1Y",STAR,STAR,STAR,98,MATCH,False,independently_consistent,printed_STAR_header,True,False,True,False,False,612.0,792.0,45770,N N D Z V OR Apt Elev *ATIS 4523 128.450 ARRIVALS DERBO 1X [DERB1X] DERBO 1Y [DERB1Y] PIRAN 1X [PIRA1X] JEPPESEN .STAR. Alt Set: hPa Trans level: By ATC Actual descent clearance will be as directed by ATC. .Eff.26.Dec. 20 DEC 24 OBSEL 315^
924,True,OIZH,OIZH,False,10-2E,True,"DAPAP 1R, ITBIR 1Q, LUDAX 1Q, PUVMI 1Q",STAR,STAR,STAR,98,MATCH,False,independently_consistent,printed_STAR_header,True,False,True,False,False,612.0,792.0,4023,"AFGHANISTAN IRAN LUDAX 157 OIZH/ZAH .STAR. ZAHEDAN INTL ZAHEDAN, IRAN Apt Elev *ATIS JEPPESEN 10-2E 20 DEC 24 Alt Set: hPa Trans level: By ATC Actual descent clearance will be as directed by ATC. 4523 50 45 128.450 .Eff.26.Dec. 104 34 30-00"
925,True,OIZH,OIZH,False,10-2F,True,"DAPAP 1X, LUDAX 1X",STAR,STAR,STAR,98,MATCH,False,independently_consistent,printed_STAR_header,True,False,True,False,False,612.0,792.0,3455,"IRAN AFGHANISTAN LUDAX OIZH/ZAH .STAR. ZAHEDAN INTL ZAHEDAN, IRAN Apt Elev *ATIS 10-2F JEPPESEN 20 DEC 24 LUDAX 1X [LUDA1X] 4523 ARRIVALS 50 45 128.450 .Eff.26.Dec. DAPAP 1X [DAPA1X] Alt Set: hPa Trans level: By ATC Actual descent clearance will be as directed by ATC. (RWYS 35L/R)"
926,True,OIZH,OIZH,False,10-2G,True,"DERBO 1Q, OBSEL 1Q, PEGOS 1Q, PIRAN 1Q",STAR,STAR,STAR,98,MATCH,False,independently_consistent,printed_STAR_header,True,False,True,False,False,612.0,792.0,3645,"PAKIST AFGHANISTAN PAKISTAN IR 9000 OIZH/ZAH .STAR. ZAHEDAN INTL ZAHEDAN, IRAN Apt Elev *ATIS JEPPESEN 10-2G 20 DEC 24 Alt Set: hPa Trans level: By ATC Actual descent clearance will be as directed by ATC. 50 45 4523 128.450 .Eff.26.Dec. OBSEL 1Q [OBSE1Q] PEGOS 1Q [PEGO1Q]"
927,True,OIZH,,False,10-3,True,"OBSEL 1D, OBSEL 1E, PEGOS 1E",SID,SID,SID,96,MATCH,False,independently_consistent,Jeppesen_10-3_series,True,False,True,False,False,612.0,792.0,22786,"PAKISTAN IRAN 70^ Apt Elev Trans alt: 11000 4523 OBSEL ZAHEDAN, IRAN JEPPESEN 20 DEC 24 10-3 .Eff.26.Dec. 400 533 800 1067 1333 1600 375 500 750 1000 1250 1500 325 433 650 867"
928,True,OIZH,,False,10-3A,True,"DAPAP 2D, DAPAP 2E, ITBIR 1D, ITBIR 1E",SID,SID,SID,98,MATCH,False,independently_consistent,printed_SID_header,True,False,True,False,False,612.0,792.0,21517,"AFGHANISTAN PAKISTAN IRAN PAKISTAN 270^ 5500 Apt Elev 116.0 ZDN ZAHEDAN ZDN D Trans alt: 11000 4523 ZAHEDAN, IRAN .SID. 10-3A JEPPESEN 20 DEC 24 .Eff.26.Dec. 109 61-00 DAPAP 2E DAPAP 2D ITBIR 1D"
929,True,OIZH,OIZH,False,10-3B,True,"DERBO 2D, DERBO 2E, LUDAX 2D, LUDAX 2E",SID,SID,SID,98,MATCH,False,independently_consistent,printed_SID_header,True,False,True,False,False,612.0,792.0,19523,"270^ N D Z VO R FL120 OIZH/ZAH ZAHEDAN INTL ZAHEDAN, IRAN .SID. 10-3B JEPPESEN 20 DEC 24 DERBO v Trans alt: 11000 20 25 .Eff.26.Dec. 9 O 2D [DERB2D], DERBO 2E [DERB2E] X 2D [LUDA2D], LUDAX 2E [LUDA2E] DEPARTURES"
930,True,OIZH,OIZH,False,10-3C,True,PIRAN 1E,SID,SID,SID,98,MATCH,False,independently_consistent,printed_SID_header,True,False,True,False,False,612.0,792.0,2709,"PAKISTAN IRAN 9000 OIZH/ZAH ZAHEDAN INTL ZAHEDAN, IRAN .SID. 10-3C JEPPESEN 20 DEC 24 Apt Elev 4523 Trans alt: 11000 20 25 7642 .Eff.26.Dec. PIRAN 1E DEPARTURE (RWYS 17L/R) [PIRA1E]"
931,True,OIZH,OIZH,False,10-3D,False,"PEGOS 1D, PIRAN 1D",SID,SID,SID,96,MATCH,False,independently_consistent,Jeppesen_10-3_series,True,False,True,False,False,612.0,792.0,7035,PAKISTAN IRAN 333^ 9000 9000 Apt Elev Trans alt: 11000 4523 OIZH/ZAH ZAHEDAN INTL 0 5 10 15 20 5 25 PIRAN 13 PIRAN 1D PIRAN 1D [PIRA1D] DEPARTURES (RWYS 35L/R) PEGOS 1D [PEGO1D]
932,True,OIZH,,False,10-3E,False,"PUVMI 1D, PUVMI 1E",SID,SID,SID,96,MATCH,False,independently_consistent,Jeppesen_10-3_series,True,False,True,False,False,612.0,792.0,34432,PAKISTAN IRAN 270^ 0 FL130 10000 6.0 ZDN AHEDAN ZDN Apt Elev Trans alt: 11000 4523 JEPPESEN UVMI 1E: 375 500 750 1000 1250 1500 338 450 675 900 1125 1350 Gnd speed-KT
933,True,OIZH,,False,10-3F,True,"OBSEL 1H, OBSEL 1J, PEGOS 1H, PEGOS 1J",SID,SID,SID,98,MATCH,False,independently_consistent,printed_SID_header,True,False,True,False,False,612.0,792.0,32014,"IRAN PAKISTAN ^ Apt Elev OBSEL Trans alt: 11000 4523 ZAHEDAN, IRAN .SID. JEPPESEN 10-3F 20 DEC 24 .Eff.26.Dec. 400 533 800 1067 1333 1600 375 500 750 1000 1250 1500 325 433 650"
934,True,OIZH,,False,10-3G,True,"ITBIR 1H, ITBIR 1J, PUVMI 1H, PUVMI 1J",SID,SID,SID,98,MATCH,False,independently_consistent,printed_SID_header,True,False,True,False,False,612.0,792.0,31990,"PAKISTAN IRAN 270^ 0 8000 6000 5500 6000 ZAHEDAN, IRAN .SID. 10-3G Apt Elev Trans alt: 11000 4523 224 ZD ZAHEDAN ZD JEPPESEN 20 DEC 24 1 .Eff.26.Dec. 400 533 800"
935,True,OIZH,OIZH,False,10-3H,True,"DAPAP 1H, DAPAP 1J, DERBO 1H, DERBO 1J",SID,SID,SID,98,MATCH,False,independently_consistent,printed_SID_header,True,False,True,False,False,612.0,792.0,21484,"PAKISTAN IRAN 9500 270^ DERBO Trans alt: 11000 OIZH/ZAH ZAHEDAN INTL ZAHEDAN, IRAN .SID. JEPPESEN 10-3H 20 25 20 DEC 24 .Eff.26.Dec. 109 ROUTING 1H [DAPA1H], DAPAP 1J [DAPA1J] O 1H [DERB1H], DERBO 1J [DERB1J] (ALL RWYS) NDB to DAPAP, climb to cleared FL. urn LEFT, intercept 334^ bearing from ZD NDB, at 8500 O 1H, 1J"
936,True,OIZH,OIZH,False,10-3J,True,"LUDAX 1H, LUDAX 1J, PIRAN 1H, PIRAN 1J",SID,SID,SID,98,MATCH,False,independently_consistent,printed_SID_header,True,True,True,False,False,612.0,792.0,4135,"PAKISTA IRA 9000 FL130 LUDAX OIZH/ZAH ZAHEDAN INTL ZAHEDAN, IRAN .SID. JEPPESEN 10-3J Apt Elev Trans alt: 11000 4523 20 25 20 DEC 24 .Eff.26.Dec. 7642 LUDAX 1H [LUDA1H], LUDAX 1J [LUDA1J] PIRAN 1H [PIRA1H], PIRAN 1J [PIRA1J] DEPARTURES NOT TO SCALE LUDAX 1J:"
937,True,OIZH,,False,10-9,False,Airport Diagram Chart (ADC),AIRPORT,AIRPORT,AIRPORT,96,MATCH,False,independently_consistent,Jeppesen_10_20_airport_series,True,False,True,False,False,612.0,792.0,8438,Apt Elev A B J H 02^E JEPPESEN Control Tower K Isolated parking position 29-29 29-29 60-53 60-54 60-55 A B 1 2 3 4 5 6
938,True,OIZH,OIZH,False,10-9S,True,MINIMUMS,AIRPORT,AIRPORT,AIRPORT,96,MATCH,False,independently_consistent,Jeppesen_10_20_airport_series,True,False,True,False,False,612.0,792.0,3928,"10-9S JEPPESEN 2 1 3 3 3 3 1 1 2 .EASA.AIR.OPS. 13 DEC 24 .Eff.26.Dec. 1 2 STRAIGHT-IN RWY D C B A OIZH/ZAH ZAHEDAN, IRAN ALS out"
939,True,OIZH,,False,11-1,True,ILS Z OR LOC Z RWY 35L,APP,APP,APP,84,MATCH,False,independently_consistent,Jeppesen_approach_number_series,True,False,True,False,False,612.0,792.0,8597,"5000 5000 5000 6000 6000 6000 6000 6000 7000 7000 7000 000 MISSED APCH: BRIEFING STRIP TM ZAHEDAN, IRAN ZAHEDAN INTL 11-1 LOC 108.7 IZDN Final Apch Crs 350^"
940,True,OIZH,,False,11-2,True,ILS Y OR LOC Y RWY 35L,APP,APP,APP,84,MATCH,False,independently_consistent,Jeppesen_approach_number_series,True,False,True,False,False,612.0,792.0,9409,"5000 5000 6000 6000 6000 6000 6000 7000 7000 7000 5000 BRIEFING STRIP TM ZAHEDAN, IRAN ZAHEDAN INTL 11-2 LOC 108.7 IZDN Final Apch Crs 350^ 7500'(2984') 4730'(214') Apt Elev 4520'"
941,True,OIZH,,False,,False,RNP RWY 17R,APP,APP,APP,55,REVIEW,True,only_old_index_supports_category,prior_index_only,True,False,True,False,False,612.0,792.0,6526,PAKISTAN AFGHANISTAN IRAN PAKISTAN 6000 6000 7000 5000 143^ 323^ 143^ ZH41~ (IF) ZH4~9 (IAF) 5.9 270^ 090^ 9500 9000 MSA ARP 29-40 15 20
942,True,OIZH,,False,,False,RNP RWY 35L,APP,APP,APP,55,REVIEW,True,only_old_index_supports_category,prior_index_only,True,False,True,False,False,612.0,792.0,8749,5000 5000 5000 6000 6000 6000 6000 6000 7000 7000 7000 7000 7000 ZH414 ZH411 MISSED APCH: BRIEFING STRIP TM JEPPESEN *ATIS 128.450 ZAHEDAN Tower Ground 121.9
943,True,OIZH,,False,13-1,True,VOR Z RWY 35L,APP,APP,APP,84,MATCH,False,independently_consistent,Jeppesen_approach_number_series,True,False,True,False,False,612.0,792.0,8002,"5000 5000 6000 6000 6000 6000 6000 7000 7000 7000 000 5000 MISSED APCH: BRIEFING STRIP TM ZAHEDAN, IRAN ZAHEDAN INTL 13-1 VOR 116.0 ZDN Final Apch Crs 350^"
944,True,OIZH,,False,13-2,True,VOR Y RWY 35L,APP,APP,APP,84,MATCH,False,independently_consistent,Jeppesen_approach_number_series,True,False,True,False,False,612.0,792.0,8166,"5000 5000 6000 6000 6000 6000 6000 7000 7000 7000 7000 5000 5000 MISSED APCH: BRIEFING STRIP TM ZAHEDAN, IRAN ZAHEDAN INTL 13-2 VOR 116.0 ZDN Final Apch Crs"
945,True,OIZH,,False,13-3,True,VOR B,APP,APP,APP,84,MATCH,False,independently_consistent,Jeppesen_approach_number_series,True,False,True,False,False,612.0,792.0,6134,"5000 5000 6000 6000 6000 7000 7000 5000 MISSED APCH: BRIEFING STRIP TM ZAHEDAN, IRAN ZAHEDAN INTL 13-3 VOR 116.0 ZDN Final Apch Crs 348^ MDA(H) 5650' *ATIS ZAHEDAN Tower"
946,True,OIZH,,False,13-4,True,VOR A,APP,APP,APP,84,MATCH,False,independently_consistent,Jeppesen_approach_number_series,True,False,True,False,False,612.0,792.0,5913,"5000 5000 6000 6000 6000 7000 7000 MISSED APCH: BRIEFING STRIP TM ZAHEDAN, IRAN ZAHEDAN INTL 13-4 VOR 116.0 ZDN Final Apch Crs 348^ MDA(H) 5650' *ATIS ZAHEDAN Tower (1130')"
947,True,OIZH,,False,16-1,True,CHART PAGE 632,APP,APP,APP,84,MATCH,False,independently_consistent,Jeppesen_approach_number_series,True,False,True,False,False,612.0,792.0,5970,"5000 6000 6000 6000 6000 7000 333^ MISSED APCH: BRIEFING STRIP TM ZAHEDAN, IRAN ZAHEDAN INTL 16-1 NDB Final Apch Crs 341^ MDA(H) 5650' *ATIS ZAHEDAN Tower (1130') LEFT to NDB and rejoin holding at 10500'. Turn LEFT onto 333^ climbing to 9000', then turn"
948,True,OIZI,OIZI,False,,False,AIRPORT INFORMATION,AIRPORT,AIRPORT,AIRPORT,88,MATCH,False,independently_consistent,airport_header,True,False,True,False,False,612.0,792.0,1799,"General Information Location: IRAN SHAHR IRN ICAO/IATA: OIZI / IHR Lat/Long: N27° 13.7', E060° 43.3' Elevation: 1983 ft Airport Use: Public Daylight Savings: Not Observed UTC Conversion: -3:30 = UTC Magnetic Variation: 2.0° E Fuel Types: Jet A-1 Customs: No General Information Location: IRAN SHAHR IRN ICAO/IATA: OIZI / IHR Lat/Long: N27° 13.7', E06"
949,True,OIZI,OIZI,False,10-2,True,"LOXOL 1N, LOXOL 1P",STAR,STAR,STAR,98,MATCH,False,independently_consistent,printed_STAR_header,True,True,True,False,False,612.0,792.0,3188,"10-2 Apt Elev IRAN SHAHR, IRAN IRAN SHAHR OIZI/IHR 1983' LOXOL .STAR. JEPPESEN LOXOL 1P 196^ 7000 179^ Actual descent clearance will be as directed by ATC. Alt Set: hPa Trans level: FL95 Trans alt: 7500' 23 MAR 18 .Eff.29.Mar. LOXOL 1P [LOXO1P] LOXOL 1N [LOXO1N] 18.2 MSA ISR VOR 270^ 160^"
950,True,OIZI,OIZI,False,10-3,True,"LOXOL 1C, LOXOL 1D",SID,SID,SID,98,MATCH,False,independently_consistent,printed_SID_header,True,True,True,False,False,612.0,792.0,3441,"10-3 Apt Elev IRAN SHAHR, IRAN IRAN SHAHR OIZI/IHR LOXOL 1D LOXOL 1C [LOXO1C] [LOXO1D] 2040' .SID. JEPPESEN Trans level: FL95 Trans alt: 7500' LOXOL N27 45.9 E060 45.6 15 NOV 13 MSA ISR VOR RWYS 35, 17 DEPARTURES BASED ON ISR VOR DME 8000' 9300' 6700' 270^ 160^"
951,True,OIZI,OIZI,False,10-3A,True,"BAHAR 1A, BAHAR 1B, LOXOL 1A, LOXOL 1B",SID,SID,SID,98,MATCH,False,independently_consistent,printed_SID_header,True,True,True,False,False,612.0,792.0,3869,"Apt Elev IRAN SHAHR, IRAN IRAN SHAHR OIZI/IHR CHAH BAHAR 1A CHAH BAHAR 1B LOXOL 1B LOXOL 1A [LOXO1A] [LOXO1B] [CBH1A] [CBH1B] 2040' .SID. JEPPESEN 10-3A Trans level: FL95 Trans alt: 7500' LOXOL N27 45.9 E060 45.6 LO 1A At or above FL130 15 NOV 13 Direct distances from"
952,True,OIZI,OIZI,False,10-9,True,Airport Diagram Chart (ADC),AIRPORT,AIRPORT,AIRPORT,96,MATCH,False,independently_consistent,Jeppesen_10_20_airport_series,True,False,True,False,False,612.0,792.0,3648,"Apt Elev 1983' N27 13.7 E060 43.3 JEPPESEN 10-9 IRAN SHAHR, IRAN IRAN SHAHR *IRAN SHAHR Information VOR 7674' 2339 m 17 169^ 02^E OIZI/IHR Elev 1983' 27-15 27-15 60-42 60-43 60-44 122.7 121.9 8 APR 22 .Eff.21.Apr. CAUTION: Strolling animals"
953,True,OIZI,OIZI,False,13-1,True,VOR DME RWY 17,APP,APP,APP,91,MATCH,False,independently_consistent,instrument_approach_header,True,True,True,False,False,612.0,792.0,6344,"3000 3000 3000 4 0 0 0 MISSED APCH: BRIEFING STRIP TM JEPPESEN OIZI/IHR IRAN SHAHR 13-1 IRAN SHAHR, IRAN VOR DME Rwy 17 CAT A, B & C MSA ISR VOR 270^ 050^ 160^ Alt Set: hPa Trans alt: 7500' Trans level: FL 95"
954,True,OIZI,OIZI,False,13-2,True,VOR DME RWY 35,APP,APP,APP,91,MATCH,False,independently_consistent,instrument_approach_header,True,False,True,False,False,612.0,792.0,5392,"MISSED APCH: BRIEFING STRIP TM JEPPESEN OIZI/IHR IRAN SHAHR 13-2 IRAN SHAHR, IRAN VOR DME Rwy 35 CAT A, B & C MSA ISR VOR 270^ 050^ 160^ Alt Set: hPa Trans alt: 7500' Trans level: FL 95 VOR ISR 117.0 Final Apch Crs 352^ D5.0"
955,True,OIZI,OIZI,False,16-1,True,APPROACH 16-1,APP,APP,APP,91,MATCH,False,independently_consistent,instrument_approach_header,True,True,True,False,False,612.0,792.0,6189,"3000 3000 3000 4000 MISSED APCH: BRIEFING STRIP TM JEPPESEN OIZI/IHR IRAN SHAHR 16-1 IRAN SHAHR, IRAN NDB DME Rwy 17 MSA ISR NDB 270^ 050^ 160^ Alt Set: hPa Apt Elev: 71 hPa Trans alt: 7500' Trans level: FL 95 NDB ISR Final"
956,True,OIZI,OIZI,False,16-2,True,APPROACH 16-2,APP,APP,APP,91,MATCH,False,independently_consistent,instrument_approach_header,True,False,True,False,False,612.0,792.0,5480,"MISSED APCH: BRIEFING STRIP TM JEPPESEN OIZI/IHR IRAN SHAHR 16-2 IRAN SHAHR, IRAN NDB DME Rwy 35 MSA ISR NDB 270^ 050^ 160^ Alt Set: hPa Trans alt: 7500' Trans level: FL 95 NDB ISR Final Apch Crs 343^ D6.0 3900'(1974') 2550' (624') Rwy Elev: 69 hPa"
957,True,OIZI,OIZI,False,16-3,True,APPROACH 16-3,APP,APP,APP,84,MATCH,False,independently_consistent,Jeppesen_approach_number_series,True,False,True,False,False,612.0,792.0,6352,"3000 3000 3000 MISSED APCH: BRIEFING STRIP TM JEPPESEN OIZI/IHR IRAN SHAHR 16-3 IRAN SHAHR, IRAN MSA ISR NDB 270^ 050^ 160^ Alt Set: hPa Apt Elev: 71 hPa Trans alt: 7500' Trans level: FL 95 NDB ISR Final Apch Crs 333^"
958,True,OIZS,OIZS,False,,False,AIRPORT INFORMATION,AIRPORT,AIRPORT,AIRPORT,88,MATCH,False,independently_consistent,airport_header,True,False,True,False,False,612.0,792.0,1557,"General Information Location: SARAVAN IRN ICAO: OIZS Lat/Long: N27° 25.1', E062° 19.0' Elevation: 3943 ft Airport Use: Public Daylight Savings: Not Observed UTC Conversion: -3:30 = UTC Magnetic Variation: 2.0° E Customs: No Airport Type: IFR General Information Location: SARAVAN IRN ICAO: OIZS Lat/Long: N27° 25.1', E062° 19.0' Elevation: 3943 ft Ai"
959,True,OIZS,OIZS,False,10-2,True,"LOXOL 1E, LOXOL 1F",STAR,STAR,STAR,98,MATCH,False,independently_consistent,printed_STAR_header,True,False,True,False,False,612.0,792.0,7177,"300 SRN SRN 7 24.9 E062 19.5 SARAVAN SRN 7 24.9 E062 19.5 (114.1)SRN D16 SRN 10-2 .STAR. JEPPESEN OIZS Apt Elev SARAVAN SARAVAN, IRAN 3943' 15 APR 22 16 8000 LOXOL 1F 139^ 319^ 139^ 7500"
960,True,OIZS,OIZS,False,10-3,True,"LOXOL 1F, LOXOL 1E",SID,SID,SID,98,MATCH,False,independently_consistent,printed_SID_header,True,False,True,False,False,612.0,792.0,11525,"00 SRN SRN 24.9 E062 19.5 ARAVAN SRN 24.9 E062 19.5 14.1)SRN 10-3 JEPPESEN OIZS Apt Elev SARAVAN SARAVAN, IRAN 3943' 15 APR 22 At 7000' LOXOL 1F .SID. Trans level: FL100 Trans alt: 8000' t or above 8000' OXOL 1F DME MSA"
961,True,OIZS,OIZS,False,10-9,True,Airport Diagram Chart (ADC),AIRPORT,AIRPORT,AIRPORT,96,MATCH,False,independently_consistent,Jeppesen_10_20_airport_series,True,False,True,False,False,612.0,792.0,3446,"3300m 13 Stopway 197' 60m ARP Elev 3936' 131^ 02^E Apt Elev 10-9 JEPPESEN OIZS SARAVAN, IRAN 3943' N27 25.1 E062 19.0 SARAVAN 62-18 62-19 62-20 126.775 *SARAVAN Information (AFIS) 15 APR 22 .Eff.21.Apr."
962,True,OIZS,OIZS,False,16-1,True,APPROACH 16-1,APP,APP,APP,84,MATCH,False,independently_consistent,Jeppesen_approach_number_series,True,False,True,False,False,612.0,792.0,5706,"5000 5000 5000 D1.0 MSA SRN NDB 270^ 090^ 180^ OIZS SARAVAN, IRAN CAT A, B & C SARAVAN 16-1 NDB SRN 300 Final Apch Crs 319^ D6.0 Apt Elev 3943' Trans alt: 8000' Alt Set: hPa"
963,True,OIZS,OIZS,False,16-2,True,APPROACH 16-2,APP,APP,APP,84,MATCH,False,independently_consistent,Jeppesen_approach_number_series,True,False,True,False,False,612.0,792.0,5514,"5000 5000 5000 5000 SARAVAN DS R N (114.1) SRN 112^ 292^ 300^ 137^ MISSED APCH: BRIEFING STRIP TM JEPPESEN 270^ 090^ 180^ MSA SRN NDB OIZS SARAVAN 16-2 SARAVAN, IRAN NDB SRN"
964,True,OIZS,OIZS,False,16-3,True,APPROACH 16-3,APP,APP,APP,84,MATCH,False,independently_consistent,Jeppesen_approach_number_series,True,False,True,False,False,612.0,792.0,5465,"5000 5000 5000 5000 SARAVAN DS R N (114.1) SRN 112^ 292^ 300^ 137^ MISSED APCH: BRIEFING STRIP TM JEPPESEN 270^ 090^ 180^ MSA SRN NDB OIZS SARAVAN 16-3 SARAVAN, IRAN NDB SRN"
965,True,ORNI,ORNI,False,,False,AIRPORT INFORMATION,AIRPORT,AIRPORT,AIRPORT,55,REVIEW,True,only_old_index_supports_category,prior_index_only,True,False,True,False,False,612.0,792.0,1879,"General Information Location: AL NAJAF IRQ ICAO/IATA: ORNI / NJF Lat/Long: N31° 59.4', E044° 24.3' Elevation: 107 ft Airport Use: Public Daylight Savings: Not Observed UTC Conversion: -3:00 = UTC Magnetic Variation: 4.0° E Fuel Types: Jet A-1 Customs: Yes Al Najaf Ground: 121.700 Baghdad Approach: 136.275 Secondary Baghdad Approach: 120.200 General"
966,True,ORNI,ORNI,False,,False,AIRPORT INFORMATION,AIRPORT,AIRPORT,AIRPORT,88,MATCH,False,independently_consistent,airport_header,True,False,True,False,False,612.0,792.0,1337,"General Information Location: AL NAJAF IRQ ICAO/IATA: ORNI / NJF Lat/Long: N31° 59.4', E044° 24.3' Elevation: 107 ft Airport Use: Public Daylight Savings: Not Observed UTC Conversion: -3:00 = UTC Magnetic Variation: 4.0° E Fuel Types: Jet A-1 Customs: Yes Al Najaf Ground: 121.700 Baghdad Approach: 136.275 Secondary Baghdad Approach: 120.200 Al Naja"
967,True,ORNI,,False,10-2,True,"ALPET 1A, ALRID 1A, EGPEN 1A, EGPEN 1C, LOVEK 1A",STAR,STAR,STAR,98,MATCH,False,independently_consistent,printed_STAR_header,True,False,True,False,False,612.0,792.0,15711,"ALPET NI1~7 271^ 30.2 ALPET 1A 286^ ALRID 296^ A Alt Set: hPa Apt Elev 107 ATIS 123.9 Trans level: FL160 FL170 when QNH below 980 hPa RNAV 1 (GNSS) required AL NAJAF, IRAQ .RNAV.STAR. 10-2 JEPPESEN 19 JUN 26 24 21"
968,True,ORNI,,False,10-2A,True,"ALRID 1B, ALRID 1D, EGPEN 1B, LOVEK 1B",STAR,STAR,STAR,98,MATCH,False,independently_consistent,printed_STAR_header,True,False,True,False,False,612.0,792.0,16618,"Alt Set: hPa Apt Elev 107 ATIS 123.9 Trans level: FL160 FL170 when QNH below 980 hPa RNAV 1 (GNSS) required ALRID DAVAX 296^ B 27.8 280^ D AL NAJAF, IRAQ .RNAV.STAR. 10-2A JEPPESEN 19 JUN 26 23 24 19 77"
969,True,ORNI,,False,10-3,False,"ILMAP 1A, LAGLO 1A, NOLDO 1A, NOLDO 1C, SEPTU 1A, SIGBI 1A",SID,SID,SID,96,MATCH,False,independently_consistent,Jeppesen_10-3_series,True,False,True,False,False,612.0,792.0,30325,1000 ILMAP 088^ 60.9 NOLDO 26 I227 5 0 . 1 RNAV 1 (GNSS) required Trans alt: 14000 Apt Elev 107 120.2 136.275 BAGHDAD Approach After take-off contact BAGHDAD Approach. 5.7% V/V (fpm) 433 577
970,True,ORNI,,False,10-3A,False,"ILMAP 1B, LAGLO 1B, NOLDO 1B, SEPTU 1B, SIGBI 1B",SID,SID,SID,96,MATCH,False,independently_consistent,Jeppesen_10-3_series,True,False,True,False,False,612.0,792.0,23829,NI331 65.1 ILMAP 088^ 60.9 NOLDO RNAV 1 (GNSS) required Trans alt: 14000 Apt Elev 107 120.2 136.275 BAGHDAD Approach After take-off contact BAGHDAD Approach. 4.9% V/V (fpm) 373 497 745 993 1241 1489 Gnd speed-KT 75
971,True,ORNI,ORNI,False,10-9,True,Airport Diagram Chart (ADC),AIRPORT,AIRPORT,AIRPORT,96,MATCH,False,independently_consistent,Jeppesen_10_20_airport_series,True,False,True,False,False,612.0,792.0,5063,"Apt Elev 121.7 9842' 3000m 10 28 100^ Elev 116' JEPPESEN AL NAJAF, IRAQ AL-ASHRAF INTL ORNI/NJF 107' N31 59.4 E044 24.3 10-9 04^E Stopway 197' 60m 123.9 119.1 ATIS AL NAJAF Ground Tower Control"
972,True,ORNI,ORNI,False,10-9A,True,PARKING STANDS & COORDS,AIRPORT,AIRPORT,AIRPORT,96,MATCH,False,independently_consistent,Jeppesen_10_20_airport_series,True,False,True,False,False,612.0,792.0,6049,"AL NAJAF, IRAQ AL-ASHRAF INTL ORNI/NJF 10-9A JEPPESEN APRON E E08 E08R E08L E09 E09L E09R E10 E11 E12 E13 E14 E15 E16 E17 E18 E18R E18L E17L E17R E16R E16L"
973,True,ORNI,,False,10-9S,True,MINIMUMS,AIRPORT,AIRPORT,AIRPORT,96,MATCH,False,independently_consistent,Jeppesen_10_20_airport_series,True,False,True,False,False,612.0,792.0,4165,10-9S JEPPESEN 10 R600m R600m R650m R650m 383'(267') 396'(280') 404'(288') 414'(298') R1500m R1500m R1600m R1600m 620'(504') 316'(200') R550m 316'(200') 316'(200') 316'(200') R550m R550m R550m
974,True,ORNI,ORNI,False,11-1,True,LOC RWY 10,APP,APP,APP,84,MATCH,False,independently_consistent,Jeppesen_approach_number_series,True,True,True,False,False,612.0,792.0,8714,"OR(P)-101 MISSED APCH: BRIEFING STRIP TM AL-ASHRAF INTL ORNI/NJF 11-1 119.1 IALI 108.3 100^ 316'(200') Apt Elev Rwy 116' 107' 330^ 180^ 2 2 1700' within 10 NM Trans alt: 14000' Rwy Elev: 4 hPa AL NAJAF, IRAQ Final"
975,True,ORNI,ORNI,False,11-2,True,LOC RWY 28,APP,APP,APP,84,MATCH,False,independently_consistent,Jeppesen_approach_number_series,True,True,True,False,False,612.0,792.0,8675,"307^ OR(P)-101 MISSED APCH: BRIEFING STRIP TM AL-ASHRAF INTL ORNI/NJF 11-2 119.1 INJF 108.9 280^ Apt Elev Rwy 92' 107' 330^ 180^ 2 Trans alt: 14000' Rwy Elev: 3 hPa AL NAJAF, IRAQ Final Apch Crs"
976,True,ORNI,ORNI,False,12-1,True,RNP RWY 10,APP,APP,APP,84,MATCH,False,independently_consistent,Jeppesen_approach_number_series,True,True,True,False,False,612.0,792.0,7282,"MISSED APCH: BRIEFING STRIP TM AL-ASHRAF INTL ORNI/NJF 12-1 100^ Apt Elev Rwy 116' 107' Trans alt: 14000' Rwy Elev: 4 hPa AL NAJAF, IRAQ Final Apch Crs 10 123.9 121.7 ATIS Ground DA(H) JEPPESEN Alt Set: hPa 1"
977,True,ORNI,ORNI,False,12-2,True,RNP RWY 28,APP,APP,APP,84,MATCH,False,independently_consistent,Jeppesen_approach_number_series,True,True,True,False,False,612.0,792.0,7400,"MISSED APCH: BRIEFING STRIP TM AL-ASHRAF INTL ORNI/NJF 12-2 119.1 280^ Apt Elev Rwy 92' 107' AL NAJAF, IRAQ Final Apch Crs 10 123.9 121.7 ATIS AL NAJAF Tower Ground DA(H) JEPPESEN GESAL"
978,True,ORNI,ORNI,False,13-1,True,VOR RWY 10,APP,APP,APP,84,MATCH,False,independently_consistent,Jeppesen_approach_number_series,True,False,True,False,False,612.0,792.0,8169,"OR(P)-101 MISSED APCH: BRIEFING STRIP TM AL-ASHRAF INTL ORNI/NJF 13-1 119.1 ALI 114.7 105^ 680'(564') Apt Elev Rwy 116' 107' 330^ 180^ 2 2 1700' within 10 NM Trans alt: 14000' Rwy Elev: 4 hPa AL NAJAF, IRAQ Final Apch Crs"
979,True,ORNI,ORNI,False,13-2,True,VOR RWY 28,APP,APP,APP,91,MATCH,False,independently_consistent,instrument_approach_header,True,False,True,False,False,612.0,792.0,7176,OR(R)-103 OR(P)-101 BRIEFING STRIP TM AL-ASHRAF INTL ORNI/NJF 13-2 VOR Rwy 28 119.1 VOR ALI 114.7 273^ 2000' D6.4 (1908') 530'(438') Apt Elev Rwy 92' 107' 330^ 180^ MSA ALI VOR
980,True,ORBI,ORBI,False,,False,AIRPORT INFORMATION,AIRPORT,AIRPORT,AIRPORT,55,REVIEW,True,only_old_index_supports_category,prior_index_only,True,False,True,False,False,612.0,792.0,2168,"General Information Location: BAGHDAD IRQ ICAO/IATA: ORBI / BGW Lat/Long: N33° 15.8', E044° 14.1' Elevation: 114 ft Airport Use: Public Daylight Savings: Not Observed UTC Conversion: -3:00 = UTC Magnetic Variation: 4.0° E Fuel Types: Jet A-1 Customs: Yes Surface Type: concrete TDZ-Elev: 110 ft Lighting: Edge, ALS, Centerline, TDZ Communication Info"
981,True,ORBI,ORBI,False,,False,AIRPORT INFORMATION,AIRPORT,AIRPORT,AIRPORT,55,REVIEW,True,only_old_index_supports_category,prior_index_only,True,False,True,False,False,612.0,792.0,1802,"General Information Location: BAGHDAD IRQ ICAO/IATA: ORBI / BGW Lat/Long: N33° 15.8', E044° 14.1' Elevation: 114 ft Airport Use: Public Daylight Savings: Not Observed UTC Conversion: -3:00 = UTC Magnetic Variation: 4.0° E Fuel Types: Jet A-1 Customs: Yes Surface Type: concrete TDZ-Elev: 110 ft Lighting: Edge, ALS, Centerline, TDZ Communication Info"
982,True,ORBI,ORBI,False,10-3,True,SID 10-3,SID,SID,SID,96,MATCH,False,independently_consistent,Jeppesen_10-3_series,True,True,True,False,False,612.0,792.0,1754,"Apt Elev 114' ORBI/BGW 10-3 BAGHDAD INTL BAGHDAD, IRAQ JEPPESEN .Eff.6.Dec. Trans level: FL160 Trans alt: 14000' FL170 if QNH is below 980 hPA 30 NOV 18 .DEPARTURE. OMNIDIRECTIONAL DEPARTURE OVERVIEW"
983,True,ORBI,,False,10-9,True,Airport Diagram Chart (ADC),AIRPORT,AIRPORT,AIRPORT,96,MATCH,False,independently_consistent,Jeppesen_10_20_airport_series,True,False,True,False,False,612.0,792.0,6916,"Apt Elev 10-9 BAGHDAD, IRAQ BAGHDAD INTL N33 15.8 E044 14.1 114' Apt Elev 121.4 118.9 S2 S3 S4 S5 S6 P6 W Y Z1 Q T K RAMP V RAMP ARP Control"
984,True,ORBI,ORBI,False,10-9A,True,PARKING STANDS & COORDS,AIRPORT,AIRPORT,AIRPORT,96,MATCH,False,independently_consistent,Jeppesen_10_20_airport_series,True,False,True,False,False,612.0,792.0,3412,"10-9A ORBI/BGW BAGHDAD, IRAQ BAGHDAD INTL R21 R22 R23 R24 B26 B25 B24 B23 B22 B21 C36 C35 C34 C33 C32 C31 D46 D45 D44 D43D42 D41"
985,True,ORBI,ORBI,False,10-9B,True,AIRPORT CHART,AIRPORT,AIRPORT,AIRPORT,96,MATCH,False,independently_consistent,Jeppesen_10_20_airport_series,True,False,True,False,False,612.0,792.0,3945,"JEPPESEN 10-9B ORBI/BGW BAGHDAD, IRAQ BAGHDAD INTL 18 MAY 12 YELLOW CENTERLINE NOSE-IN PARKING PROCEDURES GENERAL The visual guidance system for nose-in following elements: The system is aligned with the LEFT hand pilot seat only. In positioning will be guided by marshaller. case of AGNIS failure, nose-in CAUTION AGNIS PARALLAX AID FOR PARKING PAPA"
986,True,ORBI,,False,10-9S,True,MINIMUMS,AIRPORT,AIRPORT,AIRPORT,96,MATCH,False,independently_consistent,Jeppesen_10_20_airport_series,True,False,True,False,False,612.0,792.0,5108,STRAIGHT-IN RWY D 10-9S C B A JEPPESEN ceil 300'- ceil 300'- ceil 300'- ceil 300'- ceil 500'- ceil 500'- ceil 500'- ceil 500'- ceil 500'- ceil 500'- ceil 500'- ceil 500'- ceil 300'- ceil 300'- ceil 300'- ceil 300'- ceil 500'-
987,True,ORBI,ORBI,False,11-1,False,APPROACH 11-1,APP,APP,APP,91,MATCH,False,independently_consistent,instrument_approach_header,True,True,True,False,False,612.0,792.0,6484,"118.9 BAGHDAD Tower 146^ 410'(297') MISSED APCH: BRIEFING STRIP TM Alt Set: hPa Trans alt: 14000' BAGHDAD INTL BAGHDAD, IRAQ 122.4 BAGHDAD Approach Ground 121.4 ATIS ORBI/BGW LOC IYDB 110.7 RECOY 146^ 146^ 326^ Rwy Elev: 4 hPa"
988,True,ORBI,ORBI,False,11-2,False,APPROACH 11-2,APP,APP,APP,84,MATCH,False,independently_consistent,Jeppesen_approach_number_series,True,True,True,False,False,612.0,792.0,6699,"OR(R)-314 326^ (200') MISSED APCH: BRIEFING STRIP TM Alt Set: hPa Trans alt: 14000' BAGHDAD INTL BAGHDAD, IRAQ ATIS 118.9 122.4 121.4 BAGHDAD Approach BAGHDAD Tower Ground ORBI/BGW LOC IYCA 110.1 33-20 Final Apch Crs"
989,True,ORBI,,False,,False,RNP RWY 15R,APP,APP,APP,55,REVIEW,True,only_old_index_supports_category,prior_index_only,True,False,True,False,False,612.0,792.0,6225,"BOVAB NORSU (IAF) 118.9 BAGHDAD Tower RNAV Final Apch Crs 146^ GIDOM 1800'(1686') MDA(H) 660'(546') MISSED APCH: BRIEFING STRIP TM Alt Set: hPa Rwy Elev: 4 hPa Trans alt: 14000' BAGHDAD INTL 12-1 BAGHDAD, IRAQ 146 122.4"
990,True,ORBI,,False,12-2,True,RNP RWY 33L CAT C & D,APP,APP,APP,84,MATCH,False,independently_consistent,Jeppesen_approach_number_series,True,False,True,False,False,612.0,792.0,6826,"OR(R)-314 NORSU MHA 5000 MAX 10000 RNAV 326^ DEBNI 1800'(1689') MDA(H) 620'(509') BRIEFING STRIP TM Alt Set: hPa Rwy Elev: 4 hPa Trans alt: 14000' BAGHDAD INTL 12-2 BAGHDAD, IRAQ 7 NM 326^ 146^ Final Apch Crs 15"
991,True,ORBI,ORBI,False,13-1,True,VOR DME RWY 15L,APP,APP,APP,91,MATCH,False,independently_consistent,instrument_approach_header,True,True,True,False,False,612.0,792.0,5238,"OR(R)-314 118.9 BAGHDAD Tower 145^ KISPE 2100'(1987') MDA(H) 610'(497') BRIEFING STRIP TM Alt Set: hPa Trans alt: 14000' BAGHDAD INTL 13-1 BAGHDAD, IRAQ 122.4 BAGHDAD Approach KISPE Ground 121.4 ATIS ORBI/BGW VOR DME Rwy 15L MSA BGD VOR"
992,True,ORBI,ORBI,False,13-2,True,VOR DME RWY 33R,APP,APP,APP,91,MATCH,False,independently_consistent,instrument_approach_header,True,True,True,False,False,612.0,792.0,5589,"OR(R)-314 326^ VINNU 2100'(1986') MDA(H) 590'(476') MISSED APCH: BRIEFING STRIP TM Alt Set: hPa Trans alt: 14000' BAGHDAD INTL 13-2 BAGHDAD, IRAQ ATIS 118.9 122.4 121.4 BAGHDAD Approach BAGHDAD Tower Ground ORBI/BGW VOR DME Rwy 33R VOR"
993,True,ORER,ORER,False,,False,AIRPORT INFORMATION,AIRPORT,AIRPORT,AIRPORT,55,REVIEW,True,only_old_index_supports_category,prior_index_only,True,False,True,False,False,612.0,792.0,2018,"General Information Location: ERBIL IRQ ICAO/IATA: ORER / EBL Lat/Long: N36° 14.3', E043° 56.8' Elevation: 1324 ft Airport Use: Public Daylight Savings: Not Observed UTC Conversion: -3:00 = UTC Magnetic Variation: 5.0° E Fuel Types: Jet A-1 Repair Types: Minor Airframe, Minor Engine Baghdad Approach: 127.700 Erbil Arrival: 126.500 Erbil Departure: "
994,True,ORER,ORER,False,,False,AIRPORT INFORMATION,AIRPORT,AIRPORT,AIRPORT,88,MATCH,False,independently_consistent,airport_header,True,False,True,False,False,612.0,792.0,1394,"General Information Location: ERBIL IRQ ICAO/IATA: ORER / EBL Lat/Long: N36° 14.3', E043° 56.8' Elevation: 1324 ft Airport Use: Public Daylight Savings: Not Observed UTC Conversion: -3:00 = UTC Magnetic Variation: 5.0° E Fuel Types: Jet A-1 Repair Types: Minor Airframe, Minor Engine Baghdad Approach: 127.700 Erbil Arrival: 126.500 Erbil Departure: "
995,True,ORER,,False,10-2,False,"KEDIM 1N, OTALO 1N",STAR,STAR,STAR,96,MATCH,False,independently_consistent,Jeppesen_10-2_series,True,False,True,False,False,612.0,792.0,8643,R011 8500 175^ D 1 5. 0 FL170 KEDIM 116.3 RER ERBIL RER D 191^ 4.6 7.4 D21.0 RER D28.4 RER KEDIM 1N D2 1.0 R ER A rc
996,True,ORER,,False,10-2A,False,"OTALO 1S, OTALO 1T",STAR,STAR,STAR,96,MATCH,False,independently_consistent,Jeppesen_10-2_series,True,False,True,False,False,612.0,792.0,9662,057^ 020^ 358^ R351 D20.0 7100 8500 6000 116.3 RER ERBIL RER D Apt Elev 1325 130.4 ATIS FL170 when QNH below 980 hPa 10 20 30 40 50 0 5
997,True,ORER,,False,10-3,False,"DAVAS 1N, UMESA 1N",SID,SID,SID,96,MATCH,False,independently_consistent,Jeppesen_10-3_series,True,False,True,False,False,612.0,792.0,16542,D83.4 IR A N IR A Q DAVAS 53.4 Apt Elev 1325 Trans alt: 14000 4.3% V/V (fpm) 327 435 653 871 1089 1306 Gnd speed-KT 75 100 150 200 250
998,True,ORER,,False,10-3A,False,"EMIDO 1N, ROXOP 1N",SID,SID,SID,96,MATCH,False,independently_consistent,Jeppesen_10-3_series,True,False,True,False,False,612.0,792.0,13483,297^ 322^ 295^ 8500 R E R V OR 1 7 5 ^ 4700 D 1 5. 0 116.3 RER ERBIL RER D 3 5
999,True,ORER,ORSU,True,10-3B,False,"DAVAS 1S, UMESA 1S",SID,SID,SID,96,REVIEW,True,header_icao_differs_from_index,Jeppesen_10-3_series,True,False,True,False,False,612.0,792.0,15454,IR A Q DAVAS 53.4 Apt Elev 1325 Trans alt: 14000 JEPPESEN 2 MAY 25 .Eff.15.May. 8472 110 142 45-00 45-30 D83.4 SULAIMANIYAH Sulaimaniyah Intl ORSU IR A N DAVAS 1S [DAVA1S]
1000,True,ORER,,False,10-3C,False,"EMIDO 1S, ROXOP 1S",SID,SID,SID,96,MATCH,False,independently_consistent,Jeppesen_10-3_series,True,False,True,False,False,612.0,792.0,16825,4700 295^ 8500 1 7 5 ^ D 1 5. 0 4000 116.3 RER ERBIL RER D P 1S in turn R140 320^ 1 7 5 ^
1001,True,ORER,ORER,False,10-9,True,Airport Diagram Chart (ADC),AIRPORT,AIRPORT,AIRPORT,96,MATCH,False,independently_consistent,Jeppesen_10_20_airport_series,True,False,True,False,False,612.0,792.0,6122,"Apt Elev 10-9 JEPPESEN ORER/EBL 1324' N36 14.3 E043 56.8 ERBIL, IRAQ ERBIL INTL ERBIL Tower VOR 0m 18 175^ Elev 1270' Control Tower A1 A2 B C D R 05^E"
1002,True,ORER,ORER,False,10-9A,True,PARKING STANDS & COORDS,AIRPORT,AIRPORT,AIRPORT,96,MATCH,False,independently_consistent,Jeppesen_10_20_airport_series,True,False,True,False,False,612.0,792.0,7428,"JEPPESEN ORER/EBL ERBIL, IRAQ ERBIL INTL 10-9A A2 A3 C D R 31 32 33 34 35 1 2 3 8 ARP Control Tower 43-57.2 43-57.3"
1003,True,ORER,ORER,False,10-9B,True,AIRPORT CHART,AIRPORT,AIRPORT,AIRPORT,96,MATCH,False,independently_consistent,Jeppesen_10_20_airport_series,True,False,True,False,False,612.0,792.0,4457,"ORER/EBL ERBIL, IRAQ ERBIL INTL 10-9B JEPPESEN 1 AUG 25 .Eff.7.Aug. ACFT STANDS PHRASEOLOGY PASSENGER APRON 1 2 DEPARTURE PROCEDURES PUSH-BACK PROCEDURE The acft shall be pushed back onto taxilane R to face South The acft shall be pushed back onto taxilane R to face South abeam behind stand 1 Push-back approved to face South Push-back approved to f"
1004,True,ORER,ORER,False,10-9C,True,AIRPORT CHART,AIRPORT,AIRPORT,AIRPORT,96,MATCH,False,independently_consistent,Jeppesen_10_20_airport_series,True,False,True,False,False,612.0,792.0,7141,"JEPPESEN ORER/EBL ERBIL, IRAQ 10-9C A2 C R LEGEND Taxi routes B ERBIL INTL LOW VISIBILITY TAXI ROUTES A1 .Eff.7.Aug. A A A ERBIL Tower ERBIL Departure ATIS 43-57.3 43-57.2 43-57.1"
1005,True,ORER,ORER,False,10-9S,True,MINIMUMS,AIRPORT,AIRPORT,AIRPORT,96,MATCH,False,independently_consistent,Jeppesen_10_20_airport_series,True,False,True,False,False,612.0,792.0,4654,"ORER/EBL ERBIL, IRAQ ERBIL INTL 10-9S JEPPESEN 7 3 .Eff.7.Aug. .EASA.AIR.OPS. 2 2 2 2 2 2 2 1 AUG 25 R550m R550m R550m R550m 5 6 3"
1006,True,ORER,ORER,False,11-1,True,ILS Z RWY 18,APP,APP,APP,84,MATCH,False,independently_consistent,Jeppesen_approach_number_series,True,False,True,False,False,612.0,792.0,11419,"30 3000 2000 2000 2000 15 20 ORER/EBL ERBIL, IRAQ ERBIL INTL 11-1 ERBIL Tower 127.7 128.8 LOC IREA 109.1 Final Apch Crs 175^ ILS DA(H) 1470'(200') MISSED APCH:"
1007,True,ORER,ORER,False,11-1A,False,ILS Z RWY 18,APP,APP,APP,84,MATCH,False,independently_consistent,Jeppesen_approach_number_series,True,False,True,False,False,612.0,792.0,9978,30 3000 2000 2000 2000 15 20 ORER/EBL ERBIL INTL ERBIL Tower 127.7 128.8 LOC IREA 109.1 Final Apch Crs 175^ BRIEFING STRIP TM JEPPESEN 126.5 ERBIL Arrival BAGHDAD Approach 130.4
1008,True,ORER,ORER,False,11-2,True,ILS Y RWY 18,APP,APP,APP,91,MATCH,False,independently_consistent,instrument_approach_header,True,False,True,False,False,612.0,792.0,12718,"3 3342^ 2000 2000 3000 15 20 ORER/EBL ERBIL, IRAQ ERBIL INTL 11-2 LOC IREA 109.1 Final Apch Crs 175^ ILS DA(H) 1470'(200') Alt Set: hPa Rwy Elev: 46 hPa Trans alt: 14000' BRIEFING STRIP"
1009,True,ORER,ORER,False,11-2A,True,ILS Y RWY 18,APP,APP,APP,91,MATCH,False,independently_consistent,instrument_approach_header,True,False,True,False,False,612.0,792.0,8791,"3 3342^ 2000 2000 3 3000 11-2A ORER/EBL ERBIL, IRAQ ERBIL INTL JEPPESEN 2 MAY 25 .Eff.15.May. CAT II ILS Y Rwy 18 LOC IREA 109.1 Final Apch Crs 175^ DA(H) BRIEFING STRIP TM ERBIL Tower"
1010,True,ORER,ORER,False,11-3,True,ILS Z RWY 36,APP,APP,APP,91,MATCH,False,independently_consistent,instrument_approach_header,True,False,True,False,False,612.0,792.0,10252,"OR(P)-603 OR(P)-602 3000 3000 4000 2000 15 20 ORER/EBL ERBIL, IRAQ ERBIL INTL 11-3 LOC IREB 109.7 Final Apch Crs 355^ ILS DA(H) 1510'(200') Alt Set: hPa Rwy Elev: 47 hPa Trans alt: 14000'"
1011,True,ORER,ORER,False,11-4,True,ILS Y RWY 36,APP,APP,APP,84,MATCH,False,independently_consistent,Jeppesen_approach_number_series,True,False,True,False,False,612.0,792.0,10448,"OR(P)-603 OR(P)-602 ^ 2000 3000 3000 4000 ERBIL 116.3 RER DR E R 15 20 ORER/EBL ERBIL, IRAQ ERBIL INTL 11-4 LOC IREB 109.7 Final Apch Crs 355^ ILS DA(H)"
1012,True,ORER,ORER,False,12-1,True,RNP RWY 18,APP,APP,APP,84,MATCH,False,independently_consistent,Jeppesen_approach_number_series,True,False,True,False,False,612.0,792.0,8533,"2000 2000 3000 3000 15 20 ORER/EBL ERBIL, IRAQ ERBIL INTL 12-1 Final Apch Crs 176^ 1640' Apt Elev Rwy 1363' 1309' Alt Set: hPa Rwy Elev: 47 hPa Trans alt: 14000' MISSED APCH: BRIEFING STRIP TM"
1013,True,ORER,ORER,False,12-2,True,RNP RWY 36,APP,APP,APP,84,MATCH,False,independently_consistent,Jeppesen_approach_number_series,True,False,True,False,False,612.0,792.0,7363,"OR(P)-602 OR(P)-603 3000 3000 4000 15 20 ORER/EBL ERBIL, IRAQ ERBIL INTL 12-2 Final Apch Crs 356^ 1720' Apt Elev Rwy 1363' 1349' Alt Set: hPa Rwy Elev: 48 hPa Trans alt: 14000' MISSED APCH: BRIEFING STRIP"
1014,True,ORMM,ORMM,False,,False,AIRPORT INFORMATION,AIRPORT,AIRPORT,AIRPORT,55,REVIEW,True,only_old_index_supports_category,prior_index_only,True,False,True,False,False,612.0,792.0,1949,"General Information Location: BASRAH IRQ ICAO/IATA: ORMM / BSR Lat/Long: N30° 32.9', E047° 39.7' Elevation: 11 ft Airport Use: Public Daylight Savings: Not Observed UTC Conversion: -3:00 = UTC Magnetic Variation: 3.0° E Fuel Types: Jet A-1 Customs: Yes Baghdad Approach: 120.200 Baghdad Approach: 136.275 Secondary General Information Location: BASRA"
1015,True,ORMM,ORMM,False,,False,AIRPORT INFORMATION,AIRPORT,AIRPORT,AIRPORT,88,MATCH,False,independently_consistent,airport_header,True,False,True,False,False,612.0,792.0,1336,"General Information Location: BASRAH IRQ ICAO/IATA: ORMM / BSR Lat/Long: N30° 32.9', E047° 39.7' Elevation: 11 ft Airport Use: Public Daylight Savings: Not Observed UTC Conversion: -3:00 = UTC Magnetic Variation: 3.0° E Fuel Types: Jet A-1 Customs: Yes Baghdad Approach: 120.200 Baghdad Approach: 136.275 Secondary Baghdad Approach: 120.200 Baghdad A"
1016,True,ORMM,ORMM,False,10-9,True,Airport Diagram Chart (ADC),AIRPORT,AIRPORT,AIRPORT,96,MATCH,False,independently_consistent,Jeppesen_10_20_airport_series,True,False,True,False,False,612.0,792.0,4274,"Elev 10' Tower Control 13,146'4007m ORMM/BSR 10-9 11' BASRAH, IRAQ BASRAH INTL Apt Elev 03^E N30 32.9 E047 39.7 14 135^ JEPPESEN 30-33 30-33 30-34 30-34 47-39 47-40 47-41 BASRAH Ground"
1017,True,ORMM,,False,10-9S,True,MINIMUMS,AIRPORT,AIRPORT,AIRPORT,96,MATCH,False,independently_consistent,Jeppesen_10_20_airport_series,True,False,True,False,False,612.0,792.0,3555,STRAIGHT-IN RWY D 10-9S C B A BASRAH INTL 32 14 390'(379') ceil 400'- ceil 400'- ceil 400'- ceil 400'- JEPPESEN 390'(379') 390'(379') 390'(379') 225'(215') 490'(480') ceil 500'- 490'(480') 490'(480') 490'(480')
1018,True,ORMM,ORMM,False,11-1,True,LOC RWY 32,APP,APP,APP,91,MATCH,False,independently_consistent,instrument_approach_header,True,False,True,False,False,612.0,792.0,6101,"ORMM/BSR BASRAH INTL 11-1 BASRAH, IRAQ Trans alt: 14000' Rwy Elev: 0 hPa Alt Set: hPa BASRAH 112.3 BSR DB S R 30-30 MISSED APCH: BRIEFING STRIP TM JEPPESEN ILS or LOC Rwy 32 15 20 LOC IBIA 111.7 Final Apch Crs 315^"
1019,True,ORMM,ORMM,False,13-1,True,VOR DME RWY 14,APP,APP,APP,91,MATCH,False,independently_consistent,instrument_approach_header,True,False,True,False,False,612.0,792.0,5134,"306^ ORMM/BSR BASRAH INTL 13-1 BASRAH, IRAQ Trans alt: 14000' Apt Elev: 0 hPa Alt Set: hPa MISSED APCH: BRIEFING STRIP TM JEPPESEN 15 20 VOR BSR 112.3 Final Apch Crs 135^ 1900'(1889') 390'(379') HOKEM VOR DME Rwy 14"
1020,True,ORMM,ORMM,False,13-2,True,VOR DME RWY 32,APP,APP,APP,91,MATCH,False,independently_consistent,instrument_approach_header,True,False,True,False,False,612.0,792.0,4945,"ORMM/BSR BASRAH INTL 13-2 BASRAH, IRAQ Trans alt: 14000' Apt Elev: 0 hPa Alt Set: hPa 30-30 MISSED APCH: BRIEFING STRIP TM JEPPESEN 15 20 VOR BSR 112.3 Final Apch Crs 320^ 1800'(1789') 490'(479') VOR DME Rwy 32 BASRAH"
1021,True,ORSJ,ORSJ,False,,False,AIRPORT INFORMATION,AIRPORT,AIRPORT,AIRPORT,88,MATCH,False,independently_consistent,airport_header,True,False,True,False,False,612.0,792.0,1912,"General Information Location: SULAIMANIYAH IRQ ICAO/IATA: ORSJ / ISU Lat/Long: N35° 33.6', E045° 18.9' Elevation: 2492 ft Airport Use: Public Daylight Savings: Not Observed UTC Conversion: -3:00 = UTC Magnetic Variation: 4.0° E Fuel Types: Jet A-1 Customs: Yes Baghdad Approach: 125.000 Secondary General Information Location: SULAIMANIYAH IRQ ICAO/I"
1022,True,ORSJ,ORSJ,False,,False,AIRPORT INFORMATION,AIRPORT,AIRPORT,AIRPORT,88,MATCH,False,independently_consistent,airport_header,True,False,True,False,False,612.0,792.0,1281,"General Information Location: SULAIMANIYAH IRQ ICAO/IATA: ORSJ / ISU Lat/Long: N35° 33.6', E045° 18.9' Elevation: 2492 ft Airport Use: Public Daylight Savings: Not Observed UTC Conversion: -3:00 = UTC Magnetic Variation: 4.0° E Fuel Types: Jet A-1 Customs: Yes Baghdad Approach: 125.000 Secondary Baghdad Approach: 125.000 Secondary Airport Informati"
1023,True,ORER,OMMS,True,10-2,False,STAR 10-2,STAR,STAR,STAR,96,REVIEW,True,header_icao_differs_from_index,Jeppesen_10-2_series,True,False,True,False,False,612.0,792.0,25108,COMMS COMMS LOST COMMS LOST COMMS LOST COMMS LOST COMMS LOST COMMS LOST OMMS COMMS LOST COMMS LOST COMMS LOST COMMS LOST 00 550
1024,True,ORER,OMMS,True,10-2A,False,STAR 10-2A,STAR,STAR,STAR,96,REVIEW,True,header_icao_differs_from_index,Jeppesen_10-2_series,True,False,True,False,False,612.0,792.0,25277,COMMS COMMS LOST COMMS LOST COMMS LOST COMMS LOST COMMS LOST COMMS LOST OMMS COMMS LOST COMMS LOST COMMS LOST COMMS LOST 9000 7550
1025,True,ORSJ,,False,10-3,False,SID 10-3,SID,SID,SID,96,MATCH,False,independently_consistent,Jeppesen_10-3_series,True,False,True,False,False,612.0,792.0,14750,COMMS LOST COMMS LOST COMMS LOST COMMS LOST COMMS LOST COMMS LOST COMMS LOST COMMS LOST COMMS LOST LO ST C O M M S
1026,True,ORSJ,,False,10-3A,False,SID 10-3A,SID,SID,SID,96,MATCH,False,independently_consistent,Jeppesen_10-3_series,True,False,True,False,False,612.0,792.0,18115,COMMS LOST COMMS LOST COMMS LOST COMMS LOST LOST LOST COMMS LOST COMMS LOST COMMS LOST COMMS COMMS LO ST C O M M S
1027,True,ORSJ,,False,10-9,True,Airport Diagram Chart (ADC),AIRPORT,AIRPORT,AIRPORT,96,MATCH,False,independently_consistent,Jeppesen_10_20_airport_series,True,False,True,False,False,612.0,792.0,4993,"Apt Elev 04^E 2492' N35 33.6 E045 18.9 10-9 VOR ARP 13 130^ 350 SULAIMANIYAH, IRAQ 11,483' Elev 2492' A F G Stopway 197' 60m JEPPESEN Control Tower H K"
1028,True,ORSJ,,False,10-9A,True,AIRPORT CHART,AIRPORT,AIRPORT,AIRPORT,96,MATCH,False,independently_consistent,Jeppesen_10_20_airport_series,True,False,True,False,False,612.0,792.0,3790,"10-9A JEPPESEN 35-33.5 35-33.4 35-33.5 35-33.4 45-19.3 45-19.4 45-19.2 45-19.6 Terminal VIP APRON 1 APRON 2 13 MAR 26 .Eff.19.Mar. 45-19.5 SULAIMANIYAH, IRAQ H E C B J A"
1029,True,ORSJ,ORSJ,False,10-9S,True,MINIMUMS,AIRPORT,AIRPORT,AIRPORT,96,MATCH,False,independently_consistent,Jeppesen_10_20_airport_series,True,False,True,False,False,612.0,792.0,3332,"10-9S JEPPESEN ORSJ/ISU SULAIMANIYAH, IRAQ 2 .EASA.AIR.OPS. 1 1 1 1 1 1 1 1 2 .Eff.19.Mar. 13 MAR 26 JALAL TALABANI INTL STRAIGHT-IN RWY D C B A (200')"
1030,True,ORSJ,,False,11-1,True,APPROACH 11-1,APP,APP,APP,91,MATCH,False,independently_consistent,instrument_approach_header,True,False,True,False,False,612.0,792.0,8168,"3000 4000 4000 4000 4000 5000 5000 5000 6000 3000 5000 4000 3000 4000 SULAIMANIYAH, IRAQ MISSED APCH: BRIEFING STRIP TM ILS DME Rwy 13 11-1 LOC NGA 111.1 Final"
1031,True,ORSJ,,False,11-2,True,APPROACH 11-2,APP,APP,APP,91,MATCH,False,independently_consistent,instrument_approach_header,True,False,True,False,False,612.0,792.0,9120,"4000 4000 4000 5000 5000 5000 3000 3000 3000 4000 4000 5000 SULAIMANIYAH, IRAQ MISSED APCH: BRIEFING STRIP TM ILS DME Rwy 31 11-2 LOC RNJ 111.7 Final Apch Crs 310^"
1032,True,ORSJ,,False,12-1,False,RNP RWY 13,APP,APP,APP,84,MATCH,False,independently_consistent,Jeppesen_approach_number_series,True,False,True,False,False,612.0,792.0,7956,"3000 4000 4000 5000 5000 5000 5000 6000 6000 SULAIMANIYAH, IRAQ MISSED APCH: BRIEFING STRIP TM Final Apch Crs 130^ 2840'(348') Alt Set: hPa Rwy Elev: 88 hPa Trans alt: 14000' JEPPESEN BAGHDAD Approach 127.7 Apt Elev 2492'"
1033,True,ORSJ,,False,12-2,True,RNP RWY 31,APP,APP,APP,84,MATCH,False,independently_consistent,Jeppesen_approach_number_series,True,False,True,False,False,612.0,792.0,7737,"4000 5000 5000 5000 6000 6000 4000 3000 SULAIMANIYAH, IRAQ MISSED APCH: BRIEFING STRIP TM 12-2 Final Apch Crs 310^ Trans alt: 14000' JEPPESEN 10 BAGHDAD Approach 127.7 Rwy 2440' Apt Elev 2492' FL170 when QNH below 980 hPa."
1034,True,ORSJ,,False,13-1,True,VOR RWY 13,APP,APP,APP,84,MATCH,False,independently_consistent,Jeppesen_approach_number_series,True,False,True,False,False,612.0,792.0,7617,"4000 4000 4000 5000 5000 5000 5000 6000 130^ 085^ 265^ (IAF) [FS13] SULAIMANIYAH, IRAQ MISSED APCH: BRIEFING STRIP TM 13-1 VOR SUL 117.0 Final Apch Crs 130^"
1035,True,ORSJ,,False,13-2,True,VOR RWY 31,APP,APP,APP,84,MATCH,False,independently_consistent,Jeppesen_approach_number_series,True,False,True,False,False,612.0,792.0,7184,"3000 4000 4000 4000 5000 5000 4000 3000 130^ 310^ 130^ 310^ (IAF) SULAIMANIYAH, IRAQ MISSED APCH: BRIEFING STRIP TM 13-2 VOR SUL 117.0 Final Apch Crs 310^"
1036,True,OOMS,OOMS,False,,False,AIRPORT INFORMATION,AIRPORT,AIRPORT,AIRPORT,55,REVIEW,True,only_old_index_supports_category,prior_index_only,True,False,True,False,False,612.0,792.0,2358,"General Information Location: MUSCAT OMN ICAO/IATA: OOMS / MCT Lat/Long: N23° 36.0', E058° 17.0' Elevation: 49 ft Airport Use: Public Daylight Savings: Not Observed UTC Conversion: -4:00 = UTC Magnetic Variation: 2.0° E Fuel Types: Jet A-1 Customs: Yes Length x Width: 13123 ft x 197 ft Surface Type: asphalt TDZ-Elev: 20 ft Lighting: Edge, ALS, Cent"
1037,True,OOMS,OOMS,False,,False,AIRPORT INFORMATION,AIRPORT,AIRPORT,AIRPORT,55,REVIEW,True,only_old_index_supports_category,prior_index_only,True,False,True,False,False,612.0,792.0,2115,"General Information Location: MUSCAT OMN ICAO/IATA: OOMS / MCT Lat/Long: N23° 36.0', E058° 17.0' Elevation: 49 ft Airport Use: Public Daylight Savings: Not Observed UTC Conversion: -4:00 = UTC Magnetic Variation: 2.0° E Fuel Types: Jet A-1 Customs: Yes Length x Width: 13123 ft x 197 ft Surface Type: asphalt TDZ-Elev: 20 ft Lighting: Edge, ALS, Cent"
1038,True,OOMS,,False,10-1P,False,AIRPORT BRIEFING,AIRPORT,AIRPORT,AIRPORT,96,MATCH,False,independently_consistent,Jeppesen_10_20_airport_series,True,False,True,False,False,612.0,792.0,4537,"JEPPESEN 1. GENERAL 1.1. ATIS ATIS 126.8 1.2. 1.2.1. NOISE ABATEMENT PROCEDURES COMPLIANCE Compliance with noise abatement procedures is not required when: - RWY not clear and dry, i.e. affected by water, mud, rubber, oil or other substances; - CEILING lower than 500', VIS less than 1900m (1NM); - Crosswind, including gusts, exceeds 28 km/h (15 KT)"
1039,True,OOMS,OOMS,False,10-1P1,True,AIRPORT BRIEFING,AIRPORT,AIRPORT,AIRPORT,96,MATCH,False,independently_consistent,Jeppesen_10_20_airport_series,True,False,True,False,False,612.0,792.0,3903,"JEPPESEN 2. ARRIVAL 2.2.1. ILS APPROACH For ILS approaches, maintain assigned altitude until GS intercept, do not fly below GS thereafter. 2.2.2. VISUAL APPROACH .Eff.19.Feb. 2.2. NOISE ABATEMENT PROCEDURE To reduce ACFT noise disturbance around the APT, it is recommended that ACFT avoid exceeding idle reverse thrust when using engine reverse upon "
1040,True,OOMS,,False,10-3,False,UMAGO 7R,SID,SID,SID,96,MATCH,False,independently_consistent,Jeppesen_10-3_series,True,False,True,False,False,612.0,792.0,24973,D 3 0 D 6 0 COMMS LOST COMMS LOST COMMS LOST COMMS LOST LOST C O M M SLO ST LOST COMMS LOST
1041,True,OOMS,,False,10-2,False,"ELIGO 1A, OBTIN 1A, VUSET 1A",STAR,STAR,STAR,96,MATCH,False,independently_consistent,Jeppesen_10-2_series,True,False,True,False,False,612.0,792.0,29251,MUSCAT TMA FL250 FL160 FL250 FL160 FL250 FL160 00 ELIGO 280^ LIGO 1A OBTIN 494 VUSET 2 4 6 ^ Apt Elev 49 ATIS 126.80 Alt Set: hPa Trans level: FL150 RNAV 1 (GNSS) only
1042,True,OOMS,,False,10-2A,False,"ELIGO 1B, OBTIN 1B, VUSET 1B",STAR,STAR,STAR,96,MATCH,False,independently_consistent,Jeppesen_10-2_series,True,False,True,False,False,612.0,792.0,30393,MUSCAT TMA FL200 FL160 00 FL200 FL160 FL200 FL160 ELIGO 280^ ELIGO 1B OBTIN 494 VUSET 2 4 6 ^ Apt Elev 49 ATIS 126.80 Alt Set: hPa Trans level: FL150 RNAV 1 (GNSS) only
1043,True,OOMS,OOMS,False,10-2B,True,"GERAR 1A, ITIKA 1A",STAR,STAR,STAR,98,MATCH,False,independently_consistent,printed_STAR_header,True,False,True,False,False,612.0,792.0,10320,"Apt Elev 49 ATIS 126.80 Alt Set: hPa Trans level: FL150 RNAV 1 (GNSS) only JEPPESEN OOMS/MCT MUSCAT INTL MUSCAT, OMAN 10-2B .RNAV.STAR. 50 45 1 AUG 25 .Eff.7.Aug. 91 58-30 WITHIN MUSCAT TMA MAX 250 KT BELOW 10000 .SPEED: GERAR 1A [GERA1A] ITIKA 1A [ITIK1A] RNAV (GNSS) ARRIVALS"
1044,True,OOMS,OOMS,False,10-2C,True,"GERAR 1B, ITIKA 1B",STAR,STAR,STAR,98,MATCH,False,independently_consistent,printed_STAR_header,True,False,True,False,False,612.0,792.0,8840,"8000 6500 Apt Elev 49 ATIS 126.80 Alt Set: hPa Trans level: FL150 RNAV 1 (GNSS) only JEPPESEN OOMS/MCT MUSCAT INTL MUSCAT, OMAN 10-2C .RNAV.STAR. 50 45 MS546 OBNEG 12.9 (IAF) 1 AUG 25 .Eff.7.Aug. 91 58-30"
1045,True,OOMS,,False,10-2D,False,"IMLUM 1A, LAKLU 1A, LOPUN 1A",STAR,STAR,STAR,98,MATCH,False,independently_consistent,printed_STAR_header,True,False,True,False,False,612.0,792.0,19794,FL250 FL160 9000 Apt Elev 49 ATIS 126.80 Alt Set: hPa Trans level: FL150 RNAV 1 (GNSS) only JEPPESEN .RNAV.STAR. LOPUN ELUNU EGREB 327^ LOPUN 1A 33.2 1 AUG 25 .Eff.7.Aug. 87 91 58-30 WITHIN MUSCAT TMA MAX 250 KT BELOW 10000
1046,True,OOMS,,False,10-2E,False,"IMLUM 1B, LAKLU 1B, LOPUN 1B",STAR,STAR,STAR,98,MATCH,False,independently_consistent,printed_STAR_header,True,False,True,False,False,612.0,792.0,21927,6000 FL250 FL160 9000 7200 9000 Apt Elev 49 ATIS 126.80 Alt Set: hPa Trans level: FL150 RNAV 1 (GNSS) only JEPPESEN .RNAV.STAR. SUTPA (IAF) LOPUN ELUNU EGREB MS537 0 8 3 ^
1047,True,OOMS,OOMS,False,10-3,True,SID 10-3,SID,SID,SID,98,MATCH,False,independently_consistent,printed_SID_header,True,False,True,False,False,612.0,792.0,3188,"4100 180^ 3600 MSA MCT VOR .SID. OOMS/MCT MUSCAT, OMAN MUSCAT INTL JEPPESEN Apt Elev MUSCAT Approach (R) 121.20 49 Trans alt: 13000 .Eff.7.Aug. 20 25 CHART LIES WITHIN AREA MUSCAT TMA. SIDs will be used unless directed otherwise by ATC. 1 AUG 25 10-3 .SPEED: MAX 250 KT BELOW 10000 WITHIN MUSCAT TMA DEPARTURES S~8R D"
1048,True,OOMS,OOMS,False,10-3A,True,"ITLAK 1N, MURMA 1N",SID,SID,SID,98,MATCH,False,independently_consistent,printed_SID_header,True,False,True,False,False,612.0,792.0,7031,"4100 180^ 3600 MSA MCT VOR MURMA .SID. OOMS/MCT MUSCAT, OMAN MUSCAT INTL JEPPESEN 10-3A Apt Elev MUSCAT Approach (R) 121.20 49 Trans alt: 13000 35 40 45 .Eff.27.Nov. 14 NOV 25 CHART LIES WITHIN AREA MUSCAT TMA. 124 .SPEED: MAX 250 KT BELOW 10000 WITHIN MUSCAT TMA"
1049,True,OOMS,OMAN,True,10-9,True,Airport Diagram Chart (ADC),AIRPORT,AIRPORT,AIRPORT,96,REVIEW,True,header_icao_differs_from_index,Jeppesen_10_20_airport_series,True,False,True,False,False,612.0,792.0,59028,"0 2 ^ E Cargo Terminal H7 10-9 JEPPESEN MUSCAT, OMAN MUSCAT INTL | JEPPESEN, 2011, 2026. ALL RIGHTS RESERVED. 23-35 23-36 23-37 58-18 58-18 58-19 58-19 G5 GB1 H8 G6 28 AUG 26"
1050,True,OOMS,OOMS,False,10-9A,True,ADDITIONAL RUNWAY INFORMATION,AIRPORT,AIRPORT,AIRPORT,96,MATCH,False,independently_consistent,Jeppesen_10_20_airport_series,True,False,True,False,False,612.0,792.0,3004,"MUSCAT, OMAN OOMS/MCT 10-9A MUSCAT INTL JEPPESEN TAKE-OFF RUN AVAILABLE RWY 08L: RWY 26R: From rwy head 13,123' (4000m) twy Y6 int 10,846' (3306m) 2 2 From rwy head 13,123' (4000m) twy Y3 int 10,866' (3312m) 1 3 4 RWY 08R: RWY 26L: From rwy head 13,386' (4080m) twy E2 int 12,106' (3690m) twy D2 int 10,302' (3140m) twy D3 int 8425' (2568m) From rwy "
1051,True,OOMS,OMAN,True,10-9B,False,AIRPORT CHART,AIRPORT,AIRPORT,AIRPORT,96,REVIEW,True,header_icao_differs_from_index,Jeppesen_10_20_airport_series,True,False,True,False,False,612.0,792.0,44905,"31A 58-18 58-18 58-17.6 58-17.7 58-17.8 58-17.9 58-18.1 58-17.6 58-17.7 58-17.8 58-17.9 58-18.1 CARGO TERMINAL H8 H7 MUSCAT, OMAN MUSCAT INTL 23-35.3 23-35.4 23-35.5 23-35.6 23-35.7"
1052,True,OOMS,OOMS,False,10-9C,True,INS COORDINATES,AIRPORT,AIRPORT,AIRPORT,96,MATCH,False,independently_consistent,Jeppesen_10_20_airport_series,True,False,True,False,False,612.0,792.0,4543,"MUSCAT, OMAN OOMS/MCT 10-9C MUSCAT INTL JEPPESEN 28 AUG 26 .Eff.3.Sep. STAND No. COORDINATES INS COORDINATES STAND No. COORDINATES Elev. Elev. 1 2 3 4 5 6 7 8 9 10"
1053,True,OOMS,OOMS,False,11-1,True,LOC RWY 08L,APP,APP,APP,84,MATCH,False,independently_consistent,Jeppesen_approach_number_series,True,True,True,False,False,612.0,792.0,12870,"3 266^ OO(D)-37 MISSED APCH: 11-1 MUSCAT, OMAN LOC IML 108.9 083^ D6.8 IML 2200'(2174') MSA MCT VOR Final Apch Crs 090^ 270^ 180^ 360^ ILS DA(H) BRIEFING STRIP TM OOMS/MCT"
1054,True,OOMS,OOMS,False,11-1A,False,ILS RWY 08L,APP,APP,APP,84,MATCH,False,independently_consistent,Jeppesen_approach_number_series,True,True,True,False,False,612.0,792.0,10620,"266^ 3 OO(D)-37 MISSED APCH: MUSCAT, OMAN LOC IML 108.9 083^ D6.8 IML 2200'(2174') MSA MCT VOR Final Apch Crs 090^ 270^ 180^ 360^ DA(H) BRIEFING STRIP TM OOMS/MCT MUSCAT INTL"
1055,True,OOMS,OOMS,False,11-2,True,LOC Z RWY 08R,APP,APP,APP,84,MATCH,False,independently_consistent,Jeppesen_approach_number_series,True,True,True,False,False,612.0,792.0,10985,"OO(R)-7 OO(R)-8 MISSED APCH: 11-2 MUSCAT, OMAN 083^ 3200'(3151') Apt Elev 49' Final Apch Crs 49' Rwy BRIEFING STRIP TM OOMS/MCT MUSCAT INTL JEPPESEN MS4~7 121.2 MUSCAT Approach (R) ATIS 126.8 127.875 121.8"
1056,True,OOMS,OOMS,False,11-3,True,LOC Y RWY 08R,APP,APP,APP,84,MATCH,False,independently_consistent,Jeppesen_approach_number_series,True,False,True,False,False,612.0,792.0,11968,"MISSED APCH: 11-3 MUSCAT, OMAN LOC IMW 108.3 083^ D6.6 IMW 2200'(2151') MSA MCT VOR Final Apch Crs ILS DA(H) BRIEFING STRIP TM OOMS/MCT MUSCAT INTL JEPPESEN 121.2 MUSCAT Approach (R) ATIS 126.8"
1057,True,OOMS,OOMS,False,11-4,True,LOC Z RWY 26L,APP,APP,APP,84,MATCH,False,independently_consistent,Jeppesen_approach_number_series,True,True,True,False,False,612.0,792.0,10813,"MISSED APCH: 11-4 MUSCAT, OMAN 2200'(2176') Apt Elev 49' 24' Rwy BRIEFING STRIP TM OOMS/MCT MUSCAT INTL JEPPESEN MS517 121.2 MUSCAT Approach (R) ATIS 126.8 Refer to Minimums MSA ARP Climb on course 263^ to MS591 (MAX 230 KT), then to MS593 (MAX 250 KT) at or above 3000', then to KANOL at 7000' and hold or follow ATC instructions. Hold at KANOL MAX "
1058,True,OOMS,OMAN,True,11-5,True,CHART PAGE 683,APP,APP,APP,84,REVIEW,True,header_icao_differs_from_index,Jeppesen_approach_number_series,True,False,True,False,False,612.0,792.0,10205,"325^ 317^ OO(D)-37 1 2 OO(D)-45 OO(D)-82 3 OO(D)-106 MISSED APCH: 11-5 MUSCAT, OMAN LOC ISB 110.3 263^ D6.7 ISB 2200'(2176') Apt Elev 49' MSA MCT VOR Final Apch Crs ILS DA(H)"
1059,True,OOMS,OMAN,True,11-6,True,CHART PAGE 684,APP,APP,APP,84,REVIEW,True,header_icao_differs_from_index,Jeppesen_approach_number_series,True,False,True,False,False,612.0,792.0,9721,"325^ 319^ OO(D)-37 1 2 OO(D)-45 OO(D)-82 3 OO(D)-106 MISSED APCH: 11-6 MUSCAT, OMAN LOC ISB 110.3 263^ D6.7 ISB 2200'(2176') Apt Elev 49' MSA MCT VOR Final Apch Crs ILS DA(H)"
1060,True,OOMS,OMAN,True,11-7,True,LOC RWY 26R,APP,APP,APP,84,REVIEW,True,header_icao_differs_from_index,Jeppesen_approach_number_series,True,False,True,False,False,612.0,792.0,11905,"317^ 325^ OO(D)-37 3 4 OO(D)-45 OO(D)-82 MISSED APCH: 11-7 MUSCAT, OMAN LOC IMR 110.7 263^ D6.8 IMR 2200'(2180') Apt Elev 49' MSA MCT VOR Final Apch Crs ILS DA(H) 20'"
1061,True,OOMS,OOMS,False,11-7A,False,CHART PAGE 686,APP,APP,APP,84,MATCH,False,independently_consistent,Jeppesen_approach_number_series,True,False,True,False,False,612.0,792.0,9714,"317^ 325^ OO(D)-37 3 4 OO(D)-45 OO(D)-82 MUSCAT, OMAN LOC IMR 110.7 263^ D6.8 IMR 2200'(2180') Apt Elev 49' Final Apch Crs 20' Rwy BRIEFING STRIP TM OOMS/MCT MUSCAT INTL JEPPESEN"
1062,True,OOMS,OOMS,False,12-1,True,RNP RWY 08L,APP,APP,APP,84,MATCH,False,independently_consistent,Jeppesen_approach_number_series,True,True,True,False,False,612.0,792.0,10897,"OO(R)-7 OO(R)-8 OO(D)-107 MISSED APCH: 12-1 MUSCAT, OMAN 083^ 2200'(2174') Apt Elev 49' Final Apch Crs 26' Rwy BRIEFING STRIP TM OOMS/MCT MUSCAT INTL JEPPESEN RNAV MS418 LNAV/VNAV 121.2 MUSCAT Approach (R) ATIS"
1063,True,OOMS,OOMS,False,12-2,True,RNP RWY 08R,APP,APP,APP,84,MATCH,False,independently_consistent,Jeppesen_approach_number_series,True,True,True,False,False,612.0,792.0,9148,"OO(R)-7 OO(R)-8 MISSED APCH: 12-2 MUSCAT, OMAN 083^ 3200'(3151') Apt Elev 49' Final Apch Crs 49' Rwy BRIEFING STRIP TM OOMS/MCT MUSCAT INTL JEPPESEN RNAV MS4~8 LNAV/VNAV 121.2 MUSCAT Approach (R) ATIS 126.8"
1064,True,OOMS,OOMS,False,12-3,True,RNP RWY 26L,APP,APP,APP,84,MATCH,False,independently_consistent,Jeppesen_approach_number_series,True,True,True,False,False,612.0,792.0,8675,"OO(D)-93 OO(D)-107 OO(D)-45 OO(D)-82 MISSED APCH: 12-3 MUSCAT, OMAN 263^ 2200'(2176') Apt Elev 49' Final Apch Crs 24' Rwy BRIEFING STRIP TM OOMS/MCT MUSCAT INTL JEPPESEN RNAV MS519 LNAV/VNAV 121.2 MUSCAT Approach (R)"
1065,True,OOMS,OOMS,False,12-4,True,RNP RWY 26R,APP,APP,APP,84,MATCH,False,independently_consistent,Jeppesen_approach_number_series,True,True,True,False,False,612.0,792.0,7970,"OO(D)-107 OO(D)-45 1 2 MISSED APCH: 12-4 MUSCAT, OMAN 263^ 2200'(2180') Apt Elev 49' Final Apch Crs 20' Rwy BRIEFING STRIP TM OOMS/MCT MUSCAT INTL JEPPESEN RNAV MS518 LNAV/VNAV 121.2 MUSCAT Approach (R)"
1066,True,OOMS,OOMS,False,12-4A,True,RNP RWY 26R,APP,APP,APP,84,MATCH,False,independently_consistent,Jeppesen_approach_number_series,True,False,True,False,False,612.0,792.0,3641,"12-4A OOMS/MCT JEPPESEN ALS out LNAV/VNAV .Std/State. 5 SEP 25 1 2 3 A B C R1300m D: C: B: A: DA(H) STRAIGHT-IN LANDING BASED ON: MISSED APCH CLIMB GRADIENT MIN 5.0% (304'/NM) MUSCAT INTL MUSCAT, OMAN"
1067,True,OOMS,OOMS,False,13-1,True,VOR RWY 08R,APP,APP,APP,84,MATCH,False,independently_consistent,Jeppesen_approach_number_series,True,False,True,False,False,612.0,792.0,8508,"282 OO(R)-7 OO(R)-8 13-1 MUSCAT, OMAN VOR MCT 114.5 083^ 2200'(2151') Final Apch Crs D6.0 MSA MCT VOR 090^ 270^ 180^ 360^ Apt Elev 49' MISSED APCH: BRIEFING STRIP TM OOMS/MCT MUSCAT INTL"
1068,True,OOMS,OMAN,True,13-2,True,VOR Z RWY 26L,APP,APP,APP,84,REVIEW,True,header_icao_differs_from_index,Jeppesen_approach_number_series,True,False,True,False,False,612.0,792.0,7681,"325^ 317^ OO(D)-37 DM E Ar c 145^ 13-2 MUSCAT, OMAN VOR MCT 114.5 263^ 2200'(2176') Apt Elev 49' 24' Final Apch Crs 500'(476') D9.2 MSA MCT VOR 090^"
1069,True,OOMS,OMAN,True,13-3,True,VOR Y RWY 26L CAT A & B,APP,APP,APP,84,REVIEW,True,header_icao_differs_from_index,Jeppesen_approach_number_series,True,False,True,False,False,612.0,792.0,7445,"319^ 325^ OO(D)-37 13-3 MUSCAT, OMAN VOR MCT 114.5 263^ 2200'(2176') Apt Elev 49' 24' Final Apch Crs 500'(476') D9.2 MSA MCT VOR 090^ 270^ 180^ 360^ BRIEFING STRIP"
1070,True,LTAC,LTAC,False,,False,AIRPORT INFORMATION,AIRPORT,AIRPORT,AIRPORT,55,REVIEW,True,only_old_index_supports_category,prior_index_only,True,False,True,False,False,612.0,792.0,3087,"General Information Location: ANKARA TUR ICAO/IATA: LTAC / ESB Lat/Long: N40° 07.7', E032° 59.7' Elevation: 3158 ft Airport Use: Public Daylight Savings: Not Observed UTC Conversion: -3:00 = UTC Magnetic Variation: 6.0° E Fuel Types: 100 Octane (LL), Jet A-1 Repair Types: Minor Airframe, Minor Engine, Major Airframe, Major Engine Runway: 21C Length"
1071,True,LTAC,LTAC,False,,False,AIRPORT INFORMATION,AIRPORT,AIRPORT,AIRPORT,55,REVIEW,True,only_old_index_supports_category,prior_index_only,True,False,True,False,False,612.0,792.0,3064,"General Information Location: ANKARA TUR ICAO/IATA: LTAC / ESB Lat/Long: N40° 07.7', E032° 59.7' Elevation: 3158 ft Airport Use: Public Daylight Savings: Not Observed UTC Conversion: -3:00 = UTC Magnetic Variation: 6.0° E Fuel Types: 100 Octane (LL), Jet A-1 Repair Types: Minor Airframe, Minor Engine, Major Airframe, Major Engine Runway: 21C Length"
1072,True,LTAC,LTAC,False,10-1P,False,AIRPORT BRIEFING,AIRPORT,AIRPORT,AIRPORT,96,MATCH,False,independently_consistent,Jeppesen_10_20_airport_series,True,False,True,False,False,612.0,792.0,4369,"JEPPESEN 1. GENERAL 1.1. ATIS 1.2. RWY OPERATIONS 1.2.1. MULTIPLE LINE-UP PROCEDURES To optimize RWY utilization, line-up instructions may be issued by TWR to more than one ACFT at different points on the same RWY, provided that: - Intersection take-off criteria is applied; - Minimum visibility shall be more than 3000m; - ACFT involved in multiple "
1073,True,LTAC,LTAC,False,10-1P1,True,AIRPORT BRIEFING,AIRPORT,AIRPORT,AIRPORT,96,MATCH,False,independently_consistent,Jeppesen_10_20_airport_series,True,False,True,False,False,612.0,792.0,4526,"JEPPESEN 1. GENERAL PRS operations will not be available under the following circumstances: - RWYCC is reported 4 or less any each the preferred RWY(s) third. - Low visibility operations are in progress. ATIS announcement when PRS operations are in progress shall be ""Preferential RWY operations are in progress."" Pilots unable to comply with PRS ope"
1074,True,LTAC,LTAC,False,10-1P2,True,AIRPORT BRIEFING,AIRPORT,AIRPORT,AIRPORT,96,MATCH,False,independently_consistent,Jeppesen_10_20_airport_series,True,False,True,False,False,612.0,792.0,3853,"JEPPESEN 1. GENERAL .Eff.7.Aug. 1.5. SURFACE MOVEMENT GUIDANCE AND CONTROL SYSTEM ACFT operators should effort to prefer ACFT equipped with an operative Mode S transponder. Flight crew should select XPNDR or equivalent according to specific installation, AUTO if available, not OFF or STDBY, and the assigned Mode A code. Just after receiving the ATC"
1075,True,LTAC,LTAC,False,10-1P3,False,AIRPORT BRIEFING,AIRPORT,AIRPORT,AIRPORT,96,MATCH,False,independently_consistent,Jeppesen_10_20_airport_series,True,False,True,False,False,612.0,792.0,3069,"JEPPESEN 1. GENERAL .Eff.7.Aug. 1.8. OTHER INFORMATION When frequency change is instructed as ""monitor"" instead of ""contact"" by ATC, ENGINE TESTS PROCEDURES High thrust engine test shall be performed at the parking position 15 on taxiline in Apron 3 and in the section of TWY G close to the RWY 21R under the supervision of the Follow-me. Idle thrust"
1076,True,LTAC,LTAC,False,10-1P4,False,AIRPORT BRIEFING,AIRPORT,AIRPORT,AIRPORT,96,MATCH,False,independently_consistent,Jeppesen_10_20_airport_series,True,False,True,False,False,612.0,792.0,4421,JEPPESEN 2. ARRIVAL 2.1. SPEED RESTRICTIONS These speeds are for ATC separation purposes and are MANDATORY and have to be flown as accurately as possible. If unable to comply inform ATC and state what speed to be used. - 200 KT on base leg/closing heading to final approach up to 12NM to touchdown. - 180 KT on final approach course within 12NM to 8N
1077,True,LTAC,LTAC,False,10-1P5,True,AIRPORT BRIEFING,AIRPORT,AIRPORT,AIRPORT,96,MATCH,False,independently_consistent,Jeppesen_10_20_airport_series,True,False,True,False,False,612.0,792.0,4583,"JEPPESEN 2. ARRIVAL 2.5. OTHER INFORMATION 3. DEPARTURE Traffic in Heavy or Super turbulence category are responsible for declaring their category at the first contact with any sector as follows: ""Call Sign + Heavy or Super + ..."". 3.1. CLEARANCE DELIVERY The departing traffic shall request the ATC clearance from the ESENBOGA Deliv- ery frequency ("
1078,True,LTAC,LTAC,False,10-1P6,True,AIRPORT BRIEFING,AIRPORT,AIRPORT,AIRPORT,96,MATCH,False,independently_consistent,Jeppesen_10_20_airport_series,True,False,True,False,False,612.0,792.0,5238,"JEPPESEN .Eff.7.Aug. 3. DEPARTURE 3.3.2. PUSH-BACK PROCEDURES Unless otherwise notified by ATC: - When RWYs 21C/R are used for departure, the ACFT on stands from 101 to 113 on Apron 1 should pushing back be the nose to north, from 114 to 120 should pushing back be the nose to south. - When RWY 03L is used via TWY E for intersection departure, the A"
1079,True,LTAC,LTAC,False,10-1R,True,RADAR MINIMUM ALTITUDES,AIRPORT,AIRPORT,AIRPORT,96,MATCH,False,independently_consistent,Jeppesen_10_20_airport_series,True,False,True,False,False,612.0,792.0,2714,"40NM Alt Set: hPa Trans level: By ATC Trans alt: 10000 Apt Elev .RADAR.MINIMUM.ALTITUDES. 10-1R LTAC/ESB ESENBOGA Approach (R) JEPPESEN 119.1 119.6 3127 ANKARA, TURKIYE 26 JUN 26 .Eff.9.Jul. 8000 8500 30NM 8443 ESENBOGA INTL 50NM 40-30 41-00 CONTOUR INTERVALS"
1080,True,LTAC,,False,10-2,True,"BAKIR 1S, GOBIT 1S, GURBU 1S, ILHAN 1S, TELVO 1S, YUCEL 1S",STAR,STAR,STAR,98,MATCH,False,independently_consistent,printed_STAR_header,True,False,True,False,False,612.0,792.0,36110,Apt Elev 3158 Alt Set: hPa Trans level: By ATC BAKIR 1S [BAKI1S] GOBIT 1S [GOBI1S] GURBU 1S [GURB1S] ILHAN 1S [ILHA1S] TELVO 1S [TELV1S] YUCEL 1S [YUCE1S] 2. At first contact with ESENBOGA APP report if unable to comply the RNAV procedure. 3. At first contact with ESENBOGA APP report only call sign. 4. Descend as cleared. GOBIT 2 GURBU For Lost Com
1081,True,LTAC,LTAC,False,10-2A,True,"GOBIT 1P, GURBU 1P, ILHAN 1P, YUCEL 1P",STAR,STAR,STAR,98,MATCH,False,independently_consistent,printed_STAR_header,True,True,True,False,False,612.0,792.0,6034,"180^ 9000 LTAC/ESB 10-2A 1. RADAR required. ESENBOGA INTL .RNAV.STAR. JEPPESEN GOBIT 1P [GOBI1P], GURBU 1P [GURB1P] ILHAN 1P [ILHA1P], YUCEL 1P [YUCE1P] ILHAN 50 45 AC~58 AC~59 184^ 15.7 6.0 ILHAN 1P Alt Set: hPa Trans level: By ATC 2. On downwind EXPECT vectors to final. 3. At first contact with ESENBOGA APP report if unable to comply the RNAV pro"
1082,True,LTAC,,False,10-2B,False,"ASTAL 1S, DEREL 1S, HALIL 1S, LATGA 1S, UMRUN 1S, YAVRU 1S",STAR,STAR,STAR,96,MATCH,False,independently_consistent,Jeppesen_10-2_series,True,False,True,False,False,612.0,792.0,55108,K K UK K / N DB Apt Elev 3158 Alt Set: hPa Trans level: By ATC ASTAL 1S [ASTA1S] DEREL 1S [DERE1S] HALIL 1S [HALI1S] LATGA 1S [LATG1S] UMRUN 1S [UMRU1S] YAVRU 1S [YAVR1S] 2. At first contact with ESENBOGA APP report if unable to comply the RNAV procedure. 3. At first contact with ESENBOGA APP report only call sign. 4. Descend as cleared. For Lost C
1083,True,LTAC,LTAC,False,10-2C,True,"BAKIR 1P, HALIL 1P, TELVO 1P",STAR,STAR,STAR,98,MATCH,False,independently_consistent,printed_STAR_header,True,False,True,False,False,612.0,792.0,5973,"180^ 9000 090^ LTAC/ESB 10-2C 1. RADAR required. ESENBOGA INTL .RNAV.STAR. JEPPESEN BAKIR 1P [BAKI1P], HALIL 1P [HALI1P] TELVO 1P [TELV1P] AC~59 6.0 AC~58 6.0 50 Alt Set: hPa Trans level: By ATC 2. On downwind EXPECT vectors to final. 3. At first contact with ESENBOGA APP report if unable to comply the RNAV procedure. 4. At first contact with ESENB"
1084,True,LTAC,,False,10-2D,False,"ASTAL 1Z, DEREL 1Z, LATGA 1Z, UMRUN 1Z, YAVRU 1Z",STAR,STAR,STAR,96,MATCH,False,independently_consistent,Jeppesen_10-2_series,True,False,True,False,False,612.0,792.0,36322,8600 1 8 0 ^ Apt Elev 3158 Alt Set: hPa Trans level: By ATC ASTAL 1Z [ASTA1Z] DEREL 1Z [DERE1Z] LATGA 1Z [LATG1Z] UMRUN 1Z [UMRU1Z] YAVRU 1Z [YAVR1Z] 2. At first contact with ESENBOGA APP report if unable to comply the RNAV procedure. 3. At first contact with ESENBOGA APP report only call sign. 4. Descend as cleared. L 1 9 9 ^ JEPPESEN
1085,True,LTAC,,False,10-2E,False,"ASTAL 1P, DEREL 1P, HALIL 2P, LATGA 1P, UMRUN 1P, YAVRU 1P",STAR,STAR,STAR,98,MATCH,False,independently_consistent,printed_STAR_header,True,False,True,False,False,612.0,792.0,43109,600 / N D B V O R Apt Elev 123.6 3158 Alt Set: hPa Trans level: By ATC JEPPESEN .RNAV.STAR. (RWYS 21L/C/R) 26 JUN 26 .Eff.9.Jul. D-ATIS Arrival 1. RADAR required. 2. On downwind EXPECT vectors to final. 3. At first contact with ESENBOGA APP report if unable to comply the RNAV procedure. 4. At first contact with ESENBOGA APP report only
1086,True,LTAC,,False,10-2F,True,"ASTAL 1E, GURBU 1E, ILHAN 1E, KUBER 1E, YUCEL 1E",STAR,STAR,STAR,98,MATCH,False,independently_consistent,printed_STAR_header,True,False,True,False,False,612.0,792.0,18416,"091^ GURBU MAX FL140 MHA 10000 2 4 1 2 4 8 ^ .STAR. JEPPESEN 10-2F Apt Elev 123.6 3158 ANKARA, TURKIYE | JEPPESEN, 2017, 2026. ALL RIGHTS RESERVED. For Lost Comms Procedure refer to 10-1P pages. Alt Set: hPa Trans level: By ATC F"
1087,True,LTAC,,False,10-2G,False,"ASTAL 1F, ASTAL 1G, GURBU 1F, GURBU 1G, ILHAN 1F, ILHAN 1G, KUBER 1F, KUBER 1G, YUCEL 1F, YUCEL 1G",STAR,STAR,STAR,96,MATCH,False,independently_consistent,Jeppesen_10-2_series,True,False,True,False,False,612.0,792.0,10953,"D36.4 D36.0 8000 B S E V OR ASTAL ILHAN 234^ 182^ 31 ASTAL 1F, 1G 8000 Apt Elev 123.6 3158 5 10 15 20 25 30"
1088,True,LTAC,,False,10-2H,False,"ASTAL 1N, GURBU 1N, ILHAN 1N, KUBER 1N, YUCEL 1N",STAR,STAR,STAR,96,MATCH,False,independently_consistent,Jeppesen_10-2_series,True,True,True,False,False,612.0,792.0,10055,013^ 180^ 9000 K U B V OR Apt Elev 123.6 ASTAL ASTAL 1N MAX FL140 MHA 10000 241^ ILHAN N 5 10 15 20 25 30 35
1089,True,LTAC,,False,10-2J,True,"BAKIR 1E, HALIL 1E, HAY 1E, TELVO 1E",STAR,STAR,STAR,98,MATCH,False,independently_consistent,printed_STAR_header,True,False,True,False,False,612.0,792.0,20384,"141^ BAKIR .STAR. 10-2J JEPPESEN Apt Elev 123.6 3158 317^ | JEPPESEN, 2017, 2026. ALL RIGHTS RESERVED. ANKARA, TURKIYE For Lost Comms Procedure refer to 10-1P pages. 6507 Alt Set: hPa Trans level: By ATC FL200 FL210 26 JUN 26 .Eff.9.Jul. D-ATIS Arrival W/UW75 L/UL601"
1090,True,LTAC,,False,10-2K,True,"BAKIR 1F, BAKIR 1G, HALIL 1F, HALIL 1G, HAY 1F, HAY 1G, TELVO 1F, TELVO 1G",STAR,STAR,STAR,98,MATCH,False,independently_consistent,printed_STAR_header,True,False,True,False,False,612.0,792.0,16946,"D44.9 AKIR 335^ .STAR. JEPPESEN 10-2K Apt Elev 123.6 3158 | JEPPESEN, 2017, 2026. ALL RIGHTS RESERVED. ANKARA, TURKIYE For Lost Comms Procedure refer to 10-1P pages. Alt Set: hPa Trans level: By ATC FL200 FL210 26 JUN 26 .Eff.9.Jul. D-ATIS Arrival W/UW75 L/UL601 96"
1091,True,LTAE,,False,10-2L,False,"BAKIR 1N, HALIL 1M, HALIL 1N, HAY 1M, HAY 1N, TELVO 1N",STAR,STAR,STAR,96,MATCH,False,independently_consistent,Jeppesen_10-2_series,True,False,True,False,False,612.0,792.0,12326,D7 170^ 8600 180^ 8200 360^ 9000 V OR K 090^ MHA 6800 030^ 210^ 113.1 BAG BAGLUM BAG D 046^ 356 ANK ANKARA ANK 39 9000
1092,True,LTAC,,False,10-2M,True,"KIZIK 1E, NASIM 1E, PETAR 1E, SALGO 1E",STAR,STAR,STAR,98,MATCH,False,independently_consistent,printed_STAR_header,True,False,True,False,False,612.0,792.0,16526,360^ 8600 ND B Apt Elev .STAR. 123.6 10-2M JEPPESEN 356 ANK ANKARA ANK 113.1 BAG BAGLUM BAG D (BUK R226/D17) 500 10 3158 114.3 BUK CUBUK BUK D
1093,True,LTAC,,False,10-2N,False,"KIZIK 1F, KIZIK 1G, NASIM 1F, NASIM 1G, PETAR 1F, PETAR 1G, SALGO 1F, SALGO 1G",STAR,STAR,STAR,96,MATCH,False,independently_consistent,Jeppesen_10-2_series,True,False,True,False,False,612.0,792.0,18047,7500 3 6 0 ^ 8000 112.1 ESB ESENBOGA ESB D MHA 7000 MHA 7000 D7.0 ESB D7.0 ESB D7.0 ESB D7.0 ESB 7 7 7 5 7000 7000 R303 R292
1094,True,LTAC,,False,10-2P,False,"KIZIK 1N, NASIM 1N, PETAR 1N, SALGO 1N",STAR,STAR,STAR,96,MATCH,False,independently_consistent,Jeppesen_10-2_series,True,False,True,False,False,612.0,792.0,18448,170^ D7 3 5 7 ^ D 9 8600 1 8 0 ^ 8200 3 6 0 ^ 9000 SEREN AG G 356 ANK ANKARA
1095,True,LTAC,,False,10-2Q,False,"ASTAL 1C, GURBU 1C, ILHAN 1C, KUBER 1C, YUCEL 1C",STAR,STAR,STAR,96,MATCH,False,independently_consistent,Jeppesen_10-2_series,True,True,True,False,False,612.0,792.0,9777,D36.7 D36.4 G B N V OR ASTAL 181^ ASTAL 1C ILHAN 233^ 8000 31.7 Apt Elev 123.6 3158 For Lost Comms Procedure refer to 10-1P pages. 5 10 15 20 25
1096,True,LTAC,,False,10-2S,False,"BAKIR 1C, HALIL 1C, HAY 1C, TELVO 1C",STAR,STAR,STAR,98,MATCH,False,independently_consistent,printed_STAR_header,True,False,True,False,False,612.0,792.0,17179,D44.1 8000 V OR G B N 335^ G AKIR Apt Elev 123.6 3158 JEPPESEN .STAR. 6507 For Lost Comms Procedure refer to 10-1P pages. Alt Set: hPa Trans level: By ATC 26 JUN 26 .Eff.9.Jul. D-ATIS Arrival
1097,True,LTAC,,False,10-2T,False,"KIZIK 1C, NASIM 1C, PETAR 1C, SALGO 1C",STAR,STAR,STAR,96,MATCH,False,independently_consistent,Jeppesen_10-2_series,True,False,True,False,False,612.0,792.0,13034,7500 3 6 0 ^ 8000 G VO R Apt Elev 123.6 3158 114.85 NBG ESENBOGA NBG D D7.0 NBG D7.0 NBG D7.0 NBG D5.0 NBG R266 R286 R292
1098,True,LTAC,,False,10-2U,False,"ASTAL 1K, GURBU 1K, ILHAN 1K, KUBER 1K, YUCEL 1K",STAR,STAR,STAR,96,MATCH,False,independently_consistent,Jeppesen_10-2_series,True,False,True,False,False,612.0,792.0,9847,D36.7 D36.4 B S E VO R ASTAL 181^ ASTAL 1K ILHAN 233^ 9000 31.7 Apt Elev 123.6 3158 For Lost Comms Procedure refer to 10-1P pages. 5 10 15 20 25
1099,True,LTAC,,False,10-2V,False,"BAKIR 1K, HALIL 1K, HAY 1K, TELVO 1K",STAR,STAR,STAR,98,MATCH,False,independently_consistent,printed_STAR_header,True,False,True,False,False,612.0,792.0,17110,D44.1 8000 V OR B S E 335^ AKIR Apt Elev 123.6 3158 JEPPESEN .STAR. For Lost Comms Procedure refer to 10-1P pages. Alt Set: hPa Trans level: By ATC FL200 FL210 6507 D-ATIS Arrival 18 SEP 26
1100,True,LTAC,,False,10-2W,False,"KIZIK 1K, NASIM 1K, PETAR 1K, SALGO 1K",STAR,STAR,STAR,96,MATCH,False,independently_consistent,Jeppesen_10-2_series,True,False,True,False,False,612.0,792.0,15207,112.1 ESB ESENBOGA ESB D 00 3 6 0 ^ 8000 O R Apt Elev 123.6 3158 114.85 NBG ESENBOGA NBG D D7.0 NBG D7.0 NBG D7.0 NBG D5.0 NBG
1101,True,LTAC,LTAC,False,10-3,True,"ASTAL 1T, DEREL 1T, GURBU 1T, ILHAN 1T",SID,SID,SID,98,MATCH,False,independently_consistent,printed_SID_header,True,False,True,False,False,612.0,792.0,14134,"U 1T [GURB1T], ILHAN 1T [ILHA1T] L 1T [ASTA1T], DEREL 1T [DERE1T] Trans alt: 10000 1. RADAR required. 2. P-RNAV approval required otherwise advise ATC. GURBU 2 0 . 8 ILHAN LTAC/ESB ESENBOGA INTL JEPPESEN .RNAV.SID. ANKARA, TURKIYE 10-3 29 MAY 26 .Eff.11.Jun. 96 91 103 34-00 (RWYS 03L/C)"
1102,True,LTAC,LTAC,False,10-3A,True,"BALAX 2D, BENTA 2D, EKMEK 2D, GOBIT 2D",SID,SID,SID,98,MATCH,False,independently_consistent,printed_SID_header,True,True,True,False,False,612.0,792.0,4853,"8600 9000 180^ 090^ LTAC/ESB ESENBOGA INTL JEPPESEN EKMEK 2D [EKME2D], GOBIT 2D [GOBI2D] .RNAV.SID. BALAX 2D [BALA2D], BENTA 2D [BENT2D] EKMEK 10-3A 35 21.1 EKMEK 2D 50 Trans alt: 10000 1. RADAR required. 2. P-RNAV approval required otherwise advise ATC. 3. At first contact report only call sign, check ATIS for current frequency. ANKARA, TURKIYE 31"
1103,True,LTAC,LTAC,False,10-3A1,True,"ASTAL 1L, DEREL 1L, GURBU 1L, ILHAN 1L",SID,SID,SID,98,MATCH,False,independently_consistent,printed_SID_header,True,False,True,False,False,612.0,792.0,18591,"BU 1L [GURB1L], ILHAN 1L [ILHA1L] AL 1L [ASTA1L], DEREL 1L [DERE1L] G U GURBU 2 0 . 8 ILHAN LTAC/ESB ESENBOGA INTL JEPPESEN .RNAV.SID. ANKARA, TURKIYE ~ 1 Trans alt: 10000 10-3A1 1. RADAR required. 2. P-RNAV approval required otherwise advise ATC. 29 MAY 26 .Eff.11.Jun. 96"
1104,True,LTAC,LTAC,False,10-3A2,True,"BALAX 2V, BENTA 2V, EKMEK 2V, GOBIT 2V",SID,SID,SID,98,MATCH,False,independently_consistent,printed_SID_header,True,True,True,False,False,612.0,792.0,5113,"8600 9000 180^ 090^ LTAC/ESB ESENBOGA INTL JEPPESEN EKMEK 2V [EKME2V], GOBIT 2V [GOBI2V] .RNAV.SID. BALAX 2V [BALA2V], BENTA 2V [BENT2V] EKMEK 10-3A2 35 21.1 EKMEK 2V 50 Trans alt: 10000 1. RADAR required. 2. P-RNAV approval required otherwise advise ATC. 3. At first contact report only call sign, check ATIS for current frequency. ANKARA, TURKIYE 3"
1105,True,LTAC,LTAC,False,10-3B,False,"BAKIR 1T, GOBIT 1T, TELVO 1T, YUCEL 1T",SID,SID,SID,96,MATCH,False,independently_consistent,Jeppesen_10-3_series,True,False,True,False,False,612.0,792.0,4544,"425 BUK BUK 114.3 BUK CUBUK BUK D 8600 9000 180^ 090^ TELVO 1T [TELV1T], YUCEL 1T [YUCE1T] BAKIR 1T [BAKI1T], GOBIT 1T [GOBI1T] Trans alt: 10000 1. RADAR required. 2. P-RNAV approval required otherwise advise ATC. AC~44 NAZPU 122^ 13.7 032^ 50 JEPPESEN LTAC/ESB ESENBOGA INTL"
1106,True,LTAC,LTAC,False,10-3C,True,"AZBUL 2D, HALIL 2D, TELVO 2D",SID,SID,SID,98,MATCH,False,independently_consistent,printed_SID_header,True,False,True,False,False,612.0,792.0,6201,"180^ 8200 9000 090^ LTAC/ESB ESENBOGA INTL JEPPESEN .RNAV.SID. 10-3C AC611 210^ 50 Trans alt: 10000 1. RADAR required. 2. P-RNAV approval required otherwise advise ATC. 3. At first contact report only call sign, check ATIS for current frequency. ANKARA, TURKIYE AZBUL 2D [AZBU2D], HALIL 2D [HALI2D], TELVO 2D [TELV2D] 6507 3158 Apt Elev 123.6 D-ATIS "
1107,True,LTAC,LTAC,False,10-3C1,True,"BAKIR 1L, GOBIT 1L, TELVO 1L, YUCEL 1L",SID,SID,SID,98,MATCH,False,independently_consistent,printed_SID_header,True,False,True,False,False,612.0,792.0,4657,"425 BUK BUK 114.3 BUK CUBUK BUK D 8600 9000 180^ 090^ TELVO 1L [TELV1L], YUCEL 1L [YUCE1L] BAKIR 1L [BAKI1L], GOBIT 1L [GOBI1L] NAZPU 122^ 9.2 50 JEPPESEN LTAC/ESB ESENBOGA INTL .RNAV.SID. 10-3C1 ANKARA, TURKIYE 3158 Apt Elev"
1108,True,LTAC,LTAC,False,10-3C2,True,"AZBUL 2V, HALIL 2V, TELVO 2V",SID,SID,SID,98,MATCH,False,independently_consistent,printed_SID_header,True,False,True,False,False,612.0,792.0,6141,"180^ 8200 9000 090^ LTAC/ESB ESENBOGA INTL JEPPESEN .RNAV.SID. 10-3C2 50 Trans alt: 10000 1. RADAR required. 2. P-RNAV approval required otherwise advise ATC. 3. At first contact report only call sign, check ATIS for current frequency. ANKARA, TURKIYE AZBUL 2V [AZBU2V], HALIL 2V [HALI2V], TELVO 2V [TELV2V] 6507 3158 Apt Elev 123.6 D-ATIS 76^ 29 MAY"
1109,True,LTAC,,False,10-3D,False,"HALIL 1T, LATGA 1T, UMRUN 1T, YAVRU 1T",SID,SID,SID,96,MATCH,False,independently_consistent,Jeppesen_10-3_series,True,False,True,False,False,612.0,792.0,39504,8600 1 8 0 ^ 3 6 0 ^ 5.0% V/V (fpm) 380 506 760 1013 1266 1519 Gnd speed-KT 75 100 150 200 250 300 AC~44 02^ UMRUN 1T [UMRU1T]
1110,True,LTAC,LTAC,False,10-3E,True,"DEREL 2D, LATGA 2D, NEMRO 2D, PETAR 2D, YAVRU 2D",SID,SID,SID,98,MATCH,False,independently_consistent,printed_SID_header,True,False,True,False,False,612.0,792.0,5299,"LTAC/ESB ESENBOGA INTL JEPPESEN .RNAV.SID. DEREL 2D [DERE2D], LATGA 2D [LATG2D] 10-3E NEMRO NEMRO 2D [NEMR2D], PETAR 2D [PETA2D] YAVRU 2D [YAVR2D] Trans alt: 10000 1. RADAR required. 2. P-RNAV approval required otherwise advise ATC. 3. At first contact report only call sign, check ATIS for current frequency. ANKARA, TURKIYE 3158 Apt Elev 123.6 D-AT"
1111,True,LTAC,,False,10-3E1,True,"HALIL 1L, LATGA 1L, UMRUN 1L, YAVRU 1L",SID,SID,SID,98,MATCH,False,independently_consistent,printed_SID_header,True,False,True,False,False,612.0,792.0,29401,"8600 1 8 0 ^ 3 6 0 ^ UMRUN 1L [UMRU1L] YAVRU 1L [YAVR1L] HALIL 1L [HALI1L] LATGA 1L [LATG1L] JEPPESEN 10-3E1 .RNAV.SID. ANKARA, TURKIYE 3158 Apt Elev AC143 AC261 3 5 9"
1112,True,LTAC,,False,10-3E2,False,"DEREL 2V, LATGA 2V, NEMRO 2V, PETAR 2V, YAVRU 2V",SID,SID,SID,96,MATCH,False,independently_consistent,Jeppesen_10-3_series,True,False,True,False,False,612.0,792.0,33218,8600 1 8 0 ^ BU K V O R/ N DB NEMRO PETAR 2V [PETA2V] YAVRU 2V [YAVR2V] LATGA 2V [LATG2V] NEMRO 2V [NEMR2V] 3158 Apt Elev 123.6 D-ATIS Trans alt: 10000 1. RADAR required. 2. P-RNAV approval required otherwise
1113,True,LTAC,LTAC,False,10-3F,True,"ASTAL 1J, DEREL 1J, GURBU 1J, ILHAN 1J",SID,SID,SID,98,MATCH,False,independently_consistent,printed_SID_header,True,False,True,False,False,612.0,792.0,16369,"BU 1J [GURB1J], ILHAN 1J [ILHA1J] AL 1J [ASTA1J], DEREL 1J [DERE1J] Trans alt: 10000 1. RADAR required. 2. P-RNAV approval required otherwise advise ATC. GURBU 2 0 . 8 ILHAN LTAC/ESB ESENBOGA INTL JEPPESEN .RNAV.SID. ANKARA, TURKIYE 10-3F 29 MAY 26 .Eff.11.Jun. 96 91 103 34-00 RNAV (GNSS) DEPARTURES"
1114,True,LTAC,LTAC,False,10-3G,True,"BALAX 2H, BENTA 2H, EKMEK 2H, GOBIT 2H",SID,SID,SID,98,MATCH,False,independently_consistent,printed_SID_header,True,True,True,False,False,612.0,792.0,4979,"8600 9000 180^ 090^ LTAC/ESB ESENBOGA INTL JEPPESEN EKMEK 2H [EKME2H], GOBIT 2H [GOBI2H] .RNAV.SID. BALAX 2H [BALA2H], BENTA 2H [BENT2H] EKMEK 10-3G 35 21.1 EKMEK 2H 50 Trans alt: 10000 1. RADAR required. 2. P-RNAV approval required otherwise advise ATC. 3. At first contact report only call sign, check ATIS for current frequency. ANKARA, TURKIYE 31"
1115,True,LTAC,LTAC,False,10-3H,False,"BAKIR 1J, GOBIT 1J, TELVO 1J, YUCEL 1J",SID,SID,SID,96,MATCH,False,independently_consistent,Jeppesen_10-3_series,True,False,True,False,False,612.0,792.0,4395,"425 BUK BUK 114.3 BUK CUBUK BUK D 8600 9000 180^ 090^ TELVO 1J [TELV1J], YUCEL 1J [YUCE1J] BAKIR 1J [BAKI1J], GOBIT 1J [GOBI1J] Trans alt: 10000 1. RADAR required. 2. P-RNAV approval required otherwise advise ATC. AC~44 NAZPU 122^ 13.7 025^ 50 JEPPESEN LTAC/ESB ESENBOGA INTL"
1116,True,LTAC,LTAC,False,10-3J,True,"AZBUL 2H, HALIL 2H, TELVO 2H",SID,SID,SID,98,MATCH,False,independently_consistent,printed_SID_header,True,False,True,False,False,612.0,792.0,5996,"180^ 8200 9000 090^ LTAC/ESB ESENBOGA INTL JEPPESEN .RNAV.SID. 10-3J AC611 216^ 50 Trans alt: 10000 1. RADAR required. 2. P-RNAV approval required otherwise advise ATC. 3. At first contact report only call sign, check ATIS for current frequency. ANKARA, TURKIYE AZBUL 2H [AZBU2H], HALIL 2H [HALI2H], TELVO 2H [TELV2H] 3158 Apt Elev 123.6 D-ATIS 6507 "
1117,True,LTAC,,False,10-3K,False,"HALIL 1J, LATGA 1J, UMRUN 1J, YAVRU 1J",SID,SID,SID,96,MATCH,False,independently_consistent,Jeppesen_10-3_series,True,False,True,False,False,612.0,792.0,34473,8600 1 8 0 ^ 3 6 0 ^ 5.0% V/V (fpm) 380 506 760 1013 1266 1519 Gnd speed-KT 75 100 150 200 250 300 AC~44 02^ 0
1118,True,LTAC,LTAC,False,10-3L,True,"DEREL 2H, LATGA 2H, NEMRO 2H, PETAR 2H, YAVRU 2H",SID,SID,SID,98,MATCH,False,independently_consistent,printed_SID_header,True,False,True,False,False,612.0,792.0,5220,"LTAC/ESB ESENBOGA INTL JEPPESEN .RNAV.SID. DEREL 2H [DERE2H], LATGA 2H [LATG2H] 10-3L NEMRO NEMRO 2H [NEMR2H], PETAR 2H [PETA2H] YAVRU 2H [YAVR2H] Trans alt: 10000 1. RADAR required. 2. P-RNAV approval required otherwise advise ATC. 3. At first contact report only call sign, check ATIS for current frequency. ANKARA, TURKIYE 3158 Apt Elev 123.6 D-AT"
1119,True,LTAC,LTAC,False,10-3M,False,"ASTAL 1A, ASTAL 1B, BAKIR 1A, BAKIR 1B, DEREL 1A, DEREL 1B",SID,SID,SID,96,MATCH,False,independently_consistent,Jeppesen_10-3_series,True,False,True,False,False,612.0,792.0,12688,DEREL 50.4 DEREL 1A ASTAL 30 ASTAL 1A Apt Elev LTAC/ESB 3158 Trans alt: 10000 ESENBOGA INTL (BAG R013) 10 20 30 40 50 0 5 15 25 35 45 5
1120,True,LTAC,,False,10-3N,True,"GURBU 1A, GURBU 1B, HALIL 1A, HALIL 1B, HALIL 1U",SID,SID,SID,98,MATCH,False,independently_consistent,printed_SID_header,True,False,True,False,False,612.0,792.0,40461,"K F K KFK 1 1 2 . 2 0 6 2 ^ GURBU 1A .SID. 10-3N JEPPESEN MHA 8000 MHA 6800 Apt Elev 3158 Trans alt: 10000 MSA BUK VOR/NDB RWYS 03L/C/R ANKARA, TURKIYE"
1121,True,LTAC,LTAC,False,10-3P,False,"ILHAN 1A, ILHAN 1B",SID,SID,SID,96,MATCH,False,independently_consistent,Jeppesen_10-3_series,True,False,True,False,False,612.0,792.0,14397,A NK N DB R W YS 2 1L /C /R 5050 210^ ILHAN 0^ ILHAN 1A 30 Apt Elev LTAC/ESB Trans alt: 10000 3158 1 2 1
1122,True,LTAC,,False,10-3Q,True,"KUBER 1A, KUBER 1B, LATGA 1A, LATGA 1B",SID,SID,SID,98,MATCH,False,independently_consistent,printed_SID_header,True,False,True,False,False,612.0,792.0,39079,"R105 MHA 6800 KUBER KUBER 1A 37 34 KUBER 1B Apt Elev 10-3Q JEPPESEN .SID. Trans alt: 10000 3158 ANKARA, TURKIYE | JEPPESEN, 2017, 2025. ALL RIGHTS RESERVED. .Eff.2.Oct. VOR/NDB 3L/C/R 180^ 8600 26 SEP 25 G/UG8 L/UL614 96"
1123,True,LTAC,,False,10-3S,False,"PETAR 1A, PETAR 1B, SALGO 1A, SALGO 1B",SID,SID,SID,96,MATCH,False,independently_consistent,Jeppesen_10-3_series,True,False,True,False,False,612.0,792.0,33255,8600 AN K N DB R W YS 21 L/ C / R 5050 MHA 6800 0 3 0 ^ 2 1 0 ^ EN
1124,True,LTAC,,False,10-3T,False,"TELVO 1A, TELVO 1B, YUCEL 1A, YUCEL 1B",SID,SID,SID,96,MATCH,False,independently_consistent,Jeppesen_10-3_series,True,False,True,False,False,612.0,792.0,5764,167^ D7 A N K ND B R W Y S 2 1 L/ C 5050 MHA 6800 030^ 210^ 183^ 356 ANK ANKARA ANK 144^ 113.1 BAG
1125,True,LTAC,LTAC,False,10-4,True,ESENBOGA INTL 26 SEP 25 10-4 .Eff.2.Oct. .NOISE.,AIRPORT,AIRPORT,AIRPORT,96,MATCH,False,independently_consistent,Jeppesen_10_20_airport_series,True,False,True,False,False,612.0,792.0,1646,LTAC/ESB JEPPESEN .NOISE. NOISE ABATEMENT 10-4 .Eff.2.Oct. 26 SEP 25 DEPARTURE Pilots shall apply NADP-1 or NADP-2 until passing 3000'. For departures any other aircraft having compliance with the Noise Category ICAO ANNEX 16 VOL-1 (except Chapter 2 and 3) shall apply NADP-1 or NADP-2. For departures any aircraft having compliance with the Noise Ca
1126,True,LTAC,,False,10-9,False,Airport Diagram Chart (ADC),AIRPORT,AIRPORT,AIRPORT,96,MATCH,False,independently_consistent,Jeppesen_10_20_airport_series,True,False,True,False,False,612.0,792.0,20961,197'60m Stopway A1 F B G-HP33 G-HP31 Elev 3126' Elev 3124' LEGEND HOT SPOTS Tower 129.2 121.6 257.8 ESENBOGA Delivery Ground 121.65 118.525 ACARS: D-ATIS Data Comm
1127,True,LTAC,LTAC,False,10-9A,True,ADDITIONAL RUNWAY INFORMATION,AIRPORT,AIRPORT,AIRPORT,96,MATCH,False,independently_consistent,Jeppesen_10_20_airport_series,True,False,True,False,False,612.0,792.0,6253,"10-9A LTAC/ESB JEPPESEN 1 2 3 (60m) (15m) (60m) (15m) 2 (60m) (15m) 2 (60m) (15m) ESENBOGA INTL ANKARA, TURKIYE 2 (60m) (15m) 2 (60m) (15m)"
1128,True,LTAC,,False,10-9B,True,HOT SPOTS,AIRPORT,AIRPORT,AIRPORT,96,MATCH,False,independently_consistent,Jeppesen_10_20_airport_series,True,False,True,False,False,612.0,792.0,33705,"33-00 JEPPESEN ESENBOGA INTL 10-9B | JEPPESEN, 2006, 2026. ALL RIGHTS RESERVED. 32-59.9 33-00.1 33-00.2 33-00.3 33-00.4 32-59.9 33-00.1 33-00.2 33-00.3 33-00.4 33-00 40-07.5 40-07.4 40-07.3 40-07.2 40-06.9 40-06.8 40-06.7 40-07"
1129,True,LTAC,,False,10-9C,False,HOT SPOTS,AIRPORT,AIRPORT,AIRPORT,96,MATCH,False,independently_consistent,Jeppesen_10_20_airport_series,True,False,True,False,False,612.0,792.0,44119,"A1 40-08 40-08.2 40-08.3 40-08.4 40-08.5 40-07.9 40-07.8 40-07.7 40-07.6 JEPPESEN 00.2 33-00.3 33-00.5 33-00.6 33-00.7 ESENBOGA INTL | JEPPESEN, 2006, 2026. ALL RIGHTS RESERVED. 00.2 33-00.3 33-00.6 33-00.7 33-00.4 33-00.5"
1130,True,LTAC,LTAC,False,10-9D,True,PARKING STANDS & COORDS,AIRPORT,AIRPORT,AIRPORT,96,MATCH,False,independently_consistent,Jeppesen_10_20_airport_series,True,False,True,False,False,612.0,792.0,4094,"ESENBOGA INTL LTAC/ESB JEPPESEN ANKARA, TURKIYE 25 SEP 26 .Eff.1.Oct. 10-9D COORDINATES COORDINATES INS COORDINATES STAND No. STAND No. APRON 5 APRON 1 APRON 6 600 thru 602 603 604 thru 609 610 611 thru 616 N40 07.9 E032 59.5 N40 08.0 E032 59.5 N40 08.0 E032 59.6 N40 08.1 E032 59.6"
1131,True,LTAC,LTAC,False,10-9E,True,AIRPORT CHART,AIRPORT,AIRPORT,AIRPORT,96,MATCH,False,independently_consistent,Jeppesen_10_20_airport_series,True,False,True,False,False,612.0,792.0,5876,"10-9E JEPPESEN LTAC/ESB ANKARA, TURKIYE ESENBOGA INTL LOW VISIBILITY PROCEDURES Phase Condition Procedures A B All interested units are activated for LVP. TDZ and/or midpoint RVR less 550m and/or cloud base less 200' Low Visibility Operations are categorized in two phases (A and B) that are based on RVR values and/or cloud base. Phase A is the redu"
1132,True,LTAC,LTAC,False,10-9F,True,AIRPORT CHART,AIRPORT,AIRPORT,AIRPORT,96,MATCH,False,independently_consistent,Jeppesen_10_20_airport_series,True,False,True,False,False,612.0,792.0,3811,"10-9F JEPPESEN LTAC/ESB ANKARA, TURKIYE ESENBOGA INTL LOW VISIBILITY PROCEDURES (contd) AN124 (Ruslan)] and F category ACFT [B747-800, C5 (Galaxy)] are exist at LTAC airport and they are requesting to depart when CAT II/III operations in force and waiting for the ACFT on final approach, they shall be held at A3-HP14 or A-HP1 intermediate holding po"
1133,True,LTAC,LTAC,False,11-1,True,ILS Y OR LOC Y RWY 03L,APP,APP,APP,84,MATCH,False,independently_consistent,Jeppesen_approach_number_series,True,False,True,False,False,612.0,792.0,7968,4000 4000 MISSED APCH: BRIEFING STRIP TM 10 11-1 LOC 108.9 IAKR Final Apch Crs 030^ ILS DA(H) 40-10 LTAC/ESB JEPPESEN ESENBOGA Approach (R) ESENBOGA Tower 118.1 Ground 121.6 Apt Elev 3158'
1134,True,LTAC,LTAC,False,11-1A,False,ILS Z RWY 03L,APP,APP,APP,91,MATCH,False,independently_consistent,instrument_approach_header,True,False,True,False,False,612.0,792.0,6774,4000 4000 4000 MISSED APCH: BRIEFING STRIP TM 10 108.9 IAKR Final Apch Crs 030^ 40-10 LTAC/ESB Rwy Elev: 109 hPa JEPPESEN Apt Elev 3158' Rwy 3104' ESENBOGA INTL IAKR CAT II ILS Z Rwy 03L Special Aircrew & Acft Certification Required. DME required. NDB or VOR required.
1135,True,LTAC,LTAC,False,11-2,True,ILS X OR LOC X RWY 03L,APP,APP,APP,91,MATCH,False,independently_consistent,instrument_approach_header,True,False,True,False,False,612.0,792.0,10113,MISSED APCH: BRIEFING STRIP TM 10 11-2 LOC 108.9 IAKR Final Apch Crs 030^ 4700'(1596') ILS DA(H) 030^ 108.9 IAKR I A K R 40-10 ^ LTAC/ESB JEPPESEN ILS DME Apt Elev 3158' Rwy 3104' Refer to
1136,True,LTAC,LTAC,False,11-2A,False,APPROACH 11-2A,APP,APP,APP,91,MATCH,False,independently_consistent,instrument_approach_header,True,False,True,False,False,612.0,792.0,8875,"MISSED APCH: BRIEFING STRIP TM 10 LOC 108.9 IAKR Final Apch Crs 030^ 4700'(1596') 030^ 108.9 IAKR I A K R 40-10 ^ LTAC/ESB JEPPESEN ILS DME Apt Elev 3158' Rwy 3104' Proceed to BUK VOR/NDB cross 5500' or above, then continue climbing to 6600' on 057^ from BUK VOR/NDB, then turn LEFT climb to 6800' proceed ESENBOGA INTL IAKR"
1137,True,LTAC,LTAC,False,11-3,True,ILS Y OR LOC Y RWY 03C,APP,APP,APP,91,MATCH,False,independently_consistent,instrument_approach_header,True,False,True,False,False,612.0,792.0,8549,"11-3 LOC 110.3 IANK Final Apch Crs 030^ 4410'(1311') ILS DA(H) LTAC/ESB 10 MISSED APCH: BRIEFING STRIP TM JEPPESEN 40-10 Apt Elev 3158' Rwy 3099' ESENBOGA INTL Refer to Minimums ILS Y or LOC Y Rwy 03C ANKARA, TURKIYE"
1138,True,LTAC,LTAC,False,11-3A,False,APPROACH 11-3A,APP,APP,APP,84,MATCH,False,independently_consistent,Jeppesen_approach_number_series,True,False,True,False,False,612.0,792.0,7317,"BRIEFING STRIP TM 10 LOC 110.3 IANK Final Apch Crs 030^ Apt Elev Rwy 4410'(1311') Rwy Elev: 108 hPa LTAC/ESB JEPPESEN 40-10 MISSED APCH: 3158' 3099' ESENBOGA INTL CAT IIIB, IIIA & II ILS Refer to Minimums"
1139,True,LTAC,LTAC,False,11-4,True,APPROACH 11-4,APP,APP,APP,91,MATCH,False,independently_consistent,instrument_approach_header,True,False,True,False,False,612.0,792.0,11290,BRIEFING STRIP TM 10 11-4 LOC 110.3 IANK Final Apch Crs 030^ ILS DA(H) Apt Elev Rwy MISSED APCH: Rwy Elev: 108 hPa LTAC/ESB JEPPESEN 3158' 3099' 360^ 090^ 7500 8600 TOVNA
1140,True,LTAC,LTAC,False,11-4A,False,APPROACH 11-4A,APP,APP,APP,84,MATCH,False,independently_consistent,Jeppesen_approach_number_series,True,False,True,False,False,612.0,792.0,9554,BRIEFING STRIP TM 10 LOC 110.3 IANK Final Apch Crs 030^ Apt Elev Rwy Rwy Elev: 108 hPa LTAC/ESB JEPPESEN 3158' 3099' 360^ 090^ 7500 8600 TOVNA 030^ 110.3 IANK ILS DME I A N K D5.0 IANK
1141,True,LTAC,LTAC,False,11-5,True,ILS Z OR LOC Z RWY 03R,APP,APP,APP,91,MATCH,False,independently_consistent,instrument_approach_header,True,False,True,False,False,612.0,792.0,8560,"11-5 ILS Z or LOC Z Rwy 03R ANKARA, TURKIYE 030^ MAX 230 KT MHA 8000 030^ 210^ MISSED APCH: BRIEFING STRIP TM JEPPESEN LTAC/ESB ESENBOGA INTL 360^ 090^ 7500 8600 MSA NBG VOR DME LOC 110.9 IAES Final"
1142,True,LTAC,LTAC,False,11-5A,False,ILS X RWY 03R,APP,APP,APP,84,MATCH,False,independently_consistent,Jeppesen_approach_number_series,True,False,True,False,False,612.0,792.0,7372,"ANKARA, TURKIYE MAX 230 KT MHA 8000 030^ 210^ MISSED APCH: BRIEFING STRIP TM JEPPESEN LTAC/ESB ESENBOGA INTL 360^ 090^ 7500 8600 MSA NBG VOR DME LOC 110.9 IAES Final Apch Crs 030^ 4090'(1002')"
1143,True,LTAC,LTAC,False,11-6,True,ILS Y OR LOC Y RWY 03R,APP,APP,APP,91,MATCH,False,independently_consistent,instrument_approach_header,True,False,True,False,False,612.0,792.0,9604,"11-6 ILS Y or LOC Y Rwy 03R ANKARA, TURKIYE 062^ MAX 230 KT MHA 8000 030^ MISSED APCH: BRIEFING STRIP TM JEPPESEN LTAC/ESB ESENBOGA INTL 360^ 090^ 7500 8600 MSA NBG VOR DME LOC 110.9 IAES Final Apch Crs"
1144,True,LTAC,LTAC,False,11-6A,True,VOR R,APP,APP,APP,91,MATCH,False,independently_consistent,instrument_approach_header,True,False,True,False,False,612.0,792.0,8351,"ANKARA, TURKIYE BRIEFING STRIP TM JEPPESEN LTAC/ESB ESENBOGA INTL LOC 110.9 IAES Final Apch Crs 030^ (1682') DA(H) Apt Elev Rwy 3158' 3088' AFZEN 4770' MANDATORY 11-6A CAT II ILS V Rwy 03R 062^"
1145,True,LTAC,LTAC,False,11-7,True,APPROACH 11-7,APP,APP,APP,84,MATCH,False,independently_consistent,Jeppesen_approach_number_series,True,False,True,False,False,612.0,792.0,8504,"11-7 ANKARA, TURKIYE MAX 230 KT MHA 8000 030^ MISSED APCH: BRIEFING STRIP TM JEPPESEN LTAC/ESB ESENBOGA INTL LOC 110.9 IAES Final Apch Crs 030^ 4090'(1002') DA(H) Apt Elev Rwy 3158' 3088' D5.5 NBG"
1146,True,LTAC,LTAC,False,11-8,False,ILS X OR LOC X RWY 21L,APP,APP,APP,91,MATCH,False,independently_consistent,instrument_approach_header,True,False,True,False,False,612.0,792.0,9194,"BRIEFING STRIP TM LOC 110.75 IAEG Final Apch Crs 210^ 5570'(2412') ILS DA(H) Apt Elev Rwy LTAC/ESB Rwy Elev: 110 hPa JEPPESEN 210^ 110.75 IAEG I A E G MISSED APCH: 3158' 3158' ESENBOGA INTL ANKARA, TURKIYE ILS DME"
1147,True,LTAC,LTAC,False,11-8A,True,CAT II/III ILS Y RWY 21L,APP,APP,APP,84,MATCH,False,independently_consistent,Jeppesen_approach_number_series,True,False,True,False,False,612.0,792.0,8430,"BRIEFING STRIP TM LOC 110.75 IAEG Final Apch Crs 210^ 5570'(2412') Apt Elev Rwy LTAC/ESB Rwy Elev: 110 hPa JEPPESEN MISSED APCH: 3158' 3158' ESENBOGA INTL ANKARA, TURKIYE 11-8A 10 Missed approach requires a minimum climb gradient of 5.0% (304'/NM). MAX 185 KT. 360^"
1148,True,LTAC,LTAC,False,11-9,False,ILS Z OR LOC Z RWY 21L,APP,APP,APP,91,MATCH,False,independently_consistent,instrument_approach_header,True,False,True,False,False,612.0,792.0,9025,"BRIEFING STRIP TM LOC 110.75 IAEG Final Apch Crs 210^ 5570'(2412') ILS DA(H) Apt Elev Rwy LTAC/ESB Rwy Elev: 110 hPa JEPPESEN MISSED APCH: 3158' 3158' ESENBOGA INTL ANKARA, TURKIYE 360^ 090^ 7500"
1149,True,LTAC,LTAC,False,11-10,False,ILS Z OR LOC Z RWY 21C,APP,APP,APP,91,MATCH,False,independently_consistent,instrument_approach_header,True,True,True,False,False,612.0,792.0,8988,BRIEFING STRIP TM 10 LOC 108.1 IESB Final Apch Crs 210^ 5550'(2424') ILS DA(H) Apt Elev Rwy MSA BUK VOR/NDB 210^ 030^ LTAC/ESB Rwy Elev: 109 hPa JEPPESEN 090^ 180^ 360^
1150,True,LTAC,LTAC,False,11-11,False,ILS Z OR LOC Z RWY 21R,APP,APP,APP,91,MATCH,False,independently_consistent,instrument_approach_header,True,True,True,False,False,612.0,792.0,9469,BRIEFING STRIP TM 10 LOC 108.3 IEBG Final Apch Crs 210^ ILS DA(H) Apt Elev Rwy MISSED APCH: 030^ 210^ LTAC/ESB JEPPESEN B U K 425 BUK 3158' 3124' ESENBOGA INTL BUK VOR/NDB
1151,True,LTAC,LTAC,False,13-1,True,VOR Z RWY 03L,APP,APP,APP,84,MATCH,False,independently_consistent,Jeppesen_approach_number_series,True,False,True,False,False,612.0,792.0,7966,030^ 5000 4000 4000 4000 4000 4000 4000 5000 LTAC/ESB 13-1 MISSED APCH: BRIEFING STRIP TM JEPPESEN VOR ESB 112.1 Apch Crs 030^ Final 5900'(2796') 3860'(756') D10.0 Rwy Elev: 109 hPa
1152,True,LTAC,LTAC,False,13-2,True,VOR Z RWY 03C,APP,APP,APP,84,MATCH,False,independently_consistent,Jeppesen_approach_number_series,True,False,True,False,False,612.0,792.0,7726,030^ 5000 4000 4000 4000 4000 4000 4000 5000 LTAC/ESB 13-2 MISSED APCH: BRIEFING STRIP TM JEPPESEN VOR ESB 112.1 Apch Crs 030^ Final 5900'(2801') 3860'(761') D10.0 Rwy Elev: 108 hPa
1153,True,LTAC,LTAC,False,13-3,True,VOR Z RWY 03R,APP,APP,APP,91,MATCH,False,independently_consistent,instrument_approach_header,True,False,True,False,False,612.0,792.0,6862,LTAC/ESB 13-3 MISSED APCH: BRIEFING STRIP TM JEPPESEN VOR NBG 114.85 Apch Crs 031^ Final 4440'(1352') 3880'(792') Rwy Elev: 108 hPa 031^ 10 360^ 090^ MSA NBG VOR Apt Elev 3158' Rwy 3088' DA/MDA(H) ESENBOGA INTL 8600
1154,True,LTAC,LTAC,False,13-4,True,VOR Z RWY 21L,APP,APP,APP,91,MATCH,False,independently_consistent,instrument_approach_header,True,False,True,False,False,612.0,792.0,7231,"LTAC/ESB 13-4 MISSED APCH: BRIEFING STRIP TM JEPPESEN VOR NBG 114.85 Apch Crs 206^ Final 5430'(2272') 3930'(772') Apt Elev: 110 hPa 10 360^ 090^ MSA NBG VOR DA/MDA(H) Apt Elev 3158' ESENBOGA INTL 7500 8600 VOR Z Rwy 21L ANKARA, TURKIYE"
1155,True,LTAC,LTAC,False,13-5,True,NDB Z RWY 21C,APP,APP,APP,84,MATCH,False,independently_consistent,Jeppesen_approach_number_series,True,True,True,False,False,612.0,792.0,6839,210^ 030^ 425 BUK B U K D2.5 D5.0 D5.0 BRIEFING STRIP TM 10 13-5 5000'(1874') 3710'(584') MISSED APCH: Rwy Elev: 109 hPa LTAC/ESB JEPPESEN [FF21C] D2.5 210^ 114.3 BUK DB U K 40-15 Apch Crs 210^ Final
1156,True,LTAC,LTAC,False,13-6,True,VOR Y RWY 21C,APP,APP,APP,84,MATCH,False,independently_consistent,Jeppesen_approach_number_series,True,False,True,False,False,612.0,792.0,6484,LTAC/ESB 13-6 MISSED APCH: BRIEFING STRIP TM JEPPESEN VOR ESB 112.1 Apch Crs 210^ Final 6800'(3674') 3710'(584') D10.0 Rwy Elev: 109 hPa D10.0 10 D10.0 360^ 090^ MSA ESB VOR 210^ D10.0 D7.0 [FD21]
1157,True,LTAC,LTAC,False,13-7,True,NDB Z RWY 21R,APP,APP,APP,84,MATCH,False,independently_consistent,Jeppesen_approach_number_series,True,True,True,False,False,612.0,792.0,6856,BRIEFING STRIP TM 10 13-7 5000'(1876') 3710'(586') MISSED APCH: 030^ 425 BUK B U K 210^ 211^ Rwy Elev: 109 hPa LTAC/ESB JEPPESEN D5.0 D5.0 40-15 D2.5 DB U K Apch Crs 211^ Final NDB BUK
1158,True,LTAC,LTAC,False,13-8,True,VOR Y RWY 21R,APP,APP,APP,84,MATCH,False,independently_consistent,Jeppesen_approach_number_series,True,False,True,False,False,612.0,792.0,6491,LTAC/ESB 13-8 MISSED APCH: BRIEFING STRIP TM JEPPESEN VOR ESB 112.1 Apch Crs 210^ Final 6800'(3676') 3710'(586') D10.0 Rwy Elev: 109 hPa 10 360^ 090^ MSA ESB VOR 210^ D10.0 40-15 D7.0 D10.0 [FD21]
1159,True,LTAC,LTAC,False,13-9,True,VOR A,APP,APP,APP,84,MATCH,False,independently_consistent,Jeppesen_approach_number_series,True,True,True,False,False,612.0,792.0,5812,BRIEFING STRIP TM 10 13-9 VOR BUK Final Apch Crs 210^ MDA(H) MISSED APCH: 210^ 030^ Apt Elev: 110 hPa LTAC/ESB JEPPESEN CUBUK 114.3 BUK DB U K 114.3 No FAF Refer to Minimums Apt Elev 3158'
1160,True,LTAC,LTAC,False,16-1,True,NDB Z RWY 03L,APP,APP,APP,84,MATCH,False,independently_consistent,Jeppesen_approach_number_series,True,False,True,False,False,612.0,792.0,7859,"4000 BRIEFING STRIP TM 10 16-1 NDB ANK Final Apch Crs 029^ 4450'(1346') 3860'(756') 356 40-10 LTAC/ESB Rwy Elev: 109 hPa JEPPESEN MISSED APCH: [MQ~3L] continue climbing to 6600' on 057^ from BUK VOR/NDB, then Proceed to BUK VOR/NDB cross 5500' or above, then turn LEFT climb to 6800' proceed to BUK VOR/NDB and hold. ESENBOGA INTL Apt Elev 3158' Rwy "
1161,True,LTAC,LTAC,False,16-2,True,NDB Z RWY 03C,APP,APP,APP,84,MATCH,False,independently_consistent,Jeppesen_approach_number_series,True,False,True,False,False,612.0,792.0,7429,"4000 4000 4000 16-2 Final Apch Crs 030^ NDB ANK 4450'(1351') 3860'(761') 356 40-10 LTAC/ESB Rwy Elev: 108 hPa 10 MISSED APCH: BRIEFING STRIP TM JEPPESEN continue climbing to 6600' on 057^ from BUK VOR/NDB, then Proceed to BUK VOR/NDB cross 5500' or above, then turn LEFT climb to 6800' proceed to BUK VOR/NDB and hold. DA/MDA(H) Apt Elev 3158'"
1162,True,LTFM,LTFM,False,,False,AIRPORT INFORMATION,AIRPORT,AIRPORT,AIRPORT,55,REVIEW,True,only_old_index_supports_category,prior_index_only,True,False,True,False,False,612.0,792.0,5054,"General Information Location: ISTANBUL TUR ICAO/IATA: LTFM / IST Lat/Long: N41° 16.5', E028° 45.1' Elevation: 325 ft Airport Use: Public Daylight Savings: Not Observed UTC Conversion: -3:00 = UTC Magnetic Variation: 6.0° E Fuel Types: Jet A-1 Customs: Yes Surface Type: asphalt TDZ-Elev: 224 ft Lighting: Edge, ALS, REIL Runway: 18 Length x Width: 10"
1163,True,LTFM,LTFM,False,,False,AIRPORT INFORMATION,AIRPORT,AIRPORT,AIRPORT,55,REVIEW,True,only_old_index_supports_category,prior_index_only,True,False,True,False,False,612.0,792.0,5138,"General Information Location: ISTANBUL TUR ICAO/IATA: LTFM / IST Lat/Long: N41° 16.5', E028° 45.1' Elevation: 325 ft Airport Use: Public Daylight Savings: Not Observed UTC Conversion: -3:00 = UTC Magnetic Variation: 6.0° E Fuel Types: Jet A-1 Customs: Yes Surface Type: asphalt TDZ-Elev: 224 ft Lighting: Edge, ALS, REIL Runway: 18 Length x Width: 10"
1164,True,LTFM,LTFM,False,,False,AIRPORT INFORMATION,AIRPORT,AIRPORT,AIRPORT,55,REVIEW,True,only_old_index_supports_category,prior_index_only,True,False,True,False,False,612.0,792.0,5638,"General Information Location: ISTANBUL TUR ICAO/IATA: LTFM / IST Lat/Long: N41° 16.5', E028° 45.1' Elevation: 325 ft Airport Use: Public Daylight Savings: Not Observed UTC Conversion: -3:00 = UTC Magnetic Variation: 6.0° E Fuel Types: Jet A-1 Customs: Yes Surface Type: asphalt TDZ-Elev: 224 ft Lighting: Edge, ALS, REIL Runway: 18 Length x Width: 10"
1165,True,LTFM,LTFM,False,,False,AIRPORT INFORMATION,AIRPORT,AIRPORT,AIRPORT,55,REVIEW,True,only_old_index_supports_category,prior_index_only,True,False,True,False,False,612.0,792.0,5122,"General Information Location: ISTANBUL TUR ICAO/IATA: LTFM / IST Lat/Long: N41° 16.5', E028° 45.1' Elevation: 325 ft Airport Use: Public Daylight Savings: Not Observed UTC Conversion: -3:00 = UTC Magnetic Variation: 6.0° E Fuel Types: Jet A-1 Customs: Yes Surface Type: asphalt TDZ-Elev: 224 ft Lighting: Edge, ALS, REIL Runway: 18 Length x Width: 10"
1166,True,LTFM,,False,30-1P,False,AIRPORT BRIEFING,AIRPORT,AIRPORT,AIRPORT,88,MATCH,False,independently_consistent,airport_header,True,False,True,False,False,612.0,792.0,5413,"JEPPESEN 1. GENERAL 1.2.1. SURFACE MOVEMENT GUIDANCE AND CONTROL SYSTEM 1.1. D-ATIS Arrival ATIS D-ATIS Departure 126.350 128.850 1.2. OPERATION OF MODE S TRANSPONDERS Advanced Surface Movement Guidance and Control System (A-SMGCS) utilizing Mode S is in service. Activation of the Mode S transponder means selecting XPNDR, (AUTO mode if available) o"
1167,True,LTFM,,False,30-1P1,False,AIRPORT BRIEFING,AIRPORT,AIRPORT,AIRPORT,55,REVIEW,True,only_old_index_supports_category,prior_index_only,True,False,True,False,False,612.0,792.0,5383,"JEPPESEN 1. GENERAL 1.3.3. - Wake turbulence separation is applied; - ACFT concerned shall be identified on the A-SMGCS. Phraseology to be used: ATC: A/C: LINE UP AND WAIT RWY 35L, INTERSECTION B2, NUMBER 2. LINE UP AND WAIT RWY 35L, INTERSECTION B2, NUMBER 2 FOR DEPAR- TURE. NUMBER ONE IS B737 DEPARTING FROM B4A. RWY-IN-USE 31 JUL 26 .Eff.6.Aug. -"
1168,True,LTFM,,False,30-1P2,False,AIRPORT BRIEFING,AIRPORT,AIRPORT,AIRPORT,55,REVIEW,True,only_old_index_supports_category,prior_index_only,True,False,True,False,False,612.0,792.0,5502,"JEPPESEN 1. GENERAL 1.4. CAT II/III OPERATIONS For CAT II and CAT III operations, special aircrew and ACFT certification required. During CAT II and CAT III operations, special ATC procedures (ATC Low Visibility RWYs 16R, 34L, 17L , 35R, 18 and 36 approved for CAT II and III operations, subject to serviceability of the required facilities is suitab"
1169,True,LTFM,,False,30-1P3,True,AIRPORT BRIEFING,AIRPORT,APP,APP,91,CONFLICT,True,index_vs_pdf_category,instrument_approach_header,True,False,True,False,False,612.0,792.0,5297,"JEPPESEN 1. GENERAL ATC will not give instructions for break-out maneuvers below 750' AMSL. 1.5.5. RWY ASSIGNMENT When the simultaneous independent parallel approaches/departures are in progress, appropriate use of RWYs is subject to ATC discretion in order to ensure safe and orderly flow of the traffic. For tactical reasons and to increase air tra"
1170,True,LTFM,LTFM,False,30-1P4,True,AIRPORT BRIEFING,AIRPORT,AIRPORT,AIRPORT,88,MATCH,False,independently_consistent,airport_header,True,False,True,False,False,612.0,792.0,4806,JEPPESEN 1. GENERAL 2.2. POINT MERGE SYSTEM (PMS) Some of LTFM STARs are based on PMS. Each STAR contains segments forming a curved sequencing leg equidistant from the Merge Point (MP). 2.1. SPEED RESTRICTION All speeds depicted on the STARs are applied for ATC separation purposes and mandatory. ACFT unable to conform to these speeds shall inform A
1171,True,LTFM,,False,30-1P5,False,AIRPORT BRIEFING,AIRPORT,AIRPORT,AIRPORT,55,REVIEW,True,only_old_index_supports_category,prior_index_only,True,False,True,False,False,612.0,792.0,5376,"JEPPESEN 2. ARRIVAL ACFT vacating a RWY via rapid exit TWY has the priority at the intersection of - - Landing ACFT on RWY 36, shall vacate the RWY to the LEFT, continue on TWY G and contact with Ground 4N on 124.425 MHz without waiting any instruction by TWR controller. Landing ACFT on RWY18/36, should not vacate the RWY via 90^ turn G11 and G12 T"
1172,True,LTFM,,False,30-1P6,False,AIRPORT BRIEFING,AIRPORT,AIRPORT,AIRPORT,88,MATCH,False,independently_consistent,airport_header,True,False,True,False,False,612.0,792.0,5635,"JEPPESEN 3. DEPARTURE 3.2.3. TARGET START-UP APPROVAL TIME (TSAT) TSAT is the time provided by Departure Manager (DMAN) considering TOBT, CTOT and the traffic situation that an ACFT can expect start-up/push-back approval. TSAT will be calculated 40 minutes prior to the TOBT and distributed to AO/GH via A-CDM system. Additionally, TSAT is distribute"
1173,True,LTFM,,False,30-1P7,True,AIRPORT BRIEFING,AIRPORT,AIRPORT,AIRPORT,88,MATCH,False,independently_consistent,airport_header,True,False,True,False,False,612.0,792.0,3207,"JEPPESEN 3. DEPARTURE ACFT relocation between stands or from stand to hangar is not allowed during LVO. For detailed information about push-back procedures see PUSHBACK PROCEDURES charts. 3.6. To optimize the RWY utilization, flight crews shall complete all checklists prior to line-up clearance and be ready for immediate take-off. When ACFT is at t"
1174,True,LTFM,,False,30-1R,False,RADAR MINIMUM ALTITUDES,AIRPORT,AIRPORT,AIRPORT,55,REVIEW,True,only_old_index_supports_category,prior_index_only,True,False,True,False,False,612.0,792.0,18653,"8 0 N M 6 100NM 1 0 0 N M 7000 3500 | JEPPESEN, 2019, 2026. ALL RIGHTS RESERVED. Alt Set: hPa Trans level: By ATC Trans alt: 12000 th East Directory Apt Elev 325 118.950 132.325 5"
1175,True,LTFM,LTBQ,True,30-2,False,"ERSEN 1R, KANQO 1B",STAR,STAR,STAR,55,REVIEW,True,only_old_index_supports_category,prior_index_only,True,False,True,False,False,612.0,792.0,149079,"KOCAELI Cengiz Topel LTBQ FL280 FL280 FL240 FL260 KANQO FM67~ FM671 FM45~ Apt Elev 325 126.350 Alt Set: hPa Trans level: By ATC D-ATIS Arrival 3. ACFT without P-RNAV approval may lose the sequence and be subject to a delaying action. The ACFT concerned will be RADAR vectored to final, or cleared/vectored to a point from where approach can be made. "
1176,True,LTFM,,False,30-2A,False,"NUGBA 1E, RIXEN 1P",STAR,STAR,STAR,98,MATCH,False,independently_consistent,printed_STAR_header,True,False,True,False,False,612.0,792.0,79345,MMS COMMS LOST COMMS COMMS LOST COMMS LOST COMMS LOST FL260 FL220 AINTAIN last red STAR. JEPPESEN .RNAV.STAR. Apt Elev 325 126.350 Alt Set: hPa Trans level: By ATC D-ATIS Arrival GE (IAF). Then If available 3. ACFT without P-RNAV approval may lose the
1177,True,LTFM,,False,30-30,False,"ERSEN 1B, SISPI 1B",STAR,STAR,STAR,55,REVIEW,True,only_old_index_supports_category,prior_index_only,True,False,True,False,False,612.0,792.0,25901,"270^ 3000 090^ 11000 11000 5000 4000 MHA 4000 ENLEC Apt Elev 325 126.350 0 10 20 30 40 50 10 Alt Set: hPa Trans level: By ATC D-ATIS Arrival 3. ACFT without P-RNAV approval may lose the sequence and be subject to a delaying action. The ACFT concerned will be RADAR vectored to final,"
1178,True,LTFM,,False,30-2C,False,"DRAMO 1P, INBET 1P",STAR,STAR,STAR,55,REVIEW,True,only_old_index_supports_category,prior_index_only,True,False,True,False,False,612.0,792.0,179528,COMMS LOST COMMS LOST COMMS LOST COMMS LOST COMMS LOST COMMS LOST COMMS LOST COMMS LOST COMMS LOST COMMS LOST COMMS LOST COMMS LOST
1179,True,LTFM,,False,30-2D,False,"AYTEK 1R, DRAMO 1B, INBET 1B",STAR,STAR,STAR,55,REVIEW,True,only_old_index_supports_category,prior_index_only,True,False,True,False,False,612.0,792.0,189490,COMMS LOST COMMS LOST COMMS LOST COMMS LOST COMMS LOST COMMS LOST COMMS LOST COMMS LOST COMMS LOST COMMS LOST COMMS LOST COMMS LOST
1180,True,LTFM,,False,30-2E,False,"AYTEK 1B, RILEX 1B, RIXEN 1B",STAR,STAR,STAR,55,REVIEW,True,only_old_index_supports_category,prior_index_only,True,False,True,False,False,612.0,792.0,126917,3500 270^ 3000 090^ A RP FL190 5000 4000 10000 RIXEN INSTA FM956 FM955 (IAF) 2 2 3 ^ 2 5 7 ^ R
1181,True,LTFM,,False,30-2F,False,"ERSEN 1P, SISPI 1P",STAR,STAR,STAR,55,REVIEW,True,only_old_index_supports_category,prior_index_only,True,False,True,False,False,612.0,792.0,151736,COMMS LOST COMMS LOST COMMS LOST COMMS LOST COMMS LOST COMMS LOST COMMS LOST COMMS LOST COMMS LOST COMMS LOST COMMS LOST COMMS LOST
1182,True,LTFM,,False,30-2G,False,"ERSEN 1Q, KANQO 1A",STAR,STAR,STAR,55,REVIEW,True,only_old_index_supports_category,prior_index_only,True,False,True,False,False,612.0,792.0,91267,COMMS LOST COMMS LOST COMMS LOST COMMS LOST COMMS LOST COMMS LOST COMMS LOST COMMS LOST COMMS LOST COMMS LOST COMMS LOST COMMS LOST
1183,True,LTFM,,False,30-2H,False,"NUGBA 1D, RIXEN 1N",STAR,STAR,STAR,55,REVIEW,True,only_old_index_supports_category,prior_index_only,True,False,True,False,False,612.0,792.0,100881,COMMS LOST COMMS LOST COMMS LOST COMMS LOST COMMS LOST COMMS LOST COMMS LOST COMMS LOST C O M M SLO ST C O
1184,True,LTFM,,False,30-2J,False,"ERSEN 1A, SISPI 1A",STAR,STAR,STAR,55,REVIEW,True,only_old_index_supports_category,prior_index_only,True,False,True,False,False,612.0,792.0,138713,COMMS OST COMMS LOST COMMS LOST COMMS LOST COMMS LOST COMMS LOST COMMS LOST COMMS LOST COMMS LOST COMMS LOST COMMS LOST COMMS LOST
1185,True,LTFM,LTBQ,True,30-2K,False,"ERSEN 1C, SISPI 1C",STAR,STAR,STAR,55,REVIEW,True,only_old_index_supports_category,prior_index_only,True,False,True,False,False,612.0,792.0,132886,"OCAELI giz Topel LTBQ FL270 23 22 FM521 FM52~ ERSEN 9.5 306^ 2 MHA FL190 305^ Apt Elev 325 Alt Set: hPa Trans level: By ATC AV approval may lose the sequence and be subject to a delaying action. The be RADAR vectored to final, or cleared/vectored to a point from where . 4. If unable to comply the RNAV procedure, inform ISTANBUL PPROACH on initial c"
1186,True,LTFM,LTBA,True,30-2L,False,"AYTEK 1Q, DRAMO 1A, INBET 1A",STAR,STAR,STAR,55,REVIEW,True,only_old_index_supports_category,prior_index_only,True,False,True,False,False,612.0,792.0,161824,ISTANBUL Ataturk Intl LTBA COMMS OST COMMS LOST COMMS LOST COMMS LOST COMMS LOST COMMS LOST COMMS LOST COMMS LOST COMMS LOST COMMS LOST COMMS
1187,True,LTFM,,False,30-2M,False,"AYTEK 1C, DRAMO 1C, INBET 1C",STAR,STAR,STAR,98,MATCH,False,independently_consistent,printed_STAR_header,True,False,True,False,False,612.0,792.0,131223,ISTANBUL Ataturk Intl LTBA TEKIRDAG orlu Ataturk Intl LTBU 3500 270^ 3000 090^ A R P 8000 7000 10000 JEPPESEN .RNAV.STAR. Alt Set: hPa Trans level: By ATC pproval required otherwise advise ATC. 3. ACFT without P-RNAV approval ect to a delaying action. The ACFT concerned will be RADAR vectored to nt from where approach can be made. 4. If unable to c
1188,True,LTFM,LTBA,True,30-2N,False,"AYTEK 1A, RILEX 1A, RIXEN 1A",STAR,STAR,STAR,55,REVIEW,True,only_old_index_supports_category,prior_index_only,True,False,True,False,False,612.0,792.0,108831,ISTANBUL Ataturk Intl LTBA 3500 270^ 3000 A R P 090^ FL230 FL160 FL140 10000 5000 4000 RIXEN GINLI ATVAS FM9~6 FM9~7 GITVO 8 .
1189,True,LTFM,LTFM,False,30-2P,False,"KANQO 1N, NUGBA 1N",STAR,STAR,STAR,98,MATCH,False,independently_consistent,printed_STAR_header,True,False,True,False,False,612.0,792.0,105048,"FL280 FL230 FL240 FL280 JEPPESEN .RNAV.STAR. LTFM/IST Apt Elev 325 126.350 Alt Set: hPa Trans level: By ATC D-ATIS Arrival ISTANBUL 1. RADAR required. 2. P-RNAV approval required otherwise advise ATC. ISTANBUL, TURKIYE .Eff.4.Sep. NUGBA FM47~ FM471 FM472 308^ 2 2"
1190,True,LTFM,,False,30-2Q,False,"AYTEK 1N, RILEX 1N",STAR,STAR,STAR,98,MATCH,False,independently_consistent,printed_STAR_header,True,False,True,False,False,612.0,792.0,143433,ISTANBUL Ataturk Intl LTBA ISTANBUL Sabiha Gokcen Intl LTFJ 3500 3000 R A P 270^ 10000 10000 FL140 12000 6000 5000 FM~35 Alt Set: hPa Trans level: By ATC /IST .RNAV.STAR. Apt Elev 325
1191,True,LTFM,,False,30-2S,False,"AYTEK 1M, RILEX 1M, RIXEN 1M",STAR,STAR,STAR,55,REVIEW,True,only_old_index_supports_category,prior_index_only,True,False,True,False,False,612.0,792.0,93535,3500 270^ 3000 090^ A RP FL190 7000 6000 7000 8000 12000 RIXEN FM955 (IAF) 2 2 3 ^ 2 5 7 ^ R
1192,True,LTFM,LTBQ,True,30-2T,False,"ERSEN 1M, KANQO 1M",STAR,STAR,STAR,55,REVIEW,True,only_old_index_supports_category,prior_index_only,True,False,True,False,False,612.0,792.0,97212,"KOCAELI Cengiz Topel LTBQ FL280 FL280 FL240 FL260 KANQO FM67~ FM671 FM45~ Apt Elev 325 126.350 Alt Set: hPa Trans level: By ATC D-ATIS Arrival 3. ACFT without P-RNAV approval may lose the sequence and be subject to a delaying action. The ACFT concerned will be RADAR vectored to final, or cleared/vectored to a point from where approach can be made. "
1193,True,LTFM,,False,30-2U,False,"NUGBA 1M, RIXEN 1W",STAR,STAR,STAR,55,REVIEW,True,only_old_index_supports_category,prior_index_only,True,False,True,False,False,612.0,792.0,70067,"MMS COMMS LOST COMMS COMMS LOST COMMS LOST COMMS LOST FL260 FL220 AINTAIN last red STAR. Apt Elev 325 126.350 Alt Set: hPa Trans level: By ATC D-ATIS Arrival AL (IAF). Then If available 3. ACFT without P-RNAV approval may lose the sequence and be subject to a delaying action. The ACFT concerned will be RADAR vectored to final,"
1194,True,LTFM,,False,30-3,False,"EKAWE 1F, MAKOL 1F",SID,SID,SID,55,REVIEW,True,only_old_index_supports_category,prior_index_only,True,False,True,False,False,612.0,792.0,46139,Trans alt: 12000 Apt Elev 325 These SIDs require a minimum climb gradient of YESILKOY Approach/ Radar (DEP) 5.0% V/V (fpm) 380 506 760 1013 1266 1519 Gnd speed-KT 75 100 150 200 250 300 JEPPESEN 13 MAR 26 .Eff.19.Mar. EKAWE 120.125 131.125
1195,True,LTFM,,False,30-3A,False,"EKAWE 1G, MAKOL 1G",SID,SID,SID,55,REVIEW,True,only_old_index_supports_category,prior_index_only,True,False,True,False,False,612.0,792.0,46562,Trans alt: 12000 Apt Elev 325 These SIDs require a minimum climb gradient of YESILKOY Approach/ Radar (DEP) 5.0% V/V (fpm) 380 506 760 1013 1266 1519 Gnd speed-KT 75 100 150 200 250 300 JEPPESEN 13 MAR 26 .Eff.19.Mar. EKAWE 5.0% (304 FT/NM) up to 8000. 1. RADAR required.
1196,True,LTFM,,False,30-3B,False,"EKAWE 1H, MAKOL 1H",SID,SID,SID,55,REVIEW,True,only_old_index_supports_category,prior_index_only,True,False,True,False,False,612.0,792.0,46437,Trans alt: 12000 Apt Elev 325 These SIDs require a minimum climb gradient of YESILKOY Approach/ Radar (DEP) 5.0% V/V (fpm) 380 506 760 1013 1266 1519 Gnd speed-KT 75 100 150 200 250 300 JEPPESEN 13 MAR 26 .Eff.19.Mar. EKAWE 120.125 131.125
1197,True,LTFM,,False,30-3C,False,"EKAWE 1C, MAKOL 1C",SID,SID,SID,55,REVIEW,True,only_old_index_supports_category,prior_index_only,True,False,True,False,False,612.0,792.0,34762,Trans alt: 12000 Apt Elev 325 These SIDs require a minimum climb gradient of YESILKOY Approach/ Radar (DEP) 5.0% V/V (fpm) 380 506 760 1013 1266 1519 Gnd speed-KT 75 100 150 200 250 300 JEPPESEN 13 MAR 26 .Eff.19.Mar. EKAWE 5.0% (304 FT/NM) up to 8000. 1. RADAR required.
1198,True,LTFM,,False,30-3D,False,"EKAWE 1D, MAKOL 1D",SID,SID,SID,55,REVIEW,True,only_old_index_supports_category,prior_index_only,True,False,True,False,False,612.0,792.0,36065,Trans alt: 12000 Apt Elev 325 These SIDs require a minimum climb gradient of YESILKOY Approach/ Radar (DEP) 5.0% V/V (fpm) 380 506 760 1013 1266 1519 Gnd speed-KT 75 100 150 200 250 300 JEPPESEN 13 MAR 26 .Eff.19.Mar. EKAWE 5.0% (304 FT/NM) up to 8000. 120.125
1199,True,LTFM,,False,30-3E,False,"EKAWE 1E, MAKOL 1E",SID,SID,SID,55,REVIEW,True,only_old_index_supports_category,prior_index_only,True,False,True,False,False,612.0,792.0,39012,Trans alt: 12000 Apt Elev 325 These SIDs require a minimum climb gradient of YESILKOY Approach/ Radar (DEP) 5.0% V/V (fpm) 380 506 760 1013 1266 1519 Gnd speed-KT 75 100 150 200 250 300 JEPPESEN 13 MAR 26 .Eff.19.Mar. 5.0% (304 FT/NM) up to 8000. EKAWE 120.125
1200,True,LTFM,LTFM,False,30-3E1,False,"EKAWE 1M, MAKOL 1M",STAR,APP,APP,91,CONFLICT,True,index_vs_pdf_category,instrument_approach_header,True,False,True,False,False,612.0,792.0,45363,These SIDs require a minimum climb gradient of 5.0% V/V (fpm) 380 506 760 1013 1266 1519 Gnd speed-KT 75 100 150 200 250 300 JEPPESEN EKAWE 5.0% (304 FT/NM) up to 8000. EXECUTED WITH LTFM RNAV (GNSS) STAR RWY 16R/17L/18 Trans alt: 12000 Apt Elev 325 YESILKOY Approach/ Radar (DEP) 120.125
1201,True,LTFM,LTFM,False,30-3E2,False,"EKAWE 1L, MAKOL 1L",STAR,APP,APP,91,CONFLICT,True,index_vs_pdf_category,instrument_approach_header,True,False,True,False,False,612.0,792.0,40676,These SIDs require a minimum climb gradient of 5.0% V/V (fpm) 380 506 760 1013 1266 1519 Gnd speed-KT 75 100 150 200 250 300 JEPPESEN 5.0% (304 FT/NM) up to 8000. EKAWE EXECUTED WITH LTFM RNAV (GNSS) STAR RWY 34L/35R/36 Trans alt: 12000 Apt Elev 325 YESILKOY Approach/ Radar (DEP) 120.125
1202,True,LTFM,LTBQ,True,30-3F,False,"RATVU 1F, VICEN 1F",SID,SID,SID,55,REVIEW,True,only_old_index_supports_category,prior_index_only,True,False,True,False,False,612.0,792.0,46344,KOCAELI Cengiz Topel LTBQ These SIDs require a minimum climb gradient of 5.0% V/V (fpm) 380 506 760 1013 1266 1519 Gnd speed-KT 75 100 150 200 250 300 Trans alt: 12000 Apt Elev 325 YESILKOY Approach/ Radar (DEP) VICEN 1 9
1203,True,LTFM,,False,30-3G,False,"RATVU 1T, VICEN 1T",STAR,SID,SID,98,CONFLICT,True,index_vs_pdf_category,printed_SID_header,True,False,True,False,False,612.0,792.0,40342,KOCAELI Cengiz Topel LTBQ These SIDs require a minimum climb gradient of 5.0% V/V (fpm) 380 506 760 1013 1266 1519 Gnd speed-KT 75 100 150 200 250 300 Trans alt: 12000 Apt Elev 325 YESILKOY Approach/ Radar (DEP) JEPPESEN .RNAV.SID. EXECUTED WITH LTFJ RNAV (GNSS) STAR RWY 06
1204,True,LTFM,LTBQ,True,30-3H,False,"RATVU 1G, VICEN 1G",SID,SID,SID,55,REVIEW,True,only_old_index_supports_category,prior_index_only,True,False,True,False,False,612.0,792.0,43244,KOCAELI Cengiz Topel LTBQ These SIDs require a minimum climb gradient of 5.0% V/V (fpm) 380 506 760 1013 1266 1519 Gnd speed-KT 75 100 150 200 250 300 Trans alt: 12000 Apt Elev 325 YESILKOY Approach/ Radar (DEP) VICEN 1 9
1205,True,LTFM,,False,30-3J,False,"RATVU 1U, VICEN 1U",STAR,SID,SID,98,CONFLICT,True,index_vs_pdf_category,printed_SID_header,True,False,True,False,False,612.0,792.0,45833,KOCAELI Cengiz Topel LTBQ These SIDs require a minimum climb gradient of 5.0% V/V (fpm) 380 506 760 1013 1266 1519 Gnd speed-KT 75 100 150 200 250 300 Trans alt: 12000 Apt Elev 325 YESILKOY Approach/ Radar (DEP) JEPPESEN .RNAV.SID. EXECUTED WITH LTFJ RNAV (GNSS) STAR RWY 06
1206,True,LTFM,LTBQ,True,30-3K,False,"RATVU 1H, VICEN 1H",SID,SID,SID,55,REVIEW,True,only_old_index_supports_category,prior_index_only,True,False,True,False,False,612.0,792.0,42385,KOCAELI Cengiz Topel LTBQ These SIDs require a minimum climb gradient of 5.0% V/V (fpm) 380 506 760 1013 1266 1519 Gnd speed-KT 75 100 150 200 250 300 Trans alt: 12000 Apt Elev 325 YESILKOY Approach/ Radar (DEP) VICEN 1 9
1207,True,LTFM,,False,30-3L,False,"RATVU 1V, VICEN 1V",STAR,SID,SID,98,CONFLICT,True,index_vs_pdf_category,printed_SID_header,True,False,True,False,False,612.0,792.0,43740,KOCAELI Cengiz Topel LTBQ These SIDs require a minimum climb gradient of 5.0% V/V (fpm) 380 506 760 1013 1266 1519 Gnd speed-KT 75 100 150 200 250 300 Trans alt: 12000 Apt Elev 325 YESILKOY Approach/ Radar (DEP) JEPPESEN .RNAV.SID. EXECUTED WITH LTFJ RNAV (GNSS) STAR RWY 06
1208,True,LTFM,LTBQ,True,30-3M,False,"RATVU 1C, VICEN 1C",SID,SID,SID,98,REVIEW,True,header_icao_differs_from_index,printed_SID_header,True,False,True,False,False,612.0,792.0,50414,KOCAELI Cengiz Topel LTBQ These SIDs require a minimum climb gradient of 5.0% V/V (fpm) 380 506 760 1013 1266 1519 Gnd speed-KT 75 100 150 200 250 300 Trans alt: 12000 Apt Elev 325 YESILKOY Approach/ Radar (DEP) JEPPESEN .RNAV.SID. NOTVI
1209,True,LTFM,,False,30-3N,False,VICEN 1Q,STAR,SID,SID,98,CONFLICT,True,index_vs_pdf_category,printed_SID_header,True,False,True,False,False,612.0,792.0,39783,KOCAELI Cengiz Topel LTBQ This SID requires a minimum climb gradient of 5.0% V/V (fpm) 380 506 760 1013 1266 1519 Gnd speed-KT 75 100 150 200 250 300 Trans alt: 12000 Apt Elev 325 YESILKOY Approach/ Radar (DEP) JEPPESEN .RNAV.SID. EXECUTED WITH LTFJ RNAV (GNSS) STAR RWY 24
1210,True,LTFM,LTBQ,True,30-3P,False,"RATVU 1D, VICEN 1D",SID,SID,SID,98,REVIEW,True,header_icao_differs_from_index,printed_SID_header,True,False,True,False,False,612.0,792.0,49392,KOCAELI Cengiz Topel LTBQ These SIDs require a minimum climb gradient of 5.0% V/V (fpm) 380 506 760 1013 1266 1519 Gnd speed-KT 75 100 150 200 250 300 Trans alt: 12000 Apt Elev 325 YESILKOY Approach/ Radar (DEP) JEPPESEN .RNAV.SID. NOTVI
1211,True,LTFM,,False,30-3Q,False,VICEN 1R,STAR,SID,SID,98,CONFLICT,True,index_vs_pdf_category,printed_SID_header,True,False,True,False,False,612.0,792.0,42125,KOCAELI Cengiz Topel LTBQ This SID requires a minimum climb gradient of 5.0% V/V (fpm) 380 506 760 1013 1266 1519 Gnd speed-KT 75 100 150 200 250 300 Trans alt: 12000 Apt Elev 325 YESILKOY Approach/ Radar (DEP) JEPPESEN .RNAV.SID. EXECUTED WITH LTFJ RNAV (GNSS) STAR RWY 24
1212,True,LTFM,LTBQ,True,30-3S,False,"RATVU 1E, VICEN 1E",SID,SID,SID,98,REVIEW,True,header_icao_differs_from_index,printed_SID_header,True,False,True,False,False,612.0,792.0,48732,KOCAELI Cengiz Topel LTBQ These SIDs require a minimum climb gradient of 5.0% V/V (fpm) 380 506 760 1013 1266 1519 Gnd speed-KT 75 100 150 200 250 300 Trans alt: 12000 Apt Elev 325 YESILKOY Approach/ Radar (DEP) JEPPESEN .RNAV.SID. NOTVI
1213,True,LTFM,,False,30-3T,False,VICEN 1S,STAR,SID,SID,98,CONFLICT,True,index_vs_pdf_category,printed_SID_header,True,False,True,False,False,612.0,792.0,42073,KOCAELI Cengiz Topel LTBQ This SID requires a minimum climb gradient of 5.0% V/V (fpm) 380 506 760 1013 1266 1519 Gnd speed-KT 75 100 150 200 250 300 Trans alt: 12000 Apt Elev 325 YESILKOY Approach/ Radar (DEP) JEPPESEN .RNAV.SID. EXECUTED WITH LTFJ RNAV (GNSS) STAR RWY 24
1214,True,LTFM,,False,30-3T1,False,"RATVU 1M, VICEN 1M",STAR,SID,SID,98,CONFLICT,True,index_vs_pdf_category,printed_SID_header,True,False,True,False,False,612.0,792.0,50382,These SIDs require a minimum climb gradient of 5.0% V/V (fpm) 380 506 760 1013 1266 1519 Gnd speed-KT 75 100 150 200 250 300 I VICEN 1 9 . 6 JEPPESEN .RNAV.SID. 5.0% (304 FT/NM) up to 8000. 31 JUL 26 .Eff.6.Aug.
1215,True,LTFM,,False,30-3T2,False,"RATVU 1Y, VICEN 1Y",STAR,SID,SID,98,CONFLICT,True,index_vs_pdf_category,printed_SID_header,True,False,True,False,False,612.0,792.0,51363,These SIDs require a minimum climb gradient of 5.0% V/V (fpm) 380 506 760 1013 1266 1519 Gnd speed-KT 75 100 150 200 250 300 JEPPESEN .RNAV.SID. I VICEN 1 9 . 6 5.0% (304 FT/NM) up to 8000. 31 JUL 26 .Eff.6.Aug.
1216,True,LTFM,LTFM,False,30-3T3,False,"RATVU 1L, VICEN 1L",STAR,SID,SID,98,CONFLICT,True,index_vs_pdf_category,printed_SID_header,True,False,True,False,False,612.0,792.0,48018,These SIDs require a minimum climb gradient of 5.0% V/V (fpm) 380 506 760 1013 1266 1519 Gnd speed-KT 75 100 150 200 250 300 JEPPESEN .RNAV.SID. OTVI 5.0% (304 FT/NM) up to 8000. VICEN 11.3 103^ 31 JUL 26 .Eff.6.Aug. EXECUTED WITH LTFM RNAV (GNSS) STAR RWY 34L/35R/36
1217,True,LTFM,,False,30-3T4,False,VICEN 1Z,STAR,SID,SID,98,CONFLICT,True,index_vs_pdf_category,printed_SID_header,True,False,True,False,False,612.0,792.0,39388,This SID requires a minimum climb gradient of 5.0% V/V (fpm) 380 506 760 1013 1266 1519 Gnd speed-KT 75 100 150 200 250 300 JEPPESEN .RNAV.SID. I VICEN 1 9 . 6 5.0% (304 FT/NM) up to 8000. 31 JUL 26 .Eff.6.Aug.
1218,True,LTFM,,False,30-3T5,False,"BARPE 1M, IVGUS 1M",STAR,STAR,STAR,55,REVIEW,True,only_old_index_supports_category,prior_index_only,True,False,True,False,False,612.0,792.0,56261,3500 270^ 3000 10000 6000 These SIDs require a minimum climb gradient of 5.0% V/V (fpm) 380 506 760 1013 1266 1519 Gnd speed-KT 75 100 150 200 250 300 JEPPESEN TIBNU ASGAX 6 . 2
1219,True,LTFM,,False,30-3T6,False,"BARPE 1Y, IVGUS 1Y",STAR,STAR,STAR,55,REVIEW,True,only_old_index_supports_category,prior_index_only,True,False,True,False,False,612.0,792.0,52837,3500 270^ 3000 10000 6000 These SIDs require a minimum climb gradient of 5.0% V/V (fpm) 380 506 760 1013 1266 1519 Gnd speed-KT 75 100 150 200 250 300 JEPPESEN TIBNU ASGAX 6 . 2
1220,True,LTFM,,False,30-3T7,False,"BARPE 1L, IVGUS 1L",STAR,STAR,STAR,55,REVIEW,True,only_old_index_supports_category,prior_index_only,True,False,True,False,False,612.0,792.0,53158,ISTANBUL Ataturk Intl LTBA ISTANBUL Sabiha Gokcen Intl LTFJ 3500 270^ 3000 These SIDs require a minimum climb gradient of 5.0% V/V (fpm) 380 506 760 1013 1266 1519 Gnd speed-KT 75 100 150 200 250 300 KRASO 1
1221,True,LTFM,,False,30-3T8,False,"BARPE 1D, IVGUS 1D",SID,SID,SID,55,REVIEW,True,only_old_index_supports_category,prior_index_only,True,False,True,False,False,612.0,792.0,39553,ISTANBUL Ataturk Intl LTBA ISTANBUL Sabiha Gokcen Intl LTFJ 3500 3000 270^ 1750 These SIDs require a minimum climb gradient of 5.0% V/V (fpm) 380 506 760 1013 1266 1519 Gnd speed-KT 75 100 150 200 250 300 JEPPESEN
1222,True,LTFM,,False,30-3T9,False,"BARPE 1E, IVGUS 1E",SID,SID,SID,55,REVIEW,True,only_old_index_supports_category,prior_index_only,True,False,True,False,False,612.0,792.0,57961,ISTANBUL Ataturk Intl LTBA ISTANBUL Sabiha Gokcen Intl LTFJ 270^ 2200 These SIDs require a minimum climb gradient of 5.0% V/V (fpm) 380 506 760 1013 1266 1519 Gnd speed-KT 75 100 150 200 250 300 FM~32 FM~33 FM~34
1223,True,LTFM,,False,30-3U,False,"BARPE 1F, IVGUS 1F",SID,SID,SID,55,REVIEW,True,only_old_index_supports_category,prior_index_only,True,False,True,False,False,612.0,792.0,39122,ISTANBUL Ataturk Intl LTBA ISTANBUL Sabiha Gokcen Intl LTFJ 3500 270^ 3000 2100 FM~47 2 0 3 ^ 2 0 4 ^ 5 . 8 5 .
1224,True,LTFM,,False,30-3V,False,"BARPE 1G, IVGUS 1G",SID,SID,SID,55,REVIEW,True,only_old_index_supports_category,prior_index_only,True,False,True,False,False,612.0,792.0,39306,ISTANBUL Ataturk Intl LTBA ISTANBUL Sabiha Gokcen Intl LTFJ 3500 270^ 3000 1800 2 5 Trans alt: 12000 Apt Elev 325 These SIDs require a minimum climb gradient of YESILKOY Approach/ Radar (DEP) 5.0% V/V (fpm) 380 506 760 1013 1266 1519 Gnd speed-KT
1225,True,LTFM,,False,30-3V1,False,"BARPE 1H, IVGUS 1H",SID,SID,SID,55,REVIEW,True,only_old_index_supports_category,prior_index_only,True,False,True,False,False,612.0,792.0,46851,ISTANBUL Ataturk Intl LTBA ISTANBUL Sabiha Gokcen Intl LTFJ 0 270^ 3000 2030 6000 Trans alt: 12000 Apt Elev 325 These SIDs require a minimum climb gradient of YESILKOY Approach/ Radar (DEP) 5.0% V/V (fpm) 380 506 760 1013 1266 1519 Gnd speed-KT 75
1226,True,LTFM,,False,30-3V2,False,"BARPE 1V, IVGUS 1V",STAR,STAR,STAR,55,REVIEW,True,only_old_index_supports_category,prior_index_only,True,False,True,False,False,612.0,792.0,51048,ISTANBUL Ataturk Intl LTBA ISTANBUL Sabiha Gokcen Intl LTFJ 0 270^ 3000 2030 6000 Trans alt: 12000 Apt Elev 325 These SIDs require a minimum climb gradient of YESILKOY Approach/ Radar (DEP) 5.0% V/V (fpm) 380 506 760 1013 1266 1519 Gnd speed-KT 75
1227,True,LTFM,,False,30-3V3,False,"BARPE 1C, IVGUS 1C",SID,SID,SID,55,REVIEW,True,only_old_index_supports_category,prior_index_only,True,False,True,False,False,612.0,792.0,38987,ISTANBUL Ataturk Intl LTBA ISTANBUL Sabiha Gokcen Intl LTFJ 3500 3000 270^ 2000 These SIDs require a minimum climb gradient of 5.0% V/V (fpm) 380 506 760 1013 1266 1519 Gnd speed-KT 75 100 150 200 250 300 FM~17
1228,True,LTFM,,False,30-3V4,False,"IBLAL 1M, REZOV 1M, TUDBU 1M, VADEN 1M",STAR,STAR,STAR,55,REVIEW,True,only_old_index_supports_category,prior_index_only,True,False,True,False,False,612.0,792.0,48393,00 270^ 0 5000 These SIDs require a minimum climb gradient of 5.0% V/V (fpm) 380 506 760 1013 1266 1519 Gnd speed-KT 75 100 150 200 250 300 JEPPESEN 5.0% (304 FT/NM) up to 8000. 0 83 ^ 9 .7
1229,True,LTFM,LTBA,True,30-3V5,False,"IBLAL 1L, REZOV 1L, TUDBU 1L, VADEN 1L",STAR,STAR,STAR,55,REVIEW,True,only_old_index_supports_category,prior_index_only,True,False,True,False,False,612.0,792.0,50130,ISTANBUL Ataturk Intl LTBA 00 270^ 00 6400 11000 These SIDs require a minimum climb gradient of 5.0% V/V (fpm) 380 506 760 1013 1266 1519 Gnd speed-KT 75 100 150 200 250 300 JEPPESEN QUNTE 5^
1230,True,LTFM,LTBA,True,30-3V6,False,"IBLAL 1F, REZOV 1F, TUDBU 1F, VADEN 1F",SID,SID,SID,55,REVIEW,True,only_old_index_supports_category,prior_index_only,True,False,True,False,False,612.0,792.0,49961,ISTANBUL Ataturk Intl LTBA 3000 270^ 0 47 These SIDs require a minimum climb gradient of 5.0% V/V (fpm) 380 506 760 1013 1266 1519 Gnd speed-KT 75 100 150 200 250 300 JEPPESEN 5.0% (304 FT/NM) up to 8000. 31 JUL 26 .Eff.6.Aug.
1231,True,LTFM,LTBA,True,30-3V7,False,"IBLAL 1G, REZOV 1G, TUDBU 1G, VADEN 1G",SID,SID,SID,55,REVIEW,True,only_old_index_supports_category,prior_index_only,True,False,True,False,False,612.0,792.0,56944,ISTANBUL Ataturk Intl LTBA 270^ 3000 1800 Trans alt: 12000 Apt Elev 325 These SIDs require a minimum climb gradient of YESILKOY Approach/ Radar (DEP) 5.0% V/V (fpm) 380 506 760 1013 1266 1519 Gnd speed-KT 75 100 150 200 250 300
1232,True,LTFM,LTBA,True,30-3V8,False,"IBLAL 1H, REZOV 1H, TUDBU 1H, VADEN 1H",SID,SID,SID,55,REVIEW,True,only_old_index_supports_category,prior_index_only,True,False,True,False,False,612.0,792.0,50567,ISTANBUL Ataturk Intl LTBA 270^ 3000 30 Trans alt: 12000 Apt Elev 325 These SIDs require a minimum climb gradient of YESILKOY Approach/ Radar (DEP) 5.0% V/V (fpm) 380 506 760 1013 1266 1519 Gnd speed-KT 75 100 150 200 250 300
1233,True,LTFM,LTBA,True,30-3V9,False,"IBLAL 1C, REZOV 1C, TUDBU 1C, VADEN 1C",SID,SID,SID,55,REVIEW,True,only_old_index_supports_category,prior_index_only,True,False,True,False,False,612.0,792.0,45662,ISTANBUL Ataturk Intl LTBA 0 270^ 3000 Trans alt: 12000 Apt Elev 325 These SIDs require a minimum climb gradient of YESILKOY Approach/ Radar (DEP) 5.0% V/V (fpm) 380 506 760 1013 1266 1519 Gnd speed-KT 75 100 150 200 250 300
1234,True,LTFM,LTBA,True,30-3W,False,"IBLAL 1D, REZOV 1D, TUDBU 1D, VADEN 1D",SID,SID,SID,55,REVIEW,True,only_old_index_supports_category,prior_index_only,True,False,True,False,False,612.0,792.0,44276,ISTANBUL Ataturk Intl LTBA 3500 270^ 3000 1750 Trans alt: 12000 Apt Elev 325 These SIDs require a minimum climb gradient of YESILKOY Approach/ Radar (DEP) 5.0% V/V (fpm) 380 506 760 1013 1266 1519 Gnd speed-KT 75 100 150 200 250
1235,True,LTFM,LTBA,True,30-3W1,False,"IBLAL 1E, REZOV 1E, TUDBU 1E, VADEN 1E",SID,SID,SID,55,REVIEW,True,only_old_index_supports_category,prior_index_only,True,False,True,False,False,612.0,792.0,48742,ISTANBUL Ataturk Intl LTBA 270^ 2200 6400 Trans alt: 12000 Apt Elev 325 These SIDs require a minimum climb gradient of YESILKOY Approach/ Radar (DEP) 5.0% V/V (fpm) 380 506 760 1013 1266 1519 Gnd speed-KT 75 100 150 200 250 300
1236,True,LTFM,LTFM,False,30-3W2,False,ELNIN 1K,SID,SID,SID,98,MATCH,False,independently_consistent,printed_SID_header,True,False,True,False,False,612.0,792.0,4359,"4000 Trans alt: 12000 LTFM/IST .SID. 20 25 Apt Elev 325 JEPPESEN ISTANBUL ISTANBUL, TURKIYE .Eff.14.May. YESILKOY Approach/ Radar (DEP) 120.125 131.125 132.050 1. Contact YESILKOY Radar IMMEDIATELY after take-off. 2. CAUTION: At first contact report only Call Sign and SID Designator. 3. CAUTION: This SID is only available for the aircraft unable to"
1237,True,LTFM,LTFM,False,30-3W3,False,"ELCAH 1K, IST 1S",SID,SID,SID,98,MATCH,False,independently_consistent,printed_SID_header,True,False,True,False,False,612.0,792.0,5730,"3000 Trans alt: 12000 LTFM/IST .SID. Apt Elev 325 13 MAR 26 JEPPESEN ISTANBUL ISTANBUL, TURKIYE .Eff.19.Mar. YESILKOY Approach/ Radar (DEP) 120.125 131.125 132.050 1. Contact YESILKOY Radar IMMEDIATELY after take-off. 2. CAUTION: At first contact report only Call Sign and SID Designator. 3. CAUTION: This SID is only available for the aircraft unabl"
1238,True,LTFM,LTFM,False,30-3W4,False,"CEK 1S, YAQZI 1K",SID,SID,SID,98,MATCH,False,independently_consistent,printed_SID_header,True,False,True,False,False,612.0,792.0,5783,"A R P 3000 Trans alt: 12000 LTFM/IST .SID. Apt Elev 325 13 MAR 26 JEPPESEN ISTANBUL ISTANBUL, TURKIYE .Eff.19.Mar. YESILKOY Approach/ Radar (DEP) 120.125 131.125 132.050 1. Contact YESILKOY Radar IMMEDIATELY after take-off. 2. CAUTION: At first contact report only Call Sign and SID Designator. 3. CAUTION: This SID is only available for the aircraft"
1239,True,LTFM,,False,30-3W5,False,GAPDI 1G,SID,SID,SID,55,REVIEW,True,only_old_index_supports_category,prior_index_only,True,False,True,False,False,612.0,792.0,4936,COMMS LOST COMMS LOST COMMS LOST COMMS LOST LOST COMMS LOST COMMS LOST COMMS LOST COMMS LOST LOST COMMS LOST COMMS LOST COMMS LOST
1240,True,LTFM,LTFM,False,30-3W6,False,LESQE 1G,SID,SID,SID,98,MATCH,False,independently_consistent,printed_SID_header,True,False,True,False,False,612.0,792.0,4865,"Trans alt: 12000 LTFM/IST .SID. Apt Elev 325 13 MAR 26 JEPPESEN ISTANBUL ISTANBUL, TURKIYE .Eff.19.Mar. YESILKOY Approach/ Radar (DEP) 120.125 131.125 132.050 1. Contact YESILKOY Radar IMMEDIATELY after take-off. 2. CAUTION: At first contact report only Call Sign and SID Designator. 3. CAUTION: This SID is only available for the aircraft unable to "
1241,True,LTFM,LTFM,False,30-3W7,False,ASFON 1G,SID,SID,SID,98,MATCH,False,independently_consistent,printed_SID_header,True,False,True,False,False,612.0,792.0,5196,"Trans alt: 12000 LTFM/IST .SID. Apt Elev 325 JEPPESEN ISTANBUL ISTANBUL, TURKIYE .Eff.14.May. YESILKOY Approach/ Radar (DEP) 120.125 131.125 132.050 1. Contact YESILKOY Radar IMMEDIATELY after take-off. 2. CAUTION: At first contact report only Call Sign and SID Designator. 3. CAUTION: This SID is only available for the aircraft unable to comply the"
1242,True,LTFM,LTFM,False,30-3W8,False,"IST 1N, IST 1P",SID,SID,SID,98,MATCH,False,independently_consistent,printed_SID_header,True,False,True,False,False,612.0,792.0,5422,"3000 Trans alt: 12000 LTFM/IST .SID. Apt Elev 325 JEPPESEN ISTANBUL 35 40 45 LADUX (D8.0 UHM) 184^ ISTANBUL, TURKIYE .Eff.14.May. 1. Contact YESILKOY Radar IMMEDIATELY after take-off. 2. At first contact report only Call Sign and SID Designator. 3. CAUTION: These SIDs are only available for the aircraft destined to LTBA or LTFJ. 4. CAUTION: At or b"
1243,True,LTFM,LTFM,False,30-4,True,NOISE,AIRPORT,AIRPORT,AIRPORT,88,MATCH,False,independently_consistent,airport_header,True,False,True,False,False,612.0,792.0,2918,"LTFM/IST JEPPESEN .NOISE. NOISE ABATEMENT 30-4 .Eff.2.Oct. 26 SEP 25 ISTANBUL, TURKIYE GENERAL All outbound ACFT are allowed to start APU earliest 10 minutes before engine start. As Auxiliary Power Units (APUs) generate high levels of noise and significant emissions, precautions are taken from planning to operation phase to minimize the environment"
1244,True,LTFM,,False,30-9,True,Airport Diagram Chart (ADC),AIRPORT,AIRPORT,AIRPORT,55,REVIEW,True,only_old_index_supports_category,prior_index_only,True,False,True,False,False,612.0,792.0,144490,"0 6 ^ E t Runway Guard Lights available for all TWYs associated to RWYs. 28 20 m TWYs E2, E4/EAST, F2, G1A, G1B,G1C, G1D, G1E, G1/WEST, N6, T1, T4, T8, T12, TA, TB,TE, TF are for Code C (max wingspan 118'/36m) ACFT only. 41-15 41-16 41-17 28-47 28-47 28-48 28-48 28-49 28-49 | JEPPESEN, 2018, 2026. ALL RIGHTS RESERVED. 30-9"
1245,True,LTFM,,False,30-9A,True,ADDITIONAL RUNWAY INFORMATION,AIRPORT,AIRPORT,AIRPORT,55,REVIEW,True,only_old_index_supports_category,prior_index_only,True,False,True,False,False,612.0,792.0,70447,"30-9A JEPPESEN ISTANBUL | JEPPESEN, 2018, 2026. ALL RIGHTS RESERVED. ISTANBUL, TURKIYE TAKE-OFF R/V500m R300m m NA RL or CL DAY NIGHT DAY NIGHT DAY NIGHT R/V400m ow Visibility Take-off required RCLM or RL or CL Adequate Vis Ref bility Procedures required L &"
1246,True,LTFM,,False,30-9A1,False,HOT SPOTS,AIRPORT,AIRPORT,AIRPORT,55,REVIEW,True,only_old_index_supports_category,prior_index_only,True,False,True,False,False,612.0,792.0,165538,"| JEPPESEN, 2026. ALL RIGHTS RESERVED. erations on RWY 09, TWY G1 between intersections G1D and G2M f all aircraft and vehicles. ea - HILAL (N41 15.2 E028 45.6), HA (N41 15.2 E028 45.8) 28 45.8) stop bars are established to protect aircraft and ast generated by departures on RWY 09. Pilots and vehicle drivers shall not e positions without explicit "
1247,True,LTFM,,False,30-9B,False,PARKING/DOCKING CHART (PDC),AIRPORT,AIRPORT,AIRPORT,55,REVIEW,True,only_old_index_supports_category,prior_index_only,True,False,True,False,False,612.0,792.0,35524,JEPPESEN ARP 100-109 132-137R D12 D13 D14 D15 D16 D17 D20 D19 F13 F14 F16 F17 F18 F19 F12L F13R B13 B14 B15 B16 B17
1248,True,LTFM,,False,30-9C,False,PARKING/DOCKING CHART (PDC),AIRPORT,AIRPORT,AIRPORT,88,MATCH,False,independently_consistent,airport_header,True,False,True,False,False,612.0,792.0,13322,Controlled Evacuation Area LEGEND RWY 17R/35L 121.550 Ground 5 28-42.7 28-42.6 28-42.8 28-42.9 28-43.0 28-43.1 28-43.2 28-43.4 28-43.3 28-42.5 28-42.4 Limit of Ground APRON 4 401-409 Cengiz Hangar Kalyon
1249,True,LTFM,,False,30-9D,False,INS COORDINATES,AIRPORT,AIRPORT,AIRPORT,55,REVIEW,True,only_old_index_supports_category,prior_index_only,True,False,True,False,False,612.0,792.0,31581,N41 16.0 E028 42.8 N41 16.0 E028 42.9 N41 16.0 E028 43.0 N41 16.0 E028 43.1 N41 16.0 E028 43.2 H20L thru H20R H21L thru H22L H22 thru H23 H23R thru H24R H25L thru H25R N41 16.3 E028 44.0 N41 16.3 E028 44.1 N41 16.3 E028 44.2 N41 16.3 E028 44.3 N41 16.3 E028 44.4 N41 16.3 E028 44.5 H30L thru H30R H31L thru H32L H32 thru H33 H33R H35L thru H35R H36L 
1250,True,LTFM,,False,30-9E,True,INS COORDINATES,AIRPORT,AIRPORT,AIRPORT,55,REVIEW,True,only_old_index_supports_category,prior_index_only,True,False,True,False,False,612.0,792.0,1502,"30-9E JEPPESEN K1L thru K1R K2L thru K3R K4L thru K5 K5R thru K6R K7L thru K8R K9L thru K9R K10, K11 K12, K13 K14, K15 K16 thru K18 K19 K20, K21 K25 thru K27 K50, K51 N41 16.1 E028 42.8 N41 16.1 E028 42.9 N41 16.1 E028 43.0 N41 16.1 E028 43.1 N41 16.1 E028 43.2 N41 16.1 E028 43.3 N41 16.2 E028 43.2 N41 16.3 E028 43.2"
1251,True,LTFM,,False,30-9F,True,"TAXI ROUTES ARRIVAL RWYS 16R, 34L (1A, 1B)",AIRPORT,AIRPORT,AIRPORT,88,MATCH,False,independently_consistent,airport_header,True,False,True,False,False,612.0,792.0,146619,"ARR 1A (Rwy 16R/34L) 30-9F JEPPESEN HOT SPOTS LEGEND De-icing area Limit of Ground and Tower competence Low power zone start Low power zone end GIVE WAY VACATING TRAFFIC ARR 1B (Rwy 16R/34L) See TWY RESTRICTIONS (SPEED AND CODE C/E ACFT) for taxi speed restrictions. XI ROUTES ARRIVAL YS 16R, 34L (1A, 1B) .Eff.6.Aug. 31 JUL 26 41-15 41-16 41-17"
1252,True,LTFM,,False,30-9F1,True,"TAXI ROUTES ARRIVAL RWYS 17L, 35R (2A, 2B)",AIRPORT,AIRPORT,AIRPORT,88,MATCH,False,independently_consistent,airport_header,True,False,True,False,False,612.0,792.0,138650,"ARR 2A (Rwy 17L/35R) ARR 2B (Rwy 17L/35R) HOT SPOTS LEGEND De-icing area Limit of Ground and Tower competence Low power zone start Low power zone end 30-9F1 GIVE WAY VACATING TRAFFIC See TWY RESTRICTIONS (SPEED AND CODE C/E ACFT) for taxi speed restrictions. TAXI ROUTES ARRIVAL RWYS 17L, 35R (2A, 2B) STANDARD TAXI ROUTES For RWY 17L/35R: ARR 2A: Ar"
1253,True,LTFM,,False,30-9F2,True,"TAXI ROUTES ARRIVAL RWYS 17L, 35R (2C, 2D)",AIRPORT,AIRPORT,AIRPORT,88,MATCH,False,independently_consistent,airport_header,True,False,True,False,False,612.0,792.0,131735,"HOT SPOTS LEGEND De-icing area Limit of Ground and Tower competence Low power zone start Low power zone end 30-9F2 ARR 2C (Rwy 17L/35R) ARR 2D (Rwy 17L/35R) JEPPESEN GIVE WAY VACATING TRAFFIC See TWY RESTRICTIONS (SPEED AND CODE C/E ACFT) for taxi speed restrictions. TAXI ROUTES ARRIVAL RWYS 17L, 35R (2C, 2D) STANDARD TAXI ROUTES For RWY 17L/35R: A"
1254,True,LTFM,,False,30-9F3,True,"TAXI ROUTES ARRIVAL RWYS 17L, 35R (2E)",AIRPORT,AIRPORT,AIRPORT,88,MATCH,False,independently_consistent,airport_header,True,False,True,False,False,612.0,792.0,136107,"HOT SPOTS LEGEND De-icing area Limit of Ground and Tower competence Low power zone start Low power zone end 30-9F3 ARR 2E (Rwy 17L/35R) JEPPESEN GIVE WAY VACATING TRAFFIC TWY RESTRICTIONS (SPEED D CODE C/E ACFT) for taxi d restrictions. STANDARD TAXI ROUTES For RWY 17L/35R: ARR 2E: Arrival aircraft vacating RWY 17L/35R, shall use TWYs C, N5, T9, N3"
1255,True,LTFM,,False,30-9F4,True,"TAXI ROUTES ARRIVAL RWY 18 (3F, 3G)",AIRPORT,AIRPORT,AIRPORT,88,MATCH,False,independently_consistent,airport_header,True,False,True,False,False,612.0,792.0,128371,"ARR 3F ARR 3G HOT SPOTS LEGEND De-icing area Limit of Ground and Tower competence Low power zone start Low power zone end 30-9F4 JEPPESEN GIVE WAY VACATING TRAFFIC See TWY RESTRICTIONS (SPEED AND CODE C/E ACFT) for taxi speed restrictions. STANDARD TAXI ROUTES For RWY 18: ARR 3F: Arrival aircraft vacating RWY 18, shall use TWYs G, N2, D, B and hold"
1256,True,LTFM,,False,30-9F5,True,TAXI ROUTES ARRIVAL RWY 18 (3H),AIRPORT,AIRPORT,AIRPORT,88,MATCH,False,independently_consistent,airport_header,True,False,True,False,False,612.0,792.0,121380,"ARR 3H HOT SPOTS LEGEND De-icing area Limit of Ground and Tower competence Low power zone start Low power zone end 30-9F5 JEPPESEN TWY RESTRICTIONS (SPEED D CODE C/E ACFT) for taxi ed restrictions. STANDARD TAXI ROUTES For RWY 18: ARR 3H: Arrival aircraft vacating RWY 18, shall use TWY F and hold position at clearance limit given by ATC. TAXI ROUTE"
1257,True,LTFM,,False,30-9F6,True,"TAXI ROUTES ARRIVAL RWY 36 (3A, 3B)",AIRPORT,AIRPORT,AIRPORT,88,MATCH,False,independently_consistent,airport_header,True,False,True,False,False,612.0,792.0,132195,"30-9F6 ARR 3A ARR 3B HOT SPOTS LEGEND De-icing area Limit of Ground and Tower competence Low power zone start Low power zone end JEPPESEN GIVE WAY VACATING TRAFFIC See TWY RESTRICTIONS (SPEED AND CODE C/E ACFT) for taxi speed restrictions. TAXI ROUTES ARRIVAL RWY 36 (3A, 3B) STANDARD TAXI ROUTES For RWY 36: ARR 3A: Arrival aircraft vacating RWY 36,"
1258,True,LTFM,,False,30-9F7,True,"TAXI ROUTES ARRIVAL RWY 36 (3C, 3D)",AIRPORT,AIRPORT,AIRPORT,88,MATCH,False,independently_consistent,airport_header,True,False,True,False,False,612.0,792.0,132589,"30-9F7 ARR 3C ARR 3D HOT SPOTS LEGEND De-icing area Limit of Ground and Tower competence Low power zone start Low power zone end JEPPESEN GIVE WAY VACATING TRAFFIC TWY RESTRICTIONS (SPEED CODE C/E ACFT) for taxi d restrictions. STANDARD TAXI ROUTES For RWY 36: ARR 3C: Arrival aircraft vacating RWY 36, shall use TWYs G, N2, F and hold position at cl"
1259,True,LTFM,,False,30-9F8,True,TAXI ROUTES ARRIVAL RWY 36 (3E),AIRPORT,AIRPORT,AIRPORT,88,MATCH,False,independently_consistent,airport_header,True,False,True,False,False,612.0,792.0,132966,"30-9F8 ARR 3E HOT SPOTS LEGEND De-icing area Limit of Ground and Tower competence Low power zone start Low power zone end JEPPESEN GIVE WAY VACATING TRAFFIC See TWY RESTRICTIONS (SPEED AND CODE C/E ACFT) for taxi speed restrictions. TAXI ROUTES ARRIVAL RWY 36 (3E) STANDARD TAXI ROUTES For RWY 36: ARR 3E: Arrival aircraft vacating RWY 36, shall use "
1260,True,LTFM,,False,30-9G,True,TAXI ROUTES DEPARTURE RWY 09 (4A),AIRPORT,AIRPORT,AIRPORT,88,MATCH,False,independently_consistent,airport_header,True,False,True,False,False,612.0,792.0,111062,30-9G HOT SPOTS LEGEND De-icing area Limit of Ground and Tower competence Low power zone start Low power zone end JEPPESEN See TWY RESTRICTIONS (SPEED AND CODE C/E ACFT) for taxi speed restrictions. DEP 4A .Eff.6.Aug. 31 JUL 26 TAXI ROUTES DEPARTURE RWY 09 (4A) 41-15 41-16 41-17 28-47 28-47 28-48
1261,True,LTFM,,False,30-9G1,True,TAXI ROUTES DEPARTURE RWY 16R (OR 16L),AIRPORT,AIRPORT,AIRPORT,88,MATCH,False,independently_consistent,airport_header,True,False,True,False,False,612.0,792.0,121350,"30-9G1 HOT SPOTS LEGEND De-icing area Limit of Ground and Tower competence Low power zone start Low power zone end JEPPESEN ee TWY RESTRICTIONS (SPEED AND CODE C/E ACFT) for taxi peed restrictions. TAXI ROUTES DEPARTURE RWYS 16L, 16R (1F, 1G) GIVE WAY VACATING TRAFFIC DEP 1F DEP 1G .Eff.6.Aug. 31 JUL 26 41-15 41-16 41-17"
1262,True,LTFM,,False,30-9G2,True,"TAXI ROUTES DEPARTURE RWY 17L (2G, 2H)",AIRPORT,AIRPORT,AIRPORT,88,MATCH,False,independently_consistent,airport_header,True,False,True,False,False,612.0,792.0,123698,HOT SPOTS LEGEND De-icing area Limit of Ground and Tower competence Low power zone start Low power zone end DEP 2G DEP 2H GIVE WAY VACATING TRAFFIC See TWY RESTRICTIONS (SPEED AND CODE C/E ACFT) for taxi speed restrictions. 31 JUL 26 .Eff.6.Aug. 30-9G2 JEPPESEN 41-15 41-16 41-17 28-47 28-47
1263,True,LTFM,,False,30-9G3,True,"TAXI ROUTES DEPARTURE RWY 17R (2F, 2G)",AIRPORT,AIRPORT,AIRPORT,88,MATCH,False,independently_consistent,airport_header,True,False,True,False,False,612.0,792.0,122144,DEP 2F HOT SPOTS LEGEND De-icing area Limit of Ground and Tower competence Low power zone start Low power zone end GIVE WAY VACATING TRAFFIC DEP 2G See TWY RESTRICTIONS (SPEED AND CODE C/E ACFT) for taxi speed restrictions. 31 JUL 26 .Eff.6.Aug. 30-9G3 JEPPESEN 41-15 41-16 41-17 28-47 28-47
1264,True,LTFM,,False,30-9G4,True,"TAXI ROUTES DEPARTURE RWY 18 (3F, 3G)",AIRPORT,AIRPORT,AIRPORT,88,MATCH,False,independently_consistent,airport_header,True,False,True,False,False,612.0,792.0,125934,DEP 3F DEP 3G HOT SPOTS LEGEND De-icing area Limit of Ground and Tower competence Low power zone start Low power zone end GIVE WAY VACATING TRAFFIC See TWY RESTRICTIONS (SPEED AND CODE C/E ACFT) for taxi speed restrictions. 31 JUL 26 .Eff.6.Aug. 30-9G4 JEPPESEN 41-15 41-16 41-17 28-47 28-47
1265,True,LTFM,,False,30-9G5,True,TAXI ROUTES DEPARTURE RWY 34L (OR 34R),AIRPORT,AIRPORT,AIRPORT,88,MATCH,False,independently_consistent,airport_header,True,False,True,False,False,612.0,792.0,120228,HOT SPOTS LEGEND De-icing area Limit of Ground and Tower competence Low power zone start Low power zone end See TWY RESTRICTIONS (SPEED AND CODE C/E ACFT) for taxi speed restrictions. DEP 1A DEP 1B 31 JUL 26 .Eff.6.Aug. 30-9G5 JEPPESEN 41-15 41-16 41-17 28-47 28-47 28-48 28-48
1266,True,LTFM,,False,30-9G6,True,"TAXI ROUTES DEPARTURE RWY 35L (2A, 2B)",AIRPORT,AIRPORT,AIRPORT,88,MATCH,False,independently_consistent,airport_header,True,False,True,False,False,612.0,792.0,119642,DEP 2A HOT SPOTS LEGEND De-icing area Limit of Ground and Tower competence Low power zone start Low power zone end DEP 2B See TWY RESTRICTIONS (SPEED AND CODE C/E ACFT) for taxi speed restrictions. 31 JUL 26 .Eff.6.Aug. 30-9G6 JEPPESEN 41-15 41-16 41-17 28-47 28-47 28-48 28-48
1267,True,LTFM,,False,30-9G7,True,TAXI ROUTES DEPARTURE RWY 35L (2D),AIRPORT,AIRPORT,AIRPORT,88,MATCH,False,independently_consistent,airport_header,True,False,True,False,False,612.0,792.0,118740,DEP 2D HOT SPOTS LEGEND De-icing area Limit of Ground and Tower competence Low power zone start Low power zone end See TWY RESTRICTIONS (SPEED AND CODE C/E ACFT) for taxi speed restrictions. 31 JUL 26 .Eff.6.Aug. 30-9G7 JEPPESEN 41-15 41-16 41-17 28-47 28-47 28-48 28-48 28-49
1268,True,LTFM,,False,30-9G8,True,"TAXI ROUTES DEPARTURE RWY 35R (2B, 2C)",AIRPORT,AIRPORT,AIRPORT,88,MATCH,False,independently_consistent,airport_header,True,False,True,False,False,612.0,792.0,122655,HOT SPOTS LEGEND De-icing area Limit of Ground and Tower competence Low power zone start Low power zone end DEP 2B DEP 2C See TWY RESTRICTIONS (SPEED AND CODE C/E ACFT) for taxi speed restrictions. 31 JUL 26 .Eff.6.Aug. 30-9G8 JEPPESEN 41-15 41-16 41-17 28-47 28-47 28-48 28-48
1269,True,LTFM,,False,30-9G9,True,TAXI ROUTES DEPARTURE RWY 35R (2D),AIRPORT,AIRPORT,AIRPORT,88,MATCH,False,independently_consistent,airport_header,True,False,True,False,False,612.0,792.0,123330,HOT SPOTS LEGEND De-icing area Limit of Ground and Tower competence Low power zone start Low power zone end DEP 2D See TWY RESTRICTIONS (SPEED AND CODE C/E ACFT) for taxi speed restrictions. 31 JUL 26 .Eff.6.Aug. 30-9G9 JEPPESEN 41-15 41-16 41-17 28-47 28-47 28-48 28-48 28-49
1270,True,LTFM,,False,30-9G10,True,"TAXI ROUTES DEPARTURE RWY 36 (3A, 3B)",AIRPORT,AIRPORT,AIRPORT,88,MATCH,False,independently_consistent,airport_header,True,False,True,False,False,612.0,792.0,123040,"DEP 3A DEP 3B HOT SPOTS LEGEND De-icing area Limit of Ground and Tower competence Low power zone start Low power zone end See TWY RESTRICTIONS (SPEED AND CODE C/E ACFT) for taxi speed restrictions. STANDARD TAXI ROUTES For RWY 36: DEP 3A: Departure aircraft shall use E1, D3, E, N1, G, G7A TWYs and hold short of RWY 36. DEP 3B: Departure aircraft sh"
1271,True,LTFM,,False,30-9G11,True,TAXI ROUTES DEPARTURE RWY 36 (3C),AIRPORT,AIRPORT,AIRPORT,88,MATCH,False,independently_consistent,airport_header,True,False,True,False,False,612.0,792.0,122981,DEP 3C HOT SPOTS LEGEND De-icing area Limit of Ground and Tower competence Low power zone start Low power zone end See TWY RESTRICTIONS (SPEED AND CODE C/E ACFT) for taxi speed restrictions. 31 JUL 26 .Eff.6.Aug. JEPPESEN 30-9G11 41-15 41-16 41-17 28-47 28-47 28-48 28-48 28-49
1272,True,LTFM,,False,30-9H,False,TAXIWAY RESTRICTIONS,AIRPORT,AIRPORT,AIRPORT,88,MATCH,False,independently_consistent,airport_header,True,False,True,False,False,612.0,792.0,136368,LEGEND De-icing area Low power zone start Low power zone end Limit of Ground and Tower competence MAX 10 KT MAX 20 KT MAX 30 KT Limited to Code E ACFT or less Limited to Code C ACFT or less .Eff.6.Aug. 31 JUL 26 JEPPESEN HOT SPOTS (See HOT SPOTS for description of Hot spots.) 41-15 41-16 41-17 28-47 28-47 28-48 28-48
1273,True,LTFM,LTFM,False,30-9J,True,PUSHBACK PROCEDURES,AIRPORT,AIRPORT,AIRPORT,88,MATCH,False,independently_consistent,airport_header,True,False,True,False,False,612.0,792.0,5728,"30-9J JEPPESEN ISTANBUL 21 AUG 26 PUSHBACK PROCEDURES LTFM/IST 1. INTRODUCTION 2. PROCEDURES 2.1. 2.2. 2.3. 1.1. 1.2. 1.3. 1.4. The purpose of these pages is to inform all external and internal stakeholders of Istanbul Airport about the pushback procedures of all ACFT stands. The objective of the pushback procedures is to reduce ground conflicts, d"
1274,True,LTFM,LTFM,False,30-9J1,True,PUSHBACK PROCEDURES,AIRPORT,AIRPORT,AIRPORT,88,MATCH,False,independently_consistent,airport_header,True,False,True,False,False,612.0,792.0,5287,"30-9J1 JEPPESEN ISTANBUL 21 AUG 26 LTFM/IST 4. PHRASEOLOGY 4.1. 4.2 4.3. 4.4. 4.5. 4.6. 4.7. PUSHBACK PROCEDURES (CONTD 1) ISTANBUL, TURKIYE To approve the pushback and start up request from pilot, basic phraseology used by ATC maybe as given below: ""ATC: [Call sign of ACFT] GROUND + PUSHBACK AND START UP APPROVED RUNWAY-- + FACE --"". To approve th"
1275,True,LTFM,,False,30-9J2,True,PUSHBACK PROCEDURES,AIRPORT,AIRPORT,AIRPORT,88,MATCH,False,independently_consistent,airport_header,True,False,True,False,False,612.0,792.0,7741,30-9J2 JEPPESEN ISTANBUL STAND PUSHBACK PROCEDURE CAUTION PHRASEOLOGY Pushback Approved Face North Pushback Approved Face South Pushback Approved Face North Face South Pushback Approved A2L thru A2R A3L thru A7R 24 JUL 26 HS8 (CAUTION for aircraft pushing
1276,True,LTFM,,False,30-9J3,True,PUSHBACK PROCEDURES,AIRPORT,AIRPORT,AIRPORT,88,MATCH,False,independently_consistent,airport_header,True,False,True,False,False,612.0,792.0,8048,30-9J3 JEPPESEN ISTANBUL STAND PUSHBACK PROCEDURE CAUTION PHRASEOLOGY Standard Pushback: Face West Pushback Approved Face East Pushback Approved B10L thru 24 JUL 26 B15 B16 Standard Pushback: Alternate Pushback: Standard Pushback: Alternate Pushback: Face West Pushback Approved B14 Abeam Gate B15
1277,True,LTFM,,False,30-9J4,True,PUSHBACK PROCEDURES,AIRPORT,AIRPORT,AIRPORT,88,MATCH,False,independently_consistent,airport_header,True,False,True,False,False,612.0,792.0,7773,30-9J4 JEPPESEN ISTANBUL STAND PUSHBACK PROCEDURE CAUTION PHRASEOLOGY Standard Pushback: Pushback Approved Face West Pushback Approved B2 C3 C4 Face South on T3 TWY 24 JUL 26 Standard Pushback: Alternate Pushback: Pushback Approved Pushback Approved PSN2 D7 D9
1278,True,LTFM,,False,30-9J5,True,PUSHBACK PROCEDURES,AIRPORT,AIRPORT,AIRPORT,88,MATCH,False,independently_consistent,airport_header,True,False,True,False,False,612.0,792.0,8781,30-9J5 JEPPESEN ISTANBUL STAND PUSHBACK PROCEDURE CAUTION PHRASEOLOGY Standard Pushback: 24 JUL 26 Standard Pushback: Standard Pushback: Pushback Approved Pushback Approved PSN4 Face South Pushback Approved PSN3 Pushback Approved PSN4 F4L thru F4R D6 D8 Aircraft shall be pushed back onto the centerline of
1279,True,LTFM,,False,30-9J6,True,PUSHBACK PROCEDURES,AIRPORT,AIRPORT,AIRPORT,88,MATCH,False,independently_consistent,airport_header,True,False,True,False,False,612.0,792.0,6753,30-9J6 JEPPESEN ISTANBUL STAND PUSHBACK PROCEDURE CAUTION PHRASEOLOGY 24 JUL 26 Standard Pushback: Alternate Pushback: Pushback Approved Pushback Approved Face South Face North Standard Pushback: Alternate Pushback: Pushback Approved Face West Pushback Approved Face East F3L thru F3R F5L thru F5R F7L thru F7R F9L thru F9R
1280,True,LTFM,,False,30-9J7,True,PUSHBACK PROCEDURES,AIRPORT,AIRPORT,AIRPORT,88,MATCH,False,independently_consistent,airport_header,True,False,True,False,False,612.0,792.0,6946,30-9J7 JEPPESEN ISTANBUL STAND PUSHBACK PROCEDURE CAUTION PHRASEOLOGY 24 JUL 26 Standard Pushback: Alternate Pushback: Pushback Approved Face West Pushback Approved Face East Standard Pushback: Alternate Pushback: Pushback Approved Pushback Approved Face East Standard Pushback: 100 thru 108 Aircraft shall be pushed back onto the centerline of TWY N
1281,True,LTFM,,False,30-9J8,True,PUSHBACK PROCEDURES,AIRPORT,AIRPORT,AIRPORT,88,MATCH,False,independently_consistent,airport_header,True,False,True,False,False,612.0,792.0,10151,30-9J8 JEPPESEN ISTANBUL STAND PUSHBACK PROCEDURE CAUTION PHRASEOLOGY 24 JUL 26 Standard Pushback: Alternate Pushback: Pushback Approved Face West Pushback Approved Face East Aircraft shall be pushed back onto the centerline of TWY N5 facing east. Aircraft shall be pushed back onto the centerline of TWY N5 facing west. Pushback is performed onto an
1282,True,LTFM,,False,30-9J9,True,PUSHBACK PROCEDURES,AIRPORT,AIRPORT,AIRPORT,88,MATCH,False,independently_consistent,airport_header,True,False,True,False,False,612.0,792.0,7161,30-9J9 JEPPESEN ISTANBUL STAND PUSHBACK PROCEDURE CAUTION PHRASEOLOGY 24 JUL 26 Standard Pushback: Alternate Pushback: Pushback Approved Face South Pushback Approved Face North Standard Pushback: Pushback Approved Face North 200 thru 207 Standard Pushback: Alternate Pushback: Pushback Approved Face East Pushback Approved
1283,True,LTFM,,False,30-9J10,True,PUSHBACK PROCEDURES,AIRPORT,AIRPORT,AIRPORT,88,MATCH,False,independently_consistent,airport_header,True,False,True,False,False,612.0,792.0,6388,JEPPESEN ISTANBUL STAND PUSHBACK PROCEDURE CAUTION PHRASEOLOGY 24 JUL 26 30-9J10 Standard Pushback: Alternate Pushback: Pushback Approved Face West Pushback Approved Face East Standard Pushback: Alternate Pushback: Pushback Approved Face West Pushback Approved Face East 221L thru 221R 222L thru 222R
1284,True,LTFM,,False,30-9J11,True,PUSHBACK PROCEDURES,AIRPORT,AIRPORT,AIRPORT,88,MATCH,False,independently_consistent,airport_header,True,False,True,False,False,612.0,792.0,8033,JEPPESEN ISTANBUL STAND PUSHBACK PROCEDURE CAUTION PHRASEOLOGY 24 JUL 26 30-9J11 Standard Pushback: Alternate Pushback: Pushback Approved Face West Pushback Approved Standard Pushback: Pushback Approved Face West Pushback Approved Face East K1L thru K1R Aircraft shall be pushed back onto the centerline of TWY A4 facing east and then pulled forward 
1285,True,LTFM,,False,30-9J12,True,PUSHBACK PROCEDURES,AIRPORT,AIRPORT,AIRPORT,88,MATCH,False,independently_consistent,airport_header,True,False,True,False,False,612.0,792.0,2858,JEPPESEN ISTANBUL STAND PUSHBACK PROCEDURE CAUTION PHRASEOLOGY 24 JUL 26 30-9J12 Standard Pushback: Alternate Pushback: Pushback Approved Face North Pushback Approved Standard Pushback: Pushback Approved Face North Pushback Approved Face South K50 thru K53 Aircraft shall be pushed back onto the centerline of TWY A facing north. Pushback is performe
1286,True,LTFM,,False,30-9K,False,Airport Diagram Chart (ADC) - CODE F,AIRPORT,AIRPORT,AIRPORT,88,MATCH,False,independently_consistent,airport_header,True,False,True,False,False,612.0,792.0,142002,"LEGEND De-icing area Available for Code F aircraft Limit of Ground and Tower competence Low power zone start Low power zone end Pilot of Code F ACFT must take care while taxiing on B3A towards Twy B, do not right turn onto Twy B. Runway Guard Lights available for all TWYs associated to RWYs. See TWY RESTRICTIONS (SPEED AND CODE C/E ACFT) for taxi s"
1287,True,LTFM,,False,30-9U,False,REMOTE PARK AREA HOLDING PROCEDURE,AIRPORT,AIRPORT,AIRPORT,88,MATCH,False,independently_consistent,airport_header,True,False,True,False,False,612.0,792.0,180375,"ISTANBUL ISTANBUL, TURKIYE | JEPPESEN, 2024, 2025. ALL RIGHTS RESERVED. n regarding incoming flights that need to briefly wait before entering their will be communicated by the IGA Ramp Control Unit to ATC. Waiting e flights will be determined by ATC according to ground traffic conditions. OCEDURE e to CTOT. ime impacts the arrival of the ACFT. age"
1288,True,LTFM,,False,30-9U1,False,REMOTE PARK AREA HOLDING PROCEDURE,AIRPORT,AIRPORT,AIRPORT,88,MATCH,False,independently_consistent,airport_header,True,False,True,False,False,612.0,792.0,130973,"HOT SPOTS LEGEND De-icing area Low power zone start Low power zone end See TWY RESTRICTIONS (SPEED AND CODE C/E ACFT) for taxi speed restrictions. Limit of Ground and Tower competence .Eff.6.Aug. 31 JUL 26 JEPPESEN 41-15 41-16 41-17 28-47 28-47 28-48 28-48 28-49 28-49 | JEPPESEN, 2018, 2026. ALL RIGHTS RESERVED. ISTANBUL, TURKIYE ISTANBUL"
1289,True,LTFM,,False,,False,ILS Z OR LOC Z RWY 16R,APP,APP,APP,55,REVIEW,True,only_old_index_supports_category,prior_index_only,True,False,True,False,False,612.0,792.0,105504,DA(H) 490'(271') 173^ 4.1 3.6 0.8 Rwy 219' TCH 55' 3000' 230 KT 900' FM165 D0.0 UHL D1.0 IUCB 20 140 160 37 743 849 PAPI PAPI REIL ALSF-II MAX 173^
1290,True,LTFM,,False,,False,ILS Z OR LOC Z RWY 16R,APP,APP,APP,55,REVIEW,True,only_old_index_supports_category,prior_index_only,True,False,True,False,False,612.0,792.0,101698,(111') DA(H)RA 133' 330' CAT II ILS RA 185' 370' (151') DA(H) R450m R300m 1 173^ 4.1 3.6 0.8 Rwy 219' TCH 55' 3000' 230 KT 900' FM165 D0.0 UHL D1.0IUCB 20 140 160
1291,True,LTFM,,False,31-2,False,ILS Y RWY 16R,APP,APP,APP,55,REVIEW,True,only_old_index_supports_category,prior_index_only,True,False,True,False,False,612.0,792.0,124320,RT R-244 110.0 UHL 173^ 4.1 3.6 0.8 Rwy 219' TCH 55' 3000' 230 KT 900' D0.0 UHL D1.0 IUCB 20 140 160 37 743 849 PAPI PAPI REIL ALSF-II
1292,True,LTFM,,False,31-2A,False,CAT II/III ILS Y RWY 16R,APP,APP,APP,55,REVIEW,True,only_old_index_supports_category,prior_index_only,True,False,True,False,False,612.0,792.0,119700,RT R-244 110.0 UHL 173^ 4.1 3.6 0.8 Rwy 219' TCH 55' 3000' 230 KT 900' D0.0 UHL D1.0IUCB 20 140 160 37 743 849 PAPI PAPI REIL ALSF-II
1293,True,LTFM,,False,,False,ILS X OR LOC X RWY 16R,APP,APP,APP,55,REVIEW,True,only_old_index_supports_category,prior_index_only,True,False,True,False,False,612.0,792.0,106196,173^ 4.1 3.6 0.8 Rwy 219' TCH 55' 3000' 230 KT D0.0 UHL D1.0IUCB 20 140 160 37 743 849 PAPI PAPI REIL ALSF-II MAX DA(H) Refer to Minimums
1294,True,LTFM,,False,,False,ILS X OR LOC X RWY 16R,APP,APP,APP,55,REVIEW,True,only_old_index_supports_category,prior_index_only,True,False,True,False,False,612.0,792.0,99300,173^ 4.1 3.6 0.8 Rwy 219' TCH 55' 3000' 230 KT D0.0 UHL D1.0IUCB 20 140 160 37 743 849 PAPI PAPI REIL ALSF-II MAX Apt Elev Rwy 325'
1295,True,LTFM,,False,31-3,False,VOR Z RWY 16R,APP,APP,APP,55,REVIEW,True,only_old_index_supports_category,prior_index_only,True,False,True,False,False,612.0,792.0,80472,720'(501') D0.6 UHL DA/MDA(H) 720'(501') UHL 110.0 R-244 CDFA (H) 3.00^ 1500m R2400m UHL VOR LOC: [ML16R] VOR: [MD16R] 0 0.8 epends on operator policy. RT 3000' to FM165 180 205 3.5
1296,True,LTFM,,False,31-4,True,ILS Z RWY 17L,APP,APP,APP,91,MATCH,False,independently_consistent,instrument_approach_header,True,False,True,False,False,612.0,792.0,115473,31-4 ILS Z Rwy 17L Apt Elev 325' Rwy 202' (4798') 5000' DA(H) 402'(200') MDA(H) CIRCLE-TO-LAND ILS Max 180 205 V2400m V3600m DA(H) (200') 402' 1400'(1075') 1400'(1075') 173^ 4.3 3.1
1297,True,LTFM,,False,31-4A,False,CAT II/III ILS Z RWY 17L,APP,APP,APP,55,REVIEW,True,only_old_index_supports_category,prior_index_only,True,False,True,False,False,612.0,792.0,116093,CAT II ILS DA(H) (101') 303' RA 109' STRAIGHT-IN LANDING R300m 1 Apt Elev 325' Rwy 202' 173^ 4.3 3.1 0.5 Rwy 202' TCH 55' IUCF 230 KT JEPPESEN 3.7 20 140 160 37
1298,True,LTFM,,False,31-5,False,ILS Y RWY 17L,APP,APP,APP,91,MATCH,False,independently_consistent,instrument_approach_header,True,False,True,False,False,612.0,792.0,118971,ILS Y Rwy 17L Apt Elev 325' Rwy 202' DA(H) 402'(200') MDA(H) CIRCLE-TO-LAND ILS Max 180 205 V2400m V3600m DA(H) (200') 402' 1400'(1075') 1400'(1075') 270^ 090^ 3500 3000 MSA ARP 20
1299,True,LTFM,,False,31-5A,False,CAT II/III ILS Y RWY 17L,APP,APP,APP,91,MATCH,False,independently_consistent,instrument_approach_header,True,False,True,False,False,612.0,792.0,121622,"CAT II/III ILS Y Rwy 17L Apt Elev 325' Rwy 202' 173^ 4.3 3.1 0.5 Rwy 202' TCH 55' IUCF LADUX D8.8 IUCF D8.0 UHM 3.7 0 140 160 37 743 849 3000' | JEPPESEN, 2019, 2026. ALL RIGHTS RESERVED. ISTANBUL, TURKIYE OF"
1300,True,LTFM,,False,31-5B,False,ILS X RWY 17L,APP,APP,APP,91,MATCH,False,independently_consistent,instrument_approach_header,True,False,True,False,False,612.0,792.0,114547,ILS X Rwy 17L Apt Elev 325' Rwy 202' DA(H) 402'(200') MDA(H) CIRCLE-TO-LAND ILS Max 180 205 V2400m V3600m DA(H) (200') 402' 1400'(1075') 1400'(1075') 270^ 090^ 3500 3000 MSA ARP 20
1301,True,LTFM,,False,31-5C,False,CAT II/III ILS X RWY 17L,APP,APP,APP,91,MATCH,False,independently_consistent,instrument_approach_header,True,False,True,False,False,612.0,792.0,121549,"CAT II/III ILS X Rwy 17L Apt Elev 325' Rwy 202' 173^ 4.3 3.1 0.5 Rwy 202' TCH 55' IUCF LADUX D8.8 IUCF D8.0 UHM 3.7 0 140 160 37 743 849 3000' ISTANBUL, TURKIYE OF HM"
1302,True,LTFM,,False,31-6,False,VOR Z RWY 17L,APP,APP,APP,55,REVIEW,True,only_old_index_supports_category,prior_index_only,True,False,True,False,False,612.0,792.0,98757,1850' 3000' PAPI PAPI 4000' ALSF-II REIL 230 KT MAX on UHM 108.25 R-173 NASVU Apt Elev 325' Rwy 202' MDA(H) CIRCLE-TO-LAND Max 180 205 V2400m V3600m 1400'(1075')
1303,True,LTFM,,False,,False,ILS Z OR LOC Z RWY 18,APP,APP,APP,55,REVIEW,True,only_old_index_supports_category,prior_index_only,True,False,True,False,False,612.0,792.0,107996,East Final 130.3 124.850 124.425 124.850 124.925 Ground 4N Ground 4S 075 133.225 118.950 725 Apt Elev 325' AVTEQ 4000'(3779') Rwy 221' 270^ 090^ 3500 3000 MSA ARP 421'(200') DA(H) CIRCLE-TO-LAND
1304,True,LTFM,,False,,False,ILS Z OR LOC Z RWY 18,APP,APP,APP,55,REVIEW,True,only_old_index_supports_category,prior_index_only,True,False,True,False,False,612.0,792.0,128745,"PAPI REIL HIALS-II 120 140 160 637 743 849 | JEPPESEN, 2020, 2026. ALL RIGHTS RESERVED. CAT II ILS RA 127' 336'(115') DA(H) STRAIGHT-IN LANDING R300m RA 104' 321'(100') DA(H) R300m 1 1 JEPPESEN Apt Elev 325'"
1305,True,LTFM,,False,31-7B,False,ILS Y RWY 18,APP,APP,APP,55,REVIEW,True,only_old_index_supports_category,prior_index_only,True,False,True,False,False,612.0,792.0,116574,East Final 130.3 124.850 124.425 124.850 124.925 Ground 4N Ground 4S 075 133.225 118.950 725 Apt Elev 325' AVTEQ 4000'(3779') Rwy 221' 270^ 090^ 3500 3000 MSA ARP 421'(200') DA(H) CIRCLE-TO-LAND
1306,True,LTFM,,False,31-7C,False,CAT II/III ILS Y RWY 18,APP,APP,APP,55,REVIEW,True,only_old_index_supports_category,prior_index_only,True,False,True,False,False,612.0,792.0,124698,East Final 130.3 124.850 124.425 124.850 124.925 Ground 4N Ground 4S 075 133.225 118.950 725 Apt Elev 325' AVTEQ 4000'(3779') Rwy 221' 270^ 090^ 3500 3000 MSA ARP Rwy 221' AVTEQ ISSIZ
1307,True,LTFM,,False,,False,ILS X OR LOC X RWY 18,APP,APP,APP,55,REVIEW,True,only_old_index_supports_category,prior_index_only,True,False,True,False,False,612.0,792.0,114164,JEPPESEN 120 140 160 637 743 849 PAPI REIL HIALS-II 230 KT MAX CIRCLE-TO-LAND MDA(H) Max 100 135 180 205 421'(200') 1400' 1400' 1400' 1400'(1075')
1308,True,LTFM,,False,,False,ILS X OR LOC X RWY 18,APP,APP,APP,55,REVIEW,True,only_old_index_supports_category,prior_index_only,True,False,True,False,False,612.0,792.0,118990,120 140 160 637 743 849 PAPI REIL HIALS-II 230 KT MAX Apt Elev 325' AVTEQ 4000'(3779') Rwy 221' 270^ 090^ 3500 3000 MSA ARP ev: 8 hPa Trans level: By ATC Trans alt: 12000' MANDATORY
1309,True,LTFM,,False,,False,VOR Z RWY 18,APP,APP,APP,55,REVIEW,True,only_old_index_supports_category,prior_index_only,True,False,True,False,False,612.0,792.0,89458,JEPPESEN 120 140 160 637 743 849 Apt Elev 325' AVTEQ 4000'(3779') Rwy 221' 270^ 090^ 3500 3000 MSA ARP 720'(499') ev: 8 hPa Trans level: By ATC Trans alt: 12000' Rwy 221' AVTEQ ISSIZ EZGEC
1310,True,LTFM,,False,31-11,False,ILS Z RWY 34L,APP,APP,APP,55,REVIEW,True,only_old_index_supports_category,prior_index_only,True,False,True,False,False,612.0,792.0,99499,JEPPESEN Apt Elev 325' Rwy 325' (2675') 3000' DA(H) 525'(200') ELNUG 126.3 124.725 120.125 Ground 1 YESILKOY Approach/Radar 118.075 4.4 3.3 1970' ANQEQ 7.5 D16.0 IUCA ELNUG D8.5 IUCA 3000' A
1311,True,LTFM,,False,31-11A,False,CAT II/III ILS Z RWY 34L,APP,APP,APP,55,REVIEW,True,only_old_index_supports_category,prior_index_only,True,False,True,False,False,612.0,792.0,95140,JEPPESEN Apt Elev 325' Rwy 325' (2675') 3000' ELNUG 4.4 3.3 7.5 3000' 353^ 20 140 160 37 743 849 230 KT 353^ FM342 PAPI PAPI REIL ALSF-II LT
1312,True,LTFM,,False,31-12,False,ILS Y RWY 34L,APP,APP,APP,55,REVIEW,True,only_old_index_supports_category,prior_index_only,True,False,True,False,False,612.0,792.0,108350,JEPPESEN Apt Elev 325' Rwy 325' (2675') 3000' DA(H) 525'(200') ELNUG 4.4 3.3 1970' ANQEQ 7.5 D16.0 IUCA ELNUG D8.5 IUCA 3000' A 353^ D18.6 UHL D11.1 UHL D5.2 IUCA D7.8 UHL 20
1313,True,LTFM,,False,31-12A,False,CAT II/III ILS Y RWY 34L,APP,APP,APP,55,REVIEW,True,only_old_index_supports_category,prior_index_only,True,False,True,False,False,612.0,792.0,96214,CAT II ILS DA(H) (100') 425' RA 106' STRAIGHT-IN LANDING R300m 1 JEPPESEN Apt Elev 325' Rwy 325' (2675') 3000' ELNUG 4.4 3.3 7.5 3000' 353^ 20 140 160 37 743
1314,True,LTFM,,False,31-12B,False,ILS X RWY 34L,APP,APP,APP,55,REVIEW,True,only_old_index_supports_category,prior_index_only,True,False,True,False,False,612.0,792.0,100572,JEPPESEN Apt Elev 325' Rwy 325' (2675') 3000' DA(H) 525'(200') ELNUG 4.4 3.3 1970' ANQEQ 7.5 D16.0 IUCA ELNUG D8.5 IUCA 3000' A 353^ D18.6 UHL D11.1 UHL D5.2 IUCA D7.8 UHL 20
1315,True,LTFM,,False,31-12C,False,CAT II/III ILS X RWY 34L,APP,APP,APP,55,REVIEW,True,only_old_index_supports_category,prior_index_only,True,False,True,False,False,612.0,792.0,84912,CAT II ILS DA(H) (100') 425' RA 106' STRAIGHT-IN LANDING R300m 1 JEPPESEN Apt Elev 325' Rwy 325' (2675') 3000' ELNUG 4.4 3.3 7.5 3000' 353^ 20 140 160 37 743
1316,True,LTFM,,False,31-13,True,VOR Z RWY 34L,APP,APP,APP,55,REVIEW,True,only_old_index_supports_category,prior_index_only,True,False,True,False,False,612.0,792.0,82548,"JEPPESEN 3500 270^ 3000 090^ MSA ARP ISTANBUL, TURKIYE 31-13 3.0 3.3 ANQEQ ELNUG 3000' L D18.6 UHL D11.1 UHL D7.8 UHL 1970' 3 . 0 0 ^ 3000'"
1317,True,LTFM,,False,31-14,False,ILS Z RWY 35R,APP,APP,APP,91,MATCH,False,independently_consistent,instrument_approach_header,True,False,True,False,False,612.0,792.0,113759,"| JEPPESEN, 2018, 2026. ALL RIGHTS RESERVED. ISTANBUL, TURKIYE ILS Z Rwy 35R v: 11 hPa Trans level: By ATC DA(H) (200') Apt Elev 325' Rwy 310' (4690') 5000' EPPUQ 510' 126.925 122.6 129.625 121.550 270^ 090^ 3500 3000 MSA ARP"
1318,True,LTFM,,False,31-14A,True,CAT II/III ILS Z RWY 35R,APP,APP,APP,55,REVIEW,True,only_old_index_supports_category,prior_index_only,True,False,True,False,False,612.0,792.0,108340,"DA(H) 415'(105') CAT II ILS RA 97' R300m 1 | JEPPESEN, 2018, 2026. ALL RIGHTS RESERVED. JEPPESEN 31-14A ISTANBUL, TURKIYE v: 11 hPa Trans level: By ATC Apt Elev 325' Rwy 310' (4690') 5000' EPPUQ 270^ 090^ 3500 3000 MSA ARP to LADUX on course 353^ (MAX 230 KT), d. 4.4"
1319,True,LTFM,,False,,False,ILS Y OR LOC Y RWY 35R,APP,APP,APP,91,MATCH,False,independently_consistent,instrument_approach_header,True,False,True,False,False,612.0,792.0,116663,"MAX 230 KT. | JEPPESEN, 2019, 2026. ALL RIGHTS RESERVED. JEPPESEN 31-15 ISTANBUL, TURKIYE ILS Y Rwy 35R v: 11 hPa Trans level: By ATC DA(H) (200') Apt Elev 325' Rwy 310' (4690') 5000' EPPUQ 510' 270^ 090^ 3500 3000 MSA ARP MDA(H)"
1320,True,LTFM,,False,,False,ILS Y OR LOC Y RWY 35R,APP,APP,APP,55,REVIEW,True,only_old_index_supports_category,prior_index_only,True,False,True,False,False,612.0,792.0,112484,"MAX 230 KT. | JEPPESEN, 2019, 2026. ALL RIGHTS RESERVED. JEPPESEN 31-15A ISTANBUL, TURKIYE v: 11 hPa Trans level: By ATC Apt Elev 325' Rwy 310' (4690') 5000' EPPUQ 270^ 090^ 3500 3000 MSA ARP 4.4 3.2 1960' EPPUQ 3.1 FRUGO 3"
1321,True,LTFM,,False,31-15B,True,ILS X RWY 35R,APP,APP,APP,91,MATCH,False,independently_consistent,instrument_approach_header,True,False,True,False,False,612.0,792.0,114776,"JEPPESEN 31-15B ISTANBUL, TURKIYE ILS X Rwy 35R v: 11 hPa Trans level: By ATC DA(H) (200') Apt Elev 325' Rwy 310' (4690') 5000' EPPUQ 510' 270^ 090^ 3500 3000 MSA ARP MDA(H) CIRCLE-TO-LAND Max"
1322,True,LTFM,,False,31-15C,True,CAT II/III ILS X RWY 35R,APP,APP,APP,55,REVIEW,True,only_old_index_supports_category,prior_index_only,True,False,True,False,False,612.0,792.0,108300,"JEPPESEN 31-15C ISTANBUL, TURKIYE v: 11 hPa Trans level: By ATC Apt Elev 325' Rwy 310' (4690') 5000' EPPUQ 270^ 090^ 3500 3000 MSA ARP 4.4 3.2 1960' EPPUQ 3.1 FRUGO 3 5 3"
1323,True,LTFM,,False,,False,VOR Z RWY 35R,APP,APP,APP,55,REVIEW,True,only_old_index_supports_category,prior_index_only,True,False,True,False,False,612.0,792.0,79710,"1960' 3000' MAX 230 KT. | JEPPESEN, 2020, 2026. ALL RIGHTS RESERVED. JEPPESEN 31-16 ISTANBUL, TURKIYE v: 11 hPa Trans level: By ATC (690') Apt Elev 325' Rwy 310' (4690') 5000' EPPUQ 270^ 090^ 3500 3000 MSA ARP MDA(H) CIRCLE-TO-LAND"
1324,True,LTFM,,False,,False,ILS Z OR LOC Z RWY 36,APP,APP,APP,55,REVIEW,True,only_old_index_supports_category,prior_index_only,True,False,True,False,False,612.0,792.0,109012,"| JEPPESEN, 2020, 2026. ALL RIGHTS RESERVED. JEPPESEN 31-17 ISTANBUL, TURKIYE v: 11 hPa Trans level: By ATC DA(H) (201') Apt Elev 325' Rwy 309' 510' ermitted until passing KESKN. tercept point ZOVCE. MDA(H) CIRCLE-TO-LAND Max 180 205 V2400m V3600m 1400'(1075') 1400'(1075')"
1325,True,LTFM,,False,31-17A,True,CAT II/III ILS Z RWY 36,APP,APP,APP,55,REVIEW,True,only_old_index_supports_category,prior_index_only,True,False,True,False,False,612.0,792.0,106268,"| JEPPESEN, 2020, 2026. ALL RIGHTS RESERVED. JEPPESEN 31-17A ISTANBUL, TURKIYE v: 11 hPa Trans level: By ATC Apt Elev 325' Rwy 309' 4.4 3.1 120 140 160 637 743 849 3.3 4000' MANDATORY 353^ 5.9 ZOVCE D17.5 IUCC D20.2 UHN"
1326,True,LTFM,,False,,False,ILS Y OR LOC Y RWY 36,APP,APP,APP,55,REVIEW,True,only_old_index_supports_category,prior_index_only,True,False,True,False,False,612.0,792.0,102516,"JEPPESEN 31-17B ISTANBUL, TURKIYE v: 11 hPa Trans level: By ATC DA(H) (201') Apt Elev 325' Rwy 309' 510' ermitted until passing KESKN. tercept point ZOVCE. MDA(H) CIRCLE-TO-LAND Max 180 205 V2400m V3600m 1400'(1075') 1400'(1075') 4.4"
1327,True,LTFM,,False,,False,ILS Y OR LOC Y RWY 36,APP,APP,APP,55,REVIEW,True,only_old_index_supports_category,prior_index_only,True,False,True,False,False,612.0,792.0,97565,"JEPPESEN 31-17C ISTANBUL, TURKIYE v: 11 hPa Trans level: By ATC Apt Elev 325' Rwy 309' ermitted until passing KESKN. tercept point ZOVCE. 4.4 3.1 120 140 160 637 743 849 3.3 4000' MANDATORY 353^ 5.9 ZOVCE D17.5 IUCC"
1328,True,LTFM,,False,,False,ILS X OR LOC X RWY 36,APP,APP,APP,55,REVIEW,True,only_old_index_supports_category,prior_index_only,True,False,True,False,False,612.0,792.0,91568,"JEPPESEN ISTANBUL, TURKIYE v: 11 hPa Trans level: By ATC DA(H) (201') Apt Elev 325' Rwy 309' ILS 510' ermitted until passing KESKN. tercept point ZOVCE. MDA(H) CIRCLE-TO-LAND Max 180 205 V2400m V3600m 1400'(1075') 1400'(1075') 4.4 3.1"
1329,True,LTFM,,False,,False,ILS X OR LOC X RWY 36,APP,APP,APP,55,REVIEW,True,only_old_index_supports_category,prior_index_only,True,False,True,False,False,612.0,792.0,78571,"JEPPESEN 31-18A ISTANBUL, TURKIYE v: 11 hPa Trans level: By ATC Apt Elev 325' Rwy 309' ermitted until passing KESKN. tercept point ZOVCE. 4.4 3.1 120 140 160 637 743 849 3.3 4000' MANDATORY 353^ 5.9"
1330,True,LTFM,,False,31-19,True,VOR Z RWY 36,APP,APP,APP,55,REVIEW,True,only_old_index_supports_category,prior_index_only,True,False,True,False,False,612.0,792.0,93734,"| JEPPESEN, 2020, 2026. ALL RIGHTS RESERVED. JEPPESEN 31-19 ISTANBUL, TURKIYE v: 11 hPa Trans level: By ATC Apt Elev 325' Rwy 309' MDA(H) CIRCLE-TO-LAND Max 180 205 V2400m V3600m 1400'(1075') 1400'(1075') 3.0 3.1 100 135 V1500m"
1331,True,LTFM,,False,32-1,False,RNP Z RWY 16R,APP,APP,APP,55,REVIEW,True,only_old_index_supports_category,prior_index_only,True,False,True,False,False,612.0,792.0,87699,3.00^ Apt Elev 325' NEDBA 3000'(2781') (501') 720' Rwy 219' 270^ 090^ 3500 3000 MSA ARP ev: 8 hPa S out MDA(H) CIRCLE-TO-LAND Max 100 135 180 205 V1500m V1600m V2400m
1332,True,LTFM,,False,,False,RNP RWY 17L,APP,APP,APP,55,REVIEW,True,only_old_index_supports_category,prior_index_only,True,False,True,False,False,612.0,792.0,90639,Apt Elev 325' USROF 5000'(4798') (518') 720' Rwy 202' 270^ 090^ 3500 3000 MSA ARP ev: 7 hPa PAPI PAPI .00^ Rwy 202' MA17L ATBES LADUX ALSF-II REIL 230 KT 5000' NASVU 173^
1333,True,LTFM,,False,,False,RNP RWY 18,APP,APP,APP,55,REVIEW,True,only_old_index_supports_category,prior_index_only,True,False,True,False,False,612.0,792.0,91172,AVTEQ 4000'(3779') (499') DA(H) 720' LNAV/VNAV MANDATORY ATORY Rwy 221' AVTEQ ISSIZ MA18 EZGEC 3.00^ 230 KT MAX 173^ FM~38 PAPI REIL HIALS-II 1 5:09 4:25 3:52 on At 180 KT At 160 KT
1334,True,LTFM,,False,32-4,False,RNP Z RWY 34L,APP,APP,APP,55,REVIEW,True,only_old_index_supports_category,prior_index_only,True,False,True,False,False,612.0,792.0,93711,MANDATORY 353^ 3 . 0 0 ^ Apt Elev 325' ELNUG 3000'(2675') (575') Rwy 325' MANDATORY PAPI PAPI ELNUG ANQEQ DA(H) LNAV/VNAV 210 KT 1200' FM342 353^ REIL ALSF-II
1335,True,LTFM,,False,32-5,False,RNP Z RWY 35R,APP,APP,APP,55,REVIEW,True,only_old_index_supports_category,prior_index_only,True,False,True,False,False,612.0,792.0,91457,MANDATORY 353^ 3 . 0 0 ^ MANDATORY PAPI PAPI OLGAV NASVU EWREQ FRUGO REIL ALSF-II Apt Elev 325' EPPUQ 5000'(4690') (490') Rwy 310' DA(H) 800' LNAV/VNAV
1336,True,LTFM,,False,32-6,False,RNP Z RWY 36,APP,APP,APP,91,MATCH,False,independently_consistent,instrument_approach_header,True,False,True,False,False,612.0,792.0,97751,"KESKN MANDATORY 4000'(3691') LNAV/VNAV DA(H) (491') 800' Apt Elev 325' Rwy 309' | JEPPESEN, 2020, 2026. ALL RIGHTS RESERVED. JEPPESEN ISTANBUL, TURKIYE v: 11 hPa Trans level: By ATC 270^ 090^ 3500 3000 MSA ARP RNP Z Rwy 36 SS required. 3. Baro VNAV operations not authorized below -20^C and MANDATORY 353^ MANDATORY"
1337,True,UDYZ,UDYZ,False,,False,AIRPORT INFORMATION,AIRPORT,AIRPORT,AIRPORT,88,MATCH,False,independently_consistent,airport_header,True,False,True,False,False,612.0,792.0,1917,"General Information Location: YEREVAN ARM ICAO/IATA: UDYZ / EVN Lat/Long: N40° 08.8', E044° 23.8' Elevation: 2838 ft Airport Use: Public Daylight Savings: Not Observed UTC Conversion: -4:00 = UTC Magnetic Variation: 7.0° E Fuel Types: Jet A-1 Repair Types: Minor Airframe, Minor Engine General Information Location: YEREVAN ARM ICAO/IATA: UDYZ / EVN "
1338,True,UDYZ,UDYZ,False,10-1R,True,RADAR MINIMUM ALTITUDES,AIRPORT,AIRPORT,AIRPORT,96,MATCH,False,independently_consistent,Jeppesen_10_20_airport_series,True,False,True,False,False,612.0,792.0,11094,"GOSIS 140 160 Apt Elev Alt Set: hPa Trans level: By ATC Trans alt: 11500 2838 JEPPESEN UDYZ/EVN YEREVAN, ARMENIA .RADAR.MINIMUM.ALTITUDES. 10-1R ZVARTNOTS 50 14 AUG 26 VAN D40 45-00 45-30 During RADAR vectoring proceed to OKUDA at last cleared altitude but not below 7000. COMMS LOST"
1339,True,UDYZ,,False,10-2,False,"EDULO 1A, LODAC 1A, SEVAN 1F",STAR,STAR,STAR,96,MATCH,False,independently_consistent,Jeppesen_10-2_series,True,False,True,False,False,612.0,792.0,30560,11000 FL130 10500 Apt Elev ATIS 119.5 MAXAK 2 2 2 ^ 1 6 . 9 S E V A N 1 F 2838 (RWY 08)
1340,True,UDYZ,,False,10-2A,False,"EDULO 1B, FODEC 1B, LODAC 1B, SEVAN 3B",STAR,STAR,STAR,96,MATCH,False,independently_consistent,Jeppesen_10-2_series,True,False,True,False,False,612.0,792.0,20021,0 R V Z V OR 9200 FL130 MAX 215 KT MHA 9200 UMIK XAK 2 2 2 ^ 1 6 . 9 S E V A
1341,True,UDYZ,,False,10-2B,False,"FODEC 1A, SEVAN 5A, SEVAN 1G",STAR,STAR,STAR,96,MATCH,False,independently_consistent,Jeppesen_10-2_series,True,False,True,False,False,612.0,792.0,26079,"13,000 2 1 8 ^ R V Z V OR 11000 Apt Elev ATIS 119.5 MAXAK 2 2 2 ^ 1 6 . 9 S"
1342,True,UDYZ,,False,10-3,False,"EVGED 1E, INDUR 4E, KOSFI 1E, RUDRO 1E",SID,SID,SID,96,MATCH,False,independently_consistent,Jeppesen_10-3_series,True,False,True,False,False,612.0,792.0,35401,"3,000 2 1 8 ^ ^ FL140 FL120 EVGED 1E [EVGE1E] INDUR 4E [INDU4E] Apt Elev 126.0 YEREVAN Approach 2838 JEPPESEN Trans alt: 11500 RNAV 1 GNSS required 26 JUN 26 .Eff.9.Jul. YZ67~ KOSFI 12.9 KOSFI 1E"
1343,True,UDYZ,,False,10-3A,False,"EVGED 1H, INDUR 4H, KOSFI 1H, RUDRO 1H",SID,SID,SID,96,MATCH,False,independently_consistent,Jeppesen_10-3_series,True,False,True,False,False,612.0,792.0,26930,"13,000 2 1 8 ^ 318^ FL140 JEPPESEN 26 JUN 26 .Eff.9.Jul. KOSFI KOSFI 1H EVGED 1H [EVGE1H] INDUR 4H [INDU4H] (RWY 08) RNAV DEPARTURES KOSFI 1H [KOSF1H] RUDRO 1H [RUDR1H] Apt Elev 126.0 YEREVAN Approach 2838 1. Contact YEREVAN Approach"
1344,True,UDYZ,,False,10-9,False,Airport Diagram Chart (ADC),AIRPORT,AIRPORT,AIRPORT,96,MATCH,False,independently_consistent,Jeppesen_10_20_airport_series,True,False,True,False,False,612.0,792.0,7039,"Apt Elev 40-09 40-09 40-10 40-10 44-22 44-23 44-24 44-25 44-26 Control Tower JEPPESEN Pocket A 17 OCT 25 .Eff.30.Oct. 07^E A 12,631' 3850m Elev 2838' ZVARTNOTS N40 08.8 E044 23.8"
1345,True,UDYZ,,False,10-9A,True,PARKING STANDS & COORDS,AIRPORT,AIRPORT,AIRPORT,96,MATCH,False,independently_consistent,Jeppesen_10_20_airport_series,True,False,True,False,False,612.0,792.0,21100,10-9A JEPPESEN 25 26 28 29 30 31 32 Cargo Terminal APRON 3 44-24.9 44-24.8 44-24.7 44-24.6 5 44-24.6 44-24.7 44-24.8 44-24.9 5 40-09.1 40-08.9 40-08.8 40-09.2
1346,True,UDYZ,UDYZ,False,10-9S,True,MINIMUMS,AIRPORT,AIRPORT,AIRPORT,96,MATCH,False,independently_consistent,Jeppesen_10_20_airport_series,True,False,True,False,False,612.0,792.0,4233,10-9S JEPPESEN 3 .EASA.AIR.OPS. 1 3 2 2 2 2 28 JUN 24 .Eff.11.Jul. STRAIGHT-IN RWY D C B A UDYZ/EVN 08 ZVARTNOTS (200') (200') 3000' 3000'
1347,True,UDYZ,UDYZ,False,11-1,True,APPROACH 11-1,APP,APP,APP,84,MATCH,False,independently_consistent,Jeppesen_approach_number_series,True,False,True,False,False,612.0,792.0,8532,"UD(R)-1 40-15 YEREVAN, ARMENIA ZVARTNOTS LOC 108.1 IZR 083^ 5100' ILS DA(H) 3000'(200') ATIS 119.5 126.0 128.0 UDYZ/EVN 11-1 119.0 BRIEFING STRIP TM Trans level: By ATC Rwy Elev: 98 hPa Alt Set: hPa"
1348,True,UDYZ,UDYZ,False,11-1A,True,APPROACH 11-1A,APP,APP,APP,84,MATCH,False,independently_consistent,Jeppesen_approach_number_series,True,False,True,False,False,612.0,792.0,7794,"UD(R)-1 40-15 YEREVAN, ARMENIA ZVARTNOTS LOC 108.1 IZR 083^ 5100' DA(H) Final Apch Crs UDYZ/EVN BRIEFING STRIP TM Trans level: By ATC Rwy Elev: 98 hPa Alt Set: hPa MISSED APCH: 10 11-1A CAT II ILS RA 100' 2900'(100')"
1349,True,UDYZ,UDYZ,False,12-1,True,RNP RWY 08,APP,APP,APP,84,MATCH,False,independently_consistent,Jeppesen_approach_number_series,True,False,True,False,False,612.0,792.0,7543,"UD(P)-1 UD(R)-1 OKUDA (IAF) 083^ 5100'(2300') YEREVAN, ARMENIA ZVARTNOTS ATIS 119.5 126.0 128.0 UDYZ/EVN 12-1 119.0 Trans level: By ATC BRIEFING STRIP TM Alt Set: hPa Rwy Elev: 98 hPa YEREVAN Tower Ground DA(H) 3150'(350')"
1350,True,UDYZ,UDYZ,False,,False,RNP RWY 26,APP,APP,APP,55,REVIEW,True,only_old_index_supports_category,prior_index_only,True,False,True,False,False,612.0,792.0,10370,"UD(R)-1 UD(R)-3 UD(R)-2 YZ515 BASRU YZ5~5 9.9 NM to RW26 6.2 NM 263^ YEREVAN, ARMENIA ZVARTNOTS UDYZ/EVN 12-2 Trans level: By ATC Alt Set: hPa Rwy Elev: 100 hPa MISSED APCH: BRIEFING STRIP TM ATIS 119.5 126.0 128.0 119.0"
1351,True,UDYZ,UDYZ,False,,False,RNP RWY 26,APP,APP,APP,55,REVIEW,True,only_old_index_supports_category,prior_index_only,True,False,True,False,False,612.0,792.0,8988,"UD(R)-3 UD(R)-1 UD(R)-2 AGUGO YZ5~5 263^ YEREVAN, ARMENIA ZVARTNOTS UDYZ/EVN 12-3 Trans level: By ATC Alt Set: hPa Rwy Elev: 100 hPa MISSED APCH: BRIEFING STRIP TM ATIS 119.5 126.0 128.0 119.0 YEREVAN Tower Ground 5200'(2362') YEREVAN Approach"
1352,True,UDYZ,UDYZ,False,12-40,False,GLS RWY 08,APP,APP,APP,84,MATCH,False,independently_consistent,Jeppesen_approach_number_series,True,False,True,False,False,612.0,792.0,7135,"UD(P)-1 UD(R)-1 083^ 5100'(2300') YEREVAN, ARMENIA ZVARTNOTS ATIS 119.5 126.0 128.0 UDYZ/EVN 119.0 Trans level: By ATC BRIEFING STRIP TM Alt Set: hPa Rwy Elev: 98 hPa YEREVAN Tower Ground DA(H) MISSED APCH: YEREVAN Approach Final Apch Crs"
1353,True,UDYZ,UDYZ,False,13-1,True,VOR DME RWY 08,APP,APP,APP,84,MATCH,False,independently_consistent,Jeppesen_approach_number_series,True,False,True,False,False,612.0,792.0,6907,"UD(R)-1 VOR 112.3 ZVR 083^ 5100' D5.4 (2300') YEREVAN, ARMENIA ZVARTNOTS ATIS 119.5 126.0 128.0 UDYZ/EVN 13-1 119.0 Trans level: By ATC BRIEFING STRIP TM Alt Set: hPa Rwy Elev: 98 hPa YEREVAN Tower Ground"
1354,True,UDYZ,UDYZ,False,19-01,True,AIRPORT QUALIFICATION,AIRPORT,AIRPORT,AIRPORT,88,MATCH,False,independently_consistent,airport_header,True,False,True,False,False,612.0,792.0,4501,"19-01 5 JUN 26 Control Tower 218^ 318^ 058^ 118^ 13,000 18,100 11,300 14,700 MSA ZVR VOR JEPPESEN 1. Airport Qualification: Limited Airport Information; Lack of Accurate NOTAM Information; Unique Local Procedures; Local Weather Conditions/Weather Reporting; Language/Accents; Mountainous Terrain 2. Class C Airspace Overlies Airport A B A C .AIRPORT."
1355,True,UDYZ,UDYZ,False,19-02,True,AIRPORT QUALIFICATION,AIRPORT,AIRPORT,AIRPORT,88,MATCH,False,independently_consistent,airport_header,True,False,True,False,False,612.0,792.0,3816,"19-02 5 JUN 26 JEPPESEN Time Conv (Std): UTC +4 UDYZ/EVN Longest Rwy (LDA): Public Rwy 08/26-12,631'(3850m) ZVARTNOTS YEREVAN, ARMENIA OVERVIEW .AIRPORT.QUALIFICATION. Zvartnots Airport is located in southern Armenia, about half way between the southeastern shoreline of the Black Sea (155 NM to the west-northwest), and the western shoreline of the "
1356,True,UDYZ,,False,19-10,False,AIRPORT QUALIFICATION,AIRPORT,APP,APP,84,CONFLICT,True,index_vs_pdf_category,Jeppesen_approach_number_series,True,False,True,False,False,612.0,792.0,4872,JEPPESEN .Eff.8.Aug. 2 AUG 24 Rwy 26 2838' CAT A & B: 128^ 083^ 083^ 083^ 112.3 ZVR DZ V R ZVARTNOTS 4.1 CAT C & D: 3.6 3169' 3045' 3007' 3342' 3324' 3695' 3810' 3599' 3342'
1357,True,UGTB,UGTB,False,,False,AIRPORT INFORMATION,AIRPORT,AIRPORT,AIRPORT,55,REVIEW,True,only_old_index_supports_category,prior_index_only,True,False,True,False,False,612.0,792.0,2123,"General Information Location: TBILISI GEO ICAO/IATA: UGTB / TBS Lat/Long: N41° 40.1', E044° 57.3' Elevation: 1578 ft Airport Use: Public Daylight Savings: Not Observed UTC Conversion: -4:00 = UTC Magnetic Variation: 7.0° E Fuel Types: Jet A-1 Repair Types: Minor Airframe, Minor Engine, Major Airframe, Major Engine Tbilisi Approach: 127.200 Tbilisi "
1358,True,UGTB,UGTB,False,,False,AIRPORT INFORMATION,AIRPORT,AIRPORT,AIRPORT,88,MATCH,False,independently_consistent,airport_header,True,False,True,False,False,612.0,792.0,1510,"General Information Location: TBILISI GEO ICAO/IATA: UGTB / TBS Lat/Long: N41° 40.1', E044° 57.3' Elevation: 1578 ft Airport Use: Public Daylight Savings: Not Observed UTC Conversion: -4:00 = UTC Magnetic Variation: 7.0° E Fuel Types: Jet A-1 Repair Types: Minor Airframe, Minor Engine, Major Airframe, Major Engine Tbilisi Approach: 127.200 Tbilisi "
1359,True,UGTB,UGTB,False,10-1P,False,AIRPORT BRIEFING,AIRPORT,AIRPORT,AIRPORT,96,MATCH,False,independently_consistent,Jeppesen_10_20_airport_series,True,False,True,False,False,612.0,792.0,3489,"JEPPESEN 1. GENERAL 1.1. ATIS 1.2. .Eff.30.Oct. 24 OCT 25 ATIS 132.8 TAXI INFORMATION TWY D - military responsibility. TWY B, Apron TWY C and TWY E are used for maneuvering of any type of aircraft. For apron 4 assistance from the ""FOLLOW ME"" vehicle is required for all categories aircraft. On RWY 13R/31L only aircraft with code ""C"" or lower are all"
1360,True,UGTB,UGTB,False,10-1P1,True,AIRPORT BRIEFING,AIRPORT,AIRPORT,AIRPORT,96,MATCH,False,independently_consistent,Jeppesen_10_20_airport_series,True,False,True,False,False,612.0,792.0,2626,"JEPPESEN 2. ARRIVAL 2.1. .Eff.30.Oct. 24 OCT 25 TAXI PROCEDURES Arriving aircraft will be allocated a stand number by the TWR. 3.1. 3. DEPARTURE START-UP, PUSHBACK AND TAXI PROCEDURES Departing IFR and VFR flights shall contact TWR to obtain ATC clearance before commencing taxiing. Request for ATC clearance may take place at earliest 10 minutes pri"
1361,True,UGTB,UGTB,False,10-1R,True,RADAR MINIMUM ALTITUDES,AIRPORT,AIRPORT,AIRPORT,96,MATCH,False,independently_consistent,Jeppesen_10_20_airport_series,True,False,True,False,False,612.0,792.0,14263,"D D 6 0 GEORGIA AZERBAIJAN rans alt: 11000 .Eff.3.Dec. 27 NOV 20 9000 ss-checking of altitudes assigned by a controller em. ed for low temperatures to -14^C (UGTB temperature). ned to MAINTAIN ACFT in controlled airspace and n and surveillance facilities. JEPPESEN 10-1R UGTB/TBS TBILISI TBILISI, GEORGIA .RADAR.MINIMUM.ALTITUDES. 12783 46-00 46-30"
1362,True,UGTB,,False,10-2,False,"GIMUR 1B, LAGAS 1B, LAMUS 1B, TISOT 1B",STAR,STAR,STAR,96,MATCH,False,independently_consistent,Jeppesen_10-2_series,True,False,True,False,False,612.0,792.0,49335,2 6 0 ^ 9000 Apt Elev ATIS 132.8 1578 15 DEC 23 .Eff.28.Dec. MAX 280 KT MAX FL200 MHA 9000 0 7 8 ^ 2 5 8 ^ LAMUS 299^
1363,True,UGTB,,False,10-2A,False,"GIMUR 1A, LAGAS 1A, LAMUS 1A, TISOT 1A",STAR,STAR,STAR,96,MATCH,False,independently_consistent,Jeppesen_10-2_series,True,False,True,False,False,612.0,792.0,62829,2 6 0 ^ 8000 0 5500 Apt Elev ATIS 132.8 1578 15 DEC 23 .Eff.28.Dec. MAX 280 KT MAX FL200 MHA 8000 0 7 8 ^ 2 5 8 ^
1364,True,UGTB,,False,10-3,False,"DISKA 1E, KUFAN 1E, LAPTO 1E, TAVRO 1E",SID,SID,SID,96,MATCH,False,independently_consistent,Jeppesen_10-3_series,True,True,True,False,False,612.0,792.0,11982,"Apt Elev Trans alt: 11000 1578 56.7 10 20 30 40 50 0 5 15 25 35 45 5 16445 1. RNAV 1. 2. GNSS required. 3. WARNING: Take-off to be carried out using noise abatement procedures for the area according to Aircraft Operation Manual. 4. When cleared level requires ACFT to level-off on SID, ATC Surveillance Minimum Altitudes will be respected by controll"
1365,True,UGTB,,False,10-3A,False,"DISKA 1D, KUFAN 1D, LAPTO 1D",SID,SID,SID,96,MATCH,False,independently_consistent,Jeppesen_10-3_series,True,True,True,False,False,612.0,792.0,14647,"Apt Elev Trans alt: 11000 1578 10 20 30 40 50 0 5 15 25 35 45 5 LAPTO 1D 16445 Climb on 310^ course, when passing 6500 turn RIGHT direct to TB2~~, to DISKA. 1. WARNING: Take-off to be carried out using noise abatement procedures for the area according to Aircraft Operation Manual. 2. When cleared level requires ACFT to level-off on SID, ATC Surveil"
1366,True,UGTB,UGTB,False,10-3B,True,TAVRO 2D,SID,SID,SID,96,MATCH,False,independently_consistent,Jeppesen_10-3_series,True,False,True,False,False,612.0,792.0,4724,"7000 8900 147^ Trans alt: 11000 RNAV 1 GNSS required Apt Elev 1578 1. WARNING: Take-off to be carried out using noise abatement procedures for the area according to Aircraft Operation Manual. 2. When cleared level requires ACFT to level-off on SID, ATC Surveillance Minimum Altitudes will be respected by controller. 3. Loss of RNAV1 (GNSS) capabilit"
1367,True,UGTB,UGTB,False,10-3C,True,"DF 1D, DF 1E",SID,SID,SID,98,MATCH,False,independently_consistent,printed_SID_header,True,False,True,False,False,612.0,792.0,4811,"1 9000 520 DF MUKHRANI DF Trans alt: 11000 Apt Elev 1578 .SID. JEPPESEN 10-3C 20 25 UGTB/TBS TBILISI TBILISI, GEORGIA 18 OCT 24 .Eff.31.Oct. DF 1D: 1. WARNING: Take-off to be carried out using noise abatement procedures for the area according to Aircraft Operation Manual. 2. When cleared level requires ACFT to level-off on SID, ATC Surveillance Min"
1368,True,UGTB,,False,10-9,False,Airport Diagram Chart (ADC),AIRPORT,AIRPORT,AIRPORT,96,MATCH,False,independently_consistent,Jeppesen_10_20_airport_series,True,False,True,False,False,612.0,792.0,6314,x x Apt Elev APRON 4 13R 130^ Control Tower 9843' JEPPESEN APRON 1 ARP APRON 3 3000m VOR AIS + MET 07^E Terminal 1 1 1 APN TWY C 41-40 41-40 41-41
1369,True,UGTB,,False,10-9A,False,PARKING STANDS & COORDS,AIRPORT,AIRPORT,AIRPORT,96,MATCH,False,independently_consistent,Jeppesen_10_20_airport_series,True,False,True,False,False,612.0,792.0,7569,LEGEND 16 Terminal APRON 1 1 2 3 A APRON 3 20 B Control Tower 17 18 19 22 F C1 C2 C3 C4 C5 C6
1370,True,UGTB,UGTB,False,10-9S,True,MINIMUMS,AIRPORT,AIRPORT,AIRPORT,96,MATCH,False,independently_consistent,Jeppesen_10_20_airport_series,True,False,True,False,False,612.0,792.0,4061,"10-9S JEPPESEN 2 2 TBILISI UGTB/TBS TBILISI, GEORGIA 3 1 1 1 1 .EASA.AIR.OPS. .Eff.16.Jun. 4 3 JUN 22 1 1 1 1 STRAIGHT-IN RWY D C B"
1371,True,UGTB,,False,11-1,False,ILS Z RWY 13R,APP,APP,APP,91,MATCH,False,independently_consistent,instrument_approach_header,True,False,True,False,False,612.0,792.0,9589,"UG(R) -29 3000 3000 3000 4000 4000 5000 5000 5000 TBILISI TBILISI, GEORGIA ATIS 119.0 LOC IVP 110.3 DA(H) Apt Elev Rwy 1578' 1578' 260^ 132.8 5300'"
1372,True,UGTB,,False,11-2,False,LOC Z RWY 13R,APP,APP,APP,91,MATCH,False,independently_consistent,instrument_approach_header,True,False,True,False,False,612.0,792.0,10308,"UG(R) -29 3000 3000 3000 4000 4000 4000 5000 5000 TBILISI TBILISI, GEORGIA ATIS 119.0 LOC IVP 110.3 Apt Elev Rwy 1578' 1578' 260^ 132.8 5300' BRIEFING STRIP"
1373,True,UGTB,,False,11-3,False,ILS Y RWY 13R,APP,APP,APP,91,MATCH,False,independently_consistent,instrument_approach_header,True,False,True,False,False,612.0,792.0,9354,"UG(R) -29 3000 3000 3000 0 4000 4000 4000 5000 5000 3000 5000 TBILISI TBILISI, GEORGIA ATIS 119.0 LOC IVP 110.3 DA(H) Apt Elev Rwy 1578' 1578'"
1374,True,UGTB,,False,11-4,False,LOC Y RWY 13R,APP,APP,APP,91,MATCH,False,independently_consistent,instrument_approach_header,True,False,True,False,False,612.0,792.0,10315,"UG(R) -29 3000 3000 3000 0 4000 4000 4000 5000 5000 5000 3000 TBILISI TBILISI, GEORGIA ATIS 119.0 LOC IVP 110.3 Apt Elev Rwy 1578' 1578' 260^"
1375,True,UGTB,,False,11-5,False,ILS Z RWY 31L,APP,APP,APP,91,MATCH,False,independently_consistent,instrument_approach_header,True,True,True,False,False,612.0,792.0,10233,"UG(R)-1 UG(R)-3 UG(R) -31 3000 3000 3000 3000 3 3000 4000 4000 TBILISI TBILISI, GEORGIA ATIS 119.0 LOC INA 108.9 DA(H) Apt Elev Rwy 1513' 1578' 260^"
1376,True,UGTB,,False,11-6,False,LOC Z RWY 31L,APP,APP,APP,91,MATCH,False,independently_consistent,instrument_approach_header,True,True,True,False,False,612.0,792.0,11554,"UG(R)-1 UG(R)-3 3000 3000 3000 3000 3 3000 4000 4000 TBILISI TBILISI, GEORGIA ATIS 119.0 LOC INA 108.9 Apt Elev Rwy 1513' 1578' 260^ 132.8 4000' BRIEFING STRIP"
1377,True,UGTB,,False,11-7,False,ILS Y RWY 31L,APP,APP,APP,91,MATCH,False,independently_consistent,instrument_approach_header,True,True,True,False,False,612.0,792.0,9877,"UG(R)-1 UG(R)-3 3000 3000 3000 3 3000 4000 4000 TBILISI TBILISI, GEORGIA ATIS 119.0 LOC INA 108.9 DA(H) Apt Elev Rwy 1513' 1578' 260^ 132.8 4000' BRIEFING STRIP"
1378,True,UGTB,,False,11-8,False,LOC Y RWY 31L,APP,APP,APP,91,MATCH,False,independently_consistent,instrument_approach_header,True,True,True,False,False,612.0,792.0,12594,"UG(R)-1 UG(R)-3 UG(R) -31 3000 3000 3000 3000 3 3000 4000 4000 TBILISI TBILISI, GEORGIA ATIS 119.0 LOC INA 108.9 Apt Elev Rwy 1513' 1578' 260^ 132.8"
1379,True,UGTB,,False,13-1,False,VOR RWY 13R,APP,APP,APP,84,MATCH,False,independently_consistent,Jeppesen_approach_number_series,True,False,True,False,False,612.0,792.0,10095,"UG(R)-14 UG(R)-25 UG(R)-29 UG(R)-50 3000 3000 4000 4000 4000 5000 5000 6000 TBILISI TBILISI, GEORGIA ATIS 119.0 VOR TBS 113.7 132.8 5300' BRIEFING STRIP TM TBILISI Tower"
1380,True,UGTB,UGTB,False,13-2,True,VOR RWY 31L,APP,APP,APP,84,MATCH,False,independently_consistent,Jeppesen_approach_number_series,True,False,True,False,False,612.0,792.0,11927,"UG(R)-1 UG(R)-14 UG(R)-17 UG(R)-25 UG(R)-3 UG(R) -31 UG(R)-50 3000 3000 4000 4000 5000 5000 TBILISI TBILISI, GEORGIA 13-2 BRIEFING STRIP TM UGTB/TBS 309^ ATIS 119.0 132.8"
1381,True,UGTB,,False,19-01,True,AIRPORT QUALIFICATION,AIRPORT,AIRPORT,AIRPORT,88,MATCH,False,independently_consistent,airport_header,True,False,True,False,False,612.0,792.0,4460,x x 19-01 27 MAR 26 260^ 056^ 117^ 147^ 7000 9300 7000 8900 MSA TBS VOR Control Tower ARP VOR JEPPESEN Lack of Accurate NOTAM Information; Unique Local Procedures; Local Weather Conditions/Weather Reporting; Language/Accents; Mountainous Terrain 1. Airport Qualification: Limited Airport Information; 2. Class C Airspace Overlies Airport Elev
1382,True,UGTB,UGTB,False,19-02,True,AIRPORT QUALIFICATION,AIRPORT,AIRPORT,AIRPORT,88,MATCH,False,independently_consistent,airport_header,True,False,True,False,False,612.0,792.0,3534,"19-02 27 MAR 26 JEPPESEN Time Conv (Std): UTC +4 UGTB/TBS Longest Rwy (LDA): Public Rwy 13R/31L-9843'(3000m) TBILISI TBILISI, GEORGIA OVERVIEW .AIRPORT.QUALIFICATION. Tbilisi Airport is located in the southeastern portion of the Republic of Georgia. The airport is near the head of the Kura River Valley. This valley separates the Greater Caucasus Mo"
1383,True,UGSB,UGSB,False,,False,AIRPORT INFORMATION,AIRPORT,AIRPORT,AIRPORT,88,MATCH,False,independently_consistent,airport_header,True,False,True,False,False,612.0,792.0,1770,"General Information Location: BATUMI GEO ICAO/IATA: UGSB / BUS Lat/Long: N41° 36.6', E041° 36.0' Elevation: 37 ft Airport Use: Public Daylight Savings: Not Observed UTC Conversion: -4:00 = UTC Magnetic Variation: 7.0° E Fuel Types: Jet A-1 Repair Types: Major Airframe, Major Engine General Information Location: BATUMI GEO ICAO/IATA: UGSB / BUS Lat/"
1384,True,UGSB,UGSB,False,10-1P,False,AIRPORT BRIEFING,AIRPORT,AIRPORT,AIRPORT,96,MATCH,False,independently_consistent,Jeppesen_10_20_airport_series,True,False,True,False,False,612.0,792.0,5703,"JEPPESEN 1. GENERAL 1.2. UGSB/BUS BATUMI, GEORGIA TAXI INFORMATION Helicopters shall always be directed to the stand by a marshaller. Helicopters with wheeled landing gear shall ground taxi to/from stands 10, 16, 17, 18,19. Helicopters with skid landing gear shall air taxi to/from stands 10, 16, 17, 18, 19. Helicopters shall taxi into aircraft stan"
1385,True,UGSB,UGSB,False,10-1R,True,RADAR MINIMUM ALTITUDES,AIRPORT,AIRPORT,AIRPORT,96,MATCH,False,independently_consistent,Jeppesen_10_20_airport_series,True,False,True,False,False,612.0,792.0,6713,"2 N M 40NM UG(P)-01 UGSB/BUS BATUMI 50 45 .RADAR.MINIMUM.ALTITUDES. 10-1R .Eff.18.May. BATUMI, GEORGIA JEPPESEN 5 MAY 23 1. The chart may only be used for cross-checking of altitudes assigned by a controller while using an ATC surveillance system. 2. The minimum altitudes are protected for low temperatures to -6^C (UGSB temperature). 3. The minimum"
1386,True,UGSB,,False,10-2,False,KUSSA 1A,STAR,STAR,STAR,96,MATCH,False,independently_consistent,Jeppesen_10-2_series,True,False,True,False,False,612.0,792.0,50101,"13,600 2 1 7 ^ 00 7000 7000 FL130 FL110 FL090 KUSSA SB1~4 SB1~3 SB1~2 ODILI 1~~ 6.0 4.0 5.6 ODILI 1 2 2 8"
1387,True,UGSB,UGSB,False,10-3,True,TUZZA 1D,SID,SID,SID,98,MATCH,False,independently_consistent,printed_SID_header,True,False,True,False,False,612.0,792.0,26430,"KUTAISI Kopitnari UGKO FL130 FL130 10-3 JEPPESEN UGSB/BUS BATUMI BATUMI, GEORGIA .RNAV.SID. NOT TO SCALE BARUS FIBBE SB2~2 11.7 3 2. 0 F IB BE 1 BARUS 1"
1388,True,UGSB,UGSB,False,10-9,True,Airport Diagram Chart (ADC),AIRPORT,AIRPORT,AIRPORT,96,MATCH,False,independently_consistent,Jeppesen_10_20_airport_series,True,False,True,False,False,612.0,792.0,5203,"Apt Elev BATUMI, GEORGIA BATUMI UGSB/BUS 10-9 37' N41 36.6 E041 36.0 118.6 ARP Elev 17' 8202'2500m 07^E PARKING POSITIONS STAND COORDINATES A BATUMI Tower JEPPESEN Control Tower MET Hangar Terminal 12"
1389,True,UGSB,,False,10-9S,True,MINIMUMS,AIRPORT,AIRPORT,AIRPORT,96,MATCH,False,independently_consistent,Jeppesen_10_20_airport_series,True,False,True,False,False,612.0,792.0,2965,10-9S 377' JEPPESEN 1 487' 400' 500' 630' 3 630' 750' 750' 2 3 850' 850' 2 850' 850' ALS out R1500m R1500m R2200m R2200m
1390,True,UGSB,UGSB,False,11-1,True,ILS Z OR LOC Z RWY 12,APP,APP,APP,91,MATCH,False,independently_consistent,instrument_approach_header,True,False,True,False,False,612.0,792.0,7050,"MISSED APCH: BRIEFING STRIP TM UGSB/BUS 11-1 BATUMI, GEORGIA BATUMI LOC ILU 110.3 124^ Alt Set: hPa Rwy Elev: 1 hPa Trans level: FL090 Trans alt: 7000' 118.6 DA(H) BATUMI Tower BATUMI Approach Final Apch Crs 10 Refer to Minimums"
1391,True,UGSB,UGSB,False,11-2,True,CHART PAGE 805,APP,APP,APP,91,MATCH,False,independently_consistent,instrument_approach_header,True,False,True,False,False,612.0,792.0,8739,"MISSED APCH: BRIEFING STRIP TM UGSB/BUS 11-2 BATUMI, GEORGIA BATUMI LOC ILU 110.3 124^ Alt Set: hPa Rwy Elev: 1 hPa Trans level: FL090 Trans alt: 7000' Final Apch Crs 10 Refer to Minimums JEPPESEN 2000'(1983') Rwy 17' Apt Elev 37'"
1392,True,UGSB,UGSB,False,11-3,True,ILS Y RWY 12,APP,APP,APP,91,MATCH,False,independently_consistent,instrument_approach_header,True,False,True,False,False,612.0,792.0,9927,"1000 2000 MISSED APCH: BRIEFING STRIP TM UGSB/BUS 11-3 BATUMI, GEORGIA BATUMI LOC ILU 110.3 124^ Alt Set: hPa Rwy Elev: 1 hPa Trans level: FL090 Trans alt: 7000' DA(H) Final Apch Crs 10 Refer to Minimums JEPPESEN 2000'(1983')"
1393,True,UGSB,UGSB,False,11-4,True,LOC Y RWY 12,APP,APP,APP,91,MATCH,False,independently_consistent,instrument_approach_header,True,False,True,False,False,612.0,792.0,9394,"1000 2000 MISSED APCH: BRIEFING STRIP TM UGSB/BUS 11-4 BATUMI, GEORGIA BATUMI LOC ILU 110.3 124^ Alt Set: hPa Rwy Elev: 1 hPa Trans level: FL090 Trans alt: 7000' Final Apch Crs 5 10 Refer to Minimums JEPPESEN 2000'(1983')"
1394,True,UGSB,UGSB,False,16-1,True,NDB RWY 12,APP,APP,APP,91,MATCH,False,independently_consistent,instrument_approach_header,True,False,True,False,False,612.0,792.0,8778,"BRIEFING STRIP TM UGSB/BUS BATUMI, GEORGIA BATUMI NDB 123^ Final Apch Crs 5 10 JEPPESEN 2000'(1983') Rwy 17' Apt Elev 37' D6.0 ILU LU 430 16-1 NDB Rwy 12 Refer to Minimums MISSED APCH: Alt Set: hPa"
1395,True,OMDB,OMDB,False,,False,AIRPORT INFORMATION,AIRPORT,AIRPORT,AIRPORT,55,REVIEW,True,only_old_index_supports_category,prior_index_only,True,False,True,False,False,612.0,792.0,3070,"General Information Location: DUBAI ARE ICAO/IATA: OMDB / DXB Lat/Long: N25° 15.2', E055° 21.9' Elevation: 62 ft Airport Use: Public Daylight Savings: Not Observed UTC Conversion: -4:00 = UTC Magnetic Variation: 2.0° E Fuel Types: 100 Octane (LL), Jet A-1 Repair Types: Minor Airframe, Minor Engine Lighting: Edge, ALS, Centerline, REIL, TDZ Displace"
1396,True,OMDB,OMDB,False,,False,AIRPORT INFORMATION,AIRPORT,AIRPORT,AIRPORT,55,REVIEW,True,only_old_index_supports_category,prior_index_only,True,False,True,False,False,612.0,792.0,3132,"General Information Location: DUBAI ARE ICAO/IATA: OMDB / DXB Lat/Long: N25° 15.2', E055° 21.9' Elevation: 62 ft Airport Use: Public Daylight Savings: Not Observed UTC Conversion: -4:00 = UTC Magnetic Variation: 2.0° E Fuel Types: 100 Octane (LL), Jet A-1 Repair Types: Minor Airframe, Minor Engine Lighting: Edge, ALS, Centerline, REIL, TDZ Displace"
1397,True,OMDB,,False,10-1P,False,AIRPORT BRIEFING,AIRPORT,AIRPORT,AIRPORT,96,MATCH,False,independently_consistent,Jeppesen_10_20_airport_series,True,False,True,False,False,612.0,792.0,4944,"JEPPESEN 1. GENERAL 1.1. .Eff.31.Oct. ATIS D-ATIS Arrival 126.275 1.2. NOISE ABATEMENT PROCEDURES 25 OCT 24 D-ATIS Departure 131.7 Except for passenger operations, ACFT not in possession of noise certification in accordance with Annex 16 to the ICAO and/or ACFT whose noise certification does not conform to the minimum standards set out in Annex 16,"
1398,True,OMDB,OMDB,False,10-3J,False,SID 10-3J,SID,SID,SID,96,MATCH,False,independently_consistent,Jeppesen_10-3_series,True,False,True,False,False,612.0,792.0,5945,"JEPPESEN 1. GENERAL .Eff.31.Oct. 1.5. 25 OCT 24 For ACFT in the ICAO SUPER or HEAVY WTC, the suffix of 'SUPER' or 'HEAVY' does not change. On first transmission, the word ""SUPER"" or ""HEAVY"" shall still be included, as appropriate, immediately after the ACFT call sign in the initial radiotelephony contact between such ACFT and the ATS units. Peak tr"
1399,True,OMDB,OMDB,False,10-1P2,False,AIRPORT BRIEFING,AIRPORT,AIRPORT,AIRPORT,96,MATCH,False,independently_consistent,Jeppesen_10_20_airport_series,True,False,True,False,False,612.0,792.0,5112,"JEPPESEN 1. GENERAL 1.6. TAXI PROCEDURES 1.6.1. GENERAL All ACFT operating on the movement area of an aerodrome shall display lights intended to attract attention to the ACFT. Taxilanes J, J1, J2, J3, U, W, Y, Z MAX 15 KT. ACFT are not permitted to carry out 180^ turn on a TWY. In some circumstances, depending on ACFT type, TWY width and location, "
1400,True,OMDB,OMDB,False,10-1P3,True,AIRPORT BRIEFING,AIRPORT,AIRPORT,AIRPORT,96,MATCH,False,independently_consistent,Jeppesen_10_20_airport_series,True,False,True,False,False,612.0,792.0,4967,JEPPESEN 1. GENERAL 1.6.6. TURN RESTRICTIONS Heading South - Right turn onto taxilane Z not available from TWYs K10 and Y. Heading East - Left turn onto TWY R not available from TWY N. Heading South - Right turn onto TWY N not available from TWY R. Heading North - Right turn onto TWY R not available from TWY R1. Heading West - Right turn onto taxil
1401,True,OMDB,,False,10-1P4,False,AIRPORT BRIEFING,AIRPORT,AIRPORT,AIRPORT,96,MATCH,False,independently_consistent,Jeppesen_10_20_airport_series,True,False,True,False,False,612.0,792.0,5096,"JEPPESEN 1. GENERAL .Eff.28.Nov. 1.8.2. 1.8.3. 15 NOV 24 WIND SHEAR WARNINGS ON ATIS Wind shear warning issued by the National Centre of Meteorology (NCM) or received from an ACFT will be broadcast on both the departure and arrival ATIS. Regardless of any relevant information being broadcast on the ATIS, during final approach and prior to take-off,"
1402,True,OMDB,OMDB,False,10-1P5,False,AIRPORT BRIEFING,AIRPORT,AIRPORT,AIRPORT,96,MATCH,False,independently_consistent,Jeppesen_10_20_airport_series,True,False,True,False,False,612.0,792.0,3968,"JEPPESEN 2. ARRIVAL 2.2. .Eff.28.Nov. 2.3. 2.3.1. 15 NOV 24 CAT II/III OPERATIONS All RWYs approved for CAT II/III operations, special aircrew and ACFT certifica- tion required. RWY OPERATIONS When on approach to RWY 30R, pilots shall reconfirm DME/GP information and ensure that they have correctly identified the landing RWY. Do not confuse with st"
1403,True,OMDB,OMDB,False,10-1P6,True,AIRPORT BRIEFING,AIRPORT,AIRPORT,AIRPORT,96,MATCH,False,independently_consistent,Jeppesen_10_20_airport_series,True,False,True,False,False,612.0,792.0,4835,"JEPPESEN 2. ARRIVAL 2.3.2.2. CONDITIONS FOR THE APPLICATION OF RRSM RRSM may be applied H24 between: - a departing ACFT and a succeeding landing ACFT using a single RWY; or - two successive landing ACFT; or - two successive departing ACFT; provided: - Tail wind does not exceed 5 KT, and there are no reports of wind shear. - Met visibility shall be "
1404,True,OMDB,OMDB,False,10-1P7,False,AIRPORT BRIEFING,AIRPORT,AIRPORT,AIRPORT,96,MATCH,False,independently_consistent,Jeppesen_10_20_airport_series,True,False,True,False,False,612.0,792.0,4862,"JEPPESEN 2. ARRIVAL 2.3.3. 2.3.2.4. DUAL DEPENDENT RWY MODE PROCEDURE (BOTH DIRECTIONS) The procedures described in the previous section for single RWY operations for ""Landing following landing"" shall be applied in the same manner on respective RWYs during dual RWY operations. The exception for dual RWY operations is when the RWY mode becomes depen"
1405,True,OMDB,,False,10-1P8,False,AIRPORT BRIEFING,AIRPORT,AIRPORT,AIRPORT,96,MATCH,False,independently_consistent,Jeppesen_10_20_airport_series,True,False,True,False,False,612.0,792.0,5375,JEPPESEN 3.1. 3.2.1. 16 JAN 26 3. DEPARTURE SPEED RESTRICTIONS ATC has zero tolerance with regards to the compliance with speed control instructions. Pilots shall adhere to the speed approved or assigned by ATC and shall request ATC approval before making any changes thereto. When an immedi- ate speed adjustment is required for the safe operation o
1406,True,OMDB,OMDB,False,10-1P9,True,AIRPORT BRIEFING,AIRPORT,AIRPORT,AIRPORT,96,MATCH,False,independently_consistent,Jeppesen_10_20_airport_series,True,False,True,False,False,612.0,792.0,5300,"JEPPESEN 16 JAN 26 3. DEPARTURE SIMULTANEOUS PUSH OF MULTIPLE ACFT IN CLOSE VICINITY For simultaneous push from adjacent stands or alternate stands with one stand in between: - ATC will alert the crew of all involved ACFT about the simultaneous push; - ATC will provide a combination of different push-back instructions (Standard, Long etc.) such tha"
1407,True,OMDB,OMDB,False,10-1P10,True,AIRPORT BRIEFING,AIRPORT,AIRPORT,AIRPORT,96,MATCH,False,independently_consistent,Jeppesen_10_20_airport_series,True,False,True,False,False,612.0,792.0,4152,"DUBAI, UAE OMDB/DXB DUBAI INTL .AIRPORT.BRIEFING. + JEPPESEN 3.3. RWY OPERATIONS 3.3.1. REDUCED RWY SEPARATION MINIMA (RRSM) 3.3.1.1. GENERAL Special departing procedures may be utilized at Dubai Intl APT for RWY 12L/30R and 12R/30L. 3.3.1.2. SINGLE RWY MODE PROCEDURE Take-off clearance may be issued to a departing ACFT, commencing its take-off rol"
1408,True,OMDB,OMDB,False,10-1R,True,RADAR MINIMUM ALTITUDES,AIRPORT,AIRPORT,AIRPORT,96,MATCH,False,independently_consistent,Jeppesen_10_20_airport_series,True,False,True,False,False,612.0,792.0,4995,"60NM 80NM 26-00 26-30 Apt Elev OMDB/DXB .RADAR.MINIMUM.ALTITUDES. 10-1R JEPPESEN DUBAI INTL DUBAI, UAE 124.025 AL MAKTOUM Radar 62 17 MAR 23 .Eff.23.Mar. 6756 Alt Set: hPa Trans level: FL150 Trans alt: 13000 1. This chart should only be used for cross-checking of altitudes while under RADAR control. 2. Altitudes corrected for low temperatures. S8 3"
1409,True,OMDB,OMDB,False,10-2,True,STAR 10-2,STAR,STAR,STAR,98,MATCH,False,independently_consistent,printed_STAR_header,True,False,True,False,False,612.0,792.0,1632,"OMDB/DXB JEPPESEN .RNAV.STAR. 10-2 DUBAI, UAE RNAV STAR INSTRUCTIONS Pilots are required to strictly follow ATC advised STAR clearance and ensure correct readback of STAR clearance at all times. Unless explicitly cancelled or amended by ATC, the pilot must follow the vertical and lateral profile of the STAR and comply with any published speed restr"
1410,True,OMDB,,False,10-2A,False,"DATOB 1E, IMPED 3B, IMPED 3E, LORID 1E, PUVAL 5B, PUVAL 2E, VUTEB 3B, VUTEB 3E",STAR,STAR,STAR,96,MATCH,False,independently_consistent,Jeppesen_10-2_series,True,False,True,False,False,612.0,792.0,132377,O M A N U N IT E D A R A B E M IR A T E S 70^ R P A 10000
1411,True,OMDB,OMAN,True,10-2B,False,"DATOB 4C, DATOB 4D, IMPED 3C, LORID 4C, LORID 4D, PUVAL 5C, PUVAL 3D, VUTEB 4C, VUTEB 4D",STAR,STAR,STAR,96,REVIEW,True,header_icao_differs_from_index,Jeppesen_10-2_series,True,False,True,False,False,612.0,792.0,104980,OMAN UNITED ARAB EMIRATES 270^ 11000 12000 11000 10000 8000 ^ DEV 4.0 4.0 DB5~7 4.0 DB5~6 2 0 9 ^ 4 . 2 DB5~5
1412,True,OMDB,OMDB,False,10-3,True,SID 10-3,SID,SID,SID,96,MATCH,False,independently_consistent,Jeppesen_10-3_series,True,False,True,False,False,612.0,792.0,2404,"OMDB/DXB JEPPESEN 10-3 15 MAY 20 .Eff.21.May. DUBAI, UAE .DEPARTURE. SID INSTRUCTIONS Unless explicitly cancelled or amended by ATC, the pilot must follow the vertical and lateral profile of the SID and comply with any published speed restrictions. A level restriction depicted on a SID chart does not authorise a pilot to climb to meet that restrict"
1413,True,OMDB,OMDB,False,10-3A,True,"DAVMO 4G, IVURO 1G",SID,SID,SID,98,MATCH,False,independently_consistent,printed_SID_header,True,False,True,False,False,612.0,792.0,5909,"DAVMO 50 45 JEPPESEN OMDB/DXB DUBAI INTL DUBAI, UAE .RNAV.SID. Trans alt: 13000 DUBAI Departures (R) North South 121.025 Apt Elev 62 10-3A 124.675 .Eff.2.Oct. 19 SEP 25 RNAV 1 (GNSS) required 1. Execute all turns at a bank angle of 25^ or at a rate of 3^ per second, unless otherwise instructed by ATC. 2. Remain on Tower frequency until instructed o"
1414,True,OMDB,OMDB,False,10-3B,True,"DAVMO 4F, IVURO 1F",SID,SID,SID,98,MATCH,False,independently_consistent,printed_SID_header,True,False,True,False,False,612.0,792.0,30264,"RAS AL KHAIMAH OMRK -Intl 0^ A R P 00 11000 VMO GETID IVURO 101^ 9.8 11.9 50 45 OMDB/DXB DUBAI INTL JEPPESEN 10-3B DUBAI, UAE .RNAV.SID. 4.0"
1415,True,OMDB,OMDB,False,10-3C,True,ANVIX 5G,SID,SID,SID,98,MATCH,False,independently_consistent,printed_SID_header,True,False,True,False,False,612.0,792.0,18725,"E M O M A N 10000 JEPPESEN DUBAI INTL DUBAI, UAE 10-3C OMDB/DXB .RNAV.SID. ANVIX 6.0 35 40 45 UV 4158 .Eff.2.Oct. 19 SEP 25 Trans alt: 13000 NAV 1 (GNSS) required"
1416,True,OMDB,,False,10-3D,False,ANVIX 7F,SID,SID,SID,96,MATCH,False,independently_consistent,Jeppesen_10-3_series,True,False,True,False,False,612.0,792.0,24144,O M A N U N IT E D A R A B E M IR A T E S RAS AL KHAIMAH OMRK SHARJAH OMSJ
1417,True,OMDB,OMDB,False,10-3E,True,"EMERU 2G, KUTLI 4G, MIROT 3G",SID,SID,SID,98,MATCH,False,independently_consistent,printed_SID_header,True,False,True,False,False,612.0,792.0,25682,"2400 3000 270^ 5000 ASTES JEPPESEN OMDB/DXB DUBAI INTL DUBAI, UAE .RNAV.SID. 10-3E 3G [MIRO3G] 50 45 4 . 3 2G], KUTLI 4G [KUTL4G] YS 12L/R) DEPARTURES 451 (K200+) - DB46~ (K220-; 4000+) - DB465 - DB467 EMERU. 451 (K200+) - DB46~ (K220-; 4000+) - DB465 - DB467 - XARTA (13000+) - KUTLI (FL160+)."
1418,True,OMDB,OMDB,False,10-3F,True,"EMERU 2F, KUTLI 4F, MIROT 3F",SID,SID,SID,98,MATCH,False,independently_consistent,printed_SID_header,True,False,True,False,False,612.0,792.0,37117,"0 0 ^ JEPPESEN OMDB/DXB DUBAI INTL DUBAI, UAE .RNAV.SID. 10-3F Trans alt: 13000 3F [MIRO3F] 50 45 2F], KUTLI 4F [KUTL4F] DEPARTURES YS 30L/R) K180+) - DB586 (K190+; 2500+) - DB587 (K220-; 3500+) - GINLA - XARTA - EMERU. K180+) - DB586 (K190+; 2500+) - DB587 (K220-; 3500+) - GINLA (10000+) - XARTA (13000+) - KUTLI (FL160+). K180+) - DB586 (K190+; 25"
1419,True,OMDB,OMSJ,True,10-3G,False,"NABIX 3G, RIDAP 3G, SENPA 3G",SID,SID,SID,98,REVIEW,True,header_icao_differs_from_index,printed_SID_header,True,False,True,False,False,612.0,792.0,34908,SHARJAH OMSJ -Intl 2400 1 8 0 ^ 3000 270^ 356^ 5000 JEPPESEN ..RNAV.SID. SENPA 3G [SENP3G] DUBAI Departures (R) RNAV DEPARTURES (RWYS 12L/R) RIDAP 3G [RIDA3G] NABIX 3G [NABI3G] 62 Apt Elev South 121.025
1420,True,OMDB,,False,10-3H,False,"NABIX 3F, RIDAP 2F, SENPA 2F",SID,SID,SID,96,MATCH,False,independently_consistent,Jeppesen_10-3_series,True,False,True,False,False,612.0,792.0,42549,2400 1 8 0 ^ 3000 270^ 3800 356^ 3500 2500 SENPA 2F [SENP2F] Apt Elev DUBAI Departures (R) North South 121.025 62 RNAV DEPARTURES (RWYS 30L/R) RIDAP 2F [RIDA2F] NABIX 3F [NABI3F] JEPPESEN DB57~
1421,True,OMDB,OMDB,False,10-3J,False,SID 10-3J,SID,SID,SID,96,MATCH,False,independently_consistent,Jeppesen_10-3_series,True,False,True,False,False,612.0,792.0,17055,O M A N U N IT E D A R A B E M IR A T E S 270^ OMDB/DXB .DEPARTURE. JEPPESEN
1422,False,,OMDB,False,,False,,,AIRPORT,AIRPORT,88,REVIEW,True,unindexed_chart_candidate,airport_header,True,False,True,False,False,612.0,792.0,5048,"OMDB/DXB 10-8 DUBAI, UAE DUBAI INTL 3 JUL 26 The purpose of this chart is to inform operators of temporary taxiway closures at OMDB - DUBAI INTERNATIONAL Airport to facilitate airfield improvement works. The works are planned in various phases as indicated below. This chart does not intend to supersede any permanent/existing aerodrome related infor"
1423,False,,OMDB,False,,False,,,,,0,REVIEW,True,unindexed_page_needs_inspection,unclassified,True,False,True,False,False,612.0,792.0,6290,"OMDB/DXB DUBAI, UAE DUBAI INTL 10-8A 3 JUL 26 AREA C13 PHASE 1A AREA C13 PHASE 1B AREA C14 PHASE 1B AREA C15 PHASE 1A JEPPESEN a. Section of Twy K between Twy K2 and Twy K4 closed. b. Twy K3 closed. c. Twy Z8 and Twy Z9 closed. d. Twy Z11 west link onto Twy K closed. a. Section of Twy K between Twy Z9 and Twy K5 closed. b. Twy K3 and Twy K4 closed."
1424,True,OMDB,,False,10-9,True,Airport Diagram Chart (ADC),AIRPORT,AIRPORT,AIRPORT,96,MATCH,False,independently_consistent,Jeppesen_10_20_airport_series,True,False,True,False,False,612.0,792.0,54324,"10-9 JEPPESEN Stopway 189m 620' 60' Elev N9 N10 14,590' 4447m 12 K13 K14 K15 K16 K17 413'126m Stopway P8 P9 4A M15B M16"
1425,True,OMDB,,False,10-9A,False,ADDITIONAL RUNWAY INFORMATION,AIRPORT,AIRPORT,AIRPORT,96,MATCH,False,independently_consistent,Jeppesen_10_20_airport_series,True,False,True,False,False,612.0,792.0,85829,"ADDITIONAL RUNWAY INFORMATION Threshold LANDING BEYOND USABLE LENGTHS WIDTH TAKE-OFF Glide Slope 11,811' 11,766' 12,197' 197' 60m 3600m 3586m 3718m RVR RVR 10,839' 6 197' 60m 3304m 1 3"
1426,True,OMDB,,False,10-9B,False,HOT SPOTS,AIRPORT,AIRPORT,AIRPORT,96,MATCH,False,independently_consistent,Jeppesen_10_20_airport_series,True,False,True,False,False,612.0,792.0,83623,WA J2A MK NK JE UE MG PK QB KP ZN MH MJ NG NH NJ NL JF UF WB J2B ZK ZM KL
1427,True,OMDB,,False,10-9C,False,HOT SPOTS,AIRPORT,AIRPORT,AIRPORT,96,MATCH,False,independently_consistent,Jeppesen_10_20_airport_series,True,False,True,False,False,612.0,792.0,73278,KZ QA QB PK PL NM MT MU SE TA KZB SA SB SD PM TB NN JEPPESEN K16 K17 K M18 K15 APRON
1428,True,OMDB,OMDB,False,10-9D,True,INS COORDINATES,AIRPORT,AIRPORT,AIRPORT,96,MATCH,False,independently_consistent,Jeppesen_10_20_airport_series,True,False,True,False,False,612.0,792.0,5838,"JEPPESEN 10-9D 17 JAN 25 .Eff.23.Jan. DUBAI, UAE OMDB/DXB DUBAI INTL INS COORDINATES COORDINATES STAND No. STAND No. COORDINATES ELEV ELEV N25 15.6 E055 20.5 N25 15.6 E055 20.5 N25 15.6 E055 20.5 N25 15.6 E055 20.6 N25 15.6 E055 20.6 N25 15.6 E055 20.5 N25 15.6 E055 20.6 N25 15.6 E055 20.6 N25 15.6 E055 20.6 N25 15.5 E055 20.6"
1429,True,OMDB,OMDB,False,10-9E,True,INS COORDINATES,AIRPORT,AIRPORT,AIRPORT,96,MATCH,False,independently_consistent,Jeppesen_10_20_airport_series,True,False,True,False,False,612.0,792.0,4157,"10-9E JEPPESEN 17 JAN 25 .Eff.23.Jan. DUBAI, UAE OMDB/DXB DUBAI INTL INS COORDINATES COORDINATES STAND No. ELEV STAND No. COORDINATES ELEV APRON F APRON E (CONTD) APRON S E45R F2, F3 F4, F5 F6 thru F8 F9, F10 F12, F13 F16"
1430,True,OMDB,,False,10-9F,False,HOT SPOTS,AIRPORT,AIRPORT,AIRPORT,96,MATCH,False,independently_consistent,Jeppesen_10_20_airport_series,True,False,True,False,False,612.0,792.0,74980,4A ZT KU KV J5B J5A KW ZU KY KZ SE TA SD SB SA MR MQ MP RD RC MN NU NT NS
1431,True,OMDB,,False,10-9G,False,HOT SPOTS,AIRPORT,AIRPORT,AIRPORT,96,MATCH,False,independently_consistent,Jeppesen_10_20_airport_series,True,False,True,False,False,612.0,792.0,69938,4A ZT KU KV J5B J5A KW ZU KY KZ SE TA SD SB SA MR MQ MP RD RC MN PQ RA RB
1432,True,OMDB,,False,10-9H,False,HOT SPOTS,AIRPORT,AIRPORT,AIRPORT,96,MATCH,False,independently_consistent,Jeppesen_10_20_airport_series,True,False,True,False,False,612.0,792.0,71214,4A ZT KU KV J5B J5A KW ZU KY SE TA SD SB SA MR MQ MP RD RC MN Q RA RB JEPPESEN
1433,True,OMDB,,False,10-9J,False,HOT SPOTS,AIRPORT,AIRPORT,AIRPORT,96,MATCH,False,independently_consistent,Jeppesen_10_20_airport_series,True,False,True,False,False,612.0,792.0,71545,4A ZT J5B J5A KW ZU KY SE TA SD SB SA MR MQ MP RD RC MN RB RA PQ JEPPESEN Stopway 189m
1434,True,OMDB,,False,10-9K,False,HOT SPOTS,AIRPORT,AIRPORT,AIRPORT,96,MATCH,False,independently_consistent,Jeppesen_10_20_airport_series,True,False,True,False,False,612.0,792.0,126527,"JEPPESEN Stopway 189m 620' 60' Elev N9 N10 14,590' 4447m K12 K13 K14 K15 K16 K17 413'126m Stopway 14B M15B M16 M17 M18 V"
1435,True,OMDB,OMDB,False,10-9L,True,AIRPORT CHART,AIRPORT,AIRPORT,AIRPORT,96,MATCH,False,independently_consistent,Jeppesen_10_20_airport_series,True,False,True,False,False,612.0,792.0,4310,"OMDB/DXB 10-9L JEPPESEN DUBAI, UAE DUBAI INTL VISUAL DOCKING GUIDANCE SYSTEMS (VDGS) Parking stands are equipped with visual docking guidance system (VDGS) and hence no wing walkers/marshaller is available on the stand. If VDGS is faulty/not available, marshaling assistance would be arranged on the stand. A pilot must inform ATC immediately, and no"
1436,True,OMDB,OMDB,False,10-9M,True,AIRPORT CHART,AIRPORT,AIRPORT,AIRPORT,96,MATCH,False,independently_consistent,Jeppesen_10_20_airport_series,True,False,True,False,False,612.0,792.0,4635,"10-9M JEPPESEN DUBAI INTL red 2.1. NOT SCHEDULED AND NOT ACTIVATED 2.2. SCHEDULED BUT NOT ACTIVATED 2.3. CAPTURE 2. LED Board Display - When VDGS is functioning optimally OMDB/DXB DUBAI, UAE VISUAL DOCKING GUIDANCE SYSTEMS (VDGS) (contd) - If only stand number is shown, it means VDGS is not activated. - ACFT should not enter stand. - The vertical f"
1437,True,OMDB,OMDB,False,11-1,False,ILS RWY 12L,APP,APP,APP,91,MATCH,False,independently_consistent,instrument_approach_header,True,True,True,False,False,612.0,792.0,8263,"OM(P)-45 OM(R)-63 OM(R)-83 BRIEFING STRIP TM DUBAI, UAE DUBAI INTL 10 OMDB/DXB JEPPESEN ILS Rwy 12L 3.7 119^ 2000 1 1 126.275 D-ATIS Arrival 122.5 MINHAD Approach 127.9X 118.750 North DUBAI Tower 119.550 South"
1438,True,OMDB,OMDB,False,11-1A,True,CAT II/III ILS RWY 12L,APP,APP,APP,91,MATCH,False,independently_consistent,instrument_approach_header,True,True,True,False,False,612.0,792.0,7959,"OM(R)-63 OM(R)-83 OM(P)-45 BRIEFING STRIP TM DUBAI, UAE DUBAI INTL 11-1A LOC 110.1 IDBL Final Apch Crs 119^ 2000'(1988') Apt Elev 62' Rwy 12' 10 OMDB/DXB JEPPESEN CAT II/III ILS Rwy 12L Refer to Minimums"
1439,True,OMDB,OMDB,False,11-2,True,CHART PAGE 739,APP,APP,APP,91,MATCH,False,independently_consistent,instrument_approach_header,True,False,True,False,False,612.0,792.0,8422,"OM(R)-83 OM(P)-45 OM(R)-63 DUBAI, UAE OMDB/DXB BRIEFING STRIP TM DUBAI INTL 11-2 10 PEDOV D12.0 IDBE (IF) JEPPESEN ILS Rwy 12R REREK D16.7 IDBE (IAF) 121^ 4.7 3000 1 1 LOC 109.5"
1440,True,OMDB,OMDB,False,11-2A,True,CHART PAGE 740,APP,APP,APP,91,MATCH,False,independently_consistent,instrument_approach_header,True,False,True,False,False,612.0,792.0,7575,"OM(R)-83 OM(P)-45 OM(R)-63 OM(P)-44 DUBAI, UAE OMDB/DXB BRIEFING STRIP TM DUBAI INTL LOC 109.5 IDBE Final Apch Crs 119^ Apt Elev 62' Rwy 11' 10 JEPPESEN 1. 11-2A CAT II/III ILS Rwy 12R"
1441,True,OMDB,OMDB,False,11-3,True,CHART PAGE 741,APP,APP,APP,84,MATCH,False,independently_consistent,Jeppesen_approach_number_series,True,False,True,False,False,612.0,792.0,8859,"SHARJAH Sharjah Intl OMSJ OM(P)-46 OM(R)-72 BRIEFING STRIP TM DUBAI, UAE DUBAI INTL 11-3 LOC 111.3 IDBW Final Apch Crs 299^ 2000'(1940') Apt Elev 62' Rwy 60' MISSED APCH: 10 OMDB/DXB ILS DA(H)"
1442,True,OMDB,OMDB,False,11-3A,True,CHART PAGE 742,APP,APP,APP,91,MATCH,False,independently_consistent,instrument_approach_header,True,False,True,False,False,612.0,792.0,6966,"SHARJAH Sharjah Intl OMSJ OM(R)-72 OM(P)-46 BRIEFING STRIP TM DUBAI, UAE DUBAI INTL 10 OMDB/DXB JEPPESEN CAT II/III ILS Rwy 30L 11-3A 14.1 GRAD MIN 2.83% MISSED APCH CLIMB 1 1 Ground DUBAI Tower 118.350 North South"
1443,True,OMDB,OMDB,False,11-4,True,ILS RWY 30R,APP,APP,APP,91,MATCH,False,independently_consistent,instrument_approach_header,True,True,True,False,False,612.0,792.0,8857,"SHARJAH Sharjah Intl OMSJ OM(P)-46 OM(R)-72 10 BRIEFING STRIP TM DUBAI, UAE DUBAI INTL 11-4 OMDB/DXB JEPPESEN ILS Rwy 30R DUBAI Tower Ground 118.750 119.550 118.350 RW3~R 1 1 North South LOC 110.9"
1444,True,OMDB,OMDB,False,11-4A,True,CAT II/III ILS RWY 30R,APP,APP,APP,84,MATCH,False,independently_consistent,Jeppesen_approach_number_series,True,True,True,False,False,612.0,792.0,8510,"SHARJAH Sharjah Intl OMSJ OM(P)-46 OM(R)-72 BRIEFING STRIP TM DUBAI, UAE DUBAI INTL LOC 110.9 IDBR Final Apch Crs 299^ 3000'(2967') Apt Elev 62' Rwy 33' 11-4A 10 OMDB/DXB JEPPESEN"
1445,True,OMDB,OMDB,False,12-1,False,RNP RWY 12L,APP,APP,APP,84,MATCH,False,independently_consistent,Jeppesen_approach_number_series,True,True,True,False,False,612.0,792.0,7822,"OM(R)-83 OM(R)-63 OM(P)-44 OM(P)-45 BRIEFING STRIP TM DUBAI, UAE DUBAI INTL 10 OMDB/DXB UKRIM REREK 119^ 3.7 1 1 North 118.750 119.550 South DUBAI Tower Ground 118.350 RNAV Final"
1446,True,OMDB,OMDB,False,12-2,False,RNP RWY 12R,APP,APP,APP,84,MATCH,False,independently_consistent,Jeppesen_approach_number_series,True,False,True,False,False,612.0,792.0,8168,"OM(R)-83 OM(R)-63 OM(P)-45 OM(P)-44 BRIEFING STRIP TM DUBAI, UAE DUBAI INTL 10 OMDB/DXB 1 118.750 North DUBAI Tower South 119.550 118.350 Ground RNAV Final Apch Crs 119^ 3000' Apt Elev 62'"
1447,True,OMDB,OMDB,False,,False,RNP RWY 30L,APP,APP,APP,55,REVIEW,True,only_old_index_supports_category,prior_index_only,True,False,True,False,False,612.0,792.0,7480,"SHARJAH Sharjah Intl OMSJ OM(P)-46 OM(R)-72 BRIEFING STRIP TM DUBAI, UAE DUBAI INTL 5 10 OMDB/DXB 1 Ground 118.350 119.550 South DUBAI Tower North 118.750 RNAV Final Apch Crs 299^"
1448,True,OMDB,OMDB,False,12-4,False,RNP RWY 30R,APP,APP,APP,84,MATCH,False,independently_consistent,Jeppesen_approach_number_series,True,False,True,False,False,612.0,792.0,8194,"SHARJAH Sharjah Intl OMSJ OM(P)-46 OM(R)-72 BRIEFING STRIP TM DUBAI, UAE DUBAI INTL RNAV Final Apch Crs 299^ 3000' Apt Elev 62' Rwy 33' 5 10 Alt Set: hPa Trans alt: 13000' DB78~ OMDB/DXB"
1449,True,OMDB,,False,19-10,False,AIRPORT QUALIFICATION,AIRPORT,APP,APP,84,CONFLICT,True,index_vs_pdf_category,Jeppesen_approach_number_series,True,False,True,False,False,612.0,792.0,30904,GND OM(P)-45 1500 GND OM(P)-44 1500 GND OM(P)-46 1500 GND OM(D)-3 2000 GND 1500 GND OM(D)-26 GND 2000 GND 13000 GND OM(P)-101 2000 OM(R)-81
1450,True,OMDB,OMDB,False,19-11,False,AIRPORT QUALIFICATION,AIRPORT,APP,APP,84,CONFLICT,True,index_vs_pdf_category,Jeppesen_approach_number_series,True,False,True,False,False,612.0,792.0,7603,OM(R)-62 1500 GND JEPPESEN OMDB/DXB DUBAI INTL .VFR. DUBAI INTL 62 25-13 25-13 25-14 25-14 25-15 25-15 25-16 25-16 55-14 55-15 55-16 55-17 55-18 55-19
1451,True,OMDW,OMDW,False,,False,AIRPORT INFORMATION,AIRPORT,AIRPORT,AIRPORT,55,REVIEW,True,only_old_index_supports_category,prior_index_only,True,False,True,False,False,612.0,792.0,2546,"General Information Location: DUBAI ARE ICAO/IATA: OMDW / DWC Lat/Long: N24° 55.1', E055° 10.5' Elevation: 171 ft Airport Use: Public Daylight Savings: Not Observed UTC Conversion: -4:00 = UTC Magnetic Variation: 2.0° E Fuel Types: Jet A-1 Customs: Yes Length x Width: 6030 ft x 98 ft Surface Type: asphalt TDZ-Elev: 155 ft Lighting: Edge, ALS Displa"
1452,True,OMDW,OMDW,False,,False,AIRPORT INFORMATION,AIRPORT,AIRPORT,AIRPORT,55,REVIEW,True,only_old_index_supports_category,prior_index_only,True,False,True,False,False,612.0,792.0,2450,"General Information Location: DUBAI ARE ICAO/IATA: OMDW / DWC Lat/Long: N24° 55.1', E055° 10.5' Elevation: 171 ft Airport Use: Public Daylight Savings: Not Observed UTC Conversion: -4:00 = UTC Magnetic Variation: 2.0° E Fuel Types: Jet A-1 Customs: Yes Length x Width: 6030 ft x 98 ft Surface Type: asphalt TDZ-Elev: 155 ft Lighting: Edge, ALS Displa"
1453,True,OMDW,OMDW,False,20-1P,True,AIRPORT BRIEFING,AIRPORT,AIRPORT,AIRPORT,96,MATCH,False,independently_consistent,Jeppesen_10_20_airport_series,True,False,True,False,False,612.0,792.0,4939,JEPPESEN 1. GENERAL 1.1. 1.2. ATIS LOW VISIBILITY PROCEDURES Low visibility operations shall commence when: - Touchdown IRVR readings indicate a visibility of 600m or less; - reported meteorological visibility indicates 800m or less (if IRVR is not available); - reported cloud base is 300' or less. Regulations require serviceable surface movement r
1454,True,OMDW,OMDW,False,20-1P1,False,AIRPORT BRIEFING,AIRPORT,AIRPORT,AIRPORT,96,MATCH,False,independently_consistent,Jeppesen_10_20_airport_series,True,False,True,False,False,612.0,792.0,5164,"JEPPESEN 1. GENERAL 1.5. 1.5.1. TAXI PROCEDURES Pilots who are unfamiliar with OMDW should advise ATC on first taxi. GENERAL Change in gradient of 2.5% when crossing TWY V from TWY W1 and between TWY W16, W17 to TWY W21. Additional engine thrust may be required. Follow- ing ACFT should maintain a safe distance. Code D, E and F ACFT requiring access"
1455,True,OMDW,,False,20-1P2,False,AIRPORT BRIEFING,AIRPORT,AIRPORT,AIRPORT,96,MATCH,False,independently_consistent,Jeppesen_10_20_airport_series,True,False,True,False,False,612.0,792.0,5796,"JEPPESEN 1. GENERAL 24 JUL 26 .Eff.6.Aug. While generally all TWY centre line lights may remain on, at times not limited to low visibility, ATC may select a specific route for the cockpit crew to follow, illuminated by TWY centre line lights, referred to as ""route selectable lighting"" or ""follow the greens"" concept. When a taxiing route is selected"
1456,True,OMDW,OMDW,False,20-1P3,False,AIRPORT BRIEFING,AIRPORT,AIRPORT,AIRPORT,96,MATCH,False,independently_consistent,Jeppesen_10_20_airport_series,True,False,True,False,False,612.0,792.0,4791,"JEPPESEN 1. GENERAL 24 JUL 26 .Eff.6.Aug. 1.7.2. Wind shear reports that are relayed by ATC to other ACFT will contain as many of the following details as possible: Examples of the phraseology used by ATC to pass on wind shear reports: a. ""CAUTION WIND SHEAR. AT (TIME) (ACFT TYPE) REPORTED STRONG WIND AT (HEIGHT/ALTITUDE) FEET ON APPROACH RWY (DESI"
1457,True,OMDW,,False,20-1P4,False,AIRPORT BRIEFING,AIRPORT,AIRPORT,AIRPORT,96,MATCH,False,independently_consistent,Jeppesen_10_20_airport_series,True,False,True,False,False,612.0,792.0,4105,"JEPPESEN 2. ARRIVAL 2.3.1. 2.1. 2.2.1. CAT II/III OPERATIONS RWY 12/30 approved for CAT II/III operations, special aircrew and ACFT certifi- cation required. 2.2. FLIGHT PROCEDURES INITIAL CONTACT INSTRUCTIONS - AIRBORNE On initial call, arriving IFR ACFT shall pass the following information to DUBAI Arrivals: - ACFT callsign; - Passing level; - AC"
1458,True,OMDW,OMDW,False,20-1P5,True,AIRPORT BRIEFING,AIRPORT,AIRPORT,AIRPORT,96,MATCH,False,independently_consistent,Jeppesen_10_20_airport_series,True,False,True,False,False,612.0,792.0,4091,JEPPESEN 2. ARRIVAL 2.4.4. CONDITIONS FOR APPLICATION OF RRSM RRSM may be applied by day only between: - Departing ACFT and succeeding landing ACFT; or - Two successive landing ACFTs; or - Two successive departing ACFTs provided that: - Tailwind does not exceed 5 KT and there are no reports of wind shear. - MET visibility shall be equal to or grate
1459,True,OMDW,OMDW,False,20-1P6,True,AIRPORT BRIEFING,AIRPORT,AIRPORT,AIRPORT,96,MATCH,False,independently_consistent,Jeppesen_10_20_airport_series,True,False,True,False,False,612.0,792.0,5143,"JEPPESEN 3.2.2. 3. DEPARTURE INITIAL CONTACT INSTRUCTIONS - AIRBORNE On initial call, departing IFR ACFT shall pass the following information to DUBAI Departures: - ACFT callsign; - Passing level. 13 JUN 25 EFTA Operations: Prior to requesting a start or taxi clearance from EFTA ATC, flight crews are instructed to contact EFTA ATC on frequency 118."
1460,True,OMDB,OMDW,True,20-2,True,"DATOB 5Y, GONVI 5Y, PUVAL 6Y",STAR,STAR,STAR,98,REVIEW,True,header_icao_differs_from_index,printed_STAR_header,True,False,True,False,False,612.0,792.0,27377,".RNAV.STAR. 20-2 JEPPESEN OMDW/DWC Apt Elev 171 50 Alt Set: hPa Trans level: FL150 GONVI 5Y [GONV5Y] DATOB 5Y [DATO5Y] PUVAL 6Y [PUVA6Y] 1. On first contact with DUBAI Arrivals state passing level and ACFT type, including series. 2. Advise DUBAI Arrivals when full RWY length is required. 3. CAUTION: Independent high intensity circuit training traff"
1461,True,OMDB,OMDW,True,20-2A,True,"DATOB 5Z, GONVI 5Z, PUVAL 6Z",STAR,STAR,STAR,98,REVIEW,True,header_icao_differs_from_index,printed_STAR_header,True,False,True,False,False,612.0,792.0,6311,"FL160 FL160 .RNAV.STAR. 20-2A JEPPESEN OMDW/DWC Alt Set: hPa Trans level: FL150 50 PUVAL GONVI LOVEM DATOB 5Z PUVAL 6Z 11.4 107^ 211^ ALRAR 5.1 18.3 GONVI 5Z 107^ 138^ DATOB 5Z [DATO5Z], GONVI 5Z [GONV5Z], PUVAL 6Z [PUVA6Z] Apt Elev"
1462,True,OMDW,OMDW,False,20-2B,True,"GIDIS 5Y, UMAMI 4Y",STAR,STAR,STAR,98,MATCH,False,independently_consistent,printed_STAR_header,True,False,True,False,False,612.0,792.0,22307,O M A N U .A .E . 12000 12000 10000 10000 .RNAV.STAR. 20-2B JEPPESEN OMDW/DWC 50 45 RERAG GIDIS UMAMI DW422 DW425 GIDIS 5Y
1463,True,OMDW,OMDW,False,20-2C,True,"GIDIS 5Z, UMAMI 4Z",STAR,STAR,STAR,98,MATCH,False,independently_consistent,printed_STAR_header,True,False,True,False,False,612.0,792.0,16838,O M A N U .A .E . 12000 00 11000 10000 .RNAV.STAR. 20-2C JEPPESEN OMDW/DWC UMAMI GIDIS RERAG DW422 25 2 3 4
1464,True,OMDW,OMDW,False,20-2D,True,"ELOVU 3Y, GERUL 3Y, LORID 3Y",STAR,STAR,STAR,98,MATCH,False,independently_consistent,printed_STAR_header,True,False,True,False,False,612.0,792.0,18137,2400 270^ 2100 3 6 0 ^ 2800 3800 1 7 9 ^ 3000 2 NITRI .RNAV.STAR. 20-2D JEPPESEN OMDW/DWC 594 35 40 45
1465,True,OMDW,OMDW,False,20-2E,True,"ELOVU 3Z, GERUL 3Z, LORID 3Z",STAR,STAR,STAR,98,MATCH,False,independently_consistent,printed_STAR_header,True,False,True,False,False,612.0,792.0,22563,DUBAI OMDM Minhad 2400 270^ 3 6 0 ^ 3800 1 7 9 ^ 3000 .RNAV.STAR. 20-2E JEPPESEN OMDW/DWC UKSUL ODGAK SOBOB GEXIK 50
1466,True,OMDB,OMDW,True,20-3,True,DAVMO 5J,SID,SID,SID,98,REVIEW,True,header_icao_differs_from_index,printed_SID_header,True,False,True,False,False,612.0,792.0,5243,DAVMO .RNAV.SID. JEPPESEN OMDW/DWC Apt Elev 171 50 OBROG 041^ 15.6 Trans alt: 13000 20-3 DUBAI Departures (R) North South 121.025 RNAV 1 (GNSS) required (RWY 12) DAVMO 5J RNAV DEPARTURE [DAVM5J] 124.675 1. CAUTION: Independent high intensity circuit training traffic SOUTH of the airfield. 2. On all turns 25^ bank angle or rate of 3^ per second requ
1467,True,OMDB,OMDW,True,20-3A,True,DAVMO 4L,SID,SID,SID,98,REVIEW,True,header_icao_differs_from_index,printed_SID_header,True,False,True,False,False,612.0,792.0,4307,DAVMO .RNAV.SID. JEPPESEN OMDW/DWC 50 15.6 20-3A Apt Elev 171 Trans alt: 13000 DUBAI Departures (R) North South 121.025 RNAV 1 (GNSS) required (RWY 30) DAVMO 4L RNAV DEPARTURE [DAVM4L] 124.675 1. CAUTION: Independent high intensity circuit training traffic SOUTH of the airfield. 2. On all turns 25^ bank angle or rate of 3^ per second required. 3. D
1468,True,OMDW,OMDW,False,20-3B,False,"ANVIX 6J, EMERU 3J, NOLSU 3J",SID,SID,SID,98,MATCH,False,independently_consistent,printed_SID_header,True,False,True,False,False,612.0,792.0,18132,O M A N U .A .E . 12000 FL150 10000 .RNAV.SID. OMDW/DWC NOLSU 3J [NOLS3J] DW475 NOLSU LOPUV ANVIX N O LS U 3 J
1469,True,OMDW,,False,20-3C,False,"ANVIX 4L, EMERU 1L, NOLSU 3L",SID,AIRPORT,AIRPORT,96,CONFLICT,True,index_vs_pdf_category,Jeppesen_10_20_airport_series,True,False,True,False,False,612.0,792.0,22346,O M A N U .A .E . 12000 FL150 000 NOLSU 3L [NOLS3L] W475 NOLSU PMO LOPUV ANVIX N O LS U 3 L ANVIX 4L
1470,True,OMDB,OMSJ,True,20-3D,True,"KUTLI 4J, MIROT 4J, NABIX 4J, RIDAP 4J, SENPA 4J",SID,SID,SID,98,REVIEW,True,header_icao_differs_from_index,printed_SID_header,True,False,True,False,False,612.0,792.0,53111,"HARJAH OMSJ -Intl 270^ 6000 0 56 DW459 .RNAV.SID. 20-3D 3000, Apt Elev 171 Trans alt: 13000 DUBAI Departures (R) North South 121.025 RNAV 1 (GNSS) required KUTLI 4J [KUTL4J] MIROT 4J [MIRO4J] NABIX 4J [NABI4J] RIDAP 4J [RIDA4J] SENPA 4J [SENP4J]"
1471,True,OMDW,OMDW,False,20-3E,True,"KUTLI 3L, MIROT 3L, NABIX 3L, RIDAP 3L, SENPA 3L",SID,SID,SID,98,MATCH,False,independently_consistent,printed_SID_header,True,True,True,False,False,612.0,792.0,5072,".RNAV.SID. JEPPESEN 20-3E OMDW/DWC RIDAP KIXOG 285^ 5.8 RIDAP 3L 35 40 45 Apt Elev 171 Trans alt: 13000 DUBAI Departures (R) North South 121.025 RNAV 1 (GNSS) required KUTLI 3L [KUTL3L], MIROT 3L [MIRO3L], NABIX 3L [NABI3L] RIDAP 3L [RIDA3L], SENPA 3L [SENP3L] RNAV DEPARTURES (RWY 30)"
1472,True,OMDW,,False,20-9,False,Airport Diagram Chart (ADC),AIRPORT,AIRPORT,AIRPORT,96,MATCH,False,independently_consistent,Jeppesen_10_20_airport_series,True,False,True,False,False,612.0,792.0,50416,W16 W17 W18W19 W20W21 Z Z V W V16V17V18 V20V21 Elev 171' APRON S8 WJ WK ZM ZP 11 Z14 Z12 Z13 Z15 Z16 Z17 Z21
1473,True,OMDW,,False,20-9A,False,ADDITIONAL RUNWAY INFORMATION,AIRPORT,AIRPORT,AIRPORT,96,MATCH,False,independently_consistent,Jeppesen_10_20_airport_series,True,False,True,False,False,612.0,792.0,59280,"13,792' 4204m 13,670' 4167m TAKE-OFF (Day only) Day: RL or RCLM Night: RL or CL 1 RL, CL & elevant RVR RL & CL Day: RL & RCLM Night: RL or CL Adequate vis ref Z, MID, RO Low Visibility Take-off 150m 200m 300m 400m 500m VR RVR RVR th approved guidance system or HUD/HUDLS."
1474,True,OMDW,,False,20-9B,False,HOT SPOTS,AIRPORT,AIRPORT,AIRPORT,96,MATCH,False,independently_consistent,Jeppesen_10_20_airport_series,True,False,True,False,False,612.0,792.0,42542,JEPPESEN W10 W11 W12 W13 W14 V9 V12 V10 V11 WD WG ZG 7 Z8 S401 402 3 ZF ZD ZE V W Control Tower
1475,True,OMDW,,False,20-9C,True,HOT SPOTS,AIRPORT,AIRPORT,AIRPORT,96,MATCH,False,independently_consistent,Jeppesen_10_20_airport_series,True,False,True,False,False,612.0,792.0,37132,S803 S804 S805 S806 S807 S808 S809 S810 S811 S812 JEPPESEN 20-9C Z APRON S8 20 V21 V20 V21 55-11 24-53 24-52.9 24-52.8 24-52.7 24-52.6
1476,True,OMDW,OMDW,False,20-9D,True,INS COORDINATES,AIRPORT,AIRPORT,AIRPORT,96,MATCH,False,independently_consistent,Jeppesen_10_20_airport_series,True,False,True,False,False,612.0,792.0,5074,"20-9D JEPPESEN OMDW/DWC DUBAI, UAE AL MAKTOUM INTL APRON S2 APRON S3 S289 S290 S291 S292 S293 S294 S295 S296 S297 S298 S299, S300 S301 S302, S303 N24 53.8 E055 08.7 N24 53.7 E055 08.7 N24 53.7 E055 08.7 N24 53.7 E055 08.7"
1477,True,OMDW,OMDW,False,20-9E,True,INS COORDINATES,AIRPORT,AIRPORT,AIRPORT,96,MATCH,False,independently_consistent,Jeppesen_10_20_airport_series,True,False,True,False,False,612.0,792.0,4120,"A3 A 24-52 24-52 55-09.5 55-09.6 55-09.4 APRON 1 11W RWY 13/31 20-9E JEPPESEN For EFTA ACFT only 9 FEB 24 OMDW/DWC DUBAI, UAE AL MAKTOUM INTL"
1478,True,OMDW,,False,20-9F,False,HOT SPOTS,AIRPORT,AIRPORT,AIRPORT,96,MATCH,False,independently_consistent,Jeppesen_10_20_airport_series,True,False,True,False,False,612.0,792.0,52962,W16 W17 W18 W19 W20 W21 Z V V16 V17 V18 V20 V21 APRON S8 WK M ZP Z11 Z14 Z13 Z17 A Z17A Z15B Z14A
1479,True,OMDW,,False,20-9G,True,HOT SPOTS,AIRPORT,AIRPORT,AIRPORT,96,MATCH,False,independently_consistent,Jeppesen_10_20_airport_series,True,False,True,False,False,612.0,792.0,49460,JEPPESEN 20-9G APRON S8 APRON G 24-53 24-54 55-11 VIP Terminal W16 W17 W18 W19 W20 W21 Z V V16 V17 V18 V20 V21 WK M ZP
1480,True,OMDW,OMDW,False,20-9H,True,5 DEC 25 20-9H AL MAKTOUM INTL,AIRPORT,AIRPORT,AIRPORT,96,MATCH,False,independently_consistent,Jeppesen_10_20_airport_series,True,False,True,False,False,612.0,792.0,5223,"OMDW/DWC 20-9H JEPPESEN DUBAI, UAE Notes: VDGS is not suitable for all ACFT types; a marshaller is provided in these cases. ACFT taxiing on Taxilane Z16 and Taxilane Z17 must use no more than idle power. If ACFT is stopped prior to docking on stands G1 - G9, G12, G13 and G16, AL MAKTOUM INTL VISUAL DOCKING GUIDANCE SYSTEMS (VDGS) - Pilots should no"
1481,True,OMDW,OMDW,False,20-9J,True,5 DEC 25 20-9J AL MAKTOUM INTL,AIRPORT,AIRPORT,AIRPORT,96,MATCH,False,independently_consistent,Jeppesen_10_20_airport_series,True,False,True,False,False,612.0,792.0,4512,"OMDW/DWC 20-9J JEPPESEN DUBAI, UAE 2.1. NOT SCHEDULED AND NOT ACTIVATED 2.2. SCHEDULED BUT NOT ACTIVATED 2.3. CAPTURE 2. LED Board Display - When VDGS is functioning optimally AL MAKTOUM INTL VISUAL DOCKING GUIDANCE SYSTEMS (VDGS) (contd) - If only stand number is shown, it means VDGS is not activated. - ACFT should not enter stand. - The vertical "
1482,True,OMDW,,False,20-9K,False,HOT SPOTS,AIRPORT,AIRPORT,AIRPORT,96,MATCH,False,independently_consistent,Jeppesen_10_20_airport_series,True,False,True,False,False,612.0,792.0,53983,Z Z V W APRON S8 Z14 Z13 Z15 Z16 Z17 6B Z16A Z17A Z15B 15A Z17B Z14A Z13A APRON G VIP Terminal AL MAKTOUM Ground 118.375 Tower
1483,True,OMDW,,False,,False,ILS RWY 12,APP,APP,APP,91,MATCH,False,independently_consistent,instrument_approach_header,True,True,True,False,False,612.0,792.0,6723,OM(R)-75 OM(R) -94 OM(R) -83 OM(P)-111 PUSVO ILS Rwy 12 LOC IJEA 111.75 Final Apch Crs 119^ 2000'(1885') ILS DA(H) Refer to Minimums Apt Elev Rwy 171' 115' MISSED APCH:
1484,True,OMDW,OMDW,False,,False,CAT II/III ILS RWY 12,APP,APP,APP,55,REVIEW,True,only_old_index_supports_category,prior_index_only,True,True,True,False,False,612.0,792.0,6411,"OM(R)-75 OM(R) -94 OM(R)-95 OM(R) -83 LOC IJEA 111.75 Final Apch Crs 119^ Refer to Minimums MISSED APCH: BRIEFING STRIP TM Alt Set: hPa Rwy Elev: 4 hPa Trans level: FL150 Trans alt: 13000' 10 OMDW/DWC DUBAI, UAE"
1485,True,OMDW,OMDW,False,,False,ILS RWY 30,APP,APP,APP,91,MATCH,False,independently_consistent,instrument_approach_header,True,True,True,False,False,612.0,792.0,6332,OMDM OM(R)-75 OM(R) -94 OM(P)-111 ILS Rwy 30 LOC IJWA 109.75 Final Apch Crs 299^ ILS DA(H) MISSED APCH: BRIEFING STRIP TM 10 371'(200') OMDW/DWC Alt Set: hPa Rwy Elev: 6 hPa Trans level: FL150 Trans alt: 13000'
1486,True,OMDW,OMDW,False,,False,CAT II/III ILS RWY 30,APP,APP,APP,55,REVIEW,True,only_old_index_supports_category,prior_index_only,True,True,True,False,False,612.0,792.0,5929,OMDM OM(R)-75 OM(R) -94 OM(P)-111 LADMO 119^ 299^ LOC IJWA 109.75 Final Apch Crs 299^ MISSED APCH: BRIEFING STRIP TM OMDW/DWC Alt Set: hPa Rwy Elev: 6 hPa Trans level: FL150 Trans alt: 13000' Refer to Minimums
1487,True,OMDW,,False,,False,RNP RWY 12,APP,APP,APP,55,REVIEW,True,only_old_index_supports_category,prior_index_only,True,True,True,False,False,612.0,792.0,7694,"OM(R)-75 OM(R)-95 OM(R) -94 OM(R)-83 OM(P)-111 BRIEFING STRIP TM DUBAI, UAE 22-1 RNAV Final Apch Crs 119^ 2000' Apt Elev 171' Rwy 115' MISSED APCH: DW66~ Alt Set: hPa Trans alt: 13000' 10"
1488,True,OMDW,OMDW,False,,False,RNP RWY 30,APP,APP,APP,55,REVIEW,True,only_old_index_supports_category,prior_index_only,True,True,True,False,False,612.0,792.0,7238,"OM(R)-75 OM(P)-111 BRIEFING STRIP TM DUBAI, UAE 22-2 RNAV Final Apch Crs 299^ 2000' Apt Elev 171' Rwy 171' MISSED APCH: DW76~ Alt Set: hPa Trans alt: 13000' 10 (1829') JEPPESEN Rwy Elev: 6 hPa OMDW/DWC LADMO"
1489,False,,OTHH,False,,False,,,,,0,REVIEW,True,unindexed_page_needs_inspection,unclassified,True,False,True,False,False,612.0,792.0,2893,"General Information Location: DOHA QAT ICAO/IATA: OTHH / DOH Lat/Long: N25° 16.5', E051° 36.5' Elevation: 13 ft Airport Use: Public Daylight Savings: Not Observed UTC Conversion: -3:00 = UTC Magnetic Variation: 3.0° E Fuel Types: Jet A-1 Repair Types: Minor Airframe, Minor Engine Length x Width: 15912 ft x 197 ft Surface Type: asphalt TDZ-Elev: 13 "
1490,False,,OTHH,False,,False,,,,,0,REVIEW,True,unindexed_page_needs_inspection,unclassified,True,False,True,False,False,612.0,792.0,3051,"General Information Location: DOHA QAT ICAO/IATA: OTHH / DOH Lat/Long: N25° 16.5', E051° 36.5' Elevation: 13 ft Airport Use: Public Daylight Savings: Not Observed UTC Conversion: -3:00 = UTC Magnetic Variation: 3.0° E Fuel Types: Jet A-1 Repair Types: Minor Airframe, Minor Engine Length x Width: 15912 ft x 197 ft Surface Type: asphalt TDZ-Elev: 13 "
1491,False,,,False,,False,,,,,0,REVIEW,True,unindexed_page_needs_inspection,unclassified,True,False,True,False,False,612.0,792.0,4950,JEPPESEN 1. GENERAL HAMAD INTL ATIS 1.1. D-ATIS Arrival D-ATIS Departure 126.825 126.850 LOW VISIBILITY PROCEDURES (LVP) 1.2. 25 SEP 26 .Eff.1.Oct. LVP are established at Hamad International Airport to ensure the safe conduct of aircraft operations during periods of reduced visibility and/or low cloud base and to protect ILS operations. 1.2.1 LVP -
1492,False,,,False,,False,,,,,0,REVIEW,True,unindexed_page_needs_inspection,unclassified,True,False,True,False,False,612.0,792.0,5130,"JEPPESEN 1. GENERAL HAMAD INTL 1.4.1.4. NORMAL OPERATING ZONE (NOZ) Airspace of defined dimensions extending to either side of an ILS LOC course final approach track. Only the inner half of the normal operating zone is taken into account in IPA. NO TRANSGRESSION ZONE (NTZ) 1.4.1.5. In the context of IPA, a corridor of airspace of defined dimensions"
1493,False,,,False,,False,,,AIRPORT,AIRPORT,88,REVIEW,True,unindexed_chart_candidate,airport_header,True,False,True,False,False,612.0,792.0,5634,"JEPPESEN 1. GENERAL HAMAD INTL USE OF AUXILIARY POWER UNIT (APU) 1.6.1. For environmental purposes, for ACFT parked at stands supplied with Ground Power Unit (GPU) and/or preconditioned air, the use of APU shall be avoided/not exceed 10 minutes in total between on-block time and departure of the ACFT from the stand. For stands not equipped with ser"
1494,False,,,False,,False,,,,,0,REVIEW,True,unindexed_page_needs_inspection,unclassified,True,False,True,False,False,612.0,792.0,4941,"JEPPESEN 1. GENERAL HAMAD INTL - Wake turbulence separation minima shall be applied; LANDING FOLLOWING LANDING 1.7.1. - In order to ensure that the preceding ACFT vacates the RWY in a timely man- ner, the pilot shall be advised of the exit at which to plan to vacate. - Minimum separation continues to exist between two departing ACFT immedi- ately a"
1495,False,,,False,,False,,,,,0,REVIEW,True,unindexed_page_needs_inspection,unclassified,True,False,True,False,False,612.0,792.0,4660,"JEPPESEN 1. GENERAL HAMAD INTL DEPARTURE FOLLOWING DEPARTURE 1.7.3. Take-off clearance may be issued to a departing ACFT, commencing its take-off roll from full length, before the preceding departure has passed the upwind end of the RWY, provided that ATC has reasonable assurance that: RWY 16L The preceding ACFT will be airborne and passed a point "
1496,False,,,False,,False,,,AIRPORT,AIRPORT,88,REVIEW,True,unindexed_chart_candidate,airport_header,True,False,True,False,False,612.0,792.0,4894,JEPPESEN 1. GENERAL HAMAD INTL OTHER INFORMATION 1.8. Birds in vicinity of APT. 2. ARRIVAL SPEED RESTRICTIONS 2.1. All ACFT entering Doha TMA are required to adjust IAS as per the following speeds unless otherwise instructed by ATC: 25 SEP 26 .Eff.1.Oct. Possible Maritime Vessels of variable beam heights up to 203' AMSL are expected in waters close
1497,False,,,False,,False,,,,,0,REVIEW,True,unindexed_page_needs_inspection,unclassified,True,False,True,False,False,612.0,792.0,4803,"JEPPESEN 2. ARRIVAL HAMAD INTL Rapid Exit TWY Indicator Lights (RETILs) are provided on RWYs 16L/34R and 16R/34L to assist pilots in judging distances to rapid exit TWYs and enable them to apply braking action for a more efficient roll-out and RWY exit speed. RETILs are provided for rapid exit TWYs as follows: - RWY 16L - TWYs A8, A7 and A3. - RWY "
1498,False,,OTHH,False,,False,,,AIRPORT,AIRPORT,88,REVIEW,True,unindexed_chart_candidate,airport_header,True,False,True,False,False,612.0,792.0,5157,JEPPESEN HAMAD INTL 3. DEPARTURE CONTACT PROCEDURES 3.1. - ACFT call sign; - Type of ACFT; - Parking stand; - Requested flight level; - Destination. Flight crew should inform HAMAD Clearance Delivery (if requesting clearance via frequency) or Ground Control on first contact if the ACFT livery differs from the airline associated with the call sign. 
1499,False,,,False,,False,,,AIRPORT,AIRPORT,88,REVIEW,True,unindexed_chart_candidate,airport_header,True,False,True,False,False,612.0,792.0,4942,JEPPESEN HAMAD INTL 3. DEPARTURE TOBT is available through: - A-CDM platform; - Turnaround coordinator; TSAT information is available through: - A-CDM platform at 30 minutes before TOBT; - Turnaround coordinator; - Parking stands equipped with VDGS shall display TSAT. A-CDM START-UP PROCEDURES 3.2.3. Flight deck crew shall ensure ACFT is ready to p
1500,False,,,False,,False,,,,,0,REVIEW,True,unindexed_page_needs_inspection,unclassified,True,False,True,False,False,612.0,792.0,3553,"JEPPESEN HAMAD INTL 3. DEPARTURE RWY OPERATIONS 3.4. On receipt of line-up clearance pilots should ensure that they are able to taxi and line up on the RWY as soon as the preceding ACFT has commenced either its take- off roll or landing run. On receipt of take-off clearance, pilots should ensure that they are able to com- mence take-off without del"
1501,False,,OTHH,False,,False,,,,,0,REVIEW,True,unindexed_page_needs_inspection,unclassified,True,False,True,False,False,612.0,792.0,5207,"030^ 330^ D30 0^ OT(P)-43 .RADAR.MINIMUM.ALTITUDES. 20-1R JEPPESEN 50 45 DOHA, QATAR HAMAD INTL Apt Elev 121.1 OTHH/DOH 26 AUG 22 Alt Set: hPa Trans level: FL150 Trans alt: 13000 This chart may only be used for cross-checking of altitudes while under RADAR control. 13 North South 120.675X .Eff.8.Sep."
1502,False,,,False,,False,,,,,0,REVIEW,True,unindexed_page_needs_inspection,unclassified,True,False,True,False,False,612.0,792.0,69328,COMMS LOST COMMS LOST COMMS LOST COMMS LOST COMMS LOST COMMS LOST LOST C O M M S C O M M S LO ST
1503,False,,,False,,False,,,,,0,REVIEW,True,unindexed_page_needs_inspection,unclassified,True,False,True,False,False,612.0,792.0,81179,COMMS LOST COMMS LOST COMMS LOST COMMS LOST COMMS LOST COMMS LOST C O M M S LO ST LO ST COMMS LOST COMMS LOST
1504,False,,,False,,False,,,,,0,REVIEW,True,unindexed_page_needs_inspection,unclassified,True,False,True,False,False,612.0,792.0,12694,COMMS LOST COMMS LOST MMS COMMS LOST LOST COMMS LOST COMMS LOST COMMS LOST COMMS LOST FL210 HAYYA 178^ Apt Elev 13 126.825 Alt Set: hPa Trans level: FL150 RNP 1
1505,False,,,False,,False,,,,,0,REVIEW,True,unindexed_page_needs_inspection,unclassified,True,False,True,False,False,612.0,792.0,12336,LOST COMMS LOST COMMS LOST COMMS COMMS LOST COMMS LOST COMMS LOST LOST COMMS COMMS LOST LOST COMMS LOST COMMS LOST COMMS LOST COMMS
1506,False,,,False,,False,,,,,0,REVIEW,True,unindexed_page_needs_inspection,unclassified,True,False,True,False,False,612.0,792.0,38567,COMMS LOST COMMS LOST COMMS LOST COMMS LOST COMMS LOST COMMS LOST C O M M S LO ST LO ST COMMS LOST COMMS LOST
1507,False,,,False,,False,,,,,0,REVIEW,True,unindexed_page_needs_inspection,unclassified,True,False,True,False,False,612.0,792.0,91280,COMMS LOST COMMS LOST COMMS LOST COMMS LOST COMMS LOST COMMS LOST LOST C O M M S C O M M S LO ST
1508,False,,,False,,False,,,,,0,REVIEW,True,unindexed_page_needs_inspection,unclassified,True,False,True,False,False,612.0,792.0,74010,COMMS LOST COMMS LOST COMMS LOST COMMS LOST COMMS LOST COMMS LOST C O M M S LO ST LO ST COMMS LOST COMMS LOST
1509,False,,,False,,False,,,,,0,REVIEW,True,unindexed_page_needs_inspection,unclassified,True,False,True,False,False,612.0,792.0,12673,COMMS LOST COMMS LOST COMMS LOST COMMS LOST COMMS LOST COMMS LOST COMMS LOST LOST COMMS LOST COMMS LOST COMMS LOST COMMS LOST FL210
1510,False,,,False,,False,,,,,0,REVIEW,True,unindexed_page_needs_inspection,unclassified,True,False,True,False,False,612.0,792.0,84273,LOST C O M M S C O M M S LO ST LO ST MMS FL200 FL180 TOSNA TOVOX KUVLA DINEX T O S
1511,False,,,False,,False,,,,,0,REVIEW,True,unindexed_page_needs_inspection,unclassified,True,False,True,False,False,612.0,792.0,79021,FL200 FL180 TOSNA TOVOX KUVLA DINEX T O S N A 2 L TOVOX 2L 1 6 . 1 1 6 . 5 7.9 1
1512,False,,,False,,False,,,,,0,REVIEW,True,unindexed_page_needs_inspection,unclassified,True,False,True,False,False,612.0,792.0,59109,COMMS LOST COMMS LOST COMMS LOST COMMS LOST COMMS LOST COMMS LOST C O M M S LO ST LO ST COMMS LOST COMMS LOST
1513,True,OMDL,,False,20-2J,False,"LAEEB 1R, TOSNA 2R, TOVOX 2R",STAR,AIRPORT,AIRPORT,96,CONFLICT,True,index_vs_pdf_category,Jeppesen_10_20_airport_series,True,False,True,False,False,612.0,792.0,71825,COMMS COMMS LOST COMMS LOST COMMS LOST COMMS LOST COMMS LOST C O M M S LO ST LO ST COMMS LOST COMMS LOST COMMS
1514,False,,,False,,False,,,,,0,REVIEW,True,unindexed_page_needs_inspection,unclassified,True,False,True,False,False,612.0,792.0,30024,COMMS COMMS LOST COMMS LOST COMMS LOST COMMS LOST COMMS LOST C O M M S LO ST LO ST COMMS LOST COMMS LOST COMMS
1515,False,,,False,,False,,,,,0,REVIEW,True,unindexed_page_needs_inspection,unclassified,True,False,True,False,False,612.0,792.0,79448,COMMS LOST COMMS LOST COMMS LOST COMMS LOST COMMS LOST COMMS LOST C O M M S LO ST LO ST COMMS LOST COMMS LOST
1516,False,,,False,,False,,,,,0,REVIEW,True,unindexed_page_needs_inspection,unclassified,True,False,True,False,False,612.0,792.0,44485,COMMS LOST COMMS LOST COMMS LOST COMMS LOST COMMS LOST COMMS LOST C O M M S LO ST LO ST COMMS LOST COMMS LOST
1517,False,,,False,,False,,,,,0,REVIEW,True,unindexed_page_needs_inspection,unclassified,True,False,True,False,False,612.0,792.0,4906,COMMS LOST LOST COMMS LOST COMMS LOST COMMS LOST COMMS LOST COMMS LOST LOST COMMS LOST COMMS LOST COMMS LOST COMMS LOST COMMS LOST
1518,False,,,False,,False,,,,,0,REVIEW,True,unindexed_page_needs_inspection,unclassified,True,False,True,False,False,612.0,792.0,4723,COMMS LOST LOST COMMS LOST COMMS LOST COMMS LOST COMMS LOST COMMS LOST LOST COMMS LOST COMMS LOST COMMS LOST COMMS LOST COMMS LOST
1519,False,,,False,,False,,,,,0,REVIEW,True,unindexed_page_needs_inspection,unclassified,True,False,True,False,False,612.0,792.0,74104,COMMS LOST COMMS LOST COMMS LOST COMMS LOST COMMS LOST COMMS LOST C O M M S LO ST LO ST COMMS LOST COMMS LOST
1520,False,,,False,,False,,,,,0,REVIEW,True,unindexed_page_needs_inspection,unclassified,True,False,True,False,False,612.0,792.0,45288,COMMS LOST COMMS LOST COMMS LOST COMMS LOST COMMS LOST COMMS LOST C O M M S LO ST LO ST COMMS LOST COMMS LOST
1521,False,,,False,,False,,,,,0,REVIEW,True,unindexed_page_needs_inspection,unclassified,True,False,True,False,False,612.0,792.0,29193,COMMS LOST COMMS LOST COMMS LOST COMMS LOST COMMS LOST COMMS LOST C O M M S LO ST LO ST COMMS LOST COMMS LOST
1522,False,,,False,,False,,,,,0,REVIEW,True,unindexed_page_needs_inspection,unclassified,True,False,True,False,False,612.0,792.0,68290,COMMS LOST COMMS LOST COMMS LOST COMMS LOST COMMS LOST COMMS LOST C O M M S LO ST LO ST COMMS LOST COMMS LOST
1523,False,,,False,,False,,,,,0,REVIEW,True,unindexed_page_needs_inspection,unclassified,True,False,True,False,False,612.0,792.0,37186,COMMS LOST COMMS LOST COMMS LOST COMMS LOST COMMS LOST COMMS LOST C O M M S LO ST LO ST COMMS LOST COMMS LOST
1524,False,,,False,,False,,,,,0,REVIEW,True,unindexed_page_needs_inspection,unclassified,True,False,True,False,False,612.0,792.0,10491,COMMS LOST LOST COMMS LOST COMMS LOST COMMS LOST COMMS LOST COMMS LOST COMMS LOST COMMS LOST COMMS LOST COMMS LOST COMMS LOST COMMS
1525,True,OMDL,,False,20-3K,False,SID 20-3K,SID,AIRPORT,AIRPORT,96,CONFLICT,True,index_vs_pdf_category,Jeppesen_10_20_airport_series,True,False,True,False,False,612.0,792.0,48696,COMMS LOST COMMS LOST COMMS LOST COMMS LOST COMMS LOST COMMS LOST C O M M S LO ST LO ST COMMS LOST COMMS LOST
1526,True,OMDL,,False,20-3L,False,SID 20-3L,SID,AIRPORT,AIRPORT,96,CONFLICT,True,index_vs_pdf_category,Jeppesen_10_20_airport_series,True,False,True,False,False,612.0,792.0,48401,COMMS LOST COMMS LOST COMMS LOST COMMS LOST COMMS LOST COMMS LOST C O M M S LO ST LO ST COMMS LOST COMMS LOST
1527,False,,,False,,False,,,,,0,REVIEW,True,unindexed_page_needs_inspection,unclassified,True,False,True,False,False,612.0,792.0,45042,COMMS LOST COMMS LOST COMMS LOST COMMS LOST COMMS LOST COMMS LOST C O M M S LO ST LO ST COMMS LOST COMMS LOST
1528,False,,,False,,False,,,,,0,REVIEW,True,unindexed_page_needs_inspection,unclassified,True,False,True,False,False,612.0,792.0,12936,COMMS LOST COMMS LOST COMMS LOST COMMS LOST COMMS LOST COMMS LOST COMMS LOST LOST COMMS LOST COMMS LOST COMMS LOST COMMS LOST DOHA
1529,False,,,False,,False,,,,,0,REVIEW,True,unindexed_page_needs_inspection,unclassified,True,False,True,False,False,612.0,792.0,13149,COMMS LOST LO S LOST COMMS LOST COMMS LOST COMMS LOST COMMS LOST COMMS FL180 FL180 MISEL LUBET TULUB 7.2 LUBET 2A 13.9 TULUB 2A 18.2
1530,False,,OTBD,False,,False,,,,,0,REVIEW,True,unindexed_page_needs_inspection,unclassified,True,False,True,False,False,612.0,792.0,16571,COMMS T C O M M S LO ST LO ST COMMS OST C O M M S DOHA OTBD - Intl 2300 R A P
1531,True,OMQF,,False,20-3S,False,REVAT 1C,SID,AIRPORT,AIRPORT,96,CONFLICT,True,index_vs_pdf_category,Jeppesen_10_20_airport_series,True,False,True,False,False,612.0,792.0,54042,COMMS LOST COMMS LOST COMMS LOST COMMS LOST COMMS LOST COMMS LOST C O M M S LO ST LO ST COMMS LOST COMMS LOST
1532,True,OMQF,,False,20-3T,False,DATMO 1W,SID,AIRPORT,AIRPORT,96,CONFLICT,True,index_vs_pdf_category,Jeppesen_10_20_airport_series,True,False,True,False,False,612.0,792.0,51300,COMMS LOST COMMS LOST COMMS LOST COMMS LOST COMMS LOST COMMS LOST C O M M S LO ST LO ST COMMS LOST COMMS LOST
1533,False,,OTHH,False,,False,,,,,0,REVIEW,True,unindexed_page_needs_inspection,unclassified,True,False,True,False,False,612.0,792.0,6156,"20-8 JEPPESEN OTHH/DOH DOHA, QATAR HAMAD INTL INTRODUCTION OF ALL WEATHER OPERATIONS AT HAMAD INTL AIRPORT (OTHH) (SUP 016/26) GENERAL 1. The All Weather Operations (AWO) concept applies progressive operational restrictions as meteorological conditions deteriorate. When the applicable phase is uncertain, the more restrictive phase may be applied un"
1534,False,,OTHH,False,,False,,,,,0,REVIEW,True,unindexed_page_needs_inspection,unclassified,True,False,True,False,False,612.0,792.0,6190,"JEPPESEN OTHH/DOH DOHA, QATAR HAMAD INTL 4. 4.1. AERODROME SAFEGUARDING 20-8A INTRODUCTION OF ALL WEATHER OPERATIONS AT HAMAD INTL AIRPORT (OTHH) (CONTD 1) (SUP 016/26) 25 SEP 26 .Eff.1.Oct. 4.2. Safeguarding may commence when visibility is 1500m or less and/or the ceiling is 500' or less, or earlier when LVP are anticipated. During safeguarding: -"
1535,False,,OTHH,False,,False,,,,,0,REVIEW,True,unindexed_page_needs_inspection,unclassified,True,False,True,False,False,612.0,792.0,5992,"JEPPESEN OTHH/DOH DOHA, QATAR HAMAD INTL 25 SEP 26 .Eff.1.Oct. Planned exit Runway 34R 34L A9 L9/M10 16L 16R A3 L3/M5 7.2. A specific exit will not normally be issued on final approach unless required by ground traffic or the availability of an exit. ATC may offer an earlier suitable exit after completion of the landing roll. 8. 8.1. ARRIVAL SPACIN"
1536,False,,,False,,False,,,,,0,REVIEW,True,unindexed_page_needs_inspection,unclassified,True,False,True,False,False,612.0,792.0,24848,A11 A12 B C Q Q1 Q2 T L10 L11 L12 K 13' N25 16.5 E051 36.5 16R 156^ 16L 156^ Elev 13' Elev 13' A10 A11
1537,False,,,False,,False,,,,,0,REVIEW,True,unindexed_page_needs_inspection,unclassified,True,False,True,False,False,612.0,792.0,6868,"20-9A JEPPESEN 1 12,753' 12,926' 2 2 TAKE-OFF RUN AVAILABLE RWY 16L: RWY 34R: 3 3 TAKE-OFF RUN AVAILABLE RWY 16R: RWY 34L: DOHA, QATAR HAMAD INTL 4540m 3940m 3887m From rwy head twy A11 int twy A10 int twy A6 int"
1538,False,,,False,,False,,,,,0,REVIEW,True,unindexed_page_needs_inspection,unclassified,True,False,True,False,False,612.0,792.0,36769,B R A9 F1 F2 F3 F4 F5 F6 F7 F8 F9 F10 11 F A8 B B A9 A8 O A7 D1 C
1539,False,,,False,,False,,,,,0,REVIEW,True,unindexed_page_needs_inspection,unclassified,True,False,True,False,False,612.0,792.0,19733,E4 S T1 T2 T3 T4 E3 E4 E3 E4 J R H1 S C13 G4 G5 G6 C B A4 A3 C B
1540,False,,,False,,False,,,,,0,REVIEW,True,unindexed_page_needs_inspection,unclassified,True,False,True,False,False,612.0,792.0,47181,"20-9D JEPPESEN DOHA, QATAR HAMAD INTL | JEPPESEN, 2012, 2026. ALL RIGHTS RESERVED. 2 OCT 26"
1541,False,,,False,,False,,,,,0,REVIEW,True,unindexed_page_needs_inspection,unclassified,True,False,True,False,False,612.0,792.0,29302,"20-9E JEPPESEN DOHA, QATAR HAMAD INTL | JEPPESEN, 2017, 2025. ALL RIGHTS RESERVED. N25 16.4 E051 36.1 N25 16.5 E051 36.0 N25 16.4 E051 36.0 N25 16.5 E051 36.0 N25 16.6 E051 36.0 N25 16.6 E051 35.9 N25 16.6 E051 36.0 N25 16.7 E051 35.9 N25 16.8 E051 35.9 N25 16.7 E051 35.9 N25 16.9 E051 35.8 N25 16.9 E051 35.9 N25 16.8 E051 35.9 N25 16.9 E051 35.8 N"
1542,False,,OTHH,False,,False,,,AIRPORT,AIRPORT,88,REVIEW,True,unindexed_chart_candidate,airport_header,True,False,True,False,False,612.0,792.0,3633,"20-9F JEPPESEN .Eff.19.Mar. START-OF-DOCKING The system is activated by pressing one of the ACFT type buttons on the operator panel. When the system has been activated, ""WAIT"" will be displayed. CAPTURE The yellow scrolling arrows indicate that the system is activated and in capture mode, searching for an approaching ACFT. It shall be checked that "
1543,False,,OTHH,False,,False,,,AIRPORT,AIRPORT,88,REVIEW,True,unindexed_chart_candidate,airport_header,True,False,True,False,False,612.0,792.0,3595,"20-9G JEPPESEN .Eff.19.Mar. OVERSHOOT If the ACFT overshot the stop-position, ""TOO FAR"" will be displayed. STOP SHORT If the ACFT is found standing still but has not reached the intended stop-position, the message ""STOP OK"" will be shown after a while. DOCKING COMPLETED When the ACFT has parked, ""OK"" will be displayed. 6 MAR 26 DOHA, QATAR OTHH/DOH"
1544,False,,OTHH,False,,False,,,AIRPORT,AIRPORT,88,REVIEW,True,unindexed_chart_candidate,airport_header,True,False,True,False,False,612.0,792.0,2462,"20-9H JEPPESEN 6 MAR 26 .Eff.19.Mar. Any unrecoverable error during the docking procedure will generate an SBU (safety back-up) condition. The display will show the text ""STOP SBU"". A manual backup procedure will be used for docking guidance. SBU - STOP TOO FAST If the ACFT approaches with a speed higher than the docking system can VIEW BLOCKED If "
1545,False,,OTHH,False,,False,,,AIRPORT,AIRPORT,88,REVIEW,True,unindexed_chart_candidate,airport_header,True,False,True,False,False,612.0,792.0,4639,"20-9J JEPPESEN 6 MAR 26 .Eff.19.Mar. ACFT DOCKING ACTIVATION ACFT docking activation is performed by the operator. When the Docking system has been activated, the pilot display indicates ""WAIT"" with red border. (At the operator panel: When the Docking system is ready to operate, the operator panel will show ""SAFEDOCK SYSTEM"" followed by a status me"
1546,False,,OTHH,False,,False,,,AIRPORT,AIRPORT,88,REVIEW,True,unindexed_chart_candidate,airport_header,True,False,True,False,False,612.0,792.0,3342,"20-9K JEPPESEN 4 JUL 25 .Eff.10.Jul. SLOW (DECREASE SPEED) The Docking system is configured with a slowdown active zone. The limit speed for ""SLOW"" down indication is configurable per ACFT type in the 0-10 range from the stop-position, with a default setting of 2 m/s. The limits further out are fixed: 10-20m 3 m/s; more than 20m 4 m/s. AZIMUTH GUID"
1547,False,,OTHH,False,,False,,,,,0,REVIEW,True,unindexed_page_needs_inspection,unclassified,True,False,True,False,False,612.0,792.0,3082,"20-9L JEPPESEN 4 JUL 25 .Eff.10.Jul. STOP SHORT FAILED ACFT IDENTIFICATION - ID FAIL If the ACFT is found standing still, within a configurable distance up to 16'/5m short of the stop-position, the pilot display indicates ""STOP"" with red border followed by ""OK"" after a configurable amount of time. After capture of the ACFT, its geometry is checked "
1548,False,,,False,,False,,,AIRPORT,AIRPORT,88,REVIEW,True,unindexed_chart_candidate,airport_header,True,False,True,False,False,612.0,792.0,2443,"20-9M JEPPESEN 4 JUL 25 .Eff.10.Jul. CONFIGURATION ERROR Any error related to the system configuration that occurs during the docking operation generates an error message ""ERR"" with red border will be indicated in both pilot display and operator panel. Or EmSource Missing When attempting to start a docking procedure with one or more emergency stop "
1549,False,,OTHH,False,,False,,,,,0,REVIEW,True,unindexed_page_needs_inspection,unclassified,True,False,True,False,False,612.0,792.0,16933,A11 A12 B C Q Q1 T L10 L11 L12 K A10 A11 A12 L10 L12 Q OTHH/DOH A10 25-18 51-37 Q2 Q1 Available for code F ACFT
1550,False,,OTHH,False,,False,,,APP,APP,91,REVIEW,True,unindexed_chart_candidate,instrument_approach_header,True,True,True,False,False,612.0,792.0,8314,"OT(P)-48 MISSED APCH: BRIEFING STRIP TM JEPPESEN 21-1 DOHA, QATAR HAMAD INTL LOC IDE 108.7 Final Apch Crs 156^ 2500'(2487') ILS DA(H) Alt Set: hPa Rwy Elev: 0 hPa Trans alt: 13000' Refer to Minimums ILS Rwy 16L OTHH/DOH"
1551,False,,OTHH,False,,False,,,APP,APP,91,REVIEW,True,unindexed_chart_candidate,instrument_approach_header,True,True,True,False,False,612.0,792.0,7549,"OT(P)-48 MISSED APCH: BRIEFING STRIP TM JEPPESEN DOHA, QATAR HAMAD INTL LOC IDE 108.7 Final Apch Crs 156^ 2500'(2487') 21-1A Refer to Minimums CAT II/III ILS Rwy 16L OTHH/DOH Apt Elev 13' Rwy 13' 2300 25-30 DOHA Approach"
1552,False,,OTHH,False,,False,,,APP,APP,91,REVIEW,True,unindexed_chart_candidate,instrument_approach_header,True,False,True,False,False,612.0,792.0,9135,"OT(P)-44 MISSED APCH: BRIEFING STRIP TM JEPPESEN 21-2 DOHA, QATAR HAMAD INTL LOC QAT 108.1 Final Apch Crs 156^ 2500'(2487') ILS DA(H) Alt Set: hPa Rwy Elev: 0 hPa Trans alt: 13000' Refer to Minimums ILS Rwy 16R OTHH/DOH"
1553,False,,OTHH,False,,False,,,APP,APP,91,REVIEW,True,unindexed_chart_candidate,instrument_approach_header,True,False,True,False,False,612.0,792.0,8227,"OT(P)-48 BRIEFING STRIP TM JEPPESEN DOHA, QATAR HAMAD INTL OTHH/DOH 21-2A CAT II/III ILS Rwy 16R 25-30 MISSED APCH: LOC QAT 108.1 Final Apch Crs 156^ 2500' (2487') Alt Set: hPa Rwy Elev: 0 hPa Trans alt: 13000' Refer to Minimums Apt Elev 13'"
1554,False,,OTHH,False,,False,,,APP,APP,91,REVIEW,True,unindexed_chart_candidate,instrument_approach_header,True,True,True,False,False,612.0,792.0,10070,"OT(P)-49 MISSED APCH: JEPPESEN 21-3 DOHA, QATAR HAMAD INTL LOC HJJ 111.9 Final Apch Crs 336^ 2500' (2487') ILS DA(H) Alt Set: hPa Rwy Elev: 0 hPa Trans alt: 13000' Refer to Minimums ILS Rwy 34L OTHH/DOH Apt Elev 13' Rwy 13'"
1555,False,,OTHH,False,,False,,,APP,APP,91,REVIEW,True,unindexed_chart_candidate,instrument_approach_header,True,True,True,False,False,612.0,792.0,7825,"OT(R)-52 BRIEFING STRIP TM JEPPESEN DOHA, QATAR HAMAD INTL OTHH/DOH 21-3A CAT II/III ILS Rwy 34L MISSED APCH: LOC HJJ 111.9 Final Apch Crs 336^ 2500' (2487') Alt Set: hPa Rwy Elev: 0 hPa Trans alt: 13000' Apt Elev 13' Rwy 13' 2300 DOHA Approach"
1556,False,,,False,,False,,,APP,APP,91,REVIEW,True,unindexed_chart_candidate,instrument_approach_header,True,False,True,False,False,612.0,792.0,9282,"OT(R)-52 OT(P)-49 MISSED APCH: BRIEFING STRIP TM JEPPESEN 21-4 DOHA, QATAR HAMAD INTL LOC AZM 110.1 Final Apch Crs 336^ 2500'(2487') ILS DA(H) Alt Set: hPa Rwy Elev: 0 hPa Trans alt: 13000' Refer to Minimums ILS Rwy 34R"
1557,False,,OTHH,False,,False,,,APP,APP,91,REVIEW,True,unindexed_chart_candidate,instrument_approach_header,True,False,True,False,False,612.0,792.0,7283,"OT(R)-52 OT(P)-49 BRIEFING STRIP TM JEPPESEN DOHA, QATAR HAMAD INTL OTHH/DOH CAT II/III ILS Rwy 34R 21-4A 25-20 MISSED APCH: LOC AZM 110.1 Final Apch Crs 336^ 2500'(2487') Alt Set: hPa Rwy Elev: 0 hPa Trans alt: 13000' Refer to Minimums"
1558,False,,OTHH,False,,False,,,APP,APP,70,REVIEW,True,unindexed_chart_candidate,body_approach_title,True,True,True,False,False,612.0,792.0,8890,"OT(P) -48 TOVAN (IF) 1 OTHH/DOH HAMAD INTL 22-1 DOHA, QATAR RNAV 156^ 2500' DA(H) HH611 MSA ARP Trans alt: 13000' Rwy Elev: 0 hPa Alt Set: hPa Final Apch Crs (2487') BRIEFING STRIP TM JEPPESEN"
1559,False,,OTHH,False,,False,,,APP,APP,70,REVIEW,True,unindexed_chart_candidate,body_approach_title,True,False,True,False,False,612.0,792.0,7786,"OT(P) -48 OTHH/DOH HAMAD INTL 22-2 DOHA, QATAR RNAV 156^ 2500' HH511 Trans alt: 13000' Rwy Elev: 0 hPa Alt Set: hPa Final Apch Crs (2487') BRIEFING STRIP TM JEPPESEN GOLSI (IF) 1 MAX 220 KT MSA ARP Apt Elev 13'"
1560,False,,,False,,False,,,APP,APP,91,REVIEW,True,unindexed_chart_candidate,instrument_approach_header,True,False,True,False,False,612.0,792.0,7553,"DOHA Doha Intl OTBD OT(P)-47 OT(P) -45 OTHH/DOH HAMAD INTL 22-3 DOHA, QATAR RNAV 2500' HH811 Trans alt: 13000' Rwy Elev: 0 hPa Alt Set: hPa Final Apch Crs (2487') BRIEFING STRIP TM JEPPESEN RW34L MSA ARP RNP Rwy 34L"
1561,False,,OTHH,False,,False,,,APP,APP,91,REVIEW,True,unindexed_chart_candidate,instrument_approach_header,True,False,True,False,False,612.0,792.0,7297,"OT(P)-47 OT(P) -45 OTHH/DOH HAMAD INTL 22-4 DOHA, QATAR RNAV 336^ 2500' HH911 Trans alt: 13000' Rwy Elev: 0 hPa Alt Set: hPa Final Apch Crs (2487') BRIEFING STRIP TM JEPPESEN MSA ARP RNP Rwy 34R 2300 RNP Apch"
1562,False,,OPKC,False,,False,,,,,0,REVIEW,True,unindexed_page_needs_inspection,unclassified,True,False,True,False,False,612.0,792.0,2474,"General Information Location: KARACHI PAK ICAO/IATA: OPKC / KHI Lat/Long: N24° 54.5', E067° 09.8' Elevation: 102 ft Airport Use: Public Daylight Savings: Not Observed UTC Conversion: -5:00 = UTC Magnetic Variation: 1.0° E Fuel Types: Jet A-1 Repair Types: Major Airframe, Major Engine Runway: 25R Length x Width: 11483 ft x 148 ft Surface Type: concr"
1563,False,,OPKC,False,,False,,,,,0,REVIEW,True,unindexed_page_needs_inspection,unclassified,True,False,True,False,False,612.0,792.0,2144,"General Information Location: KARACHI PAK ICAO/IATA: OPKC / KHI Lat/Long: N24° 54.5', E067° 09.8' Elevation: 102 ft Airport Use: Public Daylight Savings: Not Observed UTC Conversion: -5:00 = UTC Magnetic Variation: 1.0° E Fuel Types: Jet A-1 Repair Types: Major Airframe, Major Engine Runway: 25R Length x Width: 11483 ft x 148 ft Surface Type: concr"
1564,False,,OPKC,False,,False,,,,,0,REVIEW,True,unindexed_page_needs_inspection,unclassified,True,False,True,False,False,612.0,792.0,3543,"0 D60 OP(P)-101 Apt Elev 100 OPKC/KHI .RADAR.MINIMUM.ALTITUDES. 10-1R JEPPESEN JINNAH INTL KARACHI, PAKISTAN Alt Set: hPa (IN on request) D50 R330 R010 .Eff.8.Aug. 4253 26 JUL 24 Trans level: FL050 Trans alt: 3000 0^ D40 26-00"
1565,False,,,False,,False,,,STAR,STAR,98,REVIEW,True,unindexed_chart_candidate,printed_STAR_header,True,False,True,False,False,612.0,792.0,26667,"PAKISTAN INDIA KARACHI, PAKISTAN 100 126.7 .RNAV.STAR. JEPPESEN RNP 1 required. Alt Set: hPa (IN on request) Trans level: FL50 .Eff.17.Jun. Apt Elev ATIS CHORE 1B [CHOR1B] 10-2 From SAPNA proceed to MINAR, then to NIROL, then to AMJID, then to SABEN, descending to ATC assigned level. From NH proceed to MAKLI, then to SABEN, descending to ATC assign"
1566,False,,,False,,False,,,STAR,STAR,98,REVIEW,True,unindexed_chart_candidate,printed_STAR_header,True,False,True,False,False,612.0,792.0,32676,"2600 2 1 5 ^ 2000 290^ 3700 V O R C K 105^ FL170 FL140 L170 3000 KARACHI, PAKISTAN 100 126.7 .RNAV.STAR. JEPPESEN RNP 1 required."
1567,False,,OPKC,False,,False,,,STAR,STAR,98,REVIEW,True,unindexed_chart_candidate,printed_STAR_header,True,False,True,False,False,612.0,792.0,3726,"KARACHI, PAKISTAN OPKC/KHI JINNAH INTL Apt Elev 100 ATIS 126.7 .RNAV.STAR. JEPPESEN RNP 1 required. Alt Set: hPa (IN on request) Trans level: FL50 .Eff.17.Jun. 10-2B 6136 4 JUN 21 80 92 93 80 26-30 DOSTI 2C [DOST2C] LAKIV 2A [LAKI2A] RNP ARRIVALS"
1568,False,,,False,,False,,,STAR,STAR,98,REVIEW,True,unindexed_chart_candidate,printed_STAR_header,True,False,True,False,False,612.0,792.0,20486,"170^ 142^ ERABAD PKD NAWABSHAH OPNH POTUP 2 5 5 ^ DOVDO 410 KE KE 3 7 . 5 3 0 .STAR. JEPPESEN KARACHI, PAKISTAN OPKC/KHI"
1569,False,,,False,,False,,,,,0,REVIEW,True,unindexed_page_needs_inspection,unclassified,True,False,True,False,False,612.0,792.0,19382,R145 R 0 7 5 090^ DO NOT OVERFLY WHEN IN HOLDING D 1 5 . 0 2600 2 1 5 ^ 290^ D18.0 KC 2 5 5 ^
1570,False,,,False,,False,,,STAR,STAR,98,REVIEW,True,unindexed_chart_candidate,printed_STAR_header,True,False,True,False,False,612.0,792.0,4293,"NAWABSHAH OPNH 205^ 220^ 112.9 NH NAWABSHAH NH D Apt Elev 100 ATIS 126.7 Alt Set: hPa (IN on request) Trans level: FL50 KARACHI, PAKISTAN OPKC/KHI JINNAH INTL .STAR. 10-2E JEPPESEN 4056 .Eff.17.Jun. 4 JUN 21 80"
1571,False,,,False,,False,,,SID,SID,98,REVIEW,True,unindexed_chart_candidate,printed_SID_header,True,False,True,False,False,612.0,792.0,3091,"V C K OR FL100 or by ATC BADUL Apt Elev 100 Trans alt: 3000 OPKC/KHI 10-3 JEPPESEN JINNAH INTL KARACHI, PAKISTAN .RNAV.SID. 20 25 Towards OPNH: 4 JUN 21 .Eff.17.Jun. RNP 1 required. [BADU1D] (RWYS 25L/R)"
1572,False,,OPKC,False,,False,,,SID,SID,98,REVIEW,True,unindexed_chart_candidate,printed_SID_header,True,False,True,False,False,612.0,792.0,17164,"290^ VO R C K FL70 DANGI OPKC/KHI JEPPESEN 10-3A JINNAH INTL KARACHI, PAKISTAN .RNAV.SID. 20 25 4 JUN 21 .Eff.17.Jun. 0 1E [DANG1E] 1C], DANGI 1D [DANG1D] DEPARTURES LL RWYS)"
1573,False,,OPKC,False,,False,,,SID,SID,98,REVIEW,True,unindexed_chart_candidate,printed_SID_header,True,False,True,False,False,612.0,792.0,3490,"112.1 KC KARACHI KC D 2600 215^ 3700 105^ 1000 KC5~8 KC5~7 253^ 073^ 073^ OPKC/KHI JEPPESEN Apt Elev 100 Trans alt: 3000 JINNAH INTL KARACHI, PAKISTAN 10-3B .RNAV.SID. 20"
1574,False,,OPKC,False,,False,,,SID,SID,98,REVIEW,True,unindexed_chart_candidate,printed_SID_header,True,False,True,False,False,612.0,792.0,3228,"3700 V C K O R MELOM Trans alt: 3000 KARACHI, PAKISTAN OPKC/KHI JINNAH INTL JEPPESEN 10-3C .RNAV.SID. 50 45 MELOM 1G: 4 JUN 21 .Eff.17.Jun. Apt Elev 100 RNP 1 required. 66 60"
1575,False,,,False,,False,,,,,0,REVIEW,True,unindexed_page_needs_inspection,unclassified,True,False,True,False,False,612.0,792.0,12515,"112.1 KC KARACHI KC D 2600 2 1 5 ^ 000 290^ FL050 KC5~8 KC5~7 0 7 3 ^ 0 7 3 ^ KC5~6 MELOM 1H, MELOM 1J"
1576,False,,,False,,False,,,SID,SID,98,REVIEW,True,unindexed_chart_candidate,printed_SID_header,True,False,True,False,False,612.0,792.0,4570,"215^ V C K OR FL100 or by ATC 10 35 40 45 .SID. KARACHI, PAKISTAN OPKC/KHI JINNAH INTL JEPPESEN Apt Elev 102 Trans alt: 3000 10-3E BADUL Towards OPNH: 6 FEB 26 .Eff.19.Feb."
1577,False,,OPKC,False,,False,,,SID,SID,98,REVIEW,True,unindexed_chart_candidate,printed_SID_header,True,False,True,False,False,612.0,792.0,3436,"215^ 3700 KC Apt Elev 102 Trans alt: 3000 .SID. KARACHI, PAKISTAN OPKC/KHI JINNAH INTL JEPPESEN 10-3F 35 40 45 6 FEB 26 .Eff.19.Feb. 1150 60 25-00 (ALL RWYS) DEPARTURES DANGI 3A [DANG3A], DANGI 3B [DANG3B]"
1578,False,,OPKC,False,,False,,,SID,SID,98,REVIEW,True,unindexed_chart_candidate,printed_SID_header,True,False,True,False,False,612.0,792.0,30629,"2 2 0 ^ 2600 2 1 5 ^ 290^ 00 700 .SID. KARACHI, PAKISTAN OPKC/KHI JINNAH INTL JEPPESEN 10-3G 000 112.1 KC KARACHI KC D 35"
1579,False,,OPKC,False,,False,,,SID,SID,98,REVIEW,True,unindexed_chart_candidate,printed_SID_header,True,False,True,False,False,612.0,792.0,3948,"215^ 3700 700 PUNAM 112.1 KC KARACHI KC D Apt Elev 102 .SID. KARACHI, PAKISTAN OPKC/KHI JINNAH INTL JEPPESEN 10-3H Trans alt: 3000 35 40 45 PUNAM 3A, 3B 1457 ^ 6 FEB 26"
1580,False,,OPKC,False,,False,,,AIRPORT,AIRPORT,88,REVIEW,True,unindexed_chart_candidate,airport_header,True,False,True,False,False,612.0,792.0,7534,"102' 10-9 KARACHI, PAKISTAN N24 54.5 E067 09.8 126.7 ATIS KARACHI Ground 121.6 Tower 118.3 Apt Elev 24-55 24-55 67-08 67-09 67-10 67-11 JINNAH INTL OPKC/KHI JEPPESEN NDB LEGEND HOT SPOT ATC-Service"
1581,False,,OPKC,False,,False,,,AIRPORT,AIRPORT,88,REVIEW,True,unindexed_chart_candidate,airport_header,True,True,True,False,False,612.0,792.0,7160,10-9A JINNAH INTL OPKC/KHI JEPPESEN LEGEND HOT SPOT ATC-Service boundary Advanced Visual Docking Guidance System available at stands 11 thru 18 and 21 thru 28. 20 MAR 26 SEE INSET BELOW M 74A 74B 75B 75A Jinnah Terminal (DOMESTIC) Hangars Terminal 1 Cargo
1582,False,,OPKC,False,,False,,,AIRPORT,AIRPORT,88,REVIEW,True,unindexed_chart_candidate,airport_header,True,False,True,False,False,612.0,792.0,3876,"10-9B OPKC/KHI JEPPESEN 23 DEC 22 .Eff.29.Dec. KARACHI, PAKISTAN START-UP/PUSH-BACK & TAXI PROCEDURES FOR TURBO-JET & TURBO-PROP AIRCRAFT TAXIING TO AND FROM STANDS 1. General Aviation acft while taxiing from and to the GA parking area may be provided assistance from the ""FOLLOW ME"" vehicle, if available, up to the Western apron limit. 2. Pilots of"
1583,False,,OPKC,False,,False,,,,,0,REVIEW,True,unindexed_page_needs_inspection,unclassified,True,False,True,False,False,612.0,792.0,3851,"10-9S JEPPESEN 1 1 1 2 2 2 2 .EASA.AIR.OPS. 13 FEB 26 .Eff.19.Feb. STRAIGHT-IN RWY D C B A OPKC/KHI KARACHI, PAKISTAN JINNAH INTL 07L 430'(352') 430'(352') (352')"
1584,False,,OPKC,False,,False,,,,,0,REVIEW,True,unindexed_page_needs_inspection,unclassified,True,False,True,False,False,612.0,792.0,4914,"10-9S1 JEPPESEN 2 23 2 2 .EASA.AIR.OPS. 13 FEB 26 .Eff.19.Feb. 1 1 1 1 1 1 1 1 OPKC/KHI KARACHI, PAKISTAN JINNAH INTL STRAIGHT-IN RWY D C B"
1585,False,,,False,,False,,,APP,APP,70,REVIEW,True,unindexed_chart_candidate,body_approach_title,True,False,True,False,False,612.0,792.0,8043,"OP(R)-100 OP(R)-102 OP(R)-112 MISSED APCH: BRIEFING STRIP TM LOC IQA 109.7 Final Apch Crs 254^ D5.8 IQA 2000'(1911') 11-1 ATIS 126.7 KARACHI Approach 125.5 KARACHI Tower 118.3 Ground 121.6 KARACHI, PAKISTAN DA(H)"
1586,False,,,False,,False,,,APP,APP,70,REVIEW,True,unindexed_chart_candidate,body_approach_title,True,False,True,False,False,612.0,792.0,10060,"OP(R)-100 OP(R)-102 OP(R)-112 MISSED APCH: BRIEFING STRIP TM LOC IQA 109.7 Final Apch Crs 254^ D5.8 IQA 2000'(1911') 11-2 ATIS 126.7 KARACHI Approach 125.5 KARACHI Tower 118.3 Ground 121.6 KARACHI, PAKISTAN DA(H)"
1587,False,,,False,,False,,,APP,APP,70,REVIEW,True,unindexed_chart_candidate,body_approach_title,True,False,True,False,False,612.0,792.0,8840,"OP(R)-100 OP(R)-102 OP(R)-112 MISSED APCH: BRIEFING STRIP TM LOC IKC 110.1 Final Apch Crs 254^ 2000'(1898') 11-3 ATIS 126.7 KARACHI Approach 125.5 KARACHI Tower 118.3 Ground 121.6 KARACHI, PAKISTAN DA(H)"
1588,False,,,False,,False,,,APP,APP,70,REVIEW,True,unindexed_chart_candidate,body_approach_title,True,False,True,False,False,612.0,792.0,8910,"OP(R)-100 OP(R)-102 OP(R)-112 254^ 110.1 IKC MISSED APCH: BRIEFING STRIP TM LOC IKC 110.1 Final Apch Crs 254^ 2000'(1898') 11-4 ATIS 126.7 KARACHI Approach 125.5 KARACHI Tower 118.3 Ground 121.6 KARACHI, PAKISTAN"
1589,False,,,False,,False,,,APP,APP,70,REVIEW,True,unindexed_chart_candidate,body_approach_title,True,False,True,False,False,612.0,792.0,9050,OP(R)-100 OP(R)-103 OP(R)-113 OP(D)-136 KC6~~ 074^ MAKLI 074^ 233^ FL80 MAX 230 KT (IAF) 15.8 17.0 15 20 ATIS 126.7 125.5 KARACHI Approach 118.3 KARACHI Tower 121.6 Ground
1590,False,,,False,,False,,,APP,APP,70,REVIEW,True,unindexed_chart_candidate,body_approach_title,True,False,True,False,False,612.0,792.0,8222,OP(R)-100 OP(R)-103 OP(R)-113 OP(D)-136 KC6~1 074^ MAKLI 074^ 16.9 233^ 15.8 FL80 MAX 230 KT (IAF) 25-00 ATIS 126.7 RNAV 074^ Final Apch Crs 125.5 KARACHI Approach 118.3
1591,False,,,False,,False,,,APP,APP,70,REVIEW,True,unindexed_chart_candidate,body_approach_title,True,False,True,False,False,612.0,792.0,9086,"OP(R)-100 MISSED APCH: BRIEFING STRIP TM Final Apch Crs 253^ 2000'(1911') 12-3 ATIS 126.7 KARACHI Approach 125.5 KARACHI Tower 118.3 Ground 121.6 KARACHI, PAKISTAN DA(H) Apt Elev Rwy 102' 89' Alt Set: hPa (IN on req)"
1592,False,,,False,,False,,,APP,APP,70,REVIEW,True,unindexed_chart_candidate,body_approach_title,True,False,True,False,False,612.0,792.0,7682,"OP(R)-100 MISSED APCH: BRIEFING STRIP TM Final Apch Crs 253^ 2000'(1898') 12-4 ATIS 126.7 KARACHI Approach 125.5 KARACHI Tower 118.3 Ground 121.6 KARACHI, PAKISTAN DA(H) Apt Elev Rwy 102' 102' Alt Set: hPa (IN on req)"
1593,False,,,False,,False,,,APP,APP,70,REVIEW,True,unindexed_chart_candidate,body_approach_title,True,False,True,False,False,612.0,792.0,8539,"OP(R)-100 OP(R)-102 OP(R)-112 MISSED APCH: BRIEFING STRIP TM Final Apch Crs ATIS 126.7 KARACHI Approach 125.5 KARACHI Tower 118.3 Ground 121.6 VOR KC 112.1 254^ D5.4 2000'(1911') 13-1 KARACHI, PAKISTAN"
1594,False,,,False,,False,,,APP,APP,70,REVIEW,True,unindexed_chart_candidate,body_approach_title,True,False,True,False,False,612.0,792.0,8089,"OP(R)-100 BRIEFING STRIP TM Final Apch Crs ATIS 126.7 KARACHI Approach 125.5 KARACHI Tower 118.3 Ground 121.6 Alt Set: hPa (IN on req) Rwy Elev: 3 hPa Trans level: FL050 Trans alt: 3000' VOR KC 112.1 254^ D5.4 2000'(1911') KARACHI, PAKISTAN"
1595,False,,,False,,False,,,APP,APP,70,REVIEW,True,unindexed_chart_candidate,body_approach_title,True,False,True,False,False,612.0,792.0,8699,"OP(R)-100 OP(R)-102 OP(R)-112 MISSED APCH: BRIEFING STRIP TM Final Apch Crs ATIS 126.7 KARACHI Approach 125.5 KARACHI Tower 118.3 Ground 121.6 VOR KC 112.1 254^ D5.6 2000'(1898') 13-3 KARACHI, PAKISTAN"
1596,False,,,False,,False,,,APP,APP,70,REVIEW,True,unindexed_chart_candidate,body_approach_title,True,False,True,False,False,612.0,792.0,8843,"OP(R)-100 BRIEFING STRIP TM Final Apch Crs ATIS 126.7 KARACHI Approach 125.5 KARACHI Tower 118.3 Ground 121.6 Alt Set: hPa (IN on req) Trans level: FL050 Trans alt: 3000' VOR KC 112.1 254^ D5.6 2000'(1898') KARACHI, PAKISTAN 13-4"
1597,False,,,False,,False,,,APP,APP,70,REVIEW,True,unindexed_chart_candidate,body_approach_title,True,False,True,False,False,612.0,792.0,6104,"OP(R)-100 KARACHI 271 KC K C 100^ KARACHI, PAKISTAN MISSED APCH: BRIEFING STRIP TM 16-1 ATIS 126.7 KARACHI Approach 125.5 KARACHI Tower Ground NDB KC 271 Final Apch Crs 280^ No FAF MDA(H)"
1598,False,,OPKC,False,,False,,,,,0,REVIEW,True,unindexed_page_needs_inspection,unclassified,True,False,True,False,False,612.0,792.0,5389,"OP(R)-100 254^ 25-00 18-1 Final Apch Crs RADAR By ATC Refer to Minimums MDA(H) BRIEFING STRIP TM KARACHI, PAKISTAN JINNAH INTL OPKC/KHI SRA Rwy 07L/25R ATIS 126.7 KARACHI Approach 125.5 KARACHI Tower 118.3 Ground"
1599,False,,OPIS,False,,False,,,,,0,REVIEW,True,unindexed_page_needs_inspection,unclassified,True,False,True,False,False,612.0,792.0,2426,"General Information Location: ISLAMABAD PAK ICAO/IATA: OPIS / ISB Lat/Long: N33° 32.9', E072° 49.5' Elevation: 1761 ft Airport Use: Public Daylight Savings: Not Observed UTC Conversion: -5:00 = UTC Magnetic Variation: 3.0° E Fuel Types: Jet A-1 Customs: Yes Surface Type: asphalt TDZ-Elev: 1750 ft Lighting: Edge, ALS Communication Information ATIS: "
1600,False,,OPIS,False,,False,,,,,0,REVIEW,True,unindexed_page_needs_inspection,unclassified,True,False,True,False,False,612.0,792.0,2226,"General Information Location: ISLAMABAD PAK ICAO/IATA: OPIS / ISB Lat/Long: N33° 32.9', E072° 49.5' Elevation: 1761 ft Airport Use: Public Daylight Savings: Not Observed UTC Conversion: -5:00 = UTC Magnetic Variation: 3.0° E Fuel Types: Jet A-1 Customs: Yes Surface Type: asphalt TDZ-Elev: 1750 ft Lighting: Edge, ALS Communication Information ATIS: "
1601,False,,OPIS,False,,False,,,AIRPORT,AIRPORT,88,REVIEW,True,unindexed_chart_candidate,airport_header,True,False,True,False,False,612.0,792.0,3302,"ISLAMABAD, PAKISTAN OPIS/ISB ISLAMABAD INTL .AIRPORT.BRIEFING. + JEPPESEN 1.1. ATIS ATIS 126.2 1.2. LOW VISIBILITY PROCEDURES (LVP) 1.2.1. GENERAL For RWY 28L during LVP (authorized up to ILS CAT III operations RVR 100m). LVPs are enforced when RWY 28L RVR is less than 800m or ceiling is less than 200'. The LVPs are terminated when RVR is more than"
1602,False,,OPIS,False,,False,,,AIRPORT,AIRPORT,88,REVIEW,True,unindexed_chart_candidate,airport_header,True,False,True,False,False,612.0,792.0,3905,"ISLAMABAD, PAKISTAN OPIS/ISB ISLAMABAD INTL .AIRPORT.BRIEFING. + JEPPESEN 2.2.2. VISUAL APPROACH Due to close proximity of Qasim Airfield, ACFT carrying out visual approach should remain within 4NM of BTR VOR. 2.2.3. CAUTION Small airfield with RWY 14/32 exists 9.5NM Eastnortheast of aerodrome. Main- tain altitude 3700' until over FAP/FAF. 2.3. TAX"
1603,False,,OPIS,False,,False,,,AIRPORT,AIRPORT,88,REVIEW,True,unindexed_chart_candidate,airport_header,True,False,True,False,False,612.0,792.0,3617,"ISLAMABAD, PAKISTAN OPIS/ISB ISLAMABAD INTL .AIRPORT.BRIEFING. + JEPPESEN 3.1. START-UP, PUSH-BACK AND TAXI PROCEDURES - Contact GND for push-back/start-up 5 minutes before ready. - Start-up approval will remain valid for 5 minutes. In case of delay, fresh approval shall be obtained. - ACFT may start one engine on idle power at bay, rest start-up w"
1604,False,,,False,,False,,,,,0,REVIEW,True,unindexed_page_needs_inspection,unclassified,True,False,True,False,False,612.0,792.0,5894,0 9 0 ^ 1 2 0 ^ 060^ D 2 0 D20 D30 D 3 0 D 4 0 OP(P)-249A P(P)-254 277 D
1605,False,,OPIS,False,,False,,,STAR,STAR,98,REVIEW,True,unindexed_chart_candidate,printed_STAR_header,True,False,True,False,False,612.0,792.0,3303,"JEPPESEN Apt Elev 1761 ISLAMABAD INTL ISLAMABAD, PAKISTAN 126.2 20-2 176^ 50 BOBAM OPIS/ISB 19 SEP 25 .RNAV.STAR. RNP 1 required Provision of RAIM prediction, if considered, is the responsibility of the operator. Alt Set: hPa (IN on request) Trans level: FL140 .Eff.2.Oct. ATIS 34-30 BOBAM 1J [BOBA1J] RNP ARRIVAL"
1606,False,,OPIS,False,,False,,,STAR,STAR,98,REVIEW,True,unindexed_chart_candidate,printed_STAR_header,True,False,True,False,False,612.0,792.0,12202,"INDEK JEPPESEN 20-2A ISLAMABAD INTL ISLAMABAD, PAKISTAN 000 00 KT NOP 50 OPIS/ISB Arrivals from KALMI and KIMUL are not permitted to intercept finals of RWYS 10L/R directly. 19 SEP 25 .RNAV.STAR. NP 1 required Provision of RAIM prediction, if considered, is the responsibility of the operator. lt Set: hPa (IN on request) Trans level: FL140 .Eff.2.Oc"
1607,False,,OPIS,False,,False,,,STAR,STAR,98,REVIEW,True,unindexed_chart_candidate,printed_STAR_header,True,False,True,False,False,612.0,792.0,3675,".STAR. JEPPESEN Apt Elev 1761 ISLAMABAD INTL ISLAMABAD, PAKISTAN Trans level: FL140 126.2 176^ 20-2B 50 BOBAM OPIS/ISB 19 SEP 25 Alt Set: hPa (IN on request) .Eff.2.Oct. ATIS 131 196 34-30 ARRIVAL BOBAM 1K [BOBA1K] 12000 10000"
1608,False,,OPIS,False,,False,,,STAR,STAR,98,REVIEW,True,unindexed_chart_candidate,printed_STAR_header,True,False,True,False,False,612.0,792.0,16767,"R170 RN D12.0 INDEK JEPPESEN 20-2C ISLAMABAD INTL ISLAMABAD, PAKISTAN 50 OPIS/ISB 19 SEP 25 Apt Elev 1761 126.2 .STAR. Arrivals from KALMI and KIMUL are not permitted to intercept finals of RWYS 10L/R directly. 350^ MAX 14000 MHA 6000 MAX 220 KT D17.0 ISDUR"
1609,False,,OPIS,False,,False,,,SID,SID,98,REVIEW,True,unindexed_chart_candidate,printed_SID_header,True,False,True,False,False,612.0,792.0,3080,"JEPPESEN ISLAMABAD INTL ISLAMABAD, PAKISTAN 50 20-3 .RNAV.SID. ISLAMABAD Departure 119.65 BOBAM 10 FEB 23 .Eff.23.Feb. OPIS/ISB Trans alt: 12000 Apt Elev 1761 RNP 1 required Provision of RAIM prediction, if considered, is the responsibility of the operator. 34-30 FL200 BOBAM 2L [BOBA2L] RNP DEPARTURE (RWY 10R)"
1610,False,,OPIS,False,,False,,,SID,SID,98,REVIEW,True,unindexed_chart_candidate,printed_SID_header,True,False,True,False,False,612.0,792.0,3297,"JEPPESEN ISLAMABAD INTL ISLAMABAD, PAKISTAN 50 .RNAV.SID. ISLAMABAD Departure 119.65 BOBAM 10 FEB 23 .Eff.23.Feb. OPIS/ISB Trans alt: 12000 Apt Elev 1761 RNP 1 required Provision of RAIM prediction, if considered, is the responsibility of the operator. 20-3A 34-30 FL200 BOBAM 2M [BOBA2M] RNP DEPARTURE (RWY 28L)"
1611,False,,OPIS,False,,False,,,SID,SID,98,REVIEW,True,unindexed_chart_candidate,printed_SID_header,True,False,True,False,False,612.0,792.0,3087,"JEPPESEN ISLAMABAD INTL ISLAMABAD, PAKISTAN 50 .RNAV.SID. ISLAMABAD Departure 119.65 BOBAM 10 FEB 23 .Eff.23.Feb. OPIS/ISB Trans alt: 12000 Apt Elev 1761 RNP 1 required Provision of RAIM prediction, if considered, is the responsibility of the operator. 20-3B 34-30 FL200 BOBAM 1Q [BOBA1Q] RNP DEPARTURE (RWY 10L)"
1612,False,,OPIS,False,,False,,,SID,SID,98,REVIEW,True,unindexed_chart_candidate,printed_SID_header,True,False,True,False,False,612.0,792.0,3278,"JEPPESEN ISLAMABAD INTL ISLAMABAD, PAKISTAN 50 .RNAV.SID. ISLAMABAD Departure 119.65 BOBAM 10 FEB 23 .Eff.23.Feb. OPIS/ISB Trans alt: 12000 Apt Elev 1761 RNP 1 required Provision of RAIM prediction, if considered, is the responsibility of the operator. 20-3C 34-30 FL200 BOBAM 1R [BOBA1R] RNP DEPARTURE (RWY 28R)"
1613,False,,OPIS,False,,False,,,SID,SID,98,REVIEW,True,unindexed_chart_candidate,printed_SID_header,True,False,True,False,False,612.0,792.0,13132,"4.0% V/V (fpm) 304 405 608 810 1013 1215 Gnd speed-KT 75 100 150 200 250 300 JEPPESEN 20-3D ISLAMABAD INTL ISLAMABAD, PAKISTAN 50 OPIS/ISB 16 JUN 23 .RNAV.SID. 119.65 Trans alt: 12000 Apt Elev"
1614,False,,OPIS,False,,False,,,SID,SID,98,REVIEW,True,unindexed_chart_candidate,printed_SID_header,True,False,True,False,False,612.0,792.0,16273,"4.0% V/V (fpm) 304 405 608 810 1013 1215 Gnd speed-KT 75 100 150 200 250 300 JEPPESEN 20-3E ISLAMABAD INTL ISLAMABAD, PAKISTAN 50 OPIS/ISB 16 JUN 23 .RNAV.SID. ISLAMABAD Departure 119.65"
1615,False,,OPIS,False,,False,,,,,0,REVIEW,True,unindexed_page_needs_inspection,unclassified,True,False,True,False,False,612.0,792.0,12642,"4.0% V/V (fpm) 304 405 608 810 1013 1215 Gnd speed-KT 75 100 150 200 250 300 119.65 Trans alt: 12000 JEPPESEN 20-3F ISLAMABAD INTL ISLAMABAD, PAKISTAN 50 OPIS/ISB 16 JUN 23 Apt Elev 1761"
1616,False,,OPIS,False,,False,,,,,0,REVIEW,True,unindexed_page_needs_inspection,unclassified,True,False,True,False,False,612.0,792.0,16242,"4.0% V/V (fpm) 304 405 608 810 1013 1215 Gnd speed-KT 75 100 150 200 250 300 119.65 Trans alt: 12000 JEPPESEN 20-3G ISLAMABAD INTL ISLAMABAD, PAKISTAN 50 OPIS/ISB 16 JUN 23 Apt Elev 1761"
1617,False,,OPIS,False,,False,,,SID,SID,98,REVIEW,True,unindexed_chart_candidate,printed_SID_header,True,False,True,False,False,612.0,792.0,3224,"JEPPESEN Apt Elev 1761 ISLAMABAD INTL ISLAMABAD, PAKISTAN 50 ISLAMABAD Departure 119.65 BOBAM 10 FEB 23 .Eff.23.Feb. OPIS/ISB Trans alt: 12000 .SID. 20-3H 196 34-30 FL200 BOBAM 2N [BOBA2N] DEPARTURE (RWYS 10L/R) 14000 12000"
1618,False,,OPIS,False,,False,,,SID,SID,98,REVIEW,True,unindexed_chart_candidate,printed_SID_header,True,False,True,False,False,612.0,792.0,3043,"JEPPESEN ISLAMABAD INTL ISLAMABAD, PAKISTAN 20-3J .SID. 50 Apt Elev 1761 ISLAMABAD Departure 119.65 BOBAM 10 FEB 23 .Eff.23.Feb. OPIS/ISB Trans alt: 12000 131 196 34-30 FL200 BOBAM 2P [BOBA2P] (RWYS 28L/R) DEPARTURE 14000 12000"
1619,False,,OPIS,False,,False,,,SID,SID,98,REVIEW,True,unindexed_chart_candidate,printed_SID_header,True,False,True,False,False,612.0,792.0,3864,"7500 140^ 20-3K ISLAMABAD INTL ISLAMABAD, PAKISTAN Apt Elev 1761 ISLAMABAD Departure 10 FEB 23 .Eff.23.Feb. 119.65 Trans alt: 12000 OPIS/ISB D2.0 BTR 114.6 BTR btr D ISLAMABAD 112.1 RN ISLAMABAD RN D .SID. JEPPESEN"
1620,False,,OPIS,False,,False,,,SID,SID,98,REVIEW,True,unindexed_chart_candidate,printed_SID_header,True,False,True,False,False,612.0,792.0,3854,"7500 140^ D6.0 BTR 20-3L ISLAMABAD INTL ISLAMABAD, PAKISTAN Apt Elev 1761 ISLAMABAD Departure 10 FEB 23 .Eff.23.Feb. 119.65 Trans alt: 12000 OPIS/ISB 112.1 RN ISLAMABAD RN D .SID. JEPPESEN 7242 50 DEPARTURES (RWYS 28L/R)"
1621,False,,OPIS,False,,False,,,SID,SID,98,REVIEW,True,unindexed_chart_candidate,printed_SID_header,True,False,True,False,False,612.0,792.0,17363,"270^ JEPPESEN 20-3M ISLAMABAD INTL ISLAMABAD, PAKISTAN .SID. 50 16 JUN 23 OPIS/ISB 112.1 RN ISLAMABAD RN D 4.0% V/V (fpm) 304 405 608 810 1013 1215 Gnd speed-KT 75 100 150 200"
1622,False,,OPIS,False,,False,,,SID,SID,98,REVIEW,True,unindexed_chart_candidate,printed_SID_header,True,False,True,False,False,612.0,792.0,15482,"270^ JEPPESEN 20-3N ISLAMABAD INTL ISLAMABAD, PAKISTAN .SID. 50 16 JUN 23 OPIS/ISB 112.1 RN ISLAMABAD RN D 4.0% V/V (fpm) 304 405 608 810 1013 1215 Gnd speed-KT 75 100 150 200"
1623,False,,,False,,False,,,,,0,REVIEW,True,unindexed_page_needs_inspection,unclassified,True,False,True,False,False,612.0,792.0,7271,Apt Elev JEPPESEN Clearance Ground Tower Departure 126.2 130.6 Elev 10L 098^ 10R 098^ Elev 1733' Elev 1736' A A B L K K C
1624,False,,,False,,False,,,,,0,REVIEW,True,unindexed_page_needs_inspection,unclassified,True,True,True,False,False,612.0,792.0,6126,"20-9A JEPPESEN ISLAMABAD, PAKISTAN ISLAMABAD INTL C T P M M Q 1 2 3 4 5 6 7 8 9 10 15 16 17 18"
1625,False,,,False,,False,,,,,0,REVIEW,True,unindexed_page_needs_inspection,unclassified,True,False,True,False,False,612.0,792.0,4425,20-9S JEPPESEN 1 1 1 2 2 2 2 .EASA.AIR.OPS. 28 OCT 22 STRAIGHT-IN RWY D C B A ALS out (200') R1200m (200') R1200m (209') R1200m (219')
1626,False,,,False,,False,,,,,0,REVIEW,True,unindexed_page_needs_inspection,unclassified,True,False,True,False,False,612.0,792.0,3164,"20-9S1 JEPPESEN 1 1 1 2 2 2 2 28 OCT 22 .EASA.AIR.OPS. STRAIGHT-IN RWY D C B A ISLAMABAD, PAKISTAN ISLAMABAD INTL ALS out (200') R1200m (200') R1200m (200')"
1627,False,,,False,,False,,,APP,APP,91,REVIEW,True,unindexed_chart_candidate,instrument_approach_header,True,True,True,False,False,612.0,792.0,9827,"OP(P)-226 OP(R)-213 OP(R)-227 OP(R)-228 OP(R)-229 3000 4000 61.6 17 ISLAMABAD INTL 21-1 ISLAMABAD, PAKISTAN ILS or LOC Z Rwy 10R ISLAMABAD Approach ISLAMABAD Tower Ground 126.2 130.6 LOC IBAP 111.3 Final Apch Crs 098^"
1628,False,,,False,,False,,,APP,APP,91,REVIEW,True,unindexed_chart_candidate,instrument_approach_header,True,True,True,False,False,612.0,792.0,8612,"OP(R)-229 ISLAMABAD INTL 21-2 ISLAMABAD, PAKISTAN ILS or LOC Y Rwy 10R ISLAMABAD Approach ISLAMABAD Tower Ground 126.2 LOC IBAP 111.3 Final Apch Crs 098^ D6.0 IBAP 3700' (1967') Apt Elev 1761' 1733' Rwy MSA BTR VOR 140^ 270^ 7500"
1629,False,,,False,,False,,,APP,APP,91,REVIEW,True,unindexed_chart_candidate,instrument_approach_header,True,True,True,False,False,612.0,792.0,9179,"OP(P)-226 OP(R)-213 OP(R)-227 OP(R)-228 OP(R)-229 OP(P)-254 3000 ISLAMABAD INTL 21-3 ISLAMABAD, PAKISTAN ILS or LOC Z Rwy 28L ISLAMABAD Approach ISLAMABAD Tower Ground 126.2 Final Apch Crs 278^ 3700' (1953') DA(H) 1947'(200') Apt Elev 1761' 1747' Rwy"
1630,False,,,False,,False,,,APP,APP,70,REVIEW,True,unindexed_chart_candidate,body_approach_title,True,True,True,False,False,612.0,792.0,8119,"OP(P)-226 OP(R)-213 OP(R)-227 OP(R)-228 OP(R)-229 OP(P)-254 3000 ISLAMABAD INTL ISLAMABAD, PAKISTAN ISLAMABAD Approach ISLAMABAD Tower Ground 126.2 Final Apch Crs 278^ 3700' (1953') Apt Elev 1761' 1747' Rwy MSA BTR VOR 140^ 270^ 7500"
1631,False,,,False,,False,,,APP,APP,91,REVIEW,True,unindexed_chart_candidate,instrument_approach_header,True,False,True,False,False,612.0,792.0,7714,"170^ 1 ISLAMABAD INTL 21-4 ISLAMABAD, PAKISTAN ILS or LOC Y Rwy 28L ISLAMABAD Approach ISLAMABAD Tower Ground 126.2 LOC IBBA 108.1 Final Apch Crs 278^ D6.0 IBBA 3700' (1953') ILS DA(H) 1947'(200') MSA BTR VOR 140^ 270^"
1632,False,,,False,,False,,,APP,APP,70,REVIEW,True,unindexed_chart_candidate,body_approach_title,True,False,True,False,False,612.0,792.0,6608,"170^ 1 ISLAMABAD INTL ISLAMABAD, PAKISTAN ISLAMABAD Approach ISLAMABAD Tower Ground 126.2 LOC IBBA 108.1 Final Apch Crs 278^ D6.0 IBBA 3700' (1953') Apt Elev 1761' 1747' Rwy MSA BTR VOR 140^ 270^ 7500 4200"
1633,False,,,False,,False,,,APP,APP,91,REVIEW,True,unindexed_chart_candidate,instrument_approach_header,True,True,True,False,False,612.0,792.0,9089,"OP(P)-226 OP(R)-213 OP(R)-227 OP(R)-228 OP(R)-229 OP(P)-254 3000 ISLAMABAD INTL 21-5 ISLAMABAD, PAKISTAN ILS or LOC Z Rwy 28R ISLAMABAD Approach ISLAMABAD Tower Ground 126.2 Final Apch Crs 278^ 3700' (1950') DA(H) 1950'(200') MSA BTR VOR 140^ 270^"
1634,False,,,False,,False,,,APP,APP,91,REVIEW,True,unindexed_chart_candidate,instrument_approach_header,True,False,True,False,False,612.0,792.0,8008,"170^ 1 ISLAMABAD INTL 21-6 ISLAMABAD, PAKISTAN ILS or LOC Y Rwy 28R ISLAMABAD Approach ISLAMABAD Tower Ground 126.2 LOC IBIP 110.7 Final Apch Crs 278^ D6.0 IBIP 3700' (1950') ILS DA(H) 1950'(200') MSA BTR VOR 140^ 270^"
1635,False,,,False,,False,,,APP,APP,70,REVIEW,True,unindexed_chart_candidate,body_approach_title,True,True,True,False,False,612.0,792.0,8563,"OP(P)-226 OP(R)-213 OP(R)-227 OP(R)-228 OP(R)-229 3000 4000 ISLAMABAD INTL 22-1 ISLAMABAD, PAKISTAN ISLAMABAD Approach ISLAMABAD Tower Ground 126.2 Final Apch Crs 098^ 3700' (1964') DA(H) 2055'(319') 140^ 270^ 7500 4200"
1636,False,,,False,,False,,,APP,APP,70,REVIEW,True,unindexed_chart_candidate,body_approach_title,True,True,True,False,False,612.0,792.0,8342,"OP(P)-226 OP(R)-213 OP(R)-227 OP(R)-228 OP(R)-229 3000 4000 ISLAMABAD INTL 22-2 ISLAMABAD, PAKISTAN ISLAMABAD Approach ISLAMABAD Tower Ground 126.2 Final Apch Crs 098^ 3700' (1967') DA(H) 2055'(322') 140^ 270^ 7500 4200"
1637,False,,,False,,False,,,APP,APP,70,REVIEW,True,unindexed_chart_candidate,body_approach_title,True,True,True,False,False,612.0,792.0,8195,"OP(P)-226 OP(P)-254 OP(R)-213 OP(R)-227 OP(R)-228 OP(R)-229 3000 ISLAMABAD INTL 22-3 ISLAMABAD, PAKISTAN ISLAMABAD Approach ISLAMABAD Tower Ground 126.2 Final Apch Crs 278^ 3700' (1953') DA(H) 2065'(318') 140^ 270^ 7500 4200"
1638,False,,,False,,False,,,APP,APP,70,REVIEW,True,unindexed_chart_candidate,body_approach_title,True,True,True,False,False,612.0,792.0,8048,"OP(P)-226 OP(R)-213 OP(R)-227 OP(R)-228 OP(R)-229 OP(P)-254 3000 ISLAMABAD INTL 22-4 ISLAMABAD, PAKISTAN ISLAMABAD Approach ISLAMABAD Tower Ground 126.2 Final Apch Crs 278^ 3700' (1950') DA(H) 2065'(315') 140^ 270^ 7500 4200"
1639,False,,,False,,False,,,APP,APP,70,REVIEW,True,unindexed_chart_candidate,body_approach_title,True,True,True,False,False,612.0,792.0,7363,"098^ OP(R)-229 ISLAMABAD INTL 23-1 ISLAMABAD, PAKISTAN ISLAMABAD Approach ISLAMABAD Tower Ground 126.2 VOR BTR 114.6 Final Apch Crs 098^ 3700' (1964') 2170'(434') Apt Elev 1761' 1736' Rwy MSA BTR VOR 140^ 270^ 7500 4200"
1640,False,,,False,,False,,,APP,APP,70,REVIEW,True,unindexed_chart_candidate,body_approach_title,True,True,True,False,False,612.0,792.0,7720,"097^ OP(R)-229 ISLAMABAD INTL 23-2 ISLAMABAD, PAKISTAN ISLAMABAD Approach ISLAMABAD Tower Ground 126.2 VOR BTR 114.6 Final Apch Crs 097^ 3700' 2170'(437') Apt Elev 1761' 1733' Rwy MSA BTR VOR 140^ 270^ 7500"
1641,False,,,False,,False,,,APP,APP,70,REVIEW,True,unindexed_chart_candidate,body_approach_title,True,False,True,False,False,612.0,792.0,6365,"170^ 1 ISLAMABAD INTL 23-3 ISLAMABAD, PAKISTAN ISLAMABAD Approach ISLAMABAD Tower Ground 126.2 VOR BTR 114.6 Final Apch Crs 278^ 3700' (1953') 2180' (433') MSA BTR VOR 140^ 270^ 7500 4200 MISSED APCH: BRIEFING STRIP TM"
1642,False,,,False,,False,,,APP,APP,70,REVIEW,True,unindexed_chart_candidate,body_approach_title,True,False,True,False,False,612.0,792.0,6679,"170^ 1 ISLAMABAD INTL 23-4 ISLAMABAD, PAKISTAN ISLAMABAD Approach ISLAMABAD Tower Ground 126.2 VOR BTR 114.6 Final Apch Crs 278^ 3700' (1950') 2180'(430') Apt Elev 1761' 1750' Rwy MSA BTR VOR 140^ 270^ 7500 4200"
1643,True,OITR,OITR,False,20-1P6,False,AIRPORT BRIEFING,AIRPORT,AIRPORT,AIRPORT,96,MATCH,False,independently_consistent,Jeppesen_10_20_airport_series,True,False,True,False,False,612.0,792.0,3816,"Chart changes since cycle 20-2026 ADD = added chart, REV = revised chart, DEL = deleted chart. ACT PROCEDURE IDENT INDEX REV DATE EFF DATE ABADAN, (ABADAN - OIAA) BANDAR MAHSHAHR, (MAHSHAHR - OIAM) AHWAZ, (AHWAZ - OIAW) ABUMUSA ISLAND, (ABUMUSA - OIBA) BUSHEHR, (BUSHEHR - OIBB) KISH ISLAND, (KISH INTL - OIBK) BANDAR ABBAS, (BANDAR ABBAS INTL - OIKB"
1644,True,OITR,OITR,False,20-1P6,False,AIRPORT BRIEFING,AIRPORT,AIRPORT,AIRPORT,96,MATCH,False,independently_consistent,Jeppesen_10_20_airport_series,True,False,True,False,False,612.0,792.0,3659,"Chart changes since cycle 20-2026 ADD = added chart, REV = revised chart, DEL = deleted chart. ACT PROCEDURE IDENT INDEX REV DATE EFF DATE ABADAN, (ABADAN - OIAA) BANDAR MAHSHAHR, (MAHSHAHR - OIAM) AHWAZ, (AHWAZ - OIAW) ABUMUSA ISLAND, (ABUMUSA - OIBA) BUSHEHR, (BUSHEHR - OIBB) KISH ISLAND, (KISH INTL - OIBK) BANDAR ABBAS, (BANDAR ABBAS INTL - OIKB"
1645,True,OITR,OITR,False,20-1P6,False,AIRPORT BRIEFING,AIRPORT,AIRPORT,AIRPORT,96,MATCH,False,independently_consistent,Jeppesen_10_20_airport_series,True,False,True,False,False,612.0,792.0,3778,"Chart changes since cycle 20-2026 ADD = added chart, REV = revised chart, DEL = deleted chart. ACT PROCEDURE IDENT INDEX REV DATE EFF DATE ABADAN, (ABADAN - OIAA) BANDAR MAHSHAHR, (MAHSHAHR - OIAM) AHWAZ, (AHWAZ - OIAW) ABUMUSA ISLAND, (ABUMUSA - OIBA) BUSHEHR, (BUSHEHR - OIBB) KISH ISLAND, (KISH INTL - OIBK) BANDAR ABBAS, (BANDAR ABBAS INTL - OIKB"
1646,False,,,False,,False,,,REFERENCE,,99,NON_CHART,False,unindexed_change_notice,change_notice,True,False,True,False,False,612.0,792.0,14227,"TERMINAL CHART CHANGE NOTICES Chart Change Notices for Airport LTAC Type: Terminal Effectivity: Temporary Begin Date: Immediately End Date: Until Further Notice Based on AIP SUP 007-26, Rwy 03R ILS GP IAES 330.8 MHz u Type: Terminal Effectivity: Temporary Begin Date: Immediately End Date: Until Further Notice No Chart Change Notices for Airport OIB"
1647,False,,,False,,False,,,REFERENCE,,99,NON_CHART,False,unindexed_change_notice,change_notice,True,False,True,False,False,612.0,792.0,13955,"TERMINAL CHART CHANGE NOTICES Chart Change Notices for Airport LTAC Type: Terminal Effectivity: Temporary Begin Date: Immediately End Date: Until Further Notice Based on AIP SUP 007-26, Rwy 03R ILS GP IAES 330.8 MHz u Type: Terminal Effectivity: Temporary Begin Date: Immediately End Date: Until Further Notice No Chart Change Notices for Airport OIB"
1648,False,,,False,,False,,,REFERENCE,,99,NON_CHART,False,unindexed_change_notice,change_notice,True,False,True,False,False,612.0,792.0,13953,"TERMINAL CHART CHANGE NOTICES Chart Change Notices for Airport LTAC Type: Terminal Effectivity: Temporary Begin Date: Immediately End Date: Until Further Notice Based on AIP SUP 007-26, Rwy 03R ILS GP IAES 330.8 MHz u Type: Terminal Effectivity: Temporary Begin Date: Immediately End Date: Until Further Notice No Chart Change Notices for Airport OIB"
1649,False,,,False,,False,,,REFERENCE,,99,NON_CHART,False,unindexed_change_notice,change_notice,True,False,True,False,False,612.0,792.0,13969,"TERMINAL CHART CHANGE NOTICES Chart Change Notices for Airport LTAC Type: Terminal Effectivity: Temporary Begin Date: Immediately End Date: Until Further Notice Based on AIP SUP 007-26, Rwy 03R ILS GP IAES 330.8 MHz u Type: Terminal Effectivity: Temporary Begin Date: Immediately End Date: Until Further Notice No Chart Change Notices for Airport OIB"
1650,False,,,False,,False,,,REFERENCE,,99,NON_CHART,False,unindexed_change_notice,change_notice,True,False,True,False,False,612.0,792.0,14122,"TERMINAL CHART CHANGE NOTICES Chart Change Notices for Airport LTAC Type: Terminal Effectivity: Temporary Begin Date: Immediately End Date: Until Further Notice Based on AIP SUP 007-26, Rwy 03R ILS GP IAES 330.8 MHz u Type: Terminal Effectivity: Temporary Begin Date: Immediately End Date: Until Further Notice No Chart Change Notices for Airport OIB"
1651,False,,,False,,False,,,REFERENCE,,99,NON_CHART,False,unindexed_change_notice,change_notice,True,False,True,False,False,612.0,792.0,14500,"TERMINAL CHART CHANGE NOTICES Chart Change Notices for Airport LTAC Type: Terminal Effectivity: Temporary Begin Date: Immediately End Date: Until Further Notice Based on AIP SUP 007-26, Rwy 03R ILS GP IAES 330.8 MHz u Type: Terminal Effectivity: Temporary Begin Date: Immediately End Date: Until Further Notice No Chart Change Notices for Airport OIB"
1652,False,,,False,,False,,,REFERENCE,,99,NON_CHART,False,unindexed_change_notice,change_notice,True,False,True,False,False,612.0,792.0,14697,"TERMINAL CHART CHANGE NOTICES Chart Change Notices for Airport LTAC Type: Terminal Effectivity: Temporary Begin Date: Immediately End Date: Until Further Notice Based on AIP SUP 007-26, Rwy 03R ILS GP IAES 330.8 MHz u Type: Terminal Effectivity: Temporary Begin Date: Immediately End Date: Until Further Notice No Chart Change Notices for Airport OIB"
1653,False,,,False,,False,,,REFERENCE,,99,NON_CHART,False,unindexed_change_notice,change_notice,True,False,True,False,False,612.0,792.0,14273,"TERMINAL CHART CHANGE NOTICES Chart Change Notices for Airport LTAC Type: Terminal Effectivity: Temporary Begin Date: Immediately End Date: Until Further Notice Based on AIP SUP 007-26, Rwy 03R ILS GP IAES 330.8 MHz u Type: Terminal Effectivity: Temporary Begin Date: Immediately End Date: Until Further Notice No Chart Change Notices for Airport OIB"
1654,False,,,False,,False,,,REFERENCE,,99,NON_CHART,False,unindexed_change_notice,change_notice,True,False,True,False,False,612.0,792.0,13269,"TERMINAL CHART CHANGE NOTICES Chart Change Notices for Airport LTAC Type: Terminal Effectivity: Temporary Begin Date: Immediately End Date: Until Further Notice Based on AIP SUP 007-26, Rwy 03R ILS GP IAES 330.8 MHz u Type: Terminal Effectivity: Temporary Begin Date: Immediately End Date: Until Further Notice No Chart Change Notices for Airport OIB"
