page,indexed,icao_index,icao_header,icao_conflict,chart_number,number_seen_on_pdf,chart_name,index_category,detected_category,proposed_category,confidence,decision,needs_review,review_reason,signal,has_pdf_text,not_to_scale,printed_from_jeppview,has_bracketed_code,has_tilde,page_width,page_height,text_chars,top_header
27,True,OIAW,OIAW,False,,False,AIRPORT INFORMATION,AIRPORT,AIRPORT,AIRPORT,55,REVIEW,True,only_old_index_supports_category,prior_index_only,True,False,True,False,False,612.0,792.0,1866,"General Information Location: AHWAZ IRN ICAO/IATA: OIAW / AWZ Lat/Long: N31° 20.2', E048° 45.6' Elevation: 65 ft Airport Use: Public Daylight Savings: Not Observed UTC Conversion: -3:30 = UTC Magnetic Variation: 4.0° E Fuel Types: Jet A-1 Customs: Yes Ahwaz Tower: 121.100 Ahwaz Ground: 121.900 Ahwaz Approach: 121.100 Ahwaz Approach: 122.700 General"
63,True,OIBB,OIBB,False,,False,AIRPORT INFORMATION,AIRPORT,AIRPORT,AIRPORT,55,REVIEW,True,only_old_index_supports_category,prior_index_only,True,False,True,False,False,612.0,792.0,2116,"General Information Location: BUSHEHR IRN ICAO/IATA: OIBB / BUZ Lat/Long: N28° 57.0', E050° 49.8' Elevation: 72 ft Airport Use: Public Daylight Savings: Not Observed UTC Conversion: -3:30 = UTC Magnetic Variation: 3.0° E Fuel Types: Jet A-1 Customs: Yes Runway: 31R Length x Width: 14662 ft x 148 ft Surface Type: asphalt TDZ-Elev: 66 ft Lighting: Ed"
64,True,OIBB,OIBB,False,,False,AIRPORT INFORMATION,AIRPORT,AIRPORT,AIRPORT,55,REVIEW,True,only_old_index_supports_category,prior_index_only,True,False,True,False,False,612.0,792.0,1704,"General Information Location: BUSHEHR IRN ICAO/IATA: OIBB / BUZ Lat/Long: N28° 57.0', E050° 49.8' Elevation: 72 ft Airport Use: Public Daylight Savings: Not Observed UTC Conversion: -3:30 = UTC Magnetic Variation: 3.0° E Fuel Types: Jet A-1 Customs: Yes Runway: 31R Length x Width: 14662 ft x 148 ft Surface Type: asphalt TDZ-Elev: 66 ft Lighting: Ed"
85,True,OIBK,OIBK,False,,False,AIRPORT INFORMATION,AIRPORT,AIRPORT,AIRPORT,55,REVIEW,True,only_old_index_supports_category,prior_index_only,True,False,True,False,False,612.0,792.0,2243,"General Information Location: KISH ISLAND IRN ICAO/IATA: OIBK / KIH Lat/Long: N26° 31.6', E053° 58.7' Elevation: 99 ft Airport Use: Public Daylight Savings: Not Observed UTC Conversion: -3:30 = UTC Magnetic Variation: 3.0° E Fuel Types: Jet A-1 Repair Types: Minor Airframe, Minor Engine Runway: 09R Length x Width: 12008 ft x 197 ft Surface Type: as"
86,True,OIBK,OIBK,False,,False,AIRPORT INFORMATION,AIRPORT,AIRPORT,AIRPORT,55,REVIEW,True,only_old_index_supports_category,prior_index_only,True,False,True,False,False,612.0,792.0,1767,"General Information Location: KISH ISLAND IRN ICAO/IATA: OIBK / KIH Lat/Long: N26° 31.6', E053° 58.7' Elevation: 99 ft Airport Use: Public Daylight Savings: Not Observed UTC Conversion: -3:30 = UTC Magnetic Variation: 3.0° E Fuel Types: Jet A-1 Repair Types: Minor Airframe, Minor Engine Runway: 09R Length x Width: 12008 ft x 197 ft Surface Type: as"
179,True,OICC,OICC,False,,False,AIRPORT INFORMATION,AIRPORT,AIRPORT,AIRPORT,55,REVIEW,True,only_old_index_supports_category,prior_index_only,True,False,True,False,False,612.0,792.0,2041,"General Information Location: KERMANSHAH IRN ICAO/IATA: OICC / KSH Lat/Long: N34° 20.9', E047° 09.4' Elevation: 4307 ft Airport Use: Public Daylight Savings: Not Observed UTC Conversion: -3:30 = UTC Magnetic Variation: 4.0° E Fuel Types: Jet A-1 Customs: Yes Length x Width: 11155 ft x 148 ft Surface Type: asphalt TDZ-Elev: 4305 ft Lighting: Edge, A"
180,True,OICC,OICC,False,,False,AIRPORT INFORMATION,AIRPORT,AIRPORT,AIRPORT,55,REVIEW,True,only_old_index_supports_category,prior_index_only,True,False,True,False,False,612.0,792.0,1589,"General Information Location: KERMANSHAH IRN ICAO/IATA: OICC / KSH Lat/Long: N34° 20.9', E047° 09.4' Elevation: 4307 ft Airport Use: Public Daylight Savings: Not Observed UTC Conversion: -3:30 = UTC Magnetic Variation: 4.0° E Fuel Types: Jet A-1 Customs: Yes Length x Width: 11155 ft x 148 ft Surface Type: asphalt TDZ-Elev: 4305 ft Lighting: Edge, A"
242,True,OIFE,,False,30-9,False,Airport Diagram Chart (ADC),AIRPORT,AIRPORT,AIRPORT,55,REVIEW,True,only_old_index_supports_category,prior_index_only,True,False,True,False,False,612.0,792.0,4013,Apt Elev 25 254^ 9829'2996m 150m 492' Stopway NDB 03^E Elev 5227' Elev 5256' 32-56 32-56 51-33 51-34 51-35 JEPPESEN 14 OCT 22 PPR for all Iranian military and civil ACFT at least 24 hours before EOBT from departure aerodrome. All arrival to and departure from Hesa aerodrome are subject to ESFAHAN Approach clearances.
243,True,OIFE,,False,32-55,False,NDB Z RWY 25,APP,APP,APP,55,REVIEW,True,only_old_index_supports_category,prior_index_only,True,False,True,False,False,612.0,792.0,7165,"OI(D)-86 OI(D)-115 6000 6000 6000 MISSED APCH: 36-1 257^ 7100' 5610' Apt Elev Rwy 5256' 5227' (1873') HESA MSA HSA NDB 10 ESFAHAN, IRAN 270^ 120^ 210^ 020^ (383')"
244,True,OIFE,,False,32-50,False,NDB Y RWY 25,APP,APP,APP,55,REVIEW,True,only_old_index_supports_category,prior_index_only,True,False,True,False,False,612.0,792.0,6884,"OI(D)-115 6000 6000 6000 5660'(433') MISSED APCH: 36-2 257^ Apt Elev Rwy 5256' 5227' HESA 10 ESFAHAN, IRAN 270^ 120^ 210^ 020^ HSA Trans alt: 13000' ^ Trans level: By ATC 230"
245,True,OIFM,OIFM,False,,False,AIRPORT INFORMATION,AIRPORT,AIRPORT,AIRPORT,55,REVIEW,True,only_old_index_supports_category,prior_index_only,True,False,True,False,False,612.0,792.0,2265,"General Information Location: ESFAHAN IRN ICAO/IATA: OIFM / IFN Lat/Long: N32° 45.0', E051° 51.8' Elevation: 5058 ft Airport Use: Public Daylight Savings: Not Observed UTC Conversion: -3:30 = UTC Magnetic Variation: 4.0° E Fuel Types: 100 Octane (LL), Jet A-1 Customs: Yes Runway: 25R Length x Width: 14432 ft x 148 ft Surface Type: asphalt TDZ-Elev:"
246,True,OIFM,OIFM,False,,False,AIRPORT INFORMATION,AIRPORT,AIRPORT,AIRPORT,55,REVIEW,True,only_old_index_supports_category,prior_index_only,True,False,True,False,False,612.0,792.0,1918,"General Information Location: ESFAHAN IRN ICAO/IATA: OIFM / IFN Lat/Long: N32° 45.0', E051° 51.8' Elevation: 5058 ft Airport Use: Public Daylight Savings: Not Observed UTC Conversion: -3:30 = UTC Magnetic Variation: 4.0° E Fuel Types: 100 Octane (LL), Jet A-1 Customs: Yes Runway: 25R Length x Width: 14432 ft x 148 ft Surface Type: asphalt TDZ-Elev:"
261,True,OIFM,OIFP,True,10-3E,False,"BOMID 3C, GADLU 1J, GADLU 2K",SID,SID,SID,96,REVIEW,True,header_icao_differs_from_index,Jeppesen_10-3_series,True,False,True,False,False,612.0,792.0,21390,"100^ 0 7 0 ^ 0 6 0 ^ ESFAHAN Badr Ab OIFP 2 12,000 1 8 0 ^ 9500 270^ 800 6000 280^ 2"
263,True,OIFM,OIFP,True,10-3G,False,"BOMID 3D, GADLU 2D, GADLU 2L",SID,SID,SID,96,REVIEW,True,header_icao_differs_from_index,Jeppesen_10-3_series,True,False,True,False,False,612.0,792.0,14422,"0 6 0 ^ ESFAHAN Badr Ab OIFP 2 12,000 1 8 0 ^ 9500 270^ 800 6000 280^ 2 5 0 ^ 337 IFN ESFAHAN"
271,True,OIFM,OIFE,True,13-2,False,APPROACH 13-2,APP,APP,APP,84,REVIEW,True,header_icao_differs_from_index,Jeppesen_approach_number_series,True,True,True,False,False,612.0,792.0,8429,"ESFAHAN Hesa OIFE ESFAHAN Hesa OIFE ESFAHAN Hesa OIFE 6000 7000 348^ MHA 10000 MISSED APCH: ESFAHAN, IRAN ESFAHAN Tower Ground VOR 113.2 Final Apch Crs 075^ 6200' 5430'(372')"
275,True,OIFM,OIFE,True,13-6,False,APPROACH 13-6,APP,APP,APP,91,REVIEW,True,header_icao_differs_from_index,instrument_approach_header,True,True,True,False,False,612.0,792.0,8619,"ESFAHAN Hesa OIFE 6000 7000 7000 8000 348^ MHA 10000 MISSED APCH: ESFAHAN, IRAN ESFAHAN Tower Ground VOR 113.2 Final Apch Crs 061^ 6200' 5430'(372') Apt Elev 5058' ISN D4.0 VOR DME 7 Rwy 07R"
280,True,OIFM,OIFE,True,16-1,False,APPROACH 16-1,APP,APP,APP,84,REVIEW,True,header_icao_differs_from_index,Jeppesen_approach_number_series,True,True,True,False,False,612.0,792.0,8043,OIFE ESFAHAN Hesa 6000 6000 7000 7000 8000 8000 M E A rc 158^ (IAF) D15.0 MAX 210 KT NOT TO SCALE NDB DME 2 NORTH HOLDING D15.0 168^ 348^ MAX 210 KT
281,True,OIFM,OIFE,True,16-2,False,APPROACH 16-2,APP,APP,APP,84,REVIEW,True,header_icao_differs_from_index,Jeppesen_approach_number_series,True,True,True,False,False,612.0,792.0,7890,ESFAHAN Hesa OIFE 6000 6000 7000 7000 8000 8000 E A rc 158^ (IAF) D15.0 MAX 210 KT NOT TO SCALE NDB DME 1 D15.0 168^ 348^ MAX 210 KT MHA 10000 BRIEFING STRIP
305,True,OIGG,OIGG,False,,False,AIRPORT INFORMATION,AIRPORT,AIRPORT,AIRPORT,55,REVIEW,True,only_old_index_supports_category,prior_index_only,True,False,True,False,False,612.0,792.0,1801,"General Information Location: RASHT IRN ICAO/IATA: OIGG / RAS Lat/Long: N37° 19.4', E049° 37.1' Elevation: -37 ft Airport Use: Public Daylight Savings: Not Observed UTC Conversion: -3:30 = UTC Magnetic Variation: 5.0° E Fuel Types: Jet A-1 Customs: Yes Rasht Tower: 121.900 Rasht Approach: 122.700 General Information Location: RASHT IRN ICAO/IATA: O"
359,True,OIIE,OIIE,False,,False,AIRPORT INFORMATION,AIRPORT,AIRPORT,AIRPORT,55,REVIEW,True,only_old_index_supports_category,prior_index_only,True,False,True,False,False,612.0,792.0,2340,"General Information Location: TEHRAN IRN ICAO/IATA: OIIE / IKA Lat/Long: N35° 25.0', E051° 09.1' Elevation: 3305 ft Airport Use: Public Daylight Savings: Not Observed UTC Conversion: -3:30 = UTC Magnetic Variation: 5.0° E Fuel Types: Jet A-1 Repair Types: Major Airframe, Major Engine Runway: 29R Length x Width: 13773 ft x 148 ft Surface Type: aspha"
360,True,OIIE,OIIE,False,,False,AIRPORT INFORMATION,AIRPORT,AIRPORT,AIRPORT,55,REVIEW,True,only_old_index_supports_category,prior_index_only,True,False,True,False,False,612.0,792.0,1930,"General Information Location: TEHRAN IRN ICAO/IATA: OIIE / IKA Lat/Long: N35° 25.0', E051° 09.1' Elevation: 3305 ft Airport Use: Public Daylight Savings: Not Observed UTC Conversion: -3:30 = UTC Magnetic Variation: 5.0° E Fuel Types: Jet A-1 Repair Types: Major Airframe, Major Engine Runway: 29R Length x Width: 13773 ft x 148 ft Surface Type: aspha"
366,True,OIIE,OIII,True,20-2B,False,"PAVET 2R, PAXID 2R, RUS 1V",STAR,STAR,STAR,98,REVIEW,True,header_icao_differs_from_index,printed_STAR_header,True,False,True,False,False,612.0,792.0,21742,"TEHRAN Mehrabad Intl OIII 9400 2 3 0 ^ 270^ 7000 320^ 0 2 0 ^ 13,500 6500 5 .0 JEPPESEN .STAR. Apt Elev ATIS 127.2"
370,True,OIIE,,False,20-2F,False,"PAXID 2X, RADAL 3X, SAV 2X",STAR,AIRPORT,AIRPORT,96,CONFLICT,True,index_vs_pdf_category,Jeppesen_10_20_airport_series,True,False,True,False,False,612.0,792.0,25257,T E H R A N T TEHRAN /MEHR ABAD C TR 9400 2 270^ RADAL Apt Elev 3. Actual descent clearance will be as directed by ATC. 4. Compliance with RNP 1 will be radar monitored. Advise if unable to comply. ATC will issue an alternative clearance. ATIS 127.2 3305 JEPPESEN
374,True,OIIE,OIII,True,20-3C,False,"PAROT 3G, PAROT 3H, PAROT 3L",SID,AIRPORT,AIRPORT,96,CONFLICT,True,index_vs_pdf_category,Jeppesen_10_20_airport_series,True,False,True,False,False,612.0,792.0,24312,"304^ 316^ TEHRAN Mehrabad Intl OIII 7000 320^ 0 2 0 ^ 13,500 A K I V O R 150^ 6500 0 7 0 ^ D10.0"
375,True,OIIE,OIIP,True,20-3D,False,"PAVET 1G, PAVET 1L, PAXID 2G, PAXID 2L",SID,AIRPORT,AIRPORT,96,CONFLICT,True,index_vs_pdf_category,Jeppesen_10_20_airport_series,True,False,True,False,False,612.0,792.0,27755,"304^ 268^ KARAJ Payam OIIP 6500 7000 320^ 0 7 0 ^ 13,500 A K I V OR 150^ 0 2 0 ^ D10.0"
377,True,OIIE,,False,20-3F,False,"SAV 1G, SAV 1H, SAV 1L",SID,AIRPORT,AIRPORT,96,CONFLICT,True,index_vs_pdf_category,Jeppesen_10_20_airport_series,True,False,True,False,False,612.0,792.0,20562,6500 320^ 9400 0 270^ 2 3 0 ^ 0 D15.0 Apt Elev Trans alt: 9000 3305 D15.0 JEPPESEN 20 OCT 23 .Eff.2.Nov. 111 153 51-30 RWY SID ROUTING
379,True,OIIE,,False,20-3H,False,OIIE/IKA 1 MAY 20 20-3H,SID,AIRPORT,AIRPORT,96,CONFLICT,True,index_vs_pdf_category,Jeppesen_10_20_airport_series,True,False,True,False,False,612.0,792.0,30981,COMMS LOST COMMS LOST C O M M S COMMS LOST LOST LOST COMMS LOST COMMS LOST COMMS LOST LOST 114.5 DHN DEHNAMAK DHN D
390,True,OIIE,OIIE,False,,False,RNP RWY 29R,APP,APP,APP,55,REVIEW,True,only_old_index_supports_category,prior_index_only,True,False,True,False,False,612.0,792.0,7150,"OI(R)-59 4000 4000 4000 RWY29R IE4~4 15 20 MISSED APCH: BRIEFING STRIP TM JEPPESEN OIIE/IKA IMAM KHOMAINI INTL 22-1 TEHRAN, IRAN 118.7 121.6 IKA Tower Ground 127.2 125.1 119.7 MEHRABAD Approach (R)"
391,True,OIIE,OIIE,False,,False,"VOR RWY 11L, VOR RWY 11R",APP,APP,APP,55,REVIEW,True,only_old_index_supports_category,prior_index_only,True,False,True,False,False,612.0,792.0,5570,"4000 4000 23-1 TEHRAN, IRAN OIIE/IKA IMAM KHOMAINI INTL 6500 within 15 NM 6500 within 10 NM 025^ 6100 2.5 10 BRIEFING STRIP TM MISSED APCH: MSA IKA VOR Apt Elev 3305' 3880'(575') 5100'(1795') 114.3 VOR IKA Alt Set: hPa 114.3 IKA D I K A"
392,True,OIIE,OIIE,False,,False,VOR RWY 11R,APP,APP,APP,55,REVIEW,True,only_old_index_supports_category,prior_index_only,True,False,True,False,False,612.0,792.0,5151,"4000 4000 23-2 TEHRAN, IRAN OIIE/IKA IMAM KHOMAINI INTL 6500 within 15 NM 6500 within 10 NM 025^ 6100 2.5 10 BRIEFING STRIP TM MISSED APCH: MSA IKA VOR Apt Elev 3305' 3880'(575') 5100'(1795') 114.3 VOR IKA 104^ Alt Set: hPa 114.3 IKA"
393,True,OIIE,OIIE,False,,False,VOR RWY 29R,APP,APP,APP,55,REVIEW,True,only_old_index_supports_category,prior_index_only,True,False,True,False,False,612.0,792.0,6618,"OI(P)-5 OI(R)-35 OI(R)-59 4000 4000 D0.5 D5.0 35-30 23-3 TEHRAN, IRAN OIIE/IKA IMAM KHOMAINI INTL BRIEFING STRIP TM Apt Elev 3305' 3256' 3680'(424') 5100'(1844') 114.3 VOR IKA 285^ Final Apch Crs"
394,True,OIII,OIII,False,,False,AIRPORT INFORMATION,AIRPORT,AIRPORT,AIRPORT,55,REVIEW,True,only_old_index_supports_category,prior_index_only,True,False,True,False,False,612.0,792.0,2498,"General Information Location: TEHRAN IRN ICAO/IATA: OIII / THR Lat/Long: N35° 41.3', E051° 18.9' Elevation: 3962 ft Airport Use: Public Daylight Savings: Not Observed UTC Conversion: -3:30 = UTC Magnetic Variation: 5.0° E Fuel Types: 100 Octane (LL), Jet A-1, Jet 4 Repair Types: Minor Airframe, Minor Engine Runway: 29R Length x Width: 12717 ft x 14"
395,True,OIII,OIII,False,,False,AIRPORT INFORMATION,AIRPORT,AIRPORT,AIRPORT,55,REVIEW,True,only_old_index_supports_category,prior_index_only,True,False,True,False,False,612.0,792.0,2216,"General Information Location: TEHRAN IRN ICAO/IATA: OIII / THR Lat/Long: N35° 41.3', E051° 18.9' Elevation: 3962 ft Airport Use: Public Daylight Savings: Not Observed UTC Conversion: -3:30 = UTC Magnetic Variation: 5.0° E Fuel Types: 100 Octane (LL), Jet A-1, Jet 4 Repair Types: Minor Airframe, Minor Engine Runway: 29R Length x Width: 12717 ft x 14"
415,True,OIII,OIIP,True,10-2F,False,"BOXAM 2N, BOXAM 1R, BOXAM 2V, BOXAM 1Z",STAR,STAR,STAR,96,REVIEW,True,header_icao_differs_from_index,Jeppesen_10-2_series,True,False,True,False,False,612.0,792.0,5240,"KARAJ Payam OIIP 16,200 180^ 9400 270^ 7900 15,300 V O R 075^ 116.95 RUS RUS D RUDESHUR 09 358 KAZ KAHRIZAK KAZ 115.3 TRN TEHRAN TRN"
441,True,OIKB,OIKB,False,,False,AIRPORT INFORMATION,AIRPORT,AIRPORT,AIRPORT,55,REVIEW,True,only_old_index_supports_category,prior_index_only,True,False,True,False,False,612.0,792.0,2204,"General Information Location: BANDAR ABBAS IRN ICAO/IATA: OIKB / BND Lat/Long: N27° 13.1', E056° 22.7' Elevation: 22 ft Airport Use: Public Daylight Savings: Not Observed UTC Conversion: -3:30 = UTC Magnetic Variation: 2.0° E Fuel Types: Jet A-1 Customs: Yes Runway: 21R Length x Width: 11345 ft x 98 ft Surface Type: asphalt TDZ-Elev: 21 ft Lighting"
442,True,OIKB,OIKB,False,,False,AIRPORT INFORMATION,AIRPORT,AIRPORT,AIRPORT,55,REVIEW,True,only_old_index_supports_category,prior_index_only,True,False,True,False,False,612.0,792.0,1870,"General Information Location: BANDAR ABBAS IRN ICAO/IATA: OIKB / BND Lat/Long: N27° 13.1', E056° 22.7' Elevation: 22 ft Airport Use: Public Daylight Savings: Not Observed UTC Conversion: -3:30 = UTC Magnetic Variation: 2.0° E Fuel Types: Jet A-1 Customs: Yes Runway: 21R Length x Width: 11345 ft x 98 ft Surface Type: asphalt TDZ-Elev: 21 ft Lighting"
492,True,OIKK,OIKK,False,,False,AIRPORT INFORMATION,AIRPORT,AIRPORT,AIRPORT,55,REVIEW,True,only_old_index_supports_category,prior_index_only,True,False,True,False,False,612.0,792.0,2162,"General Information Location: KERMAN IRN ICAO/IATA: OIKK / KER Lat/Long: N30° 16.5', E056° 57.1' Elevation: 5732 ft Airport Use: Public Daylight Savings: Not Observed UTC Conversion: -3:30 = UTC Magnetic Variation: 3.0° E Fuel Types: Jet A-1 Customs: Yes Runway: 34R Length x Width: 12635 ft x 148 ft Surface Type: asphalt TDZ-Elev: 5732 ft Lighting:"
493,True,OIKK,OIKK,False,,False,AIRPORT INFORMATION,AIRPORT,AIRPORT,AIRPORT,55,REVIEW,True,only_old_index_supports_category,prior_index_only,True,False,True,False,False,612.0,792.0,1702,"General Information Location: KERMAN IRN ICAO/IATA: OIKK / KER Lat/Long: N30° 16.5', E056° 57.1' Elevation: 5732 ft Airport Use: Public Daylight Savings: Not Observed UTC Conversion: -3:30 = UTC Magnetic Variation: 3.0° E Fuel Types: Jet A-1 Customs: Yes Runway: 34R Length x Width: 12635 ft x 148 ft Surface Type: asphalt TDZ-Elev: 5732 ft Lighting:"
514,True,OIKK,OIKM,True,10-9,True,Airport Diagram Chart (ADC),AIRPORT,AIRPORT,AIRPORT,96,REVIEW,True,header_icao_differs_from_index,Jeppesen_10_20_airport_series,True,False,True,False,False,612.0,792.0,4697,"3 3231' BAM, IRAN BAM N29 05.1 E058 27.0 10-9 29-05 29-05 29-06 29-06 58-26 58-27 58-28 ARP Apt Elev 11,106' OIKM/BXR 121.9 *BAM Ground Stopway 115'35m Elev 3231' JEPPESEN"
548,True,OIKK,OIKY,True,10-9,True,Airport Diagram Chart (ADC),AIRPORT,AIRPORT,AIRPORT,96,REVIEW,True,header_icao_differs_from_index,Jeppesen_10_20_airport_series,True,False,True,False,False,612.0,792.0,4116,"ARP 3748m 13 129^ Elev 5808' 03^E Apt Elev SIRJAN, IRAN 5847' 10-9 SIRJAN 29-33 29-33 29-34 29-34 55-39 55-40 55-41 VOR Strolling dogs observed on the movement area. N29 33.1 E055 40.3 OIKY/SYJ"
553,True,OIMB,OIMB,False,,False,AIRPORT INFORMATION,AIRPORT,AIRPORT,AIRPORT,55,REVIEW,True,only_old_index_supports_category,prior_index_only,True,False,True,False,False,612.0,792.0,2022,"General Information Location: BIRJAND IRN ICAO/IATA: OIMB / XBJ Lat/Long: N32° 53.9', E059° 16.0' Elevation: 4979 ft Airport Use: Public Daylight Savings: Not Observed UTC Conversion: -3:30 = UTC Magnetic Variation: 3.0° E Fuel Types: Jet A-1 Customs: Yes Length x Width: 12457 ft x 148 ft Surface Type: asphalt TDZ-Elev: 4979 ft Lighting: Edge, ALS "
554,True,OIMB,OIMB,False,,False,AIRPORT INFORMATION,AIRPORT,AIRPORT,AIRPORT,55,REVIEW,True,only_old_index_supports_category,prior_index_only,True,False,True,False,False,612.0,792.0,1590,"General Information Location: BIRJAND IRN ICAO/IATA: OIMB / XBJ Lat/Long: N32° 53.9', E059° 16.0' Elevation: 4979 ft Airport Use: Public Daylight Savings: Not Observed UTC Conversion: -3:30 = UTC Magnetic Variation: 3.0° E Fuel Types: Jet A-1 Customs: Yes Length x Width: 12457 ft x 148 ft Surface Type: asphalt TDZ-Elev: 4979 ft Lighting: Edge, ALS "
572,True,OIMM,OIMM,False,,False,AIRPORT INFORMATION,AIRPORT,AIRPORT,AIRPORT,55,REVIEW,True,only_old_index_supports_category,prior_index_only,True,False,True,False,False,612.0,792.0,2284,"General Information Location: MASHHAD IRN ICAO/IATA: OIMM / MHD Lat/Long: N36° 14.0', E059° 38.7' Elevation: 3266 ft Airport Use: Public Daylight Savings: Not Observed UTC Conversion: -3:30 = UTC Magnetic Variation: 4.0° E Fuel Types: 100 Octane (LL), Jet A-1 Customs: Yes Runway: 31R Length x Width: 12500 ft x 148 ft Surface Type: asphalt TDZ-Elev:"
573,True,OIMM,OIMM,False,,False,AIRPORT INFORMATION,AIRPORT,AIRPORT,AIRPORT,55,REVIEW,True,only_old_index_supports_category,prior_index_only,True,False,True,False,False,612.0,792.0,1957,"General Information Location: MASHHAD IRN ICAO/IATA: OIMM / MHD Lat/Long: N36° 14.0', E059° 38.7' Elevation: 3266 ft Airport Use: Public Daylight Savings: Not Observed UTC Conversion: -3:30 = UTC Magnetic Variation: 4.0° E Fuel Types: 100 Octane (LL), Jet A-1 Customs: Yes Runway: 31R Length x Width: 12500 ft x 148 ft Surface Type: asphalt TDZ-Elev:"
651,True,OING,OINE,True,10-9,True,Airport Diagram Chart (ADC),AIRPORT,AIRPORT,AIRPORT,96,REVIEW,True,header_icao_differs_from_index,Jeppesen_10_20_airport_series,True,False,True,False,False,612.0,792.0,3807,"37-23 37-23 55-26 55-27 55-28 KALALEH, IRAN KALALEH 10-9 Apt Elev 7274' 2217m 433' NDB 10 100^ OINE/KLM Elev 392' Elev Control Tower Terminal JEPPESEN MET 124.150 121.9"
666,True,OINN,OINN,False,,False,AIRPORT INFORMATION,AIRPORT,AIRPORT,AIRPORT,55,REVIEW,True,only_old_index_supports_category,prior_index_only,True,False,True,False,False,612.0,792.0,1813,"General Information Location: NOSHAHR IRN ICAO/IATA: OINN / NSH Lat/Long: N36° 39.8', E051° 27.9' Elevation: -61 ft Airport Use: Public Daylight Savings: Not Observed UTC Conversion: -3:30 = UTC Magnetic Variation: 5.0° E Fuel Types: Jet A-1 Customs: No Noshahr Tower: 121.700 Noshahr Tower: 118.250 General Information Location: NOSHAHR IRN ICAO/IAT"
673,True,OINR,OINR,False,,False,AIRPORT INFORMATION,AIRPORT,AIRPORT,AIRPORT,55,REVIEW,True,only_old_index_supports_category,prior_index_only,True,False,True,False,False,612.0,792.0,2137,"General Information Location: RAMSAR IRN ICAO/IATA: OINR / RZR Lat/Long: N36° 54.5', E050° 40.8' Elevation: -66 ft Airport Use: Public Daylight Savings: Not Observed UTC Conversion: -3:30 = UTC Magnetic Variation: 5.0° E Fuel Types: Jet A-1 Customs: No Displaced Threshold: 1017 ft Runway: 31 Length x Width: 4918 ft x 98 ft Surface Type: asphalt TDZ"
674,True,OINR,OINR,False,,False,AIRPORT INFORMATION,AIRPORT,AIRPORT,AIRPORT,55,REVIEW,True,only_old_index_supports_category,prior_index_only,True,False,True,False,False,612.0,792.0,1676,"General Information Location: RAMSAR IRN ICAO/IATA: OINR / RZR Lat/Long: N36° 54.5', E050° 40.8' Elevation: -66 ft Airport Use: Public Daylight Savings: Not Observed UTC Conversion: -3:30 = UTC Magnetic Variation: 5.0° E Fuel Types: Jet A-1 Customs: No Displaced Threshold: 1017 ft Runway: 31 Length x Width: 4918 ft x 98 ft Surface Type: asphalt TDZ"
686,True,OINZ,OINZ,False,,False,AIRPORT INFORMATION,AIRPORT,AIRPORT,AIRPORT,55,REVIEW,True,only_old_index_supports_category,prior_index_only,True,False,True,False,False,612.0,792.0,1834,"General Information Location: SARI IRN ICAO/IATA: OINZ / SRY Lat/Long: N36° 38.1', E053° 11.6' Elevation: 37 ft Airport Use: Public Daylight Savings: Not Observed UTC Conversion: -3:30 = UTC Magnetic Variation: 5.0° E Fuel Types: Jet A-1, Jet 4 Customs: Yes Dasht-E-Naz Tower: 122.100 Secondary Dasht-E-Naz Approach: 118.450 General Information Locat"
718,True,OISS,OISS,False,,False,AIRPORT INFORMATION,AIRPORT,AIRPORT,AIRPORT,55,REVIEW,True,only_old_index_supports_category,prior_index_only,True,False,True,False,False,612.0,792.0,2285,"General Information Location: SHIRAZ IRN ICAO/IATA: OISS / SYZ Lat/Long: N29° 32.4', E052° 35.3' Elevation: 4917 ft Airport Use: Public Daylight Savings: Not Observed UTC Conversion: -3:30 = UTC Magnetic Variation: 3.0° E Fuel Types: Jet A-1 Customs: Yes Runway: 29R Length x Width: 14219 ft x 148 ft Surface Type: asphalt TDZ-Elev: 4864 ft Lighting:"
719,True,OISS,OISS,False,,False,AIRPORT INFORMATION,AIRPORT,AIRPORT,AIRPORT,55,REVIEW,True,only_old_index_supports_category,prior_index_only,True,False,True,False,False,612.0,792.0,1926,"General Information Location: SHIRAZ IRN ICAO/IATA: OISS / SYZ Lat/Long: N29° 32.4', E052° 35.3' Elevation: 4917 ft Airport Use: Public Daylight Savings: Not Observed UTC Conversion: -3:30 = UTC Magnetic Variation: 3.0° E Fuel Types: Jet A-1 Customs: Yes Runway: 29R Length x Width: 14219 ft x 148 ft Surface Type: asphalt TDZ-Elev: 4864 ft Lighting:"
725,True,OISS,OISF,True,10-2B,False,"DASDO 2R, KASOL 1R, KUPTO 1R, LAGSA 2R, TAGTA 1R",STAR,STAR,STAR,96,REVIEW,True,header_icao_differs_from_index,Jeppesen_10-2_series,True,False,True,False,False,612.0,792.0,50691,FASA OISF COMMS LOST LOST C O M M S COMMS LOST COMMS COMMS LOST COMMS LOST LOST COMMS COMMS LOST COMMS LOST COMMS
734,True,OISS,OMMS,True,10-3C,False,"KINOT 1E, KINOT 1F, NALBI 1E, NALBI 1F",SID,SID,SID,96,REVIEW,True,header_icao_differs_from_index,Jeppesen_10-3_series,True,False,True,False,False,612.0,792.0,22919,LO ST COMMS COMMS LO ST OMMS COMMS COMMS LOST LOST COMMS LOST COMMS COMMS LOST COMMS LOST COMMS LOST C O M M
737,True,OISS,OMMS,True,10-3F,False,"KATAG 1A, KATAG 1B, KUPTO 1A, KUPTO 1B",SID,SID,SID,98,REVIEW,True,header_icao_differs_from_index,printed_SID_header,True,True,True,False,False,612.0,792.0,6677,"280^ LOST LOST COMMS COMMS COMMS LOST LOST COMMS LOST COMMS LOST COMMS COMMS OMMS 10,800 180^ 270^ Apt Elev 35 40 45 .SID. JEPPESEN"
745,True,OISS,OMMS,True,10-3P,False,"IVERA 1A, IVERA 1B",SID,SID,SID,96,REVIEW,True,header_icao_differs_from_index,Jeppesen_10-3_series,True,False,True,False,False,612.0,792.0,25236,280^ LO ST COMMS COMMS LO ST OMMS COMMS COMMS LOST LOST COMMS LOST COMMS COMMS LOST COMMS LOST COMMS LOST C O M
778,True,OITL,OITL,False,,False,AIRPORT INFORMATION,AIRPORT,AIRPORT,AIRPORT,55,REVIEW,True,only_old_index_supports_category,prior_index_only,True,False,True,False,False,612.0,792.0,2088,"General Information Location: ARDABIL IRN ICAO/IATA: OITL / ADU Lat/Long: N38° 19.6', E048° 25.4' Elevation: 4319 ft Airport Use: Public Daylight Savings: Not Observed UTC Conversion: -3:30 = UTC Magnetic Variation: 6.0° E Fuel Types: Jet A-1, Jet 4 Customs: Yes Runway: 33 Length x Width: 10820 ft x 148 ft Surface Type: asphalt TDZ-Elev: 4303 ft Li"
779,True,OITL,OITL,False,,False,AIRPORT INFORMATION,AIRPORT,AIRPORT,AIRPORT,55,REVIEW,True,only_old_index_supports_category,prior_index_only,True,False,True,False,False,612.0,792.0,1636,"General Information Location: ARDABIL IRN ICAO/IATA: OITL / ADU Lat/Long: N38° 19.6', E048° 25.4' Elevation: 4319 ft Airport Use: Public Daylight Savings: Not Observed UTC Conversion: -3:30 = UTC Magnetic Variation: 6.0° E Fuel Types: Jet A-1, Jet 4 Customs: Yes Runway: 33 Length x Width: 10820 ft x 148 ft Surface Type: asphalt TDZ-Elev: 4303 ft Li"
808,True,OITT,OITM,True,10-9,True,Airport Diagram Chart (ADC),AIRPORT,AIRPORT,AIRPORT,96,REVIEW,True,header_icao_differs_from_index,Jeppesen_10_20_airport_series,True,False,True,False,False,612.0,792.0,3686,Elev 4397' 9350'2850m 08 26 260^ 10-9 SAHAND N37 20.9 E046 08.0 4397' Apt Elev 05^E OITM/ACP 37-21 37-21 37-22 37-22 46-06 46-07 46-08 46-09 JEPPESEN Stopway 482'147m
832,True,OITT,OITT,False,,False,AIRPORT INFORMATION,AIRPORT,AIRPORT,AIRPORT,55,REVIEW,True,only_old_index_supports_category,prior_index_only,True,False,True,False,False,612.0,792.0,2162,"General Information Location: TABRIZ IRN ICAO/IATA: OITT / TBZ Lat/Long: N38° 08.0', E046° 14.1' Elevation: 4449 ft Airport Use: Public Daylight Savings: Not Observed UTC Conversion: -3:30 = UTC Magnetic Variation: 5.0° E Fuel Types: 100 Octane (LL), Jet A-1, Jet 4 Customs: Yes Runway: 30R Length x Width: 11995 ft x 148 ft Surface Type: concrete TD"
833,True,OITT,OITT,False,,False,AIRPORT INFORMATION,AIRPORT,AIRPORT,AIRPORT,55,REVIEW,True,only_old_index_supports_category,prior_index_only,True,False,True,False,False,612.0,792.0,1721,"General Information Location: TABRIZ IRN ICAO/IATA: OITT / TBZ Lat/Long: N38° 08.0', E046° 14.1' Elevation: 4449 ft Airport Use: Public Daylight Savings: Not Observed UTC Conversion: -3:30 = UTC Magnetic Variation: 5.0° E Fuel Types: 100 Octane (LL), Jet A-1, Jet 4 Customs: Yes Runway: 30R Length x Width: 11995 ft x 148 ft Surface Type: concrete TD"
851,True,OITT,OITU,True,10-2,True,TBZ 1N,STAR,STAR,STAR,98,REVIEW,True,header_icao_differs_from_index,printed_STAR_header,True,False,True,False,False,612.0,792.0,4131,"9700 240^ 10,600 Apt Elev 3169 .STAR. JEPPESEN OITU/IMQ MAKU MAKU, IRAN Alt Set: hPa Trans level: By ATC Actual descent clearance will be as directed by ATC. 10-2 12 MAR 21 .Eff.25.Mar. 204 150 152 39-30 AZERBAIJAN AZERBAIJAN ARMENIA ARMENIA [TBZ1N]"
852,True,OITT,OITU,True,10-2A,True,TBZ 1P,STAR,STAR,STAR,98,REVIEW,True,header_icao_differs_from_index,printed_STAR_header,True,False,True,False,False,612.0,792.0,4021,"240^ 10,600 Apt Elev 3169 .STAR. JEPPESEN OITU/IMQ MAKU MAKU, IRAN 10-2A Alt Set: hPa Trans level: By ATC Actual descent clearance will be as directed by ATC. 12 MAR 21 .Eff.25.Mar. 204 150 152 39-30 AZERBAIJAN AZERBAIJAN ARMENIA ARMENIA [TBZ1P] TBZ 1P ARRIVAL"
853,True,OITT,OITU,True,10-3,True,TBZ 1A,SID,SID,SID,98,REVIEW,True,header_icao_differs_from_index,printed_SID_header,True,False,True,False,False,612.0,792.0,3816,"NAKHCHIVAN UBBN 240^ 10,600 112.4 MAK MAKU MAK D 130^ Apt Elev 3169 Trans alt: 11000 10-3 .SID. JEPPESEN OITU/IMQ MAKU MAKU, IRAN 12662 12 MAR 21 .Eff.25.Mar. 204 150 152"
866,True,OIYY,OIYY,False,,False,AIRPORT INFORMATION,AIRPORT,AIRPORT,AIRPORT,55,REVIEW,True,only_old_index_supports_category,prior_index_only,True,False,True,False,False,612.0,792.0,1816,"General Information Location: YAZD IRN ICAO/IATA: OIYY / AZD Lat/Long: N31° 54.4', E054° 16.6' Elevation: 4054 ft Airport Use: Public Daylight Savings: Not Observed UTC Conversion: -3:30 = UTC Magnetic Variation: 3.0° E Fuel Types: Jet A-1 Customs: Yes Yazd Ground: 121.900 Yazd Approach: 122.700 General Information Location: YAZD IRN ICAO/IATA: OIY"
891,True,OIYY,OIYP,True,16-1,True,NDB A,APP,APP,APP,84,REVIEW,True,header_icao_differs_from_index,Jeppesen_approach_number_series,True,False,True,False,False,612.0,792.0,6764,"YAZD Pardis Yazd OIYP 5000 6000 7000 8000 MISSED APCH: BRIEFING STRIP TM 10 YAZD, IRAN 16-1 NDB Final Apch Crs 306^ MDA(H) 5000'(946') Apt Elev 4054' YZD No FAF 402 Climb on 306^ to 6500', then turn RIGHT to rejoin"
902,True,OIZC,OIZC,False,,False,AIRPORT INFORMATION,AIRPORT,AIRPORT,AIRPORT,55,REVIEW,True,only_old_index_supports_category,prior_index_only,True,False,True,False,False,612.0,792.0,2269,"General Information Location: CHAH BAHAR IRN ICAO/IATA: OIZC / ZBR Lat/Long: N25° 26.7', E060° 23.0' Elevation: 24 ft Airport Use: Military Daylight Savings: Not Observed UTC Conversion: -3:30 = UTC Magnetic Variation: 1.0° E Fuel Types: Jet A-1, Jet 4 Customs: Yes Runway: 27R Length x Width: 12418 ft x 148 ft Surface Type: asphalt TDZ-Elev: 24 ft "
903,True,OIZC,OIZC,False,,False,AIRPORT INFORMATION,AIRPORT,AIRPORT,AIRPORT,55,REVIEW,True,only_old_index_supports_category,prior_index_only,True,False,True,False,False,612.0,792.0,1963,"General Information Location: CHAH BAHAR IRN ICAO/IATA: OIZC / ZBR Lat/Long: N25° 26.7', E060° 23.0' Elevation: 24 ft Airport Use: Military Daylight Savings: Not Observed UTC Conversion: -3:30 = UTC Magnetic Variation: 1.0° E Fuel Types: Jet A-1, Jet 4 Customs: Yes Runway: 27R Length x Width: 12418 ft x 148 ft Surface Type: asphalt TDZ-Elev: 24 ft "
917,True,OIZH,OIZH,False,,False,AIRPORT INFORMATION,AIRPORT,AIRPORT,AIRPORT,55,REVIEW,True,only_old_index_supports_category,prior_index_only,True,False,True,False,False,612.0,792.0,2192,"General Information Location: ZAHEDAN IRN ICAO/IATA: OIZH / ZAH Lat/Long: N29° 28.4', E060° 54.2' Elevation: 4520 ft Airport Use: Public Daylight Savings: Not Observed UTC Conversion: -3:30 = UTC Magnetic Variation: 2.0° E Fuel Types: Jet A-1 Customs: Yes Runway: 35R Length x Width: 13993 ft x 148 ft Surface Type: asphalt TDZ-Elev: 4517 ft Lighting"
918,True,OIZH,OIZH,False,,False,AIRPORT INFORMATION,AIRPORT,AIRPORT,AIRPORT,55,REVIEW,True,only_old_index_supports_category,prior_index_only,True,False,True,False,False,612.0,792.0,1751,"General Information Location: ZAHEDAN IRN ICAO/IATA: OIZH / ZAH Lat/Long: N29° 28.4', E060° 54.2' Elevation: 4520 ft Airport Use: Public Daylight Savings: Not Observed UTC Conversion: -3:30 = UTC Magnetic Variation: 2.0° E Fuel Types: Jet A-1 Customs: Yes Runway: 35R Length x Width: 13993 ft x 148 ft Surface Type: asphalt TDZ-Elev: 4517 ft Lighting"
941,True,OIZH,,False,,False,RNP RWY 17R,APP,APP,APP,55,REVIEW,True,only_old_index_supports_category,prior_index_only,True,False,True,False,False,612.0,792.0,6526,PAKISTAN AFGHANISTAN IRAN PAKISTAN 6000 6000 7000 5000 143^ 323^ 143^ ZH41~ (IF) ZH4~9 (IAF) 5.9 270^ 090^ 9500 9000 MSA ARP 29-40 15 20
942,True,OIZH,,False,,False,RNP RWY 35L,APP,APP,APP,55,REVIEW,True,only_old_index_supports_category,prior_index_only,True,False,True,False,False,612.0,792.0,8749,5000 5000 5000 6000 6000 6000 6000 6000 7000 7000 7000 7000 7000 ZH414 ZH411 MISSED APCH: BRIEFING STRIP TM JEPPESEN *ATIS 128.450 ZAHEDAN Tower Ground 121.9
965,True,ORNI,ORNI,False,,False,AIRPORT INFORMATION,AIRPORT,AIRPORT,AIRPORT,55,REVIEW,True,only_old_index_supports_category,prior_index_only,True,False,True,False,False,612.0,792.0,1879,"General Information Location: AL NAJAF IRQ ICAO/IATA: ORNI / NJF Lat/Long: N31° 59.4', E044° 24.3' Elevation: 107 ft Airport Use: Public Daylight Savings: Not Observed UTC Conversion: -3:00 = UTC Magnetic Variation: 4.0° E Fuel Types: Jet A-1 Customs: Yes Al Najaf Ground: 121.700 Baghdad Approach: 136.275 Secondary Baghdad Approach: 120.200 General"
980,True,ORBI,ORBI,False,,False,AIRPORT INFORMATION,AIRPORT,AIRPORT,AIRPORT,55,REVIEW,True,only_old_index_supports_category,prior_index_only,True,False,True,False,False,612.0,792.0,2168,"General Information Location: BAGHDAD IRQ ICAO/IATA: ORBI / BGW Lat/Long: N33° 15.8', E044° 14.1' Elevation: 114 ft Airport Use: Public Daylight Savings: Not Observed UTC Conversion: -3:00 = UTC Magnetic Variation: 4.0° E Fuel Types: Jet A-1 Customs: Yes Surface Type: concrete TDZ-Elev: 110 ft Lighting: Edge, ALS, Centerline, TDZ Communication Info"
981,True,ORBI,ORBI,False,,False,AIRPORT INFORMATION,AIRPORT,AIRPORT,AIRPORT,55,REVIEW,True,only_old_index_supports_category,prior_index_only,True,False,True,False,False,612.0,792.0,1802,"General Information Location: BAGHDAD IRQ ICAO/IATA: ORBI / BGW Lat/Long: N33° 15.8', E044° 14.1' Elevation: 114 ft Airport Use: Public Daylight Savings: Not Observed UTC Conversion: -3:00 = UTC Magnetic Variation: 4.0° E Fuel Types: Jet A-1 Customs: Yes Surface Type: concrete TDZ-Elev: 110 ft Lighting: Edge, ALS, Centerline, TDZ Communication Info"
989,True,ORBI,,False,,False,RNP RWY 15R,APP,APP,APP,55,REVIEW,True,only_old_index_supports_category,prior_index_only,True,False,True,False,False,612.0,792.0,6225,"BOVAB NORSU (IAF) 118.9 BAGHDAD Tower RNAV Final Apch Crs 146^ GIDOM 1800'(1686') MDA(H) 660'(546') MISSED APCH: BRIEFING STRIP TM Alt Set: hPa Rwy Elev: 4 hPa Trans alt: 14000' BAGHDAD INTL 12-1 BAGHDAD, IRAQ 146 122.4"
993,True,ORER,ORER,False,,False,AIRPORT INFORMATION,AIRPORT,AIRPORT,AIRPORT,55,REVIEW,True,only_old_index_supports_category,prior_index_only,True,False,True,False,False,612.0,792.0,2018,"General Information Location: ERBIL IRQ ICAO/IATA: ORER / EBL Lat/Long: N36° 14.3', E043° 56.8' Elevation: 1324 ft Airport Use: Public Daylight Savings: Not Observed UTC Conversion: -3:00 = UTC Magnetic Variation: 5.0° E Fuel Types: Jet A-1 Repair Types: Minor Airframe, Minor Engine Baghdad Approach: 127.700 Erbil Arrival: 126.500 Erbil Departure: "
999,True,ORER,ORSU,True,10-3B,False,"DAVAS 1S, UMESA 1S",SID,SID,SID,96,REVIEW,True,header_icao_differs_from_index,Jeppesen_10-3_series,True,False,True,False,False,612.0,792.0,15454,IR A Q DAVAS 53.4 Apt Elev 1325 Trans alt: 14000 JEPPESEN 2 MAY 25 .Eff.15.May. 8472 110 142 45-00 45-30 D83.4 SULAIMANIYAH Sulaimaniyah Intl ORSU IR A N DAVAS 1S [DAVA1S]
1014,True,ORMM,ORMM,False,,False,AIRPORT INFORMATION,AIRPORT,AIRPORT,AIRPORT,55,REVIEW,True,only_old_index_supports_category,prior_index_only,True,False,True,False,False,612.0,792.0,1949,"General Information Location: BASRAH IRQ ICAO/IATA: ORMM / BSR Lat/Long: N30° 32.9', E047° 39.7' Elevation: 11 ft Airport Use: Public Daylight Savings: Not Observed UTC Conversion: -3:00 = UTC Magnetic Variation: 3.0° E Fuel Types: Jet A-1 Customs: Yes Baghdad Approach: 120.200 Baghdad Approach: 136.275 Secondary General Information Location: BASRA"
1023,True,ORER,OMMS,True,10-2,False,STAR 10-2,STAR,STAR,STAR,96,REVIEW,True,header_icao_differs_from_index,Jeppesen_10-2_series,True,False,True,False,False,612.0,792.0,25108,COMMS COMMS LOST COMMS LOST COMMS LOST COMMS LOST COMMS LOST COMMS LOST OMMS COMMS LOST COMMS LOST COMMS LOST COMMS LOST 00 550
1024,True,ORER,OMMS,True,10-2A,False,STAR 10-2A,STAR,STAR,STAR,96,REVIEW,True,header_icao_differs_from_index,Jeppesen_10-2_series,True,False,True,False,False,612.0,792.0,25277,COMMS COMMS LOST COMMS LOST COMMS LOST COMMS LOST COMMS LOST COMMS LOST OMMS COMMS LOST COMMS LOST COMMS LOST COMMS LOST 9000 7550
1036,True,OOMS,OOMS,False,,False,AIRPORT INFORMATION,AIRPORT,AIRPORT,AIRPORT,55,REVIEW,True,only_old_index_supports_category,prior_index_only,True,False,True,False,False,612.0,792.0,2358,"General Information Location: MUSCAT OMN ICAO/IATA: OOMS / MCT Lat/Long: N23° 36.0', E058° 17.0' Elevation: 49 ft Airport Use: Public Daylight Savings: Not Observed UTC Conversion: -4:00 = UTC Magnetic Variation: 2.0° E Fuel Types: Jet A-1 Customs: Yes Length x Width: 13123 ft x 197 ft Surface Type: asphalt TDZ-Elev: 20 ft Lighting: Edge, ALS, Cent"
1037,True,OOMS,OOMS,False,,False,AIRPORT INFORMATION,AIRPORT,AIRPORT,AIRPORT,55,REVIEW,True,only_old_index_supports_category,prior_index_only,True,False,True,False,False,612.0,792.0,2115,"General Information Location: MUSCAT OMN ICAO/IATA: OOMS / MCT Lat/Long: N23° 36.0', E058° 17.0' Elevation: 49 ft Airport Use: Public Daylight Savings: Not Observed UTC Conversion: -4:00 = UTC Magnetic Variation: 2.0° E Fuel Types: Jet A-1 Customs: Yes Length x Width: 13123 ft x 197 ft Surface Type: asphalt TDZ-Elev: 20 ft Lighting: Edge, ALS, Cent"
1049,True,OOMS,OMAN,True,10-9,True,Airport Diagram Chart (ADC),AIRPORT,AIRPORT,AIRPORT,96,REVIEW,True,header_icao_differs_from_index,Jeppesen_10_20_airport_series,True,False,True,False,False,612.0,792.0,59028,"0 2 ^ E Cargo Terminal H7 10-9 JEPPESEN MUSCAT, OMAN MUSCAT INTL | JEPPESEN, 2011, 2026. ALL RIGHTS RESERVED. 23-35 23-36 23-37 58-18 58-18 58-19 58-19 G5 GB1 H8 G6 28 AUG 26"
1051,True,OOMS,OMAN,True,10-9B,False,AIRPORT CHART,AIRPORT,AIRPORT,AIRPORT,96,REVIEW,True,header_icao_differs_from_index,Jeppesen_10_20_airport_series,True,False,True,False,False,612.0,792.0,44905,"31A 58-18 58-18 58-17.6 58-17.7 58-17.8 58-17.9 58-18.1 58-17.6 58-17.7 58-17.8 58-17.9 58-18.1 CARGO TERMINAL H8 H7 MUSCAT, OMAN MUSCAT INTL 23-35.3 23-35.4 23-35.5 23-35.6 23-35.7"
1058,True,OOMS,OMAN,True,11-5,True,CHART PAGE 683,APP,APP,APP,84,REVIEW,True,header_icao_differs_from_index,Jeppesen_approach_number_series,True,False,True,False,False,612.0,792.0,10205,"325^ 317^ OO(D)-37 1 2 OO(D)-45 OO(D)-82 3 OO(D)-106 MISSED APCH: 11-5 MUSCAT, OMAN LOC ISB 110.3 263^ D6.7 ISB 2200'(2176') Apt Elev 49' MSA MCT VOR Final Apch Crs ILS DA(H)"
1059,True,OOMS,OMAN,True,11-6,True,CHART PAGE 684,APP,APP,APP,84,REVIEW,True,header_icao_differs_from_index,Jeppesen_approach_number_series,True,False,True,False,False,612.0,792.0,9721,"325^ 319^ OO(D)-37 1 2 OO(D)-45 OO(D)-82 3 OO(D)-106 MISSED APCH: 11-6 MUSCAT, OMAN LOC ISB 110.3 263^ D6.7 ISB 2200'(2176') Apt Elev 49' MSA MCT VOR Final Apch Crs ILS DA(H)"
1060,True,OOMS,OMAN,True,11-7,True,LOC RWY 26R,APP,APP,APP,84,REVIEW,True,header_icao_differs_from_index,Jeppesen_approach_number_series,True,False,True,False,False,612.0,792.0,11905,"317^ 325^ OO(D)-37 3 4 OO(D)-45 OO(D)-82 MISSED APCH: 11-7 MUSCAT, OMAN LOC IMR 110.7 263^ D6.8 IMR 2200'(2180') Apt Elev 49' MSA MCT VOR Final Apch Crs ILS DA(H) 20'"
1068,True,OOMS,OMAN,True,13-2,True,VOR Z RWY 26L,APP,APP,APP,84,REVIEW,True,header_icao_differs_from_index,Jeppesen_approach_number_series,True,False,True,False,False,612.0,792.0,7681,"325^ 317^ OO(D)-37 DM E Ar c 145^ 13-2 MUSCAT, OMAN VOR MCT 114.5 263^ 2200'(2176') Apt Elev 49' 24' Final Apch Crs 500'(476') D9.2 MSA MCT VOR 090^"
1069,True,OOMS,OMAN,True,13-3,True,VOR Y RWY 26L CAT A & B,APP,APP,APP,84,REVIEW,True,header_icao_differs_from_index,Jeppesen_approach_number_series,True,False,True,False,False,612.0,792.0,7445,"319^ 325^ OO(D)-37 13-3 MUSCAT, OMAN VOR MCT 114.5 263^ 2200'(2176') Apt Elev 49' 24' Final Apch Crs 500'(476') D9.2 MSA MCT VOR 090^ 270^ 180^ 360^ BRIEFING STRIP"
1070,True,LTAC,LTAC,False,,False,AIRPORT INFORMATION,AIRPORT,AIRPORT,AIRPORT,55,REVIEW,True,only_old_index_supports_category,prior_index_only,True,False,True,False,False,612.0,792.0,3087,"General Information Location: ANKARA TUR ICAO/IATA: LTAC / ESB Lat/Long: N40° 07.7', E032° 59.7' Elevation: 3158 ft Airport Use: Public Daylight Savings: Not Observed UTC Conversion: -3:00 = UTC Magnetic Variation: 6.0° E Fuel Types: 100 Octane (LL), Jet A-1 Repair Types: Minor Airframe, Minor Engine, Major Airframe, Major Engine Runway: 21C Length"
1071,True,LTAC,LTAC,False,,False,AIRPORT INFORMATION,AIRPORT,AIRPORT,AIRPORT,55,REVIEW,True,only_old_index_supports_category,prior_index_only,True,False,True,False,False,612.0,792.0,3064,"General Information Location: ANKARA TUR ICAO/IATA: LTAC / ESB Lat/Long: N40° 07.7', E032° 59.7' Elevation: 3158 ft Airport Use: Public Daylight Savings: Not Observed UTC Conversion: -3:00 = UTC Magnetic Variation: 6.0° E Fuel Types: 100 Octane (LL), Jet A-1 Repair Types: Minor Airframe, Minor Engine, Major Airframe, Major Engine Runway: 21C Length"
1162,True,LTFM,LTFM,False,,False,AIRPORT INFORMATION,AIRPORT,AIRPORT,AIRPORT,55,REVIEW,True,only_old_index_supports_category,prior_index_only,True,False,True,False,False,612.0,792.0,5054,"General Information Location: ISTANBUL TUR ICAO/IATA: LTFM / IST Lat/Long: N41° 16.5', E028° 45.1' Elevation: 325 ft Airport Use: Public Daylight Savings: Not Observed UTC Conversion: -3:00 = UTC Magnetic Variation: 6.0° E Fuel Types: Jet A-1 Customs: Yes Surface Type: asphalt TDZ-Elev: 224 ft Lighting: Edge, ALS, REIL Runway: 18 Length x Width: 10"
1163,True,LTFM,LTFM,False,,False,AIRPORT INFORMATION,AIRPORT,AIRPORT,AIRPORT,55,REVIEW,True,only_old_index_supports_category,prior_index_only,True,False,True,False,False,612.0,792.0,5138,"General Information Location: ISTANBUL TUR ICAO/IATA: LTFM / IST Lat/Long: N41° 16.5', E028° 45.1' Elevation: 325 ft Airport Use: Public Daylight Savings: Not Observed UTC Conversion: -3:00 = UTC Magnetic Variation: 6.0° E Fuel Types: Jet A-1 Customs: Yes Surface Type: asphalt TDZ-Elev: 224 ft Lighting: Edge, ALS, REIL Runway: 18 Length x Width: 10"
1164,True,LTFM,LTFM,False,,False,AIRPORT INFORMATION,AIRPORT,AIRPORT,AIRPORT,55,REVIEW,True,only_old_index_supports_category,prior_index_only,True,False,True,False,False,612.0,792.0,5638,"General Information Location: ISTANBUL TUR ICAO/IATA: LTFM / IST Lat/Long: N41° 16.5', E028° 45.1' Elevation: 325 ft Airport Use: Public Daylight Savings: Not Observed UTC Conversion: -3:00 = UTC Magnetic Variation: 6.0° E Fuel Types: Jet A-1 Customs: Yes Surface Type: asphalt TDZ-Elev: 224 ft Lighting: Edge, ALS, REIL Runway: 18 Length x Width: 10"
1165,True,LTFM,LTFM,False,,False,AIRPORT INFORMATION,AIRPORT,AIRPORT,AIRPORT,55,REVIEW,True,only_old_index_supports_category,prior_index_only,True,False,True,False,False,612.0,792.0,5122,"General Information Location: ISTANBUL TUR ICAO/IATA: LTFM / IST Lat/Long: N41° 16.5', E028° 45.1' Elevation: 325 ft Airport Use: Public Daylight Savings: Not Observed UTC Conversion: -3:00 = UTC Magnetic Variation: 6.0° E Fuel Types: Jet A-1 Customs: Yes Surface Type: asphalt TDZ-Elev: 224 ft Lighting: Edge, ALS, REIL Runway: 18 Length x Width: 10"
1167,True,LTFM,,False,30-1P1,False,AIRPORT BRIEFING,AIRPORT,AIRPORT,AIRPORT,55,REVIEW,True,only_old_index_supports_category,prior_index_only,True,False,True,False,False,612.0,792.0,5383,"JEPPESEN 1. GENERAL 1.3.3. - Wake turbulence separation is applied; - ACFT concerned shall be identified on the A-SMGCS. Phraseology to be used: ATC: A/C: LINE UP AND WAIT RWY 35L, INTERSECTION B2, NUMBER 2. LINE UP AND WAIT RWY 35L, INTERSECTION B2, NUMBER 2 FOR DEPAR- TURE. NUMBER ONE IS B737 DEPARTING FROM B4A. RWY-IN-USE 31 JUL 26 .Eff.6.Aug. -"
1168,True,LTFM,,False,30-1P2,False,AIRPORT BRIEFING,AIRPORT,AIRPORT,AIRPORT,55,REVIEW,True,only_old_index_supports_category,prior_index_only,True,False,True,False,False,612.0,792.0,5502,"JEPPESEN 1. GENERAL 1.4. CAT II/III OPERATIONS For CAT II and CAT III operations, special aircrew and ACFT certification required. During CAT II and CAT III operations, special ATC procedures (ATC Low Visibility RWYs 16R, 34L, 17L , 35R, 18 and 36 approved for CAT II and III operations, subject to serviceability of the required facilities is suitab"
1169,True,LTFM,,False,30-1P3,True,AIRPORT BRIEFING,AIRPORT,APP,APP,91,CONFLICT,True,index_vs_pdf_category,instrument_approach_header,True,False,True,False,False,612.0,792.0,5297,"JEPPESEN 1. GENERAL ATC will not give instructions for break-out maneuvers below 750' AMSL. 1.5.5. RWY ASSIGNMENT When the simultaneous independent parallel approaches/departures are in progress, appropriate use of RWYs is subject to ATC discretion in order to ensure safe and orderly flow of the traffic. For tactical reasons and to increase air tra"
1171,True,LTFM,,False,30-1P5,False,AIRPORT BRIEFING,AIRPORT,AIRPORT,AIRPORT,55,REVIEW,True,only_old_index_supports_category,prior_index_only,True,False,True,False,False,612.0,792.0,5376,"JEPPESEN 2. ARRIVAL ACFT vacating a RWY via rapid exit TWY has the priority at the intersection of - - Landing ACFT on RWY 36, shall vacate the RWY to the LEFT, continue on TWY G and contact with Ground 4N on 124.425 MHz without waiting any instruction by TWR controller. Landing ACFT on RWY18/36, should not vacate the RWY via 90^ turn G11 and G12 T"
1174,True,LTFM,,False,30-1R,False,RADAR MINIMUM ALTITUDES,AIRPORT,AIRPORT,AIRPORT,55,REVIEW,True,only_old_index_supports_category,prior_index_only,True,False,True,False,False,612.0,792.0,18653,"8 0 N M 6 100NM 1 0 0 N M 7000 3500 | JEPPESEN, 2019, 2026. ALL RIGHTS RESERVED. Alt Set: hPa Trans level: By ATC Trans alt: 12000 th East Directory Apt Elev 325 118.950 132.325 5"
1175,True,LTFM,LTBQ,True,30-2,False,"ERSEN 1R, KANQO 1B",STAR,STAR,STAR,55,REVIEW,True,only_old_index_supports_category,prior_index_only,True,False,True,False,False,612.0,792.0,149079,"KOCAELI Cengiz Topel LTBQ FL280 FL280 FL240 FL260 KANQO FM67~ FM671 FM45~ Apt Elev 325 126.350 Alt Set: hPa Trans level: By ATC D-ATIS Arrival 3. ACFT without P-RNAV approval may lose the sequence and be subject to a delaying action. The ACFT concerned will be RADAR vectored to final, or cleared/vectored to a point from where approach can be made. "
1177,True,LTFM,,False,30-30,False,"ERSEN 1B, SISPI 1B",STAR,STAR,STAR,55,REVIEW,True,only_old_index_supports_category,prior_index_only,True,False,True,False,False,612.0,792.0,25901,"270^ 3000 090^ 11000 11000 5000 4000 MHA 4000 ENLEC Apt Elev 325 126.350 0 10 20 30 40 50 10 Alt Set: hPa Trans level: By ATC D-ATIS Arrival 3. ACFT without P-RNAV approval may lose the sequence and be subject to a delaying action. The ACFT concerned will be RADAR vectored to final,"
1178,True,LTFM,,False,30-2C,False,"DRAMO 1P, INBET 1P",STAR,STAR,STAR,55,REVIEW,True,only_old_index_supports_category,prior_index_only,True,False,True,False,False,612.0,792.0,179528,COMMS LOST COMMS LOST COMMS LOST COMMS LOST COMMS LOST COMMS LOST COMMS LOST COMMS LOST COMMS LOST COMMS LOST COMMS LOST COMMS LOST
1179,True,LTFM,,False,30-2D,False,"AYTEK 1R, DRAMO 1B, INBET 1B",STAR,STAR,STAR,55,REVIEW,True,only_old_index_supports_category,prior_index_only,True,False,True,False,False,612.0,792.0,189490,COMMS LOST COMMS LOST COMMS LOST COMMS LOST COMMS LOST COMMS LOST COMMS LOST COMMS LOST COMMS LOST COMMS LOST COMMS LOST COMMS LOST
1180,True,LTFM,,False,30-2E,False,"AYTEK 1B, RILEX 1B, RIXEN 1B",STAR,STAR,STAR,55,REVIEW,True,only_old_index_supports_category,prior_index_only,True,False,True,False,False,612.0,792.0,126917,3500 270^ 3000 090^ A RP FL190 5000 4000 10000 RIXEN INSTA FM956 FM955 (IAF) 2 2 3 ^ 2 5 7 ^ R
1181,True,LTFM,,False,30-2F,False,"ERSEN 1P, SISPI 1P",STAR,STAR,STAR,55,REVIEW,True,only_old_index_supports_category,prior_index_only,True,False,True,False,False,612.0,792.0,151736,COMMS LOST COMMS LOST COMMS LOST COMMS LOST COMMS LOST COMMS LOST COMMS LOST COMMS LOST COMMS LOST COMMS LOST COMMS LOST COMMS LOST
1182,True,LTFM,,False,30-2G,False,"ERSEN 1Q, KANQO 1A",STAR,STAR,STAR,55,REVIEW,True,only_old_index_supports_category,prior_index_only,True,False,True,False,False,612.0,792.0,91267,COMMS LOST COMMS LOST COMMS LOST COMMS LOST COMMS LOST COMMS LOST COMMS LOST COMMS LOST COMMS LOST COMMS LOST COMMS LOST COMMS LOST
1183,True,LTFM,,False,30-2H,False,"NUGBA 1D, RIXEN 1N",STAR,STAR,STAR,55,REVIEW,True,only_old_index_supports_category,prior_index_only,True,False,True,False,False,612.0,792.0,100881,COMMS LOST COMMS LOST COMMS LOST COMMS LOST COMMS LOST COMMS LOST COMMS LOST COMMS LOST C O M M SLO ST C O
1184,True,LTFM,,False,30-2J,False,"ERSEN 1A, SISPI 1A",STAR,STAR,STAR,55,REVIEW,True,only_old_index_supports_category,prior_index_only,True,False,True,False,False,612.0,792.0,138713,COMMS OST COMMS LOST COMMS LOST COMMS LOST COMMS LOST COMMS LOST COMMS LOST COMMS LOST COMMS LOST COMMS LOST COMMS LOST COMMS LOST
1185,True,LTFM,LTBQ,True,30-2K,False,"ERSEN 1C, SISPI 1C",STAR,STAR,STAR,55,REVIEW,True,only_old_index_supports_category,prior_index_only,True,False,True,False,False,612.0,792.0,132886,"OCAELI giz Topel LTBQ FL270 23 22 FM521 FM52~ ERSEN 9.5 306^ 2 MHA FL190 305^ Apt Elev 325 Alt Set: hPa Trans level: By ATC AV approval may lose the sequence and be subject to a delaying action. The be RADAR vectored to final, or cleared/vectored to a point from where . 4. If unable to comply the RNAV procedure, inform ISTANBUL PPROACH on initial c"
1186,True,LTFM,LTBA,True,30-2L,False,"AYTEK 1Q, DRAMO 1A, INBET 1A",STAR,STAR,STAR,55,REVIEW,True,only_old_index_supports_category,prior_index_only,True,False,True,False,False,612.0,792.0,161824,ISTANBUL Ataturk Intl LTBA COMMS OST COMMS LOST COMMS LOST COMMS LOST COMMS LOST COMMS LOST COMMS LOST COMMS LOST COMMS LOST COMMS LOST COMMS
1188,True,LTFM,LTBA,True,30-2N,False,"AYTEK 1A, RILEX 1A, RIXEN 1A",STAR,STAR,STAR,55,REVIEW,True,only_old_index_supports_category,prior_index_only,True,False,True,False,False,612.0,792.0,108831,ISTANBUL Ataturk Intl LTBA 3500 270^ 3000 A R P 090^ FL230 FL160 FL140 10000 5000 4000 RIXEN GINLI ATVAS FM9~6 FM9~7 GITVO 8 .
1191,True,LTFM,,False,30-2S,False,"AYTEK 1M, RILEX 1M, RIXEN 1M",STAR,STAR,STAR,55,REVIEW,True,only_old_index_supports_category,prior_index_only,True,False,True,False,False,612.0,792.0,93535,3500 270^ 3000 090^ A RP FL190 7000 6000 7000 8000 12000 RIXEN FM955 (IAF) 2 2 3 ^ 2 5 7 ^ R
1192,True,LTFM,LTBQ,True,30-2T,False,"ERSEN 1M, KANQO 1M",STAR,STAR,STAR,55,REVIEW,True,only_old_index_supports_category,prior_index_only,True,False,True,False,False,612.0,792.0,97212,"KOCAELI Cengiz Topel LTBQ FL280 FL280 FL240 FL260 KANQO FM67~ FM671 FM45~ Apt Elev 325 126.350 Alt Set: hPa Trans level: By ATC D-ATIS Arrival 3. ACFT without P-RNAV approval may lose the sequence and be subject to a delaying action. The ACFT concerned will be RADAR vectored to final, or cleared/vectored to a point from where approach can be made. "
1193,True,LTFM,,False,30-2U,False,"NUGBA 1M, RIXEN 1W",STAR,STAR,STAR,55,REVIEW,True,only_old_index_supports_category,prior_index_only,True,False,True,False,False,612.0,792.0,70067,"MMS COMMS LOST COMMS COMMS LOST COMMS LOST COMMS LOST FL260 FL220 AINTAIN last red STAR. Apt Elev 325 126.350 Alt Set: hPa Trans level: By ATC D-ATIS Arrival AL (IAF). Then If available 3. ACFT without P-RNAV approval may lose the sequence and be subject to a delaying action. The ACFT concerned will be RADAR vectored to final,"
1194,True,LTFM,,False,30-3,False,"EKAWE 1F, MAKOL 1F",SID,SID,SID,55,REVIEW,True,only_old_index_supports_category,prior_index_only,True,False,True,False,False,612.0,792.0,46139,Trans alt: 12000 Apt Elev 325 These SIDs require a minimum climb gradient of YESILKOY Approach/ Radar (DEP) 5.0% V/V (fpm) 380 506 760 1013 1266 1519 Gnd speed-KT 75 100 150 200 250 300 JEPPESEN 13 MAR 26 .Eff.19.Mar. EKAWE 120.125 131.125
1195,True,LTFM,,False,30-3A,False,"EKAWE 1G, MAKOL 1G",SID,SID,SID,55,REVIEW,True,only_old_index_supports_category,prior_index_only,True,False,True,False,False,612.0,792.0,46562,Trans alt: 12000 Apt Elev 325 These SIDs require a minimum climb gradient of YESILKOY Approach/ Radar (DEP) 5.0% V/V (fpm) 380 506 760 1013 1266 1519 Gnd speed-KT 75 100 150 200 250 300 JEPPESEN 13 MAR 26 .Eff.19.Mar. EKAWE 5.0% (304 FT/NM) up to 8000. 1. RADAR required.
1196,True,LTFM,,False,30-3B,False,"EKAWE 1H, MAKOL 1H",SID,SID,SID,55,REVIEW,True,only_old_index_supports_category,prior_index_only,True,False,True,False,False,612.0,792.0,46437,Trans alt: 12000 Apt Elev 325 These SIDs require a minimum climb gradient of YESILKOY Approach/ Radar (DEP) 5.0% V/V (fpm) 380 506 760 1013 1266 1519 Gnd speed-KT 75 100 150 200 250 300 JEPPESEN 13 MAR 26 .Eff.19.Mar. EKAWE 120.125 131.125
1197,True,LTFM,,False,30-3C,False,"EKAWE 1C, MAKOL 1C",SID,SID,SID,55,REVIEW,True,only_old_index_supports_category,prior_index_only,True,False,True,False,False,612.0,792.0,34762,Trans alt: 12000 Apt Elev 325 These SIDs require a minimum climb gradient of YESILKOY Approach/ Radar (DEP) 5.0% V/V (fpm) 380 506 760 1013 1266 1519 Gnd speed-KT 75 100 150 200 250 300 JEPPESEN 13 MAR 26 .Eff.19.Mar. EKAWE 5.0% (304 FT/NM) up to 8000. 1. RADAR required.
1198,True,LTFM,,False,30-3D,False,"EKAWE 1D, MAKOL 1D",SID,SID,SID,55,REVIEW,True,only_old_index_supports_category,prior_index_only,True,False,True,False,False,612.0,792.0,36065,Trans alt: 12000 Apt Elev 325 These SIDs require a minimum climb gradient of YESILKOY Approach/ Radar (DEP) 5.0% V/V (fpm) 380 506 760 1013 1266 1519 Gnd speed-KT 75 100 150 200 250 300 JEPPESEN 13 MAR 26 .Eff.19.Mar. EKAWE 5.0% (304 FT/NM) up to 8000. 120.125
1199,True,LTFM,,False,30-3E,False,"EKAWE 1E, MAKOL 1E",SID,SID,SID,55,REVIEW,True,only_old_index_supports_category,prior_index_only,True,False,True,False,False,612.0,792.0,39012,Trans alt: 12000 Apt Elev 325 These SIDs require a minimum climb gradient of YESILKOY Approach/ Radar (DEP) 5.0% V/V (fpm) 380 506 760 1013 1266 1519 Gnd speed-KT 75 100 150 200 250 300 JEPPESEN 13 MAR 26 .Eff.19.Mar. 5.0% (304 FT/NM) up to 8000. EKAWE 120.125
1200,True,LTFM,LTFM,False,30-3E1,False,"EKAWE 1M, MAKOL 1M",STAR,APP,APP,91,CONFLICT,True,index_vs_pdf_category,instrument_approach_header,True,False,True,False,False,612.0,792.0,45363,These SIDs require a minimum climb gradient of 5.0% V/V (fpm) 380 506 760 1013 1266 1519 Gnd speed-KT 75 100 150 200 250 300 JEPPESEN EKAWE 5.0% (304 FT/NM) up to 8000. EXECUTED WITH LTFM RNAV (GNSS) STAR RWY 16R/17L/18 Trans alt: 12000 Apt Elev 325 YESILKOY Approach/ Radar (DEP) 120.125
1201,True,LTFM,LTFM,False,30-3E2,False,"EKAWE 1L, MAKOL 1L",STAR,APP,APP,91,CONFLICT,True,index_vs_pdf_category,instrument_approach_header,True,False,True,False,False,612.0,792.0,40676,These SIDs require a minimum climb gradient of 5.0% V/V (fpm) 380 506 760 1013 1266 1519 Gnd speed-KT 75 100 150 200 250 300 JEPPESEN 5.0% (304 FT/NM) up to 8000. EKAWE EXECUTED WITH LTFM RNAV (GNSS) STAR RWY 34L/35R/36 Trans alt: 12000 Apt Elev 325 YESILKOY Approach/ Radar (DEP) 120.125
1202,True,LTFM,LTBQ,True,30-3F,False,"RATVU 1F, VICEN 1F",SID,SID,SID,55,REVIEW,True,only_old_index_supports_category,prior_index_only,True,False,True,False,False,612.0,792.0,46344,KOCAELI Cengiz Topel LTBQ These SIDs require a minimum climb gradient of 5.0% V/V (fpm) 380 506 760 1013 1266 1519 Gnd speed-KT 75 100 150 200 250 300 Trans alt: 12000 Apt Elev 325 YESILKOY Approach/ Radar (DEP) VICEN 1 9
1203,True,LTFM,,False,30-3G,False,"RATVU 1T, VICEN 1T",STAR,SID,SID,98,CONFLICT,True,index_vs_pdf_category,printed_SID_header,True,False,True,False,False,612.0,792.0,40342,KOCAELI Cengiz Topel LTBQ These SIDs require a minimum climb gradient of 5.0% V/V (fpm) 380 506 760 1013 1266 1519 Gnd speed-KT 75 100 150 200 250 300 Trans alt: 12000 Apt Elev 325 YESILKOY Approach/ Radar (DEP) JEPPESEN .RNAV.SID. EXECUTED WITH LTFJ RNAV (GNSS) STAR RWY 06
1204,True,LTFM,LTBQ,True,30-3H,False,"RATVU 1G, VICEN 1G",SID,SID,SID,55,REVIEW,True,only_old_index_supports_category,prior_index_only,True,False,True,False,False,612.0,792.0,43244,KOCAELI Cengiz Topel LTBQ These SIDs require a minimum climb gradient of 5.0% V/V (fpm) 380 506 760 1013 1266 1519 Gnd speed-KT 75 100 150 200 250 300 Trans alt: 12000 Apt Elev 325 YESILKOY Approach/ Radar (DEP) VICEN 1 9
1205,True,LTFM,,False,30-3J,False,"RATVU 1U, VICEN 1U",STAR,SID,SID,98,CONFLICT,True,index_vs_pdf_category,printed_SID_header,True,False,True,False,False,612.0,792.0,45833,KOCAELI Cengiz Topel LTBQ These SIDs require a minimum climb gradient of 5.0% V/V (fpm) 380 506 760 1013 1266 1519 Gnd speed-KT 75 100 150 200 250 300 Trans alt: 12000 Apt Elev 325 YESILKOY Approach/ Radar (DEP) JEPPESEN .RNAV.SID. EXECUTED WITH LTFJ RNAV (GNSS) STAR RWY 06
1206,True,LTFM,LTBQ,True,30-3K,False,"RATVU 1H, VICEN 1H",SID,SID,SID,55,REVIEW,True,only_old_index_supports_category,prior_index_only,True,False,True,False,False,612.0,792.0,42385,KOCAELI Cengiz Topel LTBQ These SIDs require a minimum climb gradient of 5.0% V/V (fpm) 380 506 760 1013 1266 1519 Gnd speed-KT 75 100 150 200 250 300 Trans alt: 12000 Apt Elev 325 YESILKOY Approach/ Radar (DEP) VICEN 1 9
1207,True,LTFM,,False,30-3L,False,"RATVU 1V, VICEN 1V",STAR,SID,SID,98,CONFLICT,True,index_vs_pdf_category,printed_SID_header,True,False,True,False,False,612.0,792.0,43740,KOCAELI Cengiz Topel LTBQ These SIDs require a minimum climb gradient of 5.0% V/V (fpm) 380 506 760 1013 1266 1519 Gnd speed-KT 75 100 150 200 250 300 Trans alt: 12000 Apt Elev 325 YESILKOY Approach/ Radar (DEP) JEPPESEN .RNAV.SID. EXECUTED WITH LTFJ RNAV (GNSS) STAR RWY 06
1208,True,LTFM,LTBQ,True,30-3M,False,"RATVU 1C, VICEN 1C",SID,SID,SID,98,REVIEW,True,header_icao_differs_from_index,printed_SID_header,True,False,True,False,False,612.0,792.0,50414,KOCAELI Cengiz Topel LTBQ These SIDs require a minimum climb gradient of 5.0% V/V (fpm) 380 506 760 1013 1266 1519 Gnd speed-KT 75 100 150 200 250 300 Trans alt: 12000 Apt Elev 325 YESILKOY Approach/ Radar (DEP) JEPPESEN .RNAV.SID. NOTVI
1209,True,LTFM,,False,30-3N,False,VICEN 1Q,STAR,SID,SID,98,CONFLICT,True,index_vs_pdf_category,printed_SID_header,True,False,True,False,False,612.0,792.0,39783,KOCAELI Cengiz Topel LTBQ This SID requires a minimum climb gradient of 5.0% V/V (fpm) 380 506 760 1013 1266 1519 Gnd speed-KT 75 100 150 200 250 300 Trans alt: 12000 Apt Elev 325 YESILKOY Approach/ Radar (DEP) JEPPESEN .RNAV.SID. EXECUTED WITH LTFJ RNAV (GNSS) STAR RWY 24
1210,True,LTFM,LTBQ,True,30-3P,False,"RATVU 1D, VICEN 1D",SID,SID,SID,98,REVIEW,True,header_icao_differs_from_index,printed_SID_header,True,False,True,False,False,612.0,792.0,49392,KOCAELI Cengiz Topel LTBQ These SIDs require a minimum climb gradient of 5.0% V/V (fpm) 380 506 760 1013 1266 1519 Gnd speed-KT 75 100 150 200 250 300 Trans alt: 12000 Apt Elev 325 YESILKOY Approach/ Radar (DEP) JEPPESEN .RNAV.SID. NOTVI
1211,True,LTFM,,False,30-3Q,False,VICEN 1R,STAR,SID,SID,98,CONFLICT,True,index_vs_pdf_category,printed_SID_header,True,False,True,False,False,612.0,792.0,42125,KOCAELI Cengiz Topel LTBQ This SID requires a minimum climb gradient of 5.0% V/V (fpm) 380 506 760 1013 1266 1519 Gnd speed-KT 75 100 150 200 250 300 Trans alt: 12000 Apt Elev 325 YESILKOY Approach/ Radar (DEP) JEPPESEN .RNAV.SID. EXECUTED WITH LTFJ RNAV (GNSS) STAR RWY 24
1212,True,LTFM,LTBQ,True,30-3S,False,"RATVU 1E, VICEN 1E",SID,SID,SID,98,REVIEW,True,header_icao_differs_from_index,printed_SID_header,True,False,True,False,False,612.0,792.0,48732,KOCAELI Cengiz Topel LTBQ These SIDs require a minimum climb gradient of 5.0% V/V (fpm) 380 506 760 1013 1266 1519 Gnd speed-KT 75 100 150 200 250 300 Trans alt: 12000 Apt Elev 325 YESILKOY Approach/ Radar (DEP) JEPPESEN .RNAV.SID. NOTVI
1213,True,LTFM,,False,30-3T,False,VICEN 1S,STAR,SID,SID,98,CONFLICT,True,index_vs_pdf_category,printed_SID_header,True,False,True,False,False,612.0,792.0,42073,KOCAELI Cengiz Topel LTBQ This SID requires a minimum climb gradient of 5.0% V/V (fpm) 380 506 760 1013 1266 1519 Gnd speed-KT 75 100 150 200 250 300 Trans alt: 12000 Apt Elev 325 YESILKOY Approach/ Radar (DEP) JEPPESEN .RNAV.SID. EXECUTED WITH LTFJ RNAV (GNSS) STAR RWY 24
1214,True,LTFM,,False,30-3T1,False,"RATVU 1M, VICEN 1M",STAR,SID,SID,98,CONFLICT,True,index_vs_pdf_category,printed_SID_header,True,False,True,False,False,612.0,792.0,50382,These SIDs require a minimum climb gradient of 5.0% V/V (fpm) 380 506 760 1013 1266 1519 Gnd speed-KT 75 100 150 200 250 300 I VICEN 1 9 . 6 JEPPESEN .RNAV.SID. 5.0% (304 FT/NM) up to 8000. 31 JUL 26 .Eff.6.Aug.
1215,True,LTFM,,False,30-3T2,False,"RATVU 1Y, VICEN 1Y",STAR,SID,SID,98,CONFLICT,True,index_vs_pdf_category,printed_SID_header,True,False,True,False,False,612.0,792.0,51363,These SIDs require a minimum climb gradient of 5.0% V/V (fpm) 380 506 760 1013 1266 1519 Gnd speed-KT 75 100 150 200 250 300 JEPPESEN .RNAV.SID. I VICEN 1 9 . 6 5.0% (304 FT/NM) up to 8000. 31 JUL 26 .Eff.6.Aug.
1216,True,LTFM,LTFM,False,30-3T3,False,"RATVU 1L, VICEN 1L",STAR,SID,SID,98,CONFLICT,True,index_vs_pdf_category,printed_SID_header,True,False,True,False,False,612.0,792.0,48018,These SIDs require a minimum climb gradient of 5.0% V/V (fpm) 380 506 760 1013 1266 1519 Gnd speed-KT 75 100 150 200 250 300 JEPPESEN .RNAV.SID. OTVI 5.0% (304 FT/NM) up to 8000. VICEN 11.3 103^ 31 JUL 26 .Eff.6.Aug. EXECUTED WITH LTFM RNAV (GNSS) STAR RWY 34L/35R/36
1217,True,LTFM,,False,30-3T4,False,VICEN 1Z,STAR,SID,SID,98,CONFLICT,True,index_vs_pdf_category,printed_SID_header,True,False,True,False,False,612.0,792.0,39388,This SID requires a minimum climb gradient of 5.0% V/V (fpm) 380 506 760 1013 1266 1519 Gnd speed-KT 75 100 150 200 250 300 JEPPESEN .RNAV.SID. I VICEN 1 9 . 6 5.0% (304 FT/NM) up to 8000. 31 JUL 26 .Eff.6.Aug.
1218,True,LTFM,,False,30-3T5,False,"BARPE 1M, IVGUS 1M",STAR,STAR,STAR,55,REVIEW,True,only_old_index_supports_category,prior_index_only,True,False,True,False,False,612.0,792.0,56261,3500 270^ 3000 10000 6000 These SIDs require a minimum climb gradient of 5.0% V/V (fpm) 380 506 760 1013 1266 1519 Gnd speed-KT 75 100 150 200 250 300 JEPPESEN TIBNU ASGAX 6 . 2
1219,True,LTFM,,False,30-3T6,False,"BARPE 1Y, IVGUS 1Y",STAR,STAR,STAR,55,REVIEW,True,only_old_index_supports_category,prior_index_only,True,False,True,False,False,612.0,792.0,52837,3500 270^ 3000 10000 6000 These SIDs require a minimum climb gradient of 5.0% V/V (fpm) 380 506 760 1013 1266 1519 Gnd speed-KT 75 100 150 200 250 300 JEPPESEN TIBNU ASGAX 6 . 2
1220,True,LTFM,,False,30-3T7,False,"BARPE 1L, IVGUS 1L",STAR,STAR,STAR,55,REVIEW,True,only_old_index_supports_category,prior_index_only,True,False,True,False,False,612.0,792.0,53158,ISTANBUL Ataturk Intl LTBA ISTANBUL Sabiha Gokcen Intl LTFJ 3500 270^ 3000 These SIDs require a minimum climb gradient of 5.0% V/V (fpm) 380 506 760 1013 1266 1519 Gnd speed-KT 75 100 150 200 250 300 KRASO 1
1221,True,LTFM,,False,30-3T8,False,"BARPE 1D, IVGUS 1D",SID,SID,SID,55,REVIEW,True,only_old_index_supports_category,prior_index_only,True,False,True,False,False,612.0,792.0,39553,ISTANBUL Ataturk Intl LTBA ISTANBUL Sabiha Gokcen Intl LTFJ 3500 3000 270^ 1750 These SIDs require a minimum climb gradient of 5.0% V/V (fpm) 380 506 760 1013 1266 1519 Gnd speed-KT 75 100 150 200 250 300 JEPPESEN
1222,True,LTFM,,False,30-3T9,False,"BARPE 1E, IVGUS 1E",SID,SID,SID,55,REVIEW,True,only_old_index_supports_category,prior_index_only,True,False,True,False,False,612.0,792.0,57961,ISTANBUL Ataturk Intl LTBA ISTANBUL Sabiha Gokcen Intl LTFJ 270^ 2200 These SIDs require a minimum climb gradient of 5.0% V/V (fpm) 380 506 760 1013 1266 1519 Gnd speed-KT 75 100 150 200 250 300 FM~32 FM~33 FM~34
1223,True,LTFM,,False,30-3U,False,"BARPE 1F, IVGUS 1F",SID,SID,SID,55,REVIEW,True,only_old_index_supports_category,prior_index_only,True,False,True,False,False,612.0,792.0,39122,ISTANBUL Ataturk Intl LTBA ISTANBUL Sabiha Gokcen Intl LTFJ 3500 270^ 3000 2100 FM~47 2 0 3 ^ 2 0 4 ^ 5 . 8 5 .
1224,True,LTFM,,False,30-3V,False,"BARPE 1G, IVGUS 1G",SID,SID,SID,55,REVIEW,True,only_old_index_supports_category,prior_index_only,True,False,True,False,False,612.0,792.0,39306,ISTANBUL Ataturk Intl LTBA ISTANBUL Sabiha Gokcen Intl LTFJ 3500 270^ 3000 1800 2 5 Trans alt: 12000 Apt Elev 325 These SIDs require a minimum climb gradient of YESILKOY Approach/ Radar (DEP) 5.0% V/V (fpm) 380 506 760 1013 1266 1519 Gnd speed-KT
1225,True,LTFM,,False,30-3V1,False,"BARPE 1H, IVGUS 1H",SID,SID,SID,55,REVIEW,True,only_old_index_supports_category,prior_index_only,True,False,True,False,False,612.0,792.0,46851,ISTANBUL Ataturk Intl LTBA ISTANBUL Sabiha Gokcen Intl LTFJ 0 270^ 3000 2030 6000 Trans alt: 12000 Apt Elev 325 These SIDs require a minimum climb gradient of YESILKOY Approach/ Radar (DEP) 5.0% V/V (fpm) 380 506 760 1013 1266 1519 Gnd speed-KT 75
1226,True,LTFM,,False,30-3V2,False,"BARPE 1V, IVGUS 1V",STAR,STAR,STAR,55,REVIEW,True,only_old_index_supports_category,prior_index_only,True,False,True,False,False,612.0,792.0,51048,ISTANBUL Ataturk Intl LTBA ISTANBUL Sabiha Gokcen Intl LTFJ 0 270^ 3000 2030 6000 Trans alt: 12000 Apt Elev 325 These SIDs require a minimum climb gradient of YESILKOY Approach/ Radar (DEP) 5.0% V/V (fpm) 380 506 760 1013 1266 1519 Gnd speed-KT 75
1227,True,LTFM,,False,30-3V3,False,"BARPE 1C, IVGUS 1C",SID,SID,SID,55,REVIEW,True,only_old_index_supports_category,prior_index_only,True,False,True,False,False,612.0,792.0,38987,ISTANBUL Ataturk Intl LTBA ISTANBUL Sabiha Gokcen Intl LTFJ 3500 3000 270^ 2000 These SIDs require a minimum climb gradient of 5.0% V/V (fpm) 380 506 760 1013 1266 1519 Gnd speed-KT 75 100 150 200 250 300 FM~17
1228,True,LTFM,,False,30-3V4,False,"IBLAL 1M, REZOV 1M, TUDBU 1M, VADEN 1M",STAR,STAR,STAR,55,REVIEW,True,only_old_index_supports_category,prior_index_only,True,False,True,False,False,612.0,792.0,48393,00 270^ 0 5000 These SIDs require a minimum climb gradient of 5.0% V/V (fpm) 380 506 760 1013 1266 1519 Gnd speed-KT 75 100 150 200 250 300 JEPPESEN 5.0% (304 FT/NM) up to 8000. 0 83 ^ 9 .7
1229,True,LTFM,LTBA,True,30-3V5,False,"IBLAL 1L, REZOV 1L, TUDBU 1L, VADEN 1L",STAR,STAR,STAR,55,REVIEW,True,only_old_index_supports_category,prior_index_only,True,False,True,False,False,612.0,792.0,50130,ISTANBUL Ataturk Intl LTBA 00 270^ 00 6400 11000 These SIDs require a minimum climb gradient of 5.0% V/V (fpm) 380 506 760 1013 1266 1519 Gnd speed-KT 75 100 150 200 250 300 JEPPESEN QUNTE 5^
1230,True,LTFM,LTBA,True,30-3V6,False,"IBLAL 1F, REZOV 1F, TUDBU 1F, VADEN 1F",SID,SID,SID,55,REVIEW,True,only_old_index_supports_category,prior_index_only,True,False,True,False,False,612.0,792.0,49961,ISTANBUL Ataturk Intl LTBA 3000 270^ 0 47 These SIDs require a minimum climb gradient of 5.0% V/V (fpm) 380 506 760 1013 1266 1519 Gnd speed-KT 75 100 150 200 250 300 JEPPESEN 5.0% (304 FT/NM) up to 8000. 31 JUL 26 .Eff.6.Aug.
1231,True,LTFM,LTBA,True,30-3V7,False,"IBLAL 1G, REZOV 1G, TUDBU 1G, VADEN 1G",SID,SID,SID,55,REVIEW,True,only_old_index_supports_category,prior_index_only,True,False,True,False,False,612.0,792.0,56944,ISTANBUL Ataturk Intl LTBA 270^ 3000 1800 Trans alt: 12000 Apt Elev 325 These SIDs require a minimum climb gradient of YESILKOY Approach/ Radar (DEP) 5.0% V/V (fpm) 380 506 760 1013 1266 1519 Gnd speed-KT 75 100 150 200 250 300
1232,True,LTFM,LTBA,True,30-3V8,False,"IBLAL 1H, REZOV 1H, TUDBU 1H, VADEN 1H",SID,SID,SID,55,REVIEW,True,only_old_index_supports_category,prior_index_only,True,False,True,False,False,612.0,792.0,50567,ISTANBUL Ataturk Intl LTBA 270^ 3000 30 Trans alt: 12000 Apt Elev 325 These SIDs require a minimum climb gradient of YESILKOY Approach/ Radar (DEP) 5.0% V/V (fpm) 380 506 760 1013 1266 1519 Gnd speed-KT 75 100 150 200 250 300
1233,True,LTFM,LTBA,True,30-3V9,False,"IBLAL 1C, REZOV 1C, TUDBU 1C, VADEN 1C",SID,SID,SID,55,REVIEW,True,only_old_index_supports_category,prior_index_only,True,False,True,False,False,612.0,792.0,45662,ISTANBUL Ataturk Intl LTBA 0 270^ 3000 Trans alt: 12000 Apt Elev 325 These SIDs require a minimum climb gradient of YESILKOY Approach/ Radar (DEP) 5.0% V/V (fpm) 380 506 760 1013 1266 1519 Gnd speed-KT 75 100 150 200 250 300
1234,True,LTFM,LTBA,True,30-3W,False,"IBLAL 1D, REZOV 1D, TUDBU 1D, VADEN 1D",SID,SID,SID,55,REVIEW,True,only_old_index_supports_category,prior_index_only,True,False,True,False,False,612.0,792.0,44276,ISTANBUL Ataturk Intl LTBA 3500 270^ 3000 1750 Trans alt: 12000 Apt Elev 325 These SIDs require a minimum climb gradient of YESILKOY Approach/ Radar (DEP) 5.0% V/V (fpm) 380 506 760 1013 1266 1519 Gnd speed-KT 75 100 150 200 250
1235,True,LTFM,LTBA,True,30-3W1,False,"IBLAL 1E, REZOV 1E, TUDBU 1E, VADEN 1E",SID,SID,SID,55,REVIEW,True,only_old_index_supports_category,prior_index_only,True,False,True,False,False,612.0,792.0,48742,ISTANBUL Ataturk Intl LTBA 270^ 2200 6400 Trans alt: 12000 Apt Elev 325 These SIDs require a minimum climb gradient of YESILKOY Approach/ Radar (DEP) 5.0% V/V (fpm) 380 506 760 1013 1266 1519 Gnd speed-KT 75 100 150 200 250 300
1239,True,LTFM,,False,30-3W5,False,GAPDI 1G,SID,SID,SID,55,REVIEW,True,only_old_index_supports_category,prior_index_only,True,False,True,False,False,612.0,792.0,4936,COMMS LOST COMMS LOST COMMS LOST COMMS LOST LOST COMMS LOST COMMS LOST COMMS LOST COMMS LOST LOST COMMS LOST COMMS LOST COMMS LOST
1244,True,LTFM,,False,30-9,True,Airport Diagram Chart (ADC),AIRPORT,AIRPORT,AIRPORT,55,REVIEW,True,only_old_index_supports_category,prior_index_only,True,False,True,False,False,612.0,792.0,144490,"0 6 ^ E t Runway Guard Lights available for all TWYs associated to RWYs. 28 20 m TWYs E2, E4/EAST, F2, G1A, G1B,G1C, G1D, G1E, G1/WEST, N6, T1, T4, T8, T12, TA, TB,TE, TF are for Code C (max wingspan 118'/36m) ACFT only. 41-15 41-16 41-17 28-47 28-47 28-48 28-48 28-49 28-49 | JEPPESEN, 2018, 2026. ALL RIGHTS RESERVED. 30-9"
1245,True,LTFM,,False,30-9A,True,ADDITIONAL RUNWAY INFORMATION,AIRPORT,AIRPORT,AIRPORT,55,REVIEW,True,only_old_index_supports_category,prior_index_only,True,False,True,False,False,612.0,792.0,70447,"30-9A JEPPESEN ISTANBUL | JEPPESEN, 2018, 2026. ALL RIGHTS RESERVED. ISTANBUL, TURKIYE TAKE-OFF R/V500m R300m m NA RL or CL DAY NIGHT DAY NIGHT DAY NIGHT R/V400m ow Visibility Take-off required RCLM or RL or CL Adequate Vis Ref bility Procedures required L &"
1246,True,LTFM,,False,30-9A1,False,HOT SPOTS,AIRPORT,AIRPORT,AIRPORT,55,REVIEW,True,only_old_index_supports_category,prior_index_only,True,False,True,False,False,612.0,792.0,165538,"| JEPPESEN, 2026. ALL RIGHTS RESERVED. erations on RWY 09, TWY G1 between intersections G1D and G2M f all aircraft and vehicles. ea - HILAL (N41 15.2 E028 45.6), HA (N41 15.2 E028 45.8) 28 45.8) stop bars are established to protect aircraft and ast generated by departures on RWY 09. Pilots and vehicle drivers shall not e positions without explicit "
1247,True,LTFM,,False,30-9B,False,PARKING/DOCKING CHART (PDC),AIRPORT,AIRPORT,AIRPORT,55,REVIEW,True,only_old_index_supports_category,prior_index_only,True,False,True,False,False,612.0,792.0,35524,JEPPESEN ARP 100-109 132-137R D12 D13 D14 D15 D16 D17 D20 D19 F13 F14 F16 F17 F18 F19 F12L F13R B13 B14 B15 B16 B17
1249,True,LTFM,,False,30-9D,False,INS COORDINATES,AIRPORT,AIRPORT,AIRPORT,55,REVIEW,True,only_old_index_supports_category,prior_index_only,True,False,True,False,False,612.0,792.0,31581,N41 16.0 E028 42.8 N41 16.0 E028 42.9 N41 16.0 E028 43.0 N41 16.0 E028 43.1 N41 16.0 E028 43.2 H20L thru H20R H21L thru H22L H22 thru H23 H23R thru H24R H25L thru H25R N41 16.3 E028 44.0 N41 16.3 E028 44.1 N41 16.3 E028 44.2 N41 16.3 E028 44.3 N41 16.3 E028 44.4 N41 16.3 E028 44.5 H30L thru H30R H31L thru H32L H32 thru H33 H33R H35L thru H35R H36L 
1250,True,LTFM,,False,30-9E,True,INS COORDINATES,AIRPORT,AIRPORT,AIRPORT,55,REVIEW,True,only_old_index_supports_category,prior_index_only,True,False,True,False,False,612.0,792.0,1502,"30-9E JEPPESEN K1L thru K1R K2L thru K3R K4L thru K5 K5R thru K6R K7L thru K8R K9L thru K9R K10, K11 K12, K13 K14, K15 K16 thru K18 K19 K20, K21 K25 thru K27 K50, K51 N41 16.1 E028 42.8 N41 16.1 E028 42.9 N41 16.1 E028 43.0 N41 16.1 E028 43.1 N41 16.1 E028 43.2 N41 16.1 E028 43.3 N41 16.2 E028 43.2 N41 16.3 E028 43.2"
1289,True,LTFM,,False,,False,ILS Z OR LOC Z RWY 16R,APP,APP,APP,55,REVIEW,True,only_old_index_supports_category,prior_index_only,True,False,True,False,False,612.0,792.0,105504,DA(H) 490'(271') 173^ 4.1 3.6 0.8 Rwy 219' TCH 55' 3000' 230 KT 900' FM165 D0.0 UHL D1.0 IUCB 20 140 160 37 743 849 PAPI PAPI REIL ALSF-II MAX 173^
1290,True,LTFM,,False,,False,ILS Z OR LOC Z RWY 16R,APP,APP,APP,55,REVIEW,True,only_old_index_supports_category,prior_index_only,True,False,True,False,False,612.0,792.0,101698,(111') DA(H)RA 133' 330' CAT II ILS RA 185' 370' (151') DA(H) R450m R300m 1 173^ 4.1 3.6 0.8 Rwy 219' TCH 55' 3000' 230 KT 900' FM165 D0.0 UHL D1.0IUCB 20 140 160
1291,True,LTFM,,False,31-2,False,ILS Y RWY 16R,APP,APP,APP,55,REVIEW,True,only_old_index_supports_category,prior_index_only,True,False,True,False,False,612.0,792.0,124320,RT R-244 110.0 UHL 173^ 4.1 3.6 0.8 Rwy 219' TCH 55' 3000' 230 KT 900' D0.0 UHL D1.0 IUCB 20 140 160 37 743 849 PAPI PAPI REIL ALSF-II
1292,True,LTFM,,False,31-2A,False,CAT II/III ILS Y RWY 16R,APP,APP,APP,55,REVIEW,True,only_old_index_supports_category,prior_index_only,True,False,True,False,False,612.0,792.0,119700,RT R-244 110.0 UHL 173^ 4.1 3.6 0.8 Rwy 219' TCH 55' 3000' 230 KT 900' D0.0 UHL D1.0IUCB 20 140 160 37 743 849 PAPI PAPI REIL ALSF-II
1293,True,LTFM,,False,,False,ILS X OR LOC X RWY 16R,APP,APP,APP,55,REVIEW,True,only_old_index_supports_category,prior_index_only,True,False,True,False,False,612.0,792.0,106196,173^ 4.1 3.6 0.8 Rwy 219' TCH 55' 3000' 230 KT D0.0 UHL D1.0IUCB 20 140 160 37 743 849 PAPI PAPI REIL ALSF-II MAX DA(H) Refer to Minimums
1294,True,LTFM,,False,,False,ILS X OR LOC X RWY 16R,APP,APP,APP,55,REVIEW,True,only_old_index_supports_category,prior_index_only,True,False,True,False,False,612.0,792.0,99300,173^ 4.1 3.6 0.8 Rwy 219' TCH 55' 3000' 230 KT D0.0 UHL D1.0IUCB 20 140 160 37 743 849 PAPI PAPI REIL ALSF-II MAX Apt Elev Rwy 325'
1295,True,LTFM,,False,31-3,False,VOR Z RWY 16R,APP,APP,APP,55,REVIEW,True,only_old_index_supports_category,prior_index_only,True,False,True,False,False,612.0,792.0,80472,720'(501') D0.6 UHL DA/MDA(H) 720'(501') UHL 110.0 R-244 CDFA (H) 3.00^ 1500m R2400m UHL VOR LOC: [ML16R] VOR: [MD16R] 0 0.8 epends on operator policy. RT 3000' to FM165 180 205 3.5
1297,True,LTFM,,False,31-4A,False,CAT II/III ILS Z RWY 17L,APP,APP,APP,55,REVIEW,True,only_old_index_supports_category,prior_index_only,True,False,True,False,False,612.0,792.0,116093,CAT II ILS DA(H) (101') 303' RA 109' STRAIGHT-IN LANDING R300m 1 Apt Elev 325' Rwy 202' 173^ 4.3 3.1 0.5 Rwy 202' TCH 55' IUCF 230 KT JEPPESEN 3.7 20 140 160 37
1302,True,LTFM,,False,31-6,False,VOR Z RWY 17L,APP,APP,APP,55,REVIEW,True,only_old_index_supports_category,prior_index_only,True,False,True,False,False,612.0,792.0,98757,1850' 3000' PAPI PAPI 4000' ALSF-II REIL 230 KT MAX on UHM 108.25 R-173 NASVU Apt Elev 325' Rwy 202' MDA(H) CIRCLE-TO-LAND Max 180 205 V2400m V3600m 1400'(1075')
1303,True,LTFM,,False,,False,ILS Z OR LOC Z RWY 18,APP,APP,APP,55,REVIEW,True,only_old_index_supports_category,prior_index_only,True,False,True,False,False,612.0,792.0,107996,East Final 130.3 124.850 124.425 124.850 124.925 Ground 4N Ground 4S 075 133.225 118.950 725 Apt Elev 325' AVTEQ 4000'(3779') Rwy 221' 270^ 090^ 3500 3000 MSA ARP 421'(200') DA(H) CIRCLE-TO-LAND
1304,True,LTFM,,False,,False,ILS Z OR LOC Z RWY 18,APP,APP,APP,55,REVIEW,True,only_old_index_supports_category,prior_index_only,True,False,True,False,False,612.0,792.0,128745,"PAPI REIL HIALS-II 120 140 160 637 743 849 | JEPPESEN, 2020, 2026. ALL RIGHTS RESERVED. CAT II ILS RA 127' 336'(115') DA(H) STRAIGHT-IN LANDING R300m RA 104' 321'(100') DA(H) R300m 1 1 JEPPESEN Apt Elev 325'"
1305,True,LTFM,,False,31-7B,False,ILS Y RWY 18,APP,APP,APP,55,REVIEW,True,only_old_index_supports_category,prior_index_only,True,False,True,False,False,612.0,792.0,116574,East Final 130.3 124.850 124.425 124.850 124.925 Ground 4N Ground 4S 075 133.225 118.950 725 Apt Elev 325' AVTEQ 4000'(3779') Rwy 221' 270^ 090^ 3500 3000 MSA ARP 421'(200') DA(H) CIRCLE-TO-LAND
1306,True,LTFM,,False,31-7C,False,CAT II/III ILS Y RWY 18,APP,APP,APP,55,REVIEW,True,only_old_index_supports_category,prior_index_only,True,False,True,False,False,612.0,792.0,124698,East Final 130.3 124.850 124.425 124.850 124.925 Ground 4N Ground 4S 075 133.225 118.950 725 Apt Elev 325' AVTEQ 4000'(3779') Rwy 221' 270^ 090^ 3500 3000 MSA ARP Rwy 221' AVTEQ ISSIZ
1307,True,LTFM,,False,,False,ILS X OR LOC X RWY 18,APP,APP,APP,55,REVIEW,True,only_old_index_supports_category,prior_index_only,True,False,True,False,False,612.0,792.0,114164,JEPPESEN 120 140 160 637 743 849 PAPI REIL HIALS-II 230 KT MAX CIRCLE-TO-LAND MDA(H) Max 100 135 180 205 421'(200') 1400' 1400' 1400' 1400'(1075')
1308,True,LTFM,,False,,False,ILS X OR LOC X RWY 18,APP,APP,APP,55,REVIEW,True,only_old_index_supports_category,prior_index_only,True,False,True,False,False,612.0,792.0,118990,120 140 160 637 743 849 PAPI REIL HIALS-II 230 KT MAX Apt Elev 325' AVTEQ 4000'(3779') Rwy 221' 270^ 090^ 3500 3000 MSA ARP ev: 8 hPa Trans level: By ATC Trans alt: 12000' MANDATORY
1309,True,LTFM,,False,,False,VOR Z RWY 18,APP,APP,APP,55,REVIEW,True,only_old_index_supports_category,prior_index_only,True,False,True,False,False,612.0,792.0,89458,JEPPESEN 120 140 160 637 743 849 Apt Elev 325' AVTEQ 4000'(3779') Rwy 221' 270^ 090^ 3500 3000 MSA ARP 720'(499') ev: 8 hPa Trans level: By ATC Trans alt: 12000' Rwy 221' AVTEQ ISSIZ EZGEC
1310,True,LTFM,,False,31-11,False,ILS Z RWY 34L,APP,APP,APP,55,REVIEW,True,only_old_index_supports_category,prior_index_only,True,False,True,False,False,612.0,792.0,99499,JEPPESEN Apt Elev 325' Rwy 325' (2675') 3000' DA(H) 525'(200') ELNUG 126.3 124.725 120.125 Ground 1 YESILKOY Approach/Radar 118.075 4.4 3.3 1970' ANQEQ 7.5 D16.0 IUCA ELNUG D8.5 IUCA 3000' A
1311,True,LTFM,,False,31-11A,False,CAT II/III ILS Z RWY 34L,APP,APP,APP,55,REVIEW,True,only_old_index_supports_category,prior_index_only,True,False,True,False,False,612.0,792.0,95140,JEPPESEN Apt Elev 325' Rwy 325' (2675') 3000' ELNUG 4.4 3.3 7.5 3000' 353^ 20 140 160 37 743 849 230 KT 353^ FM342 PAPI PAPI REIL ALSF-II LT
1312,True,LTFM,,False,31-12,False,ILS Y RWY 34L,APP,APP,APP,55,REVIEW,True,only_old_index_supports_category,prior_index_only,True,False,True,False,False,612.0,792.0,108350,JEPPESEN Apt Elev 325' Rwy 325' (2675') 3000' DA(H) 525'(200') ELNUG 4.4 3.3 1970' ANQEQ 7.5 D16.0 IUCA ELNUG D8.5 IUCA 3000' A 353^ D18.6 UHL D11.1 UHL D5.2 IUCA D7.8 UHL 20
1313,True,LTFM,,False,31-12A,False,CAT II/III ILS Y RWY 34L,APP,APP,APP,55,REVIEW,True,only_old_index_supports_category,prior_index_only,True,False,True,False,False,612.0,792.0,96214,CAT II ILS DA(H) (100') 425' RA 106' STRAIGHT-IN LANDING R300m 1 JEPPESEN Apt Elev 325' Rwy 325' (2675') 3000' ELNUG 4.4 3.3 7.5 3000' 353^ 20 140 160 37 743
1314,True,LTFM,,False,31-12B,False,ILS X RWY 34L,APP,APP,APP,55,REVIEW,True,only_old_index_supports_category,prior_index_only,True,False,True,False,False,612.0,792.0,100572,JEPPESEN Apt Elev 325' Rwy 325' (2675') 3000' DA(H) 525'(200') ELNUG 4.4 3.3 1970' ANQEQ 7.5 D16.0 IUCA ELNUG D8.5 IUCA 3000' A 353^ D18.6 UHL D11.1 UHL D5.2 IUCA D7.8 UHL 20
1315,True,LTFM,,False,31-12C,False,CAT II/III ILS X RWY 34L,APP,APP,APP,55,REVIEW,True,only_old_index_supports_category,prior_index_only,True,False,True,False,False,612.0,792.0,84912,CAT II ILS DA(H) (100') 425' RA 106' STRAIGHT-IN LANDING R300m 1 JEPPESEN Apt Elev 325' Rwy 325' (2675') 3000' ELNUG 4.4 3.3 7.5 3000' 353^ 20 140 160 37 743
1316,True,LTFM,,False,31-13,True,VOR Z RWY 34L,APP,APP,APP,55,REVIEW,True,only_old_index_supports_category,prior_index_only,True,False,True,False,False,612.0,792.0,82548,"JEPPESEN 3500 270^ 3000 090^ MSA ARP ISTANBUL, TURKIYE 31-13 3.0 3.3 ANQEQ ELNUG 3000' L D18.6 UHL D11.1 UHL D7.8 UHL 1970' 3 . 0 0 ^ 3000'"
1318,True,LTFM,,False,31-14A,True,CAT II/III ILS Z RWY 35R,APP,APP,APP,55,REVIEW,True,only_old_index_supports_category,prior_index_only,True,False,True,False,False,612.0,792.0,108340,"DA(H) 415'(105') CAT II ILS RA 97' R300m 1 | JEPPESEN, 2018, 2026. ALL RIGHTS RESERVED. JEPPESEN 31-14A ISTANBUL, TURKIYE v: 11 hPa Trans level: By ATC Apt Elev 325' Rwy 310' (4690') 5000' EPPUQ 270^ 090^ 3500 3000 MSA ARP to LADUX on course 353^ (MAX 230 KT), d. 4.4"
1320,True,LTFM,,False,,False,ILS Y OR LOC Y RWY 35R,APP,APP,APP,55,REVIEW,True,only_old_index_supports_category,prior_index_only,True,False,True,False,False,612.0,792.0,112484,"MAX 230 KT. | JEPPESEN, 2019, 2026. ALL RIGHTS RESERVED. JEPPESEN 31-15A ISTANBUL, TURKIYE v: 11 hPa Trans level: By ATC Apt Elev 325' Rwy 310' (4690') 5000' EPPUQ 270^ 090^ 3500 3000 MSA ARP 4.4 3.2 1960' EPPUQ 3.1 FRUGO 3"
1322,True,LTFM,,False,31-15C,True,CAT II/III ILS X RWY 35R,APP,APP,APP,55,REVIEW,True,only_old_index_supports_category,prior_index_only,True,False,True,False,False,612.0,792.0,108300,"JEPPESEN 31-15C ISTANBUL, TURKIYE v: 11 hPa Trans level: By ATC Apt Elev 325' Rwy 310' (4690') 5000' EPPUQ 270^ 090^ 3500 3000 MSA ARP 4.4 3.2 1960' EPPUQ 3.1 FRUGO 3 5 3"
1323,True,LTFM,,False,,False,VOR Z RWY 35R,APP,APP,APP,55,REVIEW,True,only_old_index_supports_category,prior_index_only,True,False,True,False,False,612.0,792.0,79710,"1960' 3000' MAX 230 KT. | JEPPESEN, 2020, 2026. ALL RIGHTS RESERVED. JEPPESEN 31-16 ISTANBUL, TURKIYE v: 11 hPa Trans level: By ATC (690') Apt Elev 325' Rwy 310' (4690') 5000' EPPUQ 270^ 090^ 3500 3000 MSA ARP MDA(H) CIRCLE-TO-LAND"
1324,True,LTFM,,False,,False,ILS Z OR LOC Z RWY 36,APP,APP,APP,55,REVIEW,True,only_old_index_supports_category,prior_index_only,True,False,True,False,False,612.0,792.0,109012,"| JEPPESEN, 2020, 2026. ALL RIGHTS RESERVED. JEPPESEN 31-17 ISTANBUL, TURKIYE v: 11 hPa Trans level: By ATC DA(H) (201') Apt Elev 325' Rwy 309' 510' ermitted until passing KESKN. tercept point ZOVCE. MDA(H) CIRCLE-TO-LAND Max 180 205 V2400m V3600m 1400'(1075') 1400'(1075')"
1325,True,LTFM,,False,31-17A,True,CAT II/III ILS Z RWY 36,APP,APP,APP,55,REVIEW,True,only_old_index_supports_category,prior_index_only,True,False,True,False,False,612.0,792.0,106268,"| JEPPESEN, 2020, 2026. ALL RIGHTS RESERVED. JEPPESEN 31-17A ISTANBUL, TURKIYE v: 11 hPa Trans level: By ATC Apt Elev 325' Rwy 309' 4.4 3.1 120 140 160 637 743 849 3.3 4000' MANDATORY 353^ 5.9 ZOVCE D17.5 IUCC D20.2 UHN"
1326,True,LTFM,,False,,False,ILS Y OR LOC Y RWY 36,APP,APP,APP,55,REVIEW,True,only_old_index_supports_category,prior_index_only,True,False,True,False,False,612.0,792.0,102516,"JEPPESEN 31-17B ISTANBUL, TURKIYE v: 11 hPa Trans level: By ATC DA(H) (201') Apt Elev 325' Rwy 309' 510' ermitted until passing KESKN. tercept point ZOVCE. MDA(H) CIRCLE-TO-LAND Max 180 205 V2400m V3600m 1400'(1075') 1400'(1075') 4.4"
1327,True,LTFM,,False,,False,ILS Y OR LOC Y RWY 36,APP,APP,APP,55,REVIEW,True,only_old_index_supports_category,prior_index_only,True,False,True,False,False,612.0,792.0,97565,"JEPPESEN 31-17C ISTANBUL, TURKIYE v: 11 hPa Trans level: By ATC Apt Elev 325' Rwy 309' ermitted until passing KESKN. tercept point ZOVCE. 4.4 3.1 120 140 160 637 743 849 3.3 4000' MANDATORY 353^ 5.9 ZOVCE D17.5 IUCC"
1328,True,LTFM,,False,,False,ILS X OR LOC X RWY 36,APP,APP,APP,55,REVIEW,True,only_old_index_supports_category,prior_index_only,True,False,True,False,False,612.0,792.0,91568,"JEPPESEN ISTANBUL, TURKIYE v: 11 hPa Trans level: By ATC DA(H) (201') Apt Elev 325' Rwy 309' ILS 510' ermitted until passing KESKN. tercept point ZOVCE. MDA(H) CIRCLE-TO-LAND Max 180 205 V2400m V3600m 1400'(1075') 1400'(1075') 4.4 3.1"
1329,True,LTFM,,False,,False,ILS X OR LOC X RWY 36,APP,APP,APP,55,REVIEW,True,only_old_index_supports_category,prior_index_only,True,False,True,False,False,612.0,792.0,78571,"JEPPESEN 31-18A ISTANBUL, TURKIYE v: 11 hPa Trans level: By ATC Apt Elev 325' Rwy 309' ermitted until passing KESKN. tercept point ZOVCE. 4.4 3.1 120 140 160 637 743 849 3.3 4000' MANDATORY 353^ 5.9"
1330,True,LTFM,,False,31-19,True,VOR Z RWY 36,APP,APP,APP,55,REVIEW,True,only_old_index_supports_category,prior_index_only,True,False,True,False,False,612.0,792.0,93734,"| JEPPESEN, 2020, 2026. ALL RIGHTS RESERVED. JEPPESEN 31-19 ISTANBUL, TURKIYE v: 11 hPa Trans level: By ATC Apt Elev 325' Rwy 309' MDA(H) CIRCLE-TO-LAND Max 180 205 V2400m V3600m 1400'(1075') 1400'(1075') 3.0 3.1 100 135 V1500m"
1331,True,LTFM,,False,32-1,False,RNP Z RWY 16R,APP,APP,APP,55,REVIEW,True,only_old_index_supports_category,prior_index_only,True,False,True,False,False,612.0,792.0,87699,3.00^ Apt Elev 325' NEDBA 3000'(2781') (501') 720' Rwy 219' 270^ 090^ 3500 3000 MSA ARP ev: 8 hPa S out MDA(H) CIRCLE-TO-LAND Max 100 135 180 205 V1500m V1600m V2400m
1332,True,LTFM,,False,,False,RNP RWY 17L,APP,APP,APP,55,REVIEW,True,only_old_index_supports_category,prior_index_only,True,False,True,False,False,612.0,792.0,90639,Apt Elev 325' USROF 5000'(4798') (518') 720' Rwy 202' 270^ 090^ 3500 3000 MSA ARP ev: 7 hPa PAPI PAPI .00^ Rwy 202' MA17L ATBES LADUX ALSF-II REIL 230 KT 5000' NASVU 173^
1333,True,LTFM,,False,,False,RNP RWY 18,APP,APP,APP,55,REVIEW,True,only_old_index_supports_category,prior_index_only,True,False,True,False,False,612.0,792.0,91172,AVTEQ 4000'(3779') (499') DA(H) 720' LNAV/VNAV MANDATORY ATORY Rwy 221' AVTEQ ISSIZ MA18 EZGEC 3.00^ 230 KT MAX 173^ FM~38 PAPI REIL HIALS-II 1 5:09 4:25 3:52 on At 180 KT At 160 KT
1334,True,LTFM,,False,32-4,False,RNP Z RWY 34L,APP,APP,APP,55,REVIEW,True,only_old_index_supports_category,prior_index_only,True,False,True,False,False,612.0,792.0,93711,MANDATORY 353^ 3 . 0 0 ^ Apt Elev 325' ELNUG 3000'(2675') (575') Rwy 325' MANDATORY PAPI PAPI ELNUG ANQEQ DA(H) LNAV/VNAV 210 KT 1200' FM342 353^ REIL ALSF-II
1335,True,LTFM,,False,32-5,False,RNP Z RWY 35R,APP,APP,APP,55,REVIEW,True,only_old_index_supports_category,prior_index_only,True,False,True,False,False,612.0,792.0,91457,MANDATORY 353^ 3 . 0 0 ^ MANDATORY PAPI PAPI OLGAV NASVU EWREQ FRUGO REIL ALSF-II Apt Elev 325' EPPUQ 5000'(4690') (490') Rwy 310' DA(H) 800' LNAV/VNAV
1350,True,UDYZ,UDYZ,False,,False,RNP RWY 26,APP,APP,APP,55,REVIEW,True,only_old_index_supports_category,prior_index_only,True,False,True,False,False,612.0,792.0,10370,"UD(R)-1 UD(R)-3 UD(R)-2 YZ515 BASRU YZ5~5 9.9 NM to RW26 6.2 NM 263^ YEREVAN, ARMENIA ZVARTNOTS UDYZ/EVN 12-2 Trans level: By ATC Alt Set: hPa Rwy Elev: 100 hPa MISSED APCH: BRIEFING STRIP TM ATIS 119.5 126.0 128.0 119.0"
1351,True,UDYZ,UDYZ,False,,False,RNP RWY 26,APP,APP,APP,55,REVIEW,True,only_old_index_supports_category,prior_index_only,True,False,True,False,False,612.0,792.0,8988,"UD(R)-3 UD(R)-1 UD(R)-2 AGUGO YZ5~5 263^ YEREVAN, ARMENIA ZVARTNOTS UDYZ/EVN 12-3 Trans level: By ATC Alt Set: hPa Rwy Elev: 100 hPa MISSED APCH: BRIEFING STRIP TM ATIS 119.5 126.0 128.0 119.0 YEREVAN Tower Ground 5200'(2362') YEREVAN Approach"
1356,True,UDYZ,,False,19-10,False,AIRPORT QUALIFICATION,AIRPORT,APP,APP,84,CONFLICT,True,index_vs_pdf_category,Jeppesen_approach_number_series,True,False,True,False,False,612.0,792.0,4872,JEPPESEN .Eff.8.Aug. 2 AUG 24 Rwy 26 2838' CAT A & B: 128^ 083^ 083^ 083^ 112.3 ZVR DZ V R ZVARTNOTS 4.1 CAT C & D: 3.6 3169' 3045' 3007' 3342' 3324' 3695' 3810' 3599' 3342'
1357,True,UGTB,UGTB,False,,False,AIRPORT INFORMATION,AIRPORT,AIRPORT,AIRPORT,55,REVIEW,True,only_old_index_supports_category,prior_index_only,True,False,True,False,False,612.0,792.0,2123,"General Information Location: TBILISI GEO ICAO/IATA: UGTB / TBS Lat/Long: N41° 40.1', E044° 57.3' Elevation: 1578 ft Airport Use: Public Daylight Savings: Not Observed UTC Conversion: -4:00 = UTC Magnetic Variation: 7.0° E Fuel Types: Jet A-1 Repair Types: Minor Airframe, Minor Engine, Major Airframe, Major Engine Tbilisi Approach: 127.200 Tbilisi "
1395,True,OMDB,OMDB,False,,False,AIRPORT INFORMATION,AIRPORT,AIRPORT,AIRPORT,55,REVIEW,True,only_old_index_supports_category,prior_index_only,True,False,True,False,False,612.0,792.0,3070,"General Information Location: DUBAI ARE ICAO/IATA: OMDB / DXB Lat/Long: N25° 15.2', E055° 21.9' Elevation: 62 ft Airport Use: Public Daylight Savings: Not Observed UTC Conversion: -4:00 = UTC Magnetic Variation: 2.0° E Fuel Types: 100 Octane (LL), Jet A-1 Repair Types: Minor Airframe, Minor Engine Lighting: Edge, ALS, Centerline, REIL, TDZ Displace"
1396,True,OMDB,OMDB,False,,False,AIRPORT INFORMATION,AIRPORT,AIRPORT,AIRPORT,55,REVIEW,True,only_old_index_supports_category,prior_index_only,True,False,True,False,False,612.0,792.0,3132,"General Information Location: DUBAI ARE ICAO/IATA: OMDB / DXB Lat/Long: N25° 15.2', E055° 21.9' Elevation: 62 ft Airport Use: Public Daylight Savings: Not Observed UTC Conversion: -4:00 = UTC Magnetic Variation: 2.0° E Fuel Types: 100 Octane (LL), Jet A-1 Repair Types: Minor Airframe, Minor Engine Lighting: Edge, ALS, Centerline, REIL, TDZ Displace"
1411,True,OMDB,OMAN,True,10-2B,False,"DATOB 4C, DATOB 4D, IMPED 3C, LORID 4C, LORID 4D, PUVAL 5C, PUVAL 3D, VUTEB 4C, VUTEB 4D",STAR,STAR,STAR,96,REVIEW,True,header_icao_differs_from_index,Jeppesen_10-2_series,True,False,True,False,False,612.0,792.0,104980,OMAN UNITED ARAB EMIRATES 270^ 11000 12000 11000 10000 8000 ^ DEV 4.0 4.0 DB5~7 4.0 DB5~6 2 0 9 ^ 4 . 2 DB5~5
1419,True,OMDB,OMSJ,True,10-3G,False,"NABIX 3G, RIDAP 3G, SENPA 3G",SID,SID,SID,98,REVIEW,True,header_icao_differs_from_index,printed_SID_header,True,False,True,False,False,612.0,792.0,34908,SHARJAH OMSJ -Intl 2400 1 8 0 ^ 3000 270^ 356^ 5000 JEPPESEN ..RNAV.SID. SENPA 3G [SENP3G] DUBAI Departures (R) RNAV DEPARTURES (RWYS 12L/R) RIDAP 3G [RIDA3G] NABIX 3G [NABI3G] 62 Apt Elev South 121.025
1422,False,,OMDB,False,,False,,,AIRPORT,AIRPORT,88,REVIEW,True,unindexed_chart_candidate,airport_header,True,False,True,False,False,612.0,792.0,5048,"OMDB/DXB 10-8 DUBAI, UAE DUBAI INTL 3 JUL 26 The purpose of this chart is to inform operators of temporary taxiway closures at OMDB - DUBAI INTERNATIONAL Airport to facilitate airfield improvement works. The works are planned in various phases as indicated below. This chart does not intend to supersede any permanent/existing aerodrome related infor"
1423,False,,OMDB,False,,False,,,,,0,REVIEW,True,unindexed_page_needs_inspection,unclassified,True,False,True,False,False,612.0,792.0,6290,"OMDB/DXB DUBAI, UAE DUBAI INTL 10-8A 3 JUL 26 AREA C13 PHASE 1A AREA C13 PHASE 1B AREA C14 PHASE 1B AREA C15 PHASE 1A JEPPESEN a. Section of Twy K between Twy K2 and Twy K4 closed. b. Twy K3 closed. c. Twy Z8 and Twy Z9 closed. d. Twy Z11 west link onto Twy K closed. a. Section of Twy K between Twy Z9 and Twy K5 closed. b. Twy K3 and Twy K4 closed."
1447,True,OMDB,OMDB,False,,False,RNP RWY 30L,APP,APP,APP,55,REVIEW,True,only_old_index_supports_category,prior_index_only,True,False,True,False,False,612.0,792.0,7480,"SHARJAH Sharjah Intl OMSJ OM(P)-46 OM(R)-72 BRIEFING STRIP TM DUBAI, UAE DUBAI INTL 5 10 OMDB/DXB 1 Ground 118.350 119.550 South DUBAI Tower North 118.750 RNAV Final Apch Crs 299^"
1449,True,OMDB,,False,19-10,False,AIRPORT QUALIFICATION,AIRPORT,APP,APP,84,CONFLICT,True,index_vs_pdf_category,Jeppesen_approach_number_series,True,False,True,False,False,612.0,792.0,30904,GND OM(P)-45 1500 GND OM(P)-44 1500 GND OM(P)-46 1500 GND OM(D)-3 2000 GND 1500 GND OM(D)-26 GND 2000 GND 13000 GND OM(P)-101 2000 OM(R)-81
1450,True,OMDB,OMDB,False,19-11,False,AIRPORT QUALIFICATION,AIRPORT,APP,APP,84,CONFLICT,True,index_vs_pdf_category,Jeppesen_approach_number_series,True,False,True,False,False,612.0,792.0,7603,OM(R)-62 1500 GND JEPPESEN OMDB/DXB DUBAI INTL .VFR. DUBAI INTL 62 25-13 25-13 25-14 25-14 25-15 25-15 25-16 25-16 55-14 55-15 55-16 55-17 55-18 55-19
1451,True,OMDW,OMDW,False,,False,AIRPORT INFORMATION,AIRPORT,AIRPORT,AIRPORT,55,REVIEW,True,only_old_index_supports_category,prior_index_only,True,False,True,False,False,612.0,792.0,2546,"General Information Location: DUBAI ARE ICAO/IATA: OMDW / DWC Lat/Long: N24° 55.1', E055° 10.5' Elevation: 171 ft Airport Use: Public Daylight Savings: Not Observed UTC Conversion: -4:00 = UTC Magnetic Variation: 2.0° E Fuel Types: Jet A-1 Customs: Yes Length x Width: 6030 ft x 98 ft Surface Type: asphalt TDZ-Elev: 155 ft Lighting: Edge, ALS Displa"
1452,True,OMDW,OMDW,False,,False,AIRPORT INFORMATION,AIRPORT,AIRPORT,AIRPORT,55,REVIEW,True,only_old_index_supports_category,prior_index_only,True,False,True,False,False,612.0,792.0,2450,"General Information Location: DUBAI ARE ICAO/IATA: OMDW / DWC Lat/Long: N24° 55.1', E055° 10.5' Elevation: 171 ft Airport Use: Public Daylight Savings: Not Observed UTC Conversion: -4:00 = UTC Magnetic Variation: 2.0° E Fuel Types: Jet A-1 Customs: Yes Length x Width: 6030 ft x 98 ft Surface Type: asphalt TDZ-Elev: 155 ft Lighting: Edge, ALS Displa"
1460,True,OMDB,OMDW,True,20-2,True,"DATOB 5Y, GONVI 5Y, PUVAL 6Y",STAR,STAR,STAR,98,REVIEW,True,header_icao_differs_from_index,printed_STAR_header,True,False,True,False,False,612.0,792.0,27377,".RNAV.STAR. 20-2 JEPPESEN OMDW/DWC Apt Elev 171 50 Alt Set: hPa Trans level: FL150 GONVI 5Y [GONV5Y] DATOB 5Y [DATO5Y] PUVAL 6Y [PUVA6Y] 1. On first contact with DUBAI Arrivals state passing level and ACFT type, including series. 2. Advise DUBAI Arrivals when full RWY length is required. 3. CAUTION: Independent high intensity circuit training traff"
1461,True,OMDB,OMDW,True,20-2A,True,"DATOB 5Z, GONVI 5Z, PUVAL 6Z",STAR,STAR,STAR,98,REVIEW,True,header_icao_differs_from_index,printed_STAR_header,True,False,True,False,False,612.0,792.0,6311,"FL160 FL160 .RNAV.STAR. 20-2A JEPPESEN OMDW/DWC Alt Set: hPa Trans level: FL150 50 PUVAL GONVI LOVEM DATOB 5Z PUVAL 6Z 11.4 107^ 211^ ALRAR 5.1 18.3 GONVI 5Z 107^ 138^ DATOB 5Z [DATO5Z], GONVI 5Z [GONV5Z], PUVAL 6Z [PUVA6Z] Apt Elev"
1466,True,OMDB,OMDW,True,20-3,True,DAVMO 5J,SID,SID,SID,98,REVIEW,True,header_icao_differs_from_index,printed_SID_header,True,False,True,False,False,612.0,792.0,5243,DAVMO .RNAV.SID. JEPPESEN OMDW/DWC Apt Elev 171 50 OBROG 041^ 15.6 Trans alt: 13000 20-3 DUBAI Departures (R) North South 121.025 RNAV 1 (GNSS) required (RWY 12) DAVMO 5J RNAV DEPARTURE [DAVM5J] 124.675 1. CAUTION: Independent high intensity circuit training traffic SOUTH of the airfield. 2. On all turns 25^ bank angle or rate of 3^ per second requ
1467,True,OMDB,OMDW,True,20-3A,True,DAVMO 4L,SID,SID,SID,98,REVIEW,True,header_icao_differs_from_index,printed_SID_header,True,False,True,False,False,612.0,792.0,4307,DAVMO .RNAV.SID. JEPPESEN OMDW/DWC 50 15.6 20-3A Apt Elev 171 Trans alt: 13000 DUBAI Departures (R) North South 121.025 RNAV 1 (GNSS) required (RWY 30) DAVMO 4L RNAV DEPARTURE [DAVM4L] 124.675 1. CAUTION: Independent high intensity circuit training traffic SOUTH of the airfield. 2. On all turns 25^ bank angle or rate of 3^ per second required. 3. D
1469,True,OMDW,,False,20-3C,False,"ANVIX 4L, EMERU 1L, NOLSU 3L",SID,AIRPORT,AIRPORT,96,CONFLICT,True,index_vs_pdf_category,Jeppesen_10_20_airport_series,True,False,True,False,False,612.0,792.0,22346,O M A N U .A .E . 12000 FL150 000 NOLSU 3L [NOLS3L] W475 NOLSU PMO LOPUV ANVIX N O LS U 3 L ANVIX 4L
1470,True,OMDB,OMSJ,True,20-3D,True,"KUTLI 4J, MIROT 4J, NABIX 4J, RIDAP 4J, SENPA 4J",SID,SID,SID,98,REVIEW,True,header_icao_differs_from_index,printed_SID_header,True,False,True,False,False,612.0,792.0,53111,"HARJAH OMSJ -Intl 270^ 6000 0 56 DW459 .RNAV.SID. 20-3D 3000, Apt Elev 171 Trans alt: 13000 DUBAI Departures (R) North South 121.025 RNAV 1 (GNSS) required KUTLI 4J [KUTL4J] MIROT 4J [MIRO4J] NABIX 4J [NABI4J] RIDAP 4J [RIDA4J] SENPA 4J [SENP4J]"
1484,True,OMDW,OMDW,False,,False,CAT II/III ILS RWY 12,APP,APP,APP,55,REVIEW,True,only_old_index_supports_category,prior_index_only,True,True,True,False,False,612.0,792.0,6411,"OM(R)-75 OM(R) -94 OM(R)-95 OM(R) -83 LOC IJEA 111.75 Final Apch Crs 119^ Refer to Minimums MISSED APCH: BRIEFING STRIP TM Alt Set: hPa Rwy Elev: 4 hPa Trans level: FL150 Trans alt: 13000' 10 OMDW/DWC DUBAI, UAE"
1486,True,OMDW,OMDW,False,,False,CAT II/III ILS RWY 30,APP,APP,APP,55,REVIEW,True,only_old_index_supports_category,prior_index_only,True,True,True,False,False,612.0,792.0,5929,OMDM OM(R)-75 OM(R) -94 OM(P)-111 LADMO 119^ 299^ LOC IJWA 109.75 Final Apch Crs 299^ MISSED APCH: BRIEFING STRIP TM OMDW/DWC Alt Set: hPa Rwy Elev: 6 hPa Trans level: FL150 Trans alt: 13000' Refer to Minimums
1487,True,OMDW,,False,,False,RNP RWY 12,APP,APP,APP,55,REVIEW,True,only_old_index_supports_category,prior_index_only,True,True,True,False,False,612.0,792.0,7694,"OM(R)-75 OM(R)-95 OM(R) -94 OM(R)-83 OM(P)-111 BRIEFING STRIP TM DUBAI, UAE 22-1 RNAV Final Apch Crs 119^ 2000' Apt Elev 171' Rwy 115' MISSED APCH: DW66~ Alt Set: hPa Trans alt: 13000' 10"
1488,True,OMDW,OMDW,False,,False,RNP RWY 30,APP,APP,APP,55,REVIEW,True,only_old_index_supports_category,prior_index_only,True,True,True,False,False,612.0,792.0,7238,"OM(R)-75 OM(P)-111 BRIEFING STRIP TM DUBAI, UAE 22-2 RNAV Final Apch Crs 299^ 2000' Apt Elev 171' Rwy 171' MISSED APCH: DW76~ Alt Set: hPa Trans alt: 13000' 10 (1829') JEPPESEN Rwy Elev: 6 hPa OMDW/DWC LADMO"
1489,False,,OTHH,False,,False,,,,,0,REVIEW,True,unindexed_page_needs_inspection,unclassified,True,False,True,False,False,612.0,792.0,2893,"General Information Location: DOHA QAT ICAO/IATA: OTHH / DOH Lat/Long: N25° 16.5', E051° 36.5' Elevation: 13 ft Airport Use: Public Daylight Savings: Not Observed UTC Conversion: -3:00 = UTC Magnetic Variation: 3.0° E Fuel Types: Jet A-1 Repair Types: Minor Airframe, Minor Engine Length x Width: 15912 ft x 197 ft Surface Type: asphalt TDZ-Elev: 13 "
1490,False,,OTHH,False,,False,,,,,0,REVIEW,True,unindexed_page_needs_inspection,unclassified,True,False,True,False,False,612.0,792.0,3051,"General Information Location: DOHA QAT ICAO/IATA: OTHH / DOH Lat/Long: N25° 16.5', E051° 36.5' Elevation: 13 ft Airport Use: Public Daylight Savings: Not Observed UTC Conversion: -3:00 = UTC Magnetic Variation: 3.0° E Fuel Types: Jet A-1 Repair Types: Minor Airframe, Minor Engine Length x Width: 15912 ft x 197 ft Surface Type: asphalt TDZ-Elev: 13 "
1491,False,,,False,,False,,,,,0,REVIEW,True,unindexed_page_needs_inspection,unclassified,True,False,True,False,False,612.0,792.0,4950,JEPPESEN 1. GENERAL HAMAD INTL ATIS 1.1. D-ATIS Arrival D-ATIS Departure 126.825 126.850 LOW VISIBILITY PROCEDURES (LVP) 1.2. 25 SEP 26 .Eff.1.Oct. LVP are established at Hamad International Airport to ensure the safe conduct of aircraft operations during periods of reduced visibility and/or low cloud base and to protect ILS operations. 1.2.1 LVP -
1492,False,,,False,,False,,,,,0,REVIEW,True,unindexed_page_needs_inspection,unclassified,True,False,True,False,False,612.0,792.0,5130,"JEPPESEN 1. GENERAL HAMAD INTL 1.4.1.4. NORMAL OPERATING ZONE (NOZ) Airspace of defined dimensions extending to either side of an ILS LOC course final approach track. Only the inner half of the normal operating zone is taken into account in IPA. NO TRANSGRESSION ZONE (NTZ) 1.4.1.5. In the context of IPA, a corridor of airspace of defined dimensions"
1493,False,,,False,,False,,,AIRPORT,AIRPORT,88,REVIEW,True,unindexed_chart_candidate,airport_header,True,False,True,False,False,612.0,792.0,5634,"JEPPESEN 1. GENERAL HAMAD INTL USE OF AUXILIARY POWER UNIT (APU) 1.6.1. For environmental purposes, for ACFT parked at stands supplied with Ground Power Unit (GPU) and/or preconditioned air, the use of APU shall be avoided/not exceed 10 minutes in total between on-block time and departure of the ACFT from the stand. For stands not equipped with ser"
1494,False,,,False,,False,,,,,0,REVIEW,True,unindexed_page_needs_inspection,unclassified,True,False,True,False,False,612.0,792.0,4941,"JEPPESEN 1. GENERAL HAMAD INTL - Wake turbulence separation minima shall be applied; LANDING FOLLOWING LANDING 1.7.1. - In order to ensure that the preceding ACFT vacates the RWY in a timely man- ner, the pilot shall be advised of the exit at which to plan to vacate. - Minimum separation continues to exist between two departing ACFT immedi- ately a"
1495,False,,,False,,False,,,,,0,REVIEW,True,unindexed_page_needs_inspection,unclassified,True,False,True,False,False,612.0,792.0,4660,"JEPPESEN 1. GENERAL HAMAD INTL DEPARTURE FOLLOWING DEPARTURE 1.7.3. Take-off clearance may be issued to a departing ACFT, commencing its take-off roll from full length, before the preceding departure has passed the upwind end of the RWY, provided that ATC has reasonable assurance that: RWY 16L The preceding ACFT will be airborne and passed a point "
1496,False,,,False,,False,,,AIRPORT,AIRPORT,88,REVIEW,True,unindexed_chart_candidate,airport_header,True,False,True,False,False,612.0,792.0,4894,JEPPESEN 1. GENERAL HAMAD INTL OTHER INFORMATION 1.8. Birds in vicinity of APT. 2. ARRIVAL SPEED RESTRICTIONS 2.1. All ACFT entering Doha TMA are required to adjust IAS as per the following speeds unless otherwise instructed by ATC: 25 SEP 26 .Eff.1.Oct. Possible Maritime Vessels of variable beam heights up to 203' AMSL are expected in waters close
1497,False,,,False,,False,,,,,0,REVIEW,True,unindexed_page_needs_inspection,unclassified,True,False,True,False,False,612.0,792.0,4803,"JEPPESEN 2. ARRIVAL HAMAD INTL Rapid Exit TWY Indicator Lights (RETILs) are provided on RWYs 16L/34R and 16R/34L to assist pilots in judging distances to rapid exit TWYs and enable them to apply braking action for a more efficient roll-out and RWY exit speed. RETILs are provided for rapid exit TWYs as follows: - RWY 16L - TWYs A8, A7 and A3. - RWY "
1498,False,,OTHH,False,,False,,,AIRPORT,AIRPORT,88,REVIEW,True,unindexed_chart_candidate,airport_header,True,False,True,False,False,612.0,792.0,5157,JEPPESEN HAMAD INTL 3. DEPARTURE CONTACT PROCEDURES 3.1. - ACFT call sign; - Type of ACFT; - Parking stand; - Requested flight level; - Destination. Flight crew should inform HAMAD Clearance Delivery (if requesting clearance via frequency) or Ground Control on first contact if the ACFT livery differs from the airline associated with the call sign. 
1499,False,,,False,,False,,,AIRPORT,AIRPORT,88,REVIEW,True,unindexed_chart_candidate,airport_header,True,False,True,False,False,612.0,792.0,4942,JEPPESEN HAMAD INTL 3. DEPARTURE TOBT is available through: - A-CDM platform; - Turnaround coordinator; TSAT information is available through: - A-CDM platform at 30 minutes before TOBT; - Turnaround coordinator; - Parking stands equipped with VDGS shall display TSAT. A-CDM START-UP PROCEDURES 3.2.3. Flight deck crew shall ensure ACFT is ready to p
1500,False,,,False,,False,,,,,0,REVIEW,True,unindexed_page_needs_inspection,unclassified,True,False,True,False,False,612.0,792.0,3553,"JEPPESEN HAMAD INTL 3. DEPARTURE RWY OPERATIONS 3.4. On receipt of line-up clearance pilots should ensure that they are able to taxi and line up on the RWY as soon as the preceding ACFT has commenced either its take- off roll or landing run. On receipt of take-off clearance, pilots should ensure that they are able to com- mence take-off without del"
1501,False,,OTHH,False,,False,,,,,0,REVIEW,True,unindexed_page_needs_inspection,unclassified,True,False,True,False,False,612.0,792.0,5207,"030^ 330^ D30 0^ OT(P)-43 .RADAR.MINIMUM.ALTITUDES. 20-1R JEPPESEN 50 45 DOHA, QATAR HAMAD INTL Apt Elev 121.1 OTHH/DOH 26 AUG 22 Alt Set: hPa Trans level: FL150 Trans alt: 13000 This chart may only be used for cross-checking of altitudes while under RADAR control. 13 North South 120.675X .Eff.8.Sep."
1502,False,,,False,,False,,,,,0,REVIEW,True,unindexed_page_needs_inspection,unclassified,True,False,True,False,False,612.0,792.0,69328,COMMS LOST COMMS LOST COMMS LOST COMMS LOST COMMS LOST COMMS LOST LOST C O M M S C O M M S LO ST
1503,False,,,False,,False,,,,,0,REVIEW,True,unindexed_page_needs_inspection,unclassified,True,False,True,False,False,612.0,792.0,81179,COMMS LOST COMMS LOST COMMS LOST COMMS LOST COMMS LOST COMMS LOST C O M M S LO ST LO ST COMMS LOST COMMS LOST
1504,False,,,False,,False,,,,,0,REVIEW,True,unindexed_page_needs_inspection,unclassified,True,False,True,False,False,612.0,792.0,12694,COMMS LOST COMMS LOST MMS COMMS LOST LOST COMMS LOST COMMS LOST COMMS LOST COMMS LOST FL210 HAYYA 178^ Apt Elev 13 126.825 Alt Set: hPa Trans level: FL150 RNP 1
1505,False,,,False,,False,,,,,0,REVIEW,True,unindexed_page_needs_inspection,unclassified,True,False,True,False,False,612.0,792.0,12336,LOST COMMS LOST COMMS LOST COMMS COMMS LOST COMMS LOST COMMS LOST LOST COMMS COMMS LOST LOST COMMS LOST COMMS LOST COMMS LOST COMMS
1506,False,,,False,,False,,,,,0,REVIEW,True,unindexed_page_needs_inspection,unclassified,True,False,True,False,False,612.0,792.0,38567,COMMS LOST COMMS LOST COMMS LOST COMMS LOST COMMS LOST COMMS LOST C O M M S LO ST LO ST COMMS LOST COMMS LOST
1507,False,,,False,,False,,,,,0,REVIEW,True,unindexed_page_needs_inspection,unclassified,True,False,True,False,False,612.0,792.0,91280,COMMS LOST COMMS LOST COMMS LOST COMMS LOST COMMS LOST COMMS LOST LOST C O M M S C O M M S LO ST
1508,False,,,False,,False,,,,,0,REVIEW,True,unindexed_page_needs_inspection,unclassified,True,False,True,False,False,612.0,792.0,74010,COMMS LOST COMMS LOST COMMS LOST COMMS LOST COMMS LOST COMMS LOST C O M M S LO ST LO ST COMMS LOST COMMS LOST
1509,False,,,False,,False,,,,,0,REVIEW,True,unindexed_page_needs_inspection,unclassified,True,False,True,False,False,612.0,792.0,12673,COMMS LOST COMMS LOST COMMS LOST COMMS LOST COMMS LOST COMMS LOST COMMS LOST LOST COMMS LOST COMMS LOST COMMS LOST COMMS LOST FL210
1510,False,,,False,,False,,,,,0,REVIEW,True,unindexed_page_needs_inspection,unclassified,True,False,True,False,False,612.0,792.0,84273,LOST C O M M S C O M M S LO ST LO ST MMS FL200 FL180 TOSNA TOVOX KUVLA DINEX T O S
1511,False,,,False,,False,,,,,0,REVIEW,True,unindexed_page_needs_inspection,unclassified,True,False,True,False,False,612.0,792.0,79021,FL200 FL180 TOSNA TOVOX KUVLA DINEX T O S N A 2 L TOVOX 2L 1 6 . 1 1 6 . 5 7.9 1
1512,False,,,False,,False,,,,,0,REVIEW,True,unindexed_page_needs_inspection,unclassified,True,False,True,False,False,612.0,792.0,59109,COMMS LOST COMMS LOST COMMS LOST COMMS LOST COMMS LOST COMMS LOST C O M M S LO ST LO ST COMMS LOST COMMS LOST
1513,True,OMDL,,False,20-2J,False,"LAEEB 1R, TOSNA 2R, TOVOX 2R",STAR,AIRPORT,AIRPORT,96,CONFLICT,True,index_vs_pdf_category,Jeppesen_10_20_airport_series,True,False,True,False,False,612.0,792.0,71825,COMMS COMMS LOST COMMS LOST COMMS LOST COMMS LOST COMMS LOST C O M M S LO ST LO ST COMMS LOST COMMS LOST COMMS
1514,False,,,False,,False,,,,,0,REVIEW,True,unindexed_page_needs_inspection,unclassified,True,False,True,False,False,612.0,792.0,30024,COMMS COMMS LOST COMMS LOST COMMS LOST COMMS LOST COMMS LOST C O M M S LO ST LO ST COMMS LOST COMMS LOST COMMS
1515,False,,,False,,False,,,,,0,REVIEW,True,unindexed_page_needs_inspection,unclassified,True,False,True,False,False,612.0,792.0,79448,COMMS LOST COMMS LOST COMMS LOST COMMS LOST COMMS LOST COMMS LOST C O M M S LO ST LO ST COMMS LOST COMMS LOST
1516,False,,,False,,False,,,,,0,REVIEW,True,unindexed_page_needs_inspection,unclassified,True,False,True,False,False,612.0,792.0,44485,COMMS LOST COMMS LOST COMMS LOST COMMS LOST COMMS LOST COMMS LOST C O M M S LO ST LO ST COMMS LOST COMMS LOST
1517,False,,,False,,False,,,,,0,REVIEW,True,unindexed_page_needs_inspection,unclassified,True,False,True,False,False,612.0,792.0,4906,COMMS LOST LOST COMMS LOST COMMS LOST COMMS LOST COMMS LOST COMMS LOST LOST COMMS LOST COMMS LOST COMMS LOST COMMS LOST COMMS LOST
1518,False,,,False,,False,,,,,0,REVIEW,True,unindexed_page_needs_inspection,unclassified,True,False,True,False,False,612.0,792.0,4723,COMMS LOST LOST COMMS LOST COMMS LOST COMMS LOST COMMS LOST COMMS LOST LOST COMMS LOST COMMS LOST COMMS LOST COMMS LOST COMMS LOST
1519,False,,,False,,False,,,,,0,REVIEW,True,unindexed_page_needs_inspection,unclassified,True,False,True,False,False,612.0,792.0,74104,COMMS LOST COMMS LOST COMMS LOST COMMS LOST COMMS LOST COMMS LOST C O M M S LO ST LO ST COMMS LOST COMMS LOST
1520,False,,,False,,False,,,,,0,REVIEW,True,unindexed_page_needs_inspection,unclassified,True,False,True,False,False,612.0,792.0,45288,COMMS LOST COMMS LOST COMMS LOST COMMS LOST COMMS LOST COMMS LOST C O M M S LO ST LO ST COMMS LOST COMMS LOST
1521,False,,,False,,False,,,,,0,REVIEW,True,unindexed_page_needs_inspection,unclassified,True,False,True,False,False,612.0,792.0,29193,COMMS LOST COMMS LOST COMMS LOST COMMS LOST COMMS LOST COMMS LOST C O M M S LO ST LO ST COMMS LOST COMMS LOST
1522,False,,,False,,False,,,,,0,REVIEW,True,unindexed_page_needs_inspection,unclassified,True,False,True,False,False,612.0,792.0,68290,COMMS LOST COMMS LOST COMMS LOST COMMS LOST COMMS LOST COMMS LOST C O M M S LO ST LO ST COMMS LOST COMMS LOST
1523,False,,,False,,False,,,,,0,REVIEW,True,unindexed_page_needs_inspection,unclassified,True,False,True,False,False,612.0,792.0,37186,COMMS LOST COMMS LOST COMMS LOST COMMS LOST COMMS LOST COMMS LOST C O M M S LO ST LO ST COMMS LOST COMMS LOST
1524,False,,,False,,False,,,,,0,REVIEW,True,unindexed_page_needs_inspection,unclassified,True,False,True,False,False,612.0,792.0,10491,COMMS LOST LOST COMMS LOST COMMS LOST COMMS LOST COMMS LOST COMMS LOST COMMS LOST COMMS LOST COMMS LOST COMMS LOST COMMS LOST COMMS
1525,True,OMDL,,False,20-3K,False,SID 20-3K,SID,AIRPORT,AIRPORT,96,CONFLICT,True,index_vs_pdf_category,Jeppesen_10_20_airport_series,True,False,True,False,False,612.0,792.0,48696,COMMS LOST COMMS LOST COMMS LOST COMMS LOST COMMS LOST COMMS LOST C O M M S LO ST LO ST COMMS LOST COMMS LOST
1526,True,OMDL,,False,20-3L,False,SID 20-3L,SID,AIRPORT,AIRPORT,96,CONFLICT,True,index_vs_pdf_category,Jeppesen_10_20_airport_series,True,False,True,False,False,612.0,792.0,48401,COMMS LOST COMMS LOST COMMS LOST COMMS LOST COMMS LOST COMMS LOST C O M M S LO ST LO ST COMMS LOST COMMS LOST
1527,False,,,False,,False,,,,,0,REVIEW,True,unindexed_page_needs_inspection,unclassified,True,False,True,False,False,612.0,792.0,45042,COMMS LOST COMMS LOST COMMS LOST COMMS LOST COMMS LOST COMMS LOST C O M M S LO ST LO ST COMMS LOST COMMS LOST
1528,False,,,False,,False,,,,,0,REVIEW,True,unindexed_page_needs_inspection,unclassified,True,False,True,False,False,612.0,792.0,12936,COMMS LOST COMMS LOST COMMS LOST COMMS LOST COMMS LOST COMMS LOST COMMS LOST LOST COMMS LOST COMMS LOST COMMS LOST COMMS LOST DOHA
1529,False,,,False,,False,,,,,0,REVIEW,True,unindexed_page_needs_inspection,unclassified,True,False,True,False,False,612.0,792.0,13149,COMMS LOST LO S LOST COMMS LOST COMMS LOST COMMS LOST COMMS LOST COMMS FL180 FL180 MISEL LUBET TULUB 7.2 LUBET 2A 13.9 TULUB 2A 18.2
1530,False,,OTBD,False,,False,,,,,0,REVIEW,True,unindexed_page_needs_inspection,unclassified,True,False,True,False,False,612.0,792.0,16571,COMMS T C O M M S LO ST LO ST COMMS OST C O M M S DOHA OTBD - Intl 2300 R A P
1531,True,OMQF,,False,20-3S,False,REVAT 1C,SID,AIRPORT,AIRPORT,96,CONFLICT,True,index_vs_pdf_category,Jeppesen_10_20_airport_series,True,False,True,False,False,612.0,792.0,54042,COMMS LOST COMMS LOST COMMS LOST COMMS LOST COMMS LOST COMMS LOST C O M M S LO ST LO ST COMMS LOST COMMS LOST
1532,True,OMQF,,False,20-3T,False,DATMO 1W,SID,AIRPORT,AIRPORT,96,CONFLICT,True,index_vs_pdf_category,Jeppesen_10_20_airport_series,True,False,True,False,False,612.0,792.0,51300,COMMS LOST COMMS LOST COMMS LOST COMMS LOST COMMS LOST COMMS LOST C O M M S LO ST LO ST COMMS LOST COMMS LOST
1533,False,,OTHH,False,,False,,,,,0,REVIEW,True,unindexed_page_needs_inspection,unclassified,True,False,True,False,False,612.0,792.0,6156,"20-8 JEPPESEN OTHH/DOH DOHA, QATAR HAMAD INTL INTRODUCTION OF ALL WEATHER OPERATIONS AT HAMAD INTL AIRPORT (OTHH) (SUP 016/26) GENERAL 1. The All Weather Operations (AWO) concept applies progressive operational restrictions as meteorological conditions deteriorate. When the applicable phase is uncertain, the more restrictive phase may be applied un"
1534,False,,OTHH,False,,False,,,,,0,REVIEW,True,unindexed_page_needs_inspection,unclassified,True,False,True,False,False,612.0,792.0,6190,"JEPPESEN OTHH/DOH DOHA, QATAR HAMAD INTL 4. 4.1. AERODROME SAFEGUARDING 20-8A INTRODUCTION OF ALL WEATHER OPERATIONS AT HAMAD INTL AIRPORT (OTHH) (CONTD 1) (SUP 016/26) 25 SEP 26 .Eff.1.Oct. 4.2. Safeguarding may commence when visibility is 1500m or less and/or the ceiling is 500' or less, or earlier when LVP are anticipated. During safeguarding: -"
1535,False,,OTHH,False,,False,,,,,0,REVIEW,True,unindexed_page_needs_inspection,unclassified,True,False,True,False,False,612.0,792.0,5992,"JEPPESEN OTHH/DOH DOHA, QATAR HAMAD INTL 25 SEP 26 .Eff.1.Oct. Planned exit Runway 34R 34L A9 L9/M10 16L 16R A3 L3/M5 7.2. A specific exit will not normally be issued on final approach unless required by ground traffic or the availability of an exit. ATC may offer an earlier suitable exit after completion of the landing roll. 8. 8.1. ARRIVAL SPACIN"
1536,False,,,False,,False,,,,,0,REVIEW,True,unindexed_page_needs_inspection,unclassified,True,False,True,False,False,612.0,792.0,24848,A11 A12 B C Q Q1 Q2 T L10 L11 L12 K 13' N25 16.5 E051 36.5 16R 156^ 16L 156^ Elev 13' Elev 13' A10 A11
1537,False,,,False,,False,,,,,0,REVIEW,True,unindexed_page_needs_inspection,unclassified,True,False,True,False,False,612.0,792.0,6868,"20-9A JEPPESEN 1 12,753' 12,926' 2 2 TAKE-OFF RUN AVAILABLE RWY 16L: RWY 34R: 3 3 TAKE-OFF RUN AVAILABLE RWY 16R: RWY 34L: DOHA, QATAR HAMAD INTL 4540m 3940m 3887m From rwy head twy A11 int twy A10 int twy A6 int"
1538,False,,,False,,False,,,,,0,REVIEW,True,unindexed_page_needs_inspection,unclassified,True,False,True,False,False,612.0,792.0,36769,B R A9 F1 F2 F3 F4 F5 F6 F7 F8 F9 F10 11 F A8 B B A9 A8 O A7 D1 C
1539,False,,,False,,False,,,,,0,REVIEW,True,unindexed_page_needs_inspection,unclassified,True,False,True,False,False,612.0,792.0,19733,E4 S T1 T2 T3 T4 E3 E4 E3 E4 J R H1 S C13 G4 G5 G6 C B A4 A3 C B
1540,False,,,False,,False,,,,,0,REVIEW,True,unindexed_page_needs_inspection,unclassified,True,False,True,False,False,612.0,792.0,47181,"20-9D JEPPESEN DOHA, QATAR HAMAD INTL | JEPPESEN, 2012, 2026. ALL RIGHTS RESERVED. 2 OCT 26"
1541,False,,,False,,False,,,,,0,REVIEW,True,unindexed_page_needs_inspection,unclassified,True,False,True,False,False,612.0,792.0,29302,"20-9E JEPPESEN DOHA, QATAR HAMAD INTL | JEPPESEN, 2017, 2025. ALL RIGHTS RESERVED. N25 16.4 E051 36.1 N25 16.5 E051 36.0 N25 16.4 E051 36.0 N25 16.5 E051 36.0 N25 16.6 E051 36.0 N25 16.6 E051 35.9 N25 16.6 E051 36.0 N25 16.7 E051 35.9 N25 16.8 E051 35.9 N25 16.7 E051 35.9 N25 16.9 E051 35.8 N25 16.9 E051 35.9 N25 16.8 E051 35.9 N25 16.9 E051 35.8 N"
1542,False,,OTHH,False,,False,,,AIRPORT,AIRPORT,88,REVIEW,True,unindexed_chart_candidate,airport_header,True,False,True,False,False,612.0,792.0,3633,"20-9F JEPPESEN .Eff.19.Mar. START-OF-DOCKING The system is activated by pressing one of the ACFT type buttons on the operator panel. When the system has been activated, ""WAIT"" will be displayed. CAPTURE The yellow scrolling arrows indicate that the system is activated and in capture mode, searching for an approaching ACFT. It shall be checked that "
1543,False,,OTHH,False,,False,,,AIRPORT,AIRPORT,88,REVIEW,True,unindexed_chart_candidate,airport_header,True,False,True,False,False,612.0,792.0,3595,"20-9G JEPPESEN .Eff.19.Mar. OVERSHOOT If the ACFT overshot the stop-position, ""TOO FAR"" will be displayed. STOP SHORT If the ACFT is found standing still but has not reached the intended stop-position, the message ""STOP OK"" will be shown after a while. DOCKING COMPLETED When the ACFT has parked, ""OK"" will be displayed. 6 MAR 26 DOHA, QATAR OTHH/DOH"
1544,False,,OTHH,False,,False,,,AIRPORT,AIRPORT,88,REVIEW,True,unindexed_chart_candidate,airport_header,True,False,True,False,False,612.0,792.0,2462,"20-9H JEPPESEN 6 MAR 26 .Eff.19.Mar. Any unrecoverable error during the docking procedure will generate an SBU (safety back-up) condition. The display will show the text ""STOP SBU"". A manual backup procedure will be used for docking guidance. SBU - STOP TOO FAST If the ACFT approaches with a speed higher than the docking system can VIEW BLOCKED If "
1545,False,,OTHH,False,,False,,,AIRPORT,AIRPORT,88,REVIEW,True,unindexed_chart_candidate,airport_header,True,False,True,False,False,612.0,792.0,4639,"20-9J JEPPESEN 6 MAR 26 .Eff.19.Mar. ACFT DOCKING ACTIVATION ACFT docking activation is performed by the operator. When the Docking system has been activated, the pilot display indicates ""WAIT"" with red border. (At the operator panel: When the Docking system is ready to operate, the operator panel will show ""SAFEDOCK SYSTEM"" followed by a status me"
1546,False,,OTHH,False,,False,,,AIRPORT,AIRPORT,88,REVIEW,True,unindexed_chart_candidate,airport_header,True,False,True,False,False,612.0,792.0,3342,"20-9K JEPPESEN 4 JUL 25 .Eff.10.Jul. SLOW (DECREASE SPEED) The Docking system is configured with a slowdown active zone. The limit speed for ""SLOW"" down indication is configurable per ACFT type in the 0-10 range from the stop-position, with a default setting of 2 m/s. The limits further out are fixed: 10-20m 3 m/s; more than 20m 4 m/s. AZIMUTH GUID"
1547,False,,OTHH,False,,False,,,,,0,REVIEW,True,unindexed_page_needs_inspection,unclassified,True,False,True,False,False,612.0,792.0,3082,"20-9L JEPPESEN 4 JUL 25 .Eff.10.Jul. STOP SHORT FAILED ACFT IDENTIFICATION - ID FAIL If the ACFT is found standing still, within a configurable distance up to 16'/5m short of the stop-position, the pilot display indicates ""STOP"" with red border followed by ""OK"" after a configurable amount of time. After capture of the ACFT, its geometry is checked "
1548,False,,,False,,False,,,AIRPORT,AIRPORT,88,REVIEW,True,unindexed_chart_candidate,airport_header,True,False,True,False,False,612.0,792.0,2443,"20-9M JEPPESEN 4 JUL 25 .Eff.10.Jul. CONFIGURATION ERROR Any error related to the system configuration that occurs during the docking operation generates an error message ""ERR"" with red border will be indicated in both pilot display and operator panel. Or EmSource Missing When attempting to start a docking procedure with one or more emergency stop "
1549,False,,OTHH,False,,False,,,,,0,REVIEW,True,unindexed_page_needs_inspection,unclassified,True,False,True,False,False,612.0,792.0,16933,A11 A12 B C Q Q1 T L10 L11 L12 K A10 A11 A12 L10 L12 Q OTHH/DOH A10 25-18 51-37 Q2 Q1 Available for code F ACFT
1550,False,,OTHH,False,,False,,,APP,APP,91,REVIEW,True,unindexed_chart_candidate,instrument_approach_header,True,True,True,False,False,612.0,792.0,8314,"OT(P)-48 MISSED APCH: BRIEFING STRIP TM JEPPESEN 21-1 DOHA, QATAR HAMAD INTL LOC IDE 108.7 Final Apch Crs 156^ 2500'(2487') ILS DA(H) Alt Set: hPa Rwy Elev: 0 hPa Trans alt: 13000' Refer to Minimums ILS Rwy 16L OTHH/DOH"
1551,False,,OTHH,False,,False,,,APP,APP,91,REVIEW,True,unindexed_chart_candidate,instrument_approach_header,True,True,True,False,False,612.0,792.0,7549,"OT(P)-48 MISSED APCH: BRIEFING STRIP TM JEPPESEN DOHA, QATAR HAMAD INTL LOC IDE 108.7 Final Apch Crs 156^ 2500'(2487') 21-1A Refer to Minimums CAT II/III ILS Rwy 16L OTHH/DOH Apt Elev 13' Rwy 13' 2300 25-30 DOHA Approach"
1552,False,,OTHH,False,,False,,,APP,APP,91,REVIEW,True,unindexed_chart_candidate,instrument_approach_header,True,False,True,False,False,612.0,792.0,9135,"OT(P)-44 MISSED APCH: BRIEFING STRIP TM JEPPESEN 21-2 DOHA, QATAR HAMAD INTL LOC QAT 108.1 Final Apch Crs 156^ 2500'(2487') ILS DA(H) Alt Set: hPa Rwy Elev: 0 hPa Trans alt: 13000' Refer to Minimums ILS Rwy 16R OTHH/DOH"
1553,False,,OTHH,False,,False,,,APP,APP,91,REVIEW,True,unindexed_chart_candidate,instrument_approach_header,True,False,True,False,False,612.0,792.0,8227,"OT(P)-48 BRIEFING STRIP TM JEPPESEN DOHA, QATAR HAMAD INTL OTHH/DOH 21-2A CAT II/III ILS Rwy 16R 25-30 MISSED APCH: LOC QAT 108.1 Final Apch Crs 156^ 2500' (2487') Alt Set: hPa Rwy Elev: 0 hPa Trans alt: 13000' Refer to Minimums Apt Elev 13'"
1554,False,,OTHH,False,,False,,,APP,APP,91,REVIEW,True,unindexed_chart_candidate,instrument_approach_header,True,True,True,False,False,612.0,792.0,10070,"OT(P)-49 MISSED APCH: JEPPESEN 21-3 DOHA, QATAR HAMAD INTL LOC HJJ 111.9 Final Apch Crs 336^ 2500' (2487') ILS DA(H) Alt Set: hPa Rwy Elev: 0 hPa Trans alt: 13000' Refer to Minimums ILS Rwy 34L OTHH/DOH Apt Elev 13' Rwy 13'"
1555,False,,OTHH,False,,False,,,APP,APP,91,REVIEW,True,unindexed_chart_candidate,instrument_approach_header,True,True,True,False,False,612.0,792.0,7825,"OT(R)-52 BRIEFING STRIP TM JEPPESEN DOHA, QATAR HAMAD INTL OTHH/DOH 21-3A CAT II/III ILS Rwy 34L MISSED APCH: LOC HJJ 111.9 Final Apch Crs 336^ 2500' (2487') Alt Set: hPa Rwy Elev: 0 hPa Trans alt: 13000' Apt Elev 13' Rwy 13' 2300 DOHA Approach"
1556,False,,,False,,False,,,APP,APP,91,REVIEW,True,unindexed_chart_candidate,instrument_approach_header,True,False,True,False,False,612.0,792.0,9282,"OT(R)-52 OT(P)-49 MISSED APCH: BRIEFING STRIP TM JEPPESEN 21-4 DOHA, QATAR HAMAD INTL LOC AZM 110.1 Final Apch Crs 336^ 2500'(2487') ILS DA(H) Alt Set: hPa Rwy Elev: 0 hPa Trans alt: 13000' Refer to Minimums ILS Rwy 34R"
1557,False,,OTHH,False,,False,,,APP,APP,91,REVIEW,True,unindexed_chart_candidate,instrument_approach_header,True,False,True,False,False,612.0,792.0,7283,"OT(R)-52 OT(P)-49 BRIEFING STRIP TM JEPPESEN DOHA, QATAR HAMAD INTL OTHH/DOH CAT II/III ILS Rwy 34R 21-4A 25-20 MISSED APCH: LOC AZM 110.1 Final Apch Crs 336^ 2500'(2487') Alt Set: hPa Rwy Elev: 0 hPa Trans alt: 13000' Refer to Minimums"
1558,False,,OTHH,False,,False,,,APP,APP,70,REVIEW,True,unindexed_chart_candidate,body_approach_title,True,True,True,False,False,612.0,792.0,8890,"OT(P) -48 TOVAN (IF) 1 OTHH/DOH HAMAD INTL 22-1 DOHA, QATAR RNAV 156^ 2500' DA(H) HH611 MSA ARP Trans alt: 13000' Rwy Elev: 0 hPa Alt Set: hPa Final Apch Crs (2487') BRIEFING STRIP TM JEPPESEN"
1559,False,,OTHH,False,,False,,,APP,APP,70,REVIEW,True,unindexed_chart_candidate,body_approach_title,True,False,True,False,False,612.0,792.0,7786,"OT(P) -48 OTHH/DOH HAMAD INTL 22-2 DOHA, QATAR RNAV 156^ 2500' HH511 Trans alt: 13000' Rwy Elev: 0 hPa Alt Set: hPa Final Apch Crs (2487') BRIEFING STRIP TM JEPPESEN GOLSI (IF) 1 MAX 220 KT MSA ARP Apt Elev 13'"
1560,False,,,False,,False,,,APP,APP,91,REVIEW,True,unindexed_chart_candidate,instrument_approach_header,True,False,True,False,False,612.0,792.0,7553,"DOHA Doha Intl OTBD OT(P)-47 OT(P) -45 OTHH/DOH HAMAD INTL 22-3 DOHA, QATAR RNAV 2500' HH811 Trans alt: 13000' Rwy Elev: 0 hPa Alt Set: hPa Final Apch Crs (2487') BRIEFING STRIP TM JEPPESEN RW34L MSA ARP RNP Rwy 34L"
1561,False,,OTHH,False,,False,,,APP,APP,91,REVIEW,True,unindexed_chart_candidate,instrument_approach_header,True,False,True,False,False,612.0,792.0,7297,"OT(P)-47 OT(P) -45 OTHH/DOH HAMAD INTL 22-4 DOHA, QATAR RNAV 336^ 2500' HH911 Trans alt: 13000' Rwy Elev: 0 hPa Alt Set: hPa Final Apch Crs (2487') BRIEFING STRIP TM JEPPESEN MSA ARP RNP Rwy 34R 2300 RNP Apch"
1562,False,,OPKC,False,,False,,,,,0,REVIEW,True,unindexed_page_needs_inspection,unclassified,True,False,True,False,False,612.0,792.0,2474,"General Information Location: KARACHI PAK ICAO/IATA: OPKC / KHI Lat/Long: N24° 54.5', E067° 09.8' Elevation: 102 ft Airport Use: Public Daylight Savings: Not Observed UTC Conversion: -5:00 = UTC Magnetic Variation: 1.0° E Fuel Types: Jet A-1 Repair Types: Major Airframe, Major Engine Runway: 25R Length x Width: 11483 ft x 148 ft Surface Type: concr"
1563,False,,OPKC,False,,False,,,,,0,REVIEW,True,unindexed_page_needs_inspection,unclassified,True,False,True,False,False,612.0,792.0,2144,"General Information Location: KARACHI PAK ICAO/IATA: OPKC / KHI Lat/Long: N24° 54.5', E067° 09.8' Elevation: 102 ft Airport Use: Public Daylight Savings: Not Observed UTC Conversion: -5:00 = UTC Magnetic Variation: 1.0° E Fuel Types: Jet A-1 Repair Types: Major Airframe, Major Engine Runway: 25R Length x Width: 11483 ft x 148 ft Surface Type: concr"
1564,False,,OPKC,False,,False,,,,,0,REVIEW,True,unindexed_page_needs_inspection,unclassified,True,False,True,False,False,612.0,792.0,3543,"0 D60 OP(P)-101 Apt Elev 100 OPKC/KHI .RADAR.MINIMUM.ALTITUDES. 10-1R JEPPESEN JINNAH INTL KARACHI, PAKISTAN Alt Set: hPa (IN on request) D50 R330 R010 .Eff.8.Aug. 4253 26 JUL 24 Trans level: FL050 Trans alt: 3000 0^ D40 26-00"
1565,False,,,False,,False,,,STAR,STAR,98,REVIEW,True,unindexed_chart_candidate,printed_STAR_header,True,False,True,False,False,612.0,792.0,26667,"PAKISTAN INDIA KARACHI, PAKISTAN 100 126.7 .RNAV.STAR. JEPPESEN RNP 1 required. Alt Set: hPa (IN on request) Trans level: FL50 .Eff.17.Jun. Apt Elev ATIS CHORE 1B [CHOR1B] 10-2 From SAPNA proceed to MINAR, then to NIROL, then to AMJID, then to SABEN, descending to ATC assigned level. From NH proceed to MAKLI, then to SABEN, descending to ATC assign"
1566,False,,,False,,False,,,STAR,STAR,98,REVIEW,True,unindexed_chart_candidate,printed_STAR_header,True,False,True,False,False,612.0,792.0,32676,"2600 2 1 5 ^ 2000 290^ 3700 V O R C K 105^ FL170 FL140 L170 3000 KARACHI, PAKISTAN 100 126.7 .RNAV.STAR. JEPPESEN RNP 1 required."
1567,False,,OPKC,False,,False,,,STAR,STAR,98,REVIEW,True,unindexed_chart_candidate,printed_STAR_header,True,False,True,False,False,612.0,792.0,3726,"KARACHI, PAKISTAN OPKC/KHI JINNAH INTL Apt Elev 100 ATIS 126.7 .RNAV.STAR. JEPPESEN RNP 1 required. Alt Set: hPa (IN on request) Trans level: FL50 .Eff.17.Jun. 10-2B 6136 4 JUN 21 80 92 93 80 26-30 DOSTI 2C [DOST2C] LAKIV 2A [LAKI2A] RNP ARRIVALS"
1568,False,,,False,,False,,,STAR,STAR,98,REVIEW,True,unindexed_chart_candidate,printed_STAR_header,True,False,True,False,False,612.0,792.0,20486,"170^ 142^ ERABAD PKD NAWABSHAH OPNH POTUP 2 5 5 ^ DOVDO 410 KE KE 3 7 . 5 3 0 .STAR. JEPPESEN KARACHI, PAKISTAN OPKC/KHI"
1569,False,,,False,,False,,,,,0,REVIEW,True,unindexed_page_needs_inspection,unclassified,True,False,True,False,False,612.0,792.0,19382,R145 R 0 7 5 090^ DO NOT OVERFLY WHEN IN HOLDING D 1 5 . 0 2600 2 1 5 ^ 290^ D18.0 KC 2 5 5 ^
1570,False,,,False,,False,,,STAR,STAR,98,REVIEW,True,unindexed_chart_candidate,printed_STAR_header,True,False,True,False,False,612.0,792.0,4293,"NAWABSHAH OPNH 205^ 220^ 112.9 NH NAWABSHAH NH D Apt Elev 100 ATIS 126.7 Alt Set: hPa (IN on request) Trans level: FL50 KARACHI, PAKISTAN OPKC/KHI JINNAH INTL .STAR. 10-2E JEPPESEN 4056 .Eff.17.Jun. 4 JUN 21 80"
1571,False,,,False,,False,,,SID,SID,98,REVIEW,True,unindexed_chart_candidate,printed_SID_header,True,False,True,False,False,612.0,792.0,3091,"V C K OR FL100 or by ATC BADUL Apt Elev 100 Trans alt: 3000 OPKC/KHI 10-3 JEPPESEN JINNAH INTL KARACHI, PAKISTAN .RNAV.SID. 20 25 Towards OPNH: 4 JUN 21 .Eff.17.Jun. RNP 1 required. [BADU1D] (RWYS 25L/R)"
1572,False,,OPKC,False,,False,,,SID,SID,98,REVIEW,True,unindexed_chart_candidate,printed_SID_header,True,False,True,False,False,612.0,792.0,17164,"290^ VO R C K FL70 DANGI OPKC/KHI JEPPESEN 10-3A JINNAH INTL KARACHI, PAKISTAN .RNAV.SID. 20 25 4 JUN 21 .Eff.17.Jun. 0 1E [DANG1E] 1C], DANGI 1D [DANG1D] DEPARTURES LL RWYS)"
1573,False,,OPKC,False,,False,,,SID,SID,98,REVIEW,True,unindexed_chart_candidate,printed_SID_header,True,False,True,False,False,612.0,792.0,3490,"112.1 KC KARACHI KC D 2600 215^ 3700 105^ 1000 KC5~8 KC5~7 253^ 073^ 073^ OPKC/KHI JEPPESEN Apt Elev 100 Trans alt: 3000 JINNAH INTL KARACHI, PAKISTAN 10-3B .RNAV.SID. 20"
1574,False,,OPKC,False,,False,,,SID,SID,98,REVIEW,True,unindexed_chart_candidate,printed_SID_header,True,False,True,False,False,612.0,792.0,3228,"3700 V C K O R MELOM Trans alt: 3000 KARACHI, PAKISTAN OPKC/KHI JINNAH INTL JEPPESEN 10-3C .RNAV.SID. 50 45 MELOM 1G: 4 JUN 21 .Eff.17.Jun. Apt Elev 100 RNP 1 required. 66 60"
1575,False,,,False,,False,,,,,0,REVIEW,True,unindexed_page_needs_inspection,unclassified,True,False,True,False,False,612.0,792.0,12515,"112.1 KC KARACHI KC D 2600 2 1 5 ^ 000 290^ FL050 KC5~8 KC5~7 0 7 3 ^ 0 7 3 ^ KC5~6 MELOM 1H, MELOM 1J"
1576,False,,,False,,False,,,SID,SID,98,REVIEW,True,unindexed_chart_candidate,printed_SID_header,True,False,True,False,False,612.0,792.0,4570,"215^ V C K OR FL100 or by ATC 10 35 40 45 .SID. KARACHI, PAKISTAN OPKC/KHI JINNAH INTL JEPPESEN Apt Elev 102 Trans alt: 3000 10-3E BADUL Towards OPNH: 6 FEB 26 .Eff.19.Feb."
1577,False,,OPKC,False,,False,,,SID,SID,98,REVIEW,True,unindexed_chart_candidate,printed_SID_header,True,False,True,False,False,612.0,792.0,3436,"215^ 3700 KC Apt Elev 102 Trans alt: 3000 .SID. KARACHI, PAKISTAN OPKC/KHI JINNAH INTL JEPPESEN 10-3F 35 40 45 6 FEB 26 .Eff.19.Feb. 1150 60 25-00 (ALL RWYS) DEPARTURES DANGI 3A [DANG3A], DANGI 3B [DANG3B]"
1578,False,,OPKC,False,,False,,,SID,SID,98,REVIEW,True,unindexed_chart_candidate,printed_SID_header,True,False,True,False,False,612.0,792.0,30629,"2 2 0 ^ 2600 2 1 5 ^ 290^ 00 700 .SID. KARACHI, PAKISTAN OPKC/KHI JINNAH INTL JEPPESEN 10-3G 000 112.1 KC KARACHI KC D 35"
1579,False,,OPKC,False,,False,,,SID,SID,98,REVIEW,True,unindexed_chart_candidate,printed_SID_header,True,False,True,False,False,612.0,792.0,3948,"215^ 3700 700 PUNAM 112.1 KC KARACHI KC D Apt Elev 102 .SID. KARACHI, PAKISTAN OPKC/KHI JINNAH INTL JEPPESEN 10-3H Trans alt: 3000 35 40 45 PUNAM 3A, 3B 1457 ^ 6 FEB 26"
1580,False,,OPKC,False,,False,,,AIRPORT,AIRPORT,88,REVIEW,True,unindexed_chart_candidate,airport_header,True,False,True,False,False,612.0,792.0,7534,"102' 10-9 KARACHI, PAKISTAN N24 54.5 E067 09.8 126.7 ATIS KARACHI Ground 121.6 Tower 118.3 Apt Elev 24-55 24-55 67-08 67-09 67-10 67-11 JINNAH INTL OPKC/KHI JEPPESEN NDB LEGEND HOT SPOT ATC-Service"
1581,False,,OPKC,False,,False,,,AIRPORT,AIRPORT,88,REVIEW,True,unindexed_chart_candidate,airport_header,True,True,True,False,False,612.0,792.0,7160,10-9A JINNAH INTL OPKC/KHI JEPPESEN LEGEND HOT SPOT ATC-Service boundary Advanced Visual Docking Guidance System available at stands 11 thru 18 and 21 thru 28. 20 MAR 26 SEE INSET BELOW M 74A 74B 75B 75A Jinnah Terminal (DOMESTIC) Hangars Terminal 1 Cargo
1582,False,,OPKC,False,,False,,,AIRPORT,AIRPORT,88,REVIEW,True,unindexed_chart_candidate,airport_header,True,False,True,False,False,612.0,792.0,3876,"10-9B OPKC/KHI JEPPESEN 23 DEC 22 .Eff.29.Dec. KARACHI, PAKISTAN START-UP/PUSH-BACK & TAXI PROCEDURES FOR TURBO-JET & TURBO-PROP AIRCRAFT TAXIING TO AND FROM STANDS 1. General Aviation acft while taxiing from and to the GA parking area may be provided assistance from the ""FOLLOW ME"" vehicle, if available, up to the Western apron limit. 2. Pilots of"
1583,False,,OPKC,False,,False,,,,,0,REVIEW,True,unindexed_page_needs_inspection,unclassified,True,False,True,False,False,612.0,792.0,3851,"10-9S JEPPESEN 1 1 1 2 2 2 2 .EASA.AIR.OPS. 13 FEB 26 .Eff.19.Feb. STRAIGHT-IN RWY D C B A OPKC/KHI KARACHI, PAKISTAN JINNAH INTL 07L 430'(352') 430'(352') (352')"
1584,False,,OPKC,False,,False,,,,,0,REVIEW,True,unindexed_page_needs_inspection,unclassified,True,False,True,False,False,612.0,792.0,4914,"10-9S1 JEPPESEN 2 23 2 2 .EASA.AIR.OPS. 13 FEB 26 .Eff.19.Feb. 1 1 1 1 1 1 1 1 OPKC/KHI KARACHI, PAKISTAN JINNAH INTL STRAIGHT-IN RWY D C B"
1585,False,,,False,,False,,,APP,APP,70,REVIEW,True,unindexed_chart_candidate,body_approach_title,True,False,True,False,False,612.0,792.0,8043,"OP(R)-100 OP(R)-102 OP(R)-112 MISSED APCH: BRIEFING STRIP TM LOC IQA 109.7 Final Apch Crs 254^ D5.8 IQA 2000'(1911') 11-1 ATIS 126.7 KARACHI Approach 125.5 KARACHI Tower 118.3 Ground 121.6 KARACHI, PAKISTAN DA(H)"
1586,False,,,False,,False,,,APP,APP,70,REVIEW,True,unindexed_chart_candidate,body_approach_title,True,False,True,False,False,612.0,792.0,10060,"OP(R)-100 OP(R)-102 OP(R)-112 MISSED APCH: BRIEFING STRIP TM LOC IQA 109.7 Final Apch Crs 254^ D5.8 IQA 2000'(1911') 11-2 ATIS 126.7 KARACHI Approach 125.5 KARACHI Tower 118.3 Ground 121.6 KARACHI, PAKISTAN DA(H)"
1587,False,,,False,,False,,,APP,APP,70,REVIEW,True,unindexed_chart_candidate,body_approach_title,True,False,True,False,False,612.0,792.0,8840,"OP(R)-100 OP(R)-102 OP(R)-112 MISSED APCH: BRIEFING STRIP TM LOC IKC 110.1 Final Apch Crs 254^ 2000'(1898') 11-3 ATIS 126.7 KARACHI Approach 125.5 KARACHI Tower 118.3 Ground 121.6 KARACHI, PAKISTAN DA(H)"
1588,False,,,False,,False,,,APP,APP,70,REVIEW,True,unindexed_chart_candidate,body_approach_title,True,False,True,False,False,612.0,792.0,8910,"OP(R)-100 OP(R)-102 OP(R)-112 254^ 110.1 IKC MISSED APCH: BRIEFING STRIP TM LOC IKC 110.1 Final Apch Crs 254^ 2000'(1898') 11-4 ATIS 126.7 KARACHI Approach 125.5 KARACHI Tower 118.3 Ground 121.6 KARACHI, PAKISTAN"
1589,False,,,False,,False,,,APP,APP,70,REVIEW,True,unindexed_chart_candidate,body_approach_title,True,False,True,False,False,612.0,792.0,9050,OP(R)-100 OP(R)-103 OP(R)-113 OP(D)-136 KC6~~ 074^ MAKLI 074^ 233^ FL80 MAX 230 KT (IAF) 15.8 17.0 15 20 ATIS 126.7 125.5 KARACHI Approach 118.3 KARACHI Tower 121.6 Ground
1590,False,,,False,,False,,,APP,APP,70,REVIEW,True,unindexed_chart_candidate,body_approach_title,True,False,True,False,False,612.0,792.0,8222,OP(R)-100 OP(R)-103 OP(R)-113 OP(D)-136 KC6~1 074^ MAKLI 074^ 16.9 233^ 15.8 FL80 MAX 230 KT (IAF) 25-00 ATIS 126.7 RNAV 074^ Final Apch Crs 125.5 KARACHI Approach 118.3
1591,False,,,False,,False,,,APP,APP,70,REVIEW,True,unindexed_chart_candidate,body_approach_title,True,False,True,False,False,612.0,792.0,9086,"OP(R)-100 MISSED APCH: BRIEFING STRIP TM Final Apch Crs 253^ 2000'(1911') 12-3 ATIS 126.7 KARACHI Approach 125.5 KARACHI Tower 118.3 Ground 121.6 KARACHI, PAKISTAN DA(H) Apt Elev Rwy 102' 89' Alt Set: hPa (IN on req)"
1592,False,,,False,,False,,,APP,APP,70,REVIEW,True,unindexed_chart_candidate,body_approach_title,True,False,True,False,False,612.0,792.0,7682,"OP(R)-100 MISSED APCH: BRIEFING STRIP TM Final Apch Crs 253^ 2000'(1898') 12-4 ATIS 126.7 KARACHI Approach 125.5 KARACHI Tower 118.3 Ground 121.6 KARACHI, PAKISTAN DA(H) Apt Elev Rwy 102' 102' Alt Set: hPa (IN on req)"
1593,False,,,False,,False,,,APP,APP,70,REVIEW,True,unindexed_chart_candidate,body_approach_title,True,False,True,False,False,612.0,792.0,8539,"OP(R)-100 OP(R)-102 OP(R)-112 MISSED APCH: BRIEFING STRIP TM Final Apch Crs ATIS 126.7 KARACHI Approach 125.5 KARACHI Tower 118.3 Ground 121.6 VOR KC 112.1 254^ D5.4 2000'(1911') 13-1 KARACHI, PAKISTAN"
1594,False,,,False,,False,,,APP,APP,70,REVIEW,True,unindexed_chart_candidate,body_approach_title,True,False,True,False,False,612.0,792.0,8089,"OP(R)-100 BRIEFING STRIP TM Final Apch Crs ATIS 126.7 KARACHI Approach 125.5 KARACHI Tower 118.3 Ground 121.6 Alt Set: hPa (IN on req) Rwy Elev: 3 hPa Trans level: FL050 Trans alt: 3000' VOR KC 112.1 254^ D5.4 2000'(1911') KARACHI, PAKISTAN"
1595,False,,,False,,False,,,APP,APP,70,REVIEW,True,unindexed_chart_candidate,body_approach_title,True,False,True,False,False,612.0,792.0,8699,"OP(R)-100 OP(R)-102 OP(R)-112 MISSED APCH: BRIEFING STRIP TM Final Apch Crs ATIS 126.7 KARACHI Approach 125.5 KARACHI Tower 118.3 Ground 121.6 VOR KC 112.1 254^ D5.6 2000'(1898') 13-3 KARACHI, PAKISTAN"
1596,False,,,False,,False,,,APP,APP,70,REVIEW,True,unindexed_chart_candidate,body_approach_title,True,False,True,False,False,612.0,792.0,8843,"OP(R)-100 BRIEFING STRIP TM Final Apch Crs ATIS 126.7 KARACHI Approach 125.5 KARACHI Tower 118.3 Ground 121.6 Alt Set: hPa (IN on req) Trans level: FL050 Trans alt: 3000' VOR KC 112.1 254^ D5.6 2000'(1898') KARACHI, PAKISTAN 13-4"
1597,False,,,False,,False,,,APP,APP,70,REVIEW,True,unindexed_chart_candidate,body_approach_title,True,False,True,False,False,612.0,792.0,6104,"OP(R)-100 KARACHI 271 KC K C 100^ KARACHI, PAKISTAN MISSED APCH: BRIEFING STRIP TM 16-1 ATIS 126.7 KARACHI Approach 125.5 KARACHI Tower Ground NDB KC 271 Final Apch Crs 280^ No FAF MDA(H)"
1598,False,,OPKC,False,,False,,,,,0,REVIEW,True,unindexed_page_needs_inspection,unclassified,True,False,True,False,False,612.0,792.0,5389,"OP(R)-100 254^ 25-00 18-1 Final Apch Crs RADAR By ATC Refer to Minimums MDA(H) BRIEFING STRIP TM KARACHI, PAKISTAN JINNAH INTL OPKC/KHI SRA Rwy 07L/25R ATIS 126.7 KARACHI Approach 125.5 KARACHI Tower 118.3 Ground"
1599,False,,OPIS,False,,False,,,,,0,REVIEW,True,unindexed_page_needs_inspection,unclassified,True,False,True,False,False,612.0,792.0,2426,"General Information Location: ISLAMABAD PAK ICAO/IATA: OPIS / ISB Lat/Long: N33° 32.9', E072° 49.5' Elevation: 1761 ft Airport Use: Public Daylight Savings: Not Observed UTC Conversion: -5:00 = UTC Magnetic Variation: 3.0° E Fuel Types: Jet A-1 Customs: Yes Surface Type: asphalt TDZ-Elev: 1750 ft Lighting: Edge, ALS Communication Information ATIS: "
1600,False,,OPIS,False,,False,,,,,0,REVIEW,True,unindexed_page_needs_inspection,unclassified,True,False,True,False,False,612.0,792.0,2226,"General Information Location: ISLAMABAD PAK ICAO/IATA: OPIS / ISB Lat/Long: N33° 32.9', E072° 49.5' Elevation: 1761 ft Airport Use: Public Daylight Savings: Not Observed UTC Conversion: -5:00 = UTC Magnetic Variation: 3.0° E Fuel Types: Jet A-1 Customs: Yes Surface Type: asphalt TDZ-Elev: 1750 ft Lighting: Edge, ALS Communication Information ATIS: "
1601,False,,OPIS,False,,False,,,AIRPORT,AIRPORT,88,REVIEW,True,unindexed_chart_candidate,airport_header,True,False,True,False,False,612.0,792.0,3302,"ISLAMABAD, PAKISTAN OPIS/ISB ISLAMABAD INTL .AIRPORT.BRIEFING. + JEPPESEN 1.1. ATIS ATIS 126.2 1.2. LOW VISIBILITY PROCEDURES (LVP) 1.2.1. GENERAL For RWY 28L during LVP (authorized up to ILS CAT III operations RVR 100m). LVPs are enforced when RWY 28L RVR is less than 800m or ceiling is less than 200'. The LVPs are terminated when RVR is more than"
1602,False,,OPIS,False,,False,,,AIRPORT,AIRPORT,88,REVIEW,True,unindexed_chart_candidate,airport_header,True,False,True,False,False,612.0,792.0,3905,"ISLAMABAD, PAKISTAN OPIS/ISB ISLAMABAD INTL .AIRPORT.BRIEFING. + JEPPESEN 2.2.2. VISUAL APPROACH Due to close proximity of Qasim Airfield, ACFT carrying out visual approach should remain within 4NM of BTR VOR. 2.2.3. CAUTION Small airfield with RWY 14/32 exists 9.5NM Eastnortheast of aerodrome. Main- tain altitude 3700' until over FAP/FAF. 2.3. TAX"
1603,False,,OPIS,False,,False,,,AIRPORT,AIRPORT,88,REVIEW,True,unindexed_chart_candidate,airport_header,True,False,True,False,False,612.0,792.0,3617,"ISLAMABAD, PAKISTAN OPIS/ISB ISLAMABAD INTL .AIRPORT.BRIEFING. + JEPPESEN 3.1. START-UP, PUSH-BACK AND TAXI PROCEDURES - Contact GND for push-back/start-up 5 minutes before ready. - Start-up approval will remain valid for 5 minutes. In case of delay, fresh approval shall be obtained. - ACFT may start one engine on idle power at bay, rest start-up w"
1604,False,,,False,,False,,,,,0,REVIEW,True,unindexed_page_needs_inspection,unclassified,True,False,True,False,False,612.0,792.0,5894,0 9 0 ^ 1 2 0 ^ 060^ D 2 0 D20 D30 D 3 0 D 4 0 OP(P)-249A P(P)-254 277 D
1605,False,,OPIS,False,,False,,,STAR,STAR,98,REVIEW,True,unindexed_chart_candidate,printed_STAR_header,True,False,True,False,False,612.0,792.0,3303,"JEPPESEN Apt Elev 1761 ISLAMABAD INTL ISLAMABAD, PAKISTAN 126.2 20-2 176^ 50 BOBAM OPIS/ISB 19 SEP 25 .RNAV.STAR. RNP 1 required Provision of RAIM prediction, if considered, is the responsibility of the operator. Alt Set: hPa (IN on request) Trans level: FL140 .Eff.2.Oct. ATIS 34-30 BOBAM 1J [BOBA1J] RNP ARRIVAL"
1606,False,,OPIS,False,,False,,,STAR,STAR,98,REVIEW,True,unindexed_chart_candidate,printed_STAR_header,True,False,True,False,False,612.0,792.0,12202,"INDEK JEPPESEN 20-2A ISLAMABAD INTL ISLAMABAD, PAKISTAN 000 00 KT NOP 50 OPIS/ISB Arrivals from KALMI and KIMUL are not permitted to intercept finals of RWYS 10L/R directly. 19 SEP 25 .RNAV.STAR. NP 1 required Provision of RAIM prediction, if considered, is the responsibility of the operator. lt Set: hPa (IN on request) Trans level: FL140 .Eff.2.Oc"
1607,False,,OPIS,False,,False,,,STAR,STAR,98,REVIEW,True,unindexed_chart_candidate,printed_STAR_header,True,False,True,False,False,612.0,792.0,3675,".STAR. JEPPESEN Apt Elev 1761 ISLAMABAD INTL ISLAMABAD, PAKISTAN Trans level: FL140 126.2 176^ 20-2B 50 BOBAM OPIS/ISB 19 SEP 25 Alt Set: hPa (IN on request) .Eff.2.Oct. ATIS 131 196 34-30 ARRIVAL BOBAM 1K [BOBA1K] 12000 10000"
1608,False,,OPIS,False,,False,,,STAR,STAR,98,REVIEW,True,unindexed_chart_candidate,printed_STAR_header,True,False,True,False,False,612.0,792.0,16767,"R170 RN D12.0 INDEK JEPPESEN 20-2C ISLAMABAD INTL ISLAMABAD, PAKISTAN 50 OPIS/ISB 19 SEP 25 Apt Elev 1761 126.2 .STAR. Arrivals from KALMI and KIMUL are not permitted to intercept finals of RWYS 10L/R directly. 350^ MAX 14000 MHA 6000 MAX 220 KT D17.0 ISDUR"
1609,False,,OPIS,False,,False,,,SID,SID,98,REVIEW,True,unindexed_chart_candidate,printed_SID_header,True,False,True,False,False,612.0,792.0,3080,"JEPPESEN ISLAMABAD INTL ISLAMABAD, PAKISTAN 50 20-3 .RNAV.SID. ISLAMABAD Departure 119.65 BOBAM 10 FEB 23 .Eff.23.Feb. OPIS/ISB Trans alt: 12000 Apt Elev 1761 RNP 1 required Provision of RAIM prediction, if considered, is the responsibility of the operator. 34-30 FL200 BOBAM 2L [BOBA2L] RNP DEPARTURE (RWY 10R)"
1610,False,,OPIS,False,,False,,,SID,SID,98,REVIEW,True,unindexed_chart_candidate,printed_SID_header,True,False,True,False,False,612.0,792.0,3297,"JEPPESEN ISLAMABAD INTL ISLAMABAD, PAKISTAN 50 .RNAV.SID. ISLAMABAD Departure 119.65 BOBAM 10 FEB 23 .Eff.23.Feb. OPIS/ISB Trans alt: 12000 Apt Elev 1761 RNP 1 required Provision of RAIM prediction, if considered, is the responsibility of the operator. 20-3A 34-30 FL200 BOBAM 2M [BOBA2M] RNP DEPARTURE (RWY 28L)"
1611,False,,OPIS,False,,False,,,SID,SID,98,REVIEW,True,unindexed_chart_candidate,printed_SID_header,True,False,True,False,False,612.0,792.0,3087,"JEPPESEN ISLAMABAD INTL ISLAMABAD, PAKISTAN 50 .RNAV.SID. ISLAMABAD Departure 119.65 BOBAM 10 FEB 23 .Eff.23.Feb. OPIS/ISB Trans alt: 12000 Apt Elev 1761 RNP 1 required Provision of RAIM prediction, if considered, is the responsibility of the operator. 20-3B 34-30 FL200 BOBAM 1Q [BOBA1Q] RNP DEPARTURE (RWY 10L)"
1612,False,,OPIS,False,,False,,,SID,SID,98,REVIEW,True,unindexed_chart_candidate,printed_SID_header,True,False,True,False,False,612.0,792.0,3278,"JEPPESEN ISLAMABAD INTL ISLAMABAD, PAKISTAN 50 .RNAV.SID. ISLAMABAD Departure 119.65 BOBAM 10 FEB 23 .Eff.23.Feb. OPIS/ISB Trans alt: 12000 Apt Elev 1761 RNP 1 required Provision of RAIM prediction, if considered, is the responsibility of the operator. 20-3C 34-30 FL200 BOBAM 1R [BOBA1R] RNP DEPARTURE (RWY 28R)"
1613,False,,OPIS,False,,False,,,SID,SID,98,REVIEW,True,unindexed_chart_candidate,printed_SID_header,True,False,True,False,False,612.0,792.0,13132,"4.0% V/V (fpm) 304 405 608 810 1013 1215 Gnd speed-KT 75 100 150 200 250 300 JEPPESEN 20-3D ISLAMABAD INTL ISLAMABAD, PAKISTAN 50 OPIS/ISB 16 JUN 23 .RNAV.SID. 119.65 Trans alt: 12000 Apt Elev"
1614,False,,OPIS,False,,False,,,SID,SID,98,REVIEW,True,unindexed_chart_candidate,printed_SID_header,True,False,True,False,False,612.0,792.0,16273,"4.0% V/V (fpm) 304 405 608 810 1013 1215 Gnd speed-KT 75 100 150 200 250 300 JEPPESEN 20-3E ISLAMABAD INTL ISLAMABAD, PAKISTAN 50 OPIS/ISB 16 JUN 23 .RNAV.SID. ISLAMABAD Departure 119.65"
1615,False,,OPIS,False,,False,,,,,0,REVIEW,True,unindexed_page_needs_inspection,unclassified,True,False,True,False,False,612.0,792.0,12642,"4.0% V/V (fpm) 304 405 608 810 1013 1215 Gnd speed-KT 75 100 150 200 250 300 119.65 Trans alt: 12000 JEPPESEN 20-3F ISLAMABAD INTL ISLAMABAD, PAKISTAN 50 OPIS/ISB 16 JUN 23 Apt Elev 1761"
1616,False,,OPIS,False,,False,,,,,0,REVIEW,True,unindexed_page_needs_inspection,unclassified,True,False,True,False,False,612.0,792.0,16242,"4.0% V/V (fpm) 304 405 608 810 1013 1215 Gnd speed-KT 75 100 150 200 250 300 119.65 Trans alt: 12000 JEPPESEN 20-3G ISLAMABAD INTL ISLAMABAD, PAKISTAN 50 OPIS/ISB 16 JUN 23 Apt Elev 1761"
1617,False,,OPIS,False,,False,,,SID,SID,98,REVIEW,True,unindexed_chart_candidate,printed_SID_header,True,False,True,False,False,612.0,792.0,3224,"JEPPESEN Apt Elev 1761 ISLAMABAD INTL ISLAMABAD, PAKISTAN 50 ISLAMABAD Departure 119.65 BOBAM 10 FEB 23 .Eff.23.Feb. OPIS/ISB Trans alt: 12000 .SID. 20-3H 196 34-30 FL200 BOBAM 2N [BOBA2N] DEPARTURE (RWYS 10L/R) 14000 12000"
1618,False,,OPIS,False,,False,,,SID,SID,98,REVIEW,True,unindexed_chart_candidate,printed_SID_header,True,False,True,False,False,612.0,792.0,3043,"JEPPESEN ISLAMABAD INTL ISLAMABAD, PAKISTAN 20-3J .SID. 50 Apt Elev 1761 ISLAMABAD Departure 119.65 BOBAM 10 FEB 23 .Eff.23.Feb. OPIS/ISB Trans alt: 12000 131 196 34-30 FL200 BOBAM 2P [BOBA2P] (RWYS 28L/R) DEPARTURE 14000 12000"
1619,False,,OPIS,False,,False,,,SID,SID,98,REVIEW,True,unindexed_chart_candidate,printed_SID_header,True,False,True,False,False,612.0,792.0,3864,"7500 140^ 20-3K ISLAMABAD INTL ISLAMABAD, PAKISTAN Apt Elev 1761 ISLAMABAD Departure 10 FEB 23 .Eff.23.Feb. 119.65 Trans alt: 12000 OPIS/ISB D2.0 BTR 114.6 BTR btr D ISLAMABAD 112.1 RN ISLAMABAD RN D .SID. JEPPESEN"
1620,False,,OPIS,False,,False,,,SID,SID,98,REVIEW,True,unindexed_chart_candidate,printed_SID_header,True,False,True,False,False,612.0,792.0,3854,"7500 140^ D6.0 BTR 20-3L ISLAMABAD INTL ISLAMABAD, PAKISTAN Apt Elev 1761 ISLAMABAD Departure 10 FEB 23 .Eff.23.Feb. 119.65 Trans alt: 12000 OPIS/ISB 112.1 RN ISLAMABAD RN D .SID. JEPPESEN 7242 50 DEPARTURES (RWYS 28L/R)"
1621,False,,OPIS,False,,False,,,SID,SID,98,REVIEW,True,unindexed_chart_candidate,printed_SID_header,True,False,True,False,False,612.0,792.0,17363,"270^ JEPPESEN 20-3M ISLAMABAD INTL ISLAMABAD, PAKISTAN .SID. 50 16 JUN 23 OPIS/ISB 112.1 RN ISLAMABAD RN D 4.0% V/V (fpm) 304 405 608 810 1013 1215 Gnd speed-KT 75 100 150 200"
1622,False,,OPIS,False,,False,,,SID,SID,98,REVIEW,True,unindexed_chart_candidate,printed_SID_header,True,False,True,False,False,612.0,792.0,15482,"270^ JEPPESEN 20-3N ISLAMABAD INTL ISLAMABAD, PAKISTAN .SID. 50 16 JUN 23 OPIS/ISB 112.1 RN ISLAMABAD RN D 4.0% V/V (fpm) 304 405 608 810 1013 1215 Gnd speed-KT 75 100 150 200"
1623,False,,,False,,False,,,,,0,REVIEW,True,unindexed_page_needs_inspection,unclassified,True,False,True,False,False,612.0,792.0,7271,Apt Elev JEPPESEN Clearance Ground Tower Departure 126.2 130.6 Elev 10L 098^ 10R 098^ Elev 1733' Elev 1736' A A B L K K C
1624,False,,,False,,False,,,,,0,REVIEW,True,unindexed_page_needs_inspection,unclassified,True,True,True,False,False,612.0,792.0,6126,"20-9A JEPPESEN ISLAMABAD, PAKISTAN ISLAMABAD INTL C T P M M Q 1 2 3 4 5 6 7 8 9 10 15 16 17 18"
1625,False,,,False,,False,,,,,0,REVIEW,True,unindexed_page_needs_inspection,unclassified,True,False,True,False,False,612.0,792.0,4425,20-9S JEPPESEN 1 1 1 2 2 2 2 .EASA.AIR.OPS. 28 OCT 22 STRAIGHT-IN RWY D C B A ALS out (200') R1200m (200') R1200m (209') R1200m (219')
1626,False,,,False,,False,,,,,0,REVIEW,True,unindexed_page_needs_inspection,unclassified,True,False,True,False,False,612.0,792.0,3164,"20-9S1 JEPPESEN 1 1 1 2 2 2 2 28 OCT 22 .EASA.AIR.OPS. STRAIGHT-IN RWY D C B A ISLAMABAD, PAKISTAN ISLAMABAD INTL ALS out (200') R1200m (200') R1200m (200')"
1627,False,,,False,,False,,,APP,APP,91,REVIEW,True,unindexed_chart_candidate,instrument_approach_header,True,True,True,False,False,612.0,792.0,9827,"OP(P)-226 OP(R)-213 OP(R)-227 OP(R)-228 OP(R)-229 3000 4000 61.6 17 ISLAMABAD INTL 21-1 ISLAMABAD, PAKISTAN ILS or LOC Z Rwy 10R ISLAMABAD Approach ISLAMABAD Tower Ground 126.2 130.6 LOC IBAP 111.3 Final Apch Crs 098^"
1628,False,,,False,,False,,,APP,APP,91,REVIEW,True,unindexed_chart_candidate,instrument_approach_header,True,True,True,False,False,612.0,792.0,8612,"OP(R)-229 ISLAMABAD INTL 21-2 ISLAMABAD, PAKISTAN ILS or LOC Y Rwy 10R ISLAMABAD Approach ISLAMABAD Tower Ground 126.2 LOC IBAP 111.3 Final Apch Crs 098^ D6.0 IBAP 3700' (1967') Apt Elev 1761' 1733' Rwy MSA BTR VOR 140^ 270^ 7500"
1629,False,,,False,,False,,,APP,APP,91,REVIEW,True,unindexed_chart_candidate,instrument_approach_header,True,True,True,False,False,612.0,792.0,9179,"OP(P)-226 OP(R)-213 OP(R)-227 OP(R)-228 OP(R)-229 OP(P)-254 3000 ISLAMABAD INTL 21-3 ISLAMABAD, PAKISTAN ILS or LOC Z Rwy 28L ISLAMABAD Approach ISLAMABAD Tower Ground 126.2 Final Apch Crs 278^ 3700' (1953') DA(H) 1947'(200') Apt Elev 1761' 1747' Rwy"
1630,False,,,False,,False,,,APP,APP,70,REVIEW,True,unindexed_chart_candidate,body_approach_title,True,True,True,False,False,612.0,792.0,8119,"OP(P)-226 OP(R)-213 OP(R)-227 OP(R)-228 OP(R)-229 OP(P)-254 3000 ISLAMABAD INTL ISLAMABAD, PAKISTAN ISLAMABAD Approach ISLAMABAD Tower Ground 126.2 Final Apch Crs 278^ 3700' (1953') Apt Elev 1761' 1747' Rwy MSA BTR VOR 140^ 270^ 7500"
1631,False,,,False,,False,,,APP,APP,91,REVIEW,True,unindexed_chart_candidate,instrument_approach_header,True,False,True,False,False,612.0,792.0,7714,"170^ 1 ISLAMABAD INTL 21-4 ISLAMABAD, PAKISTAN ILS or LOC Y Rwy 28L ISLAMABAD Approach ISLAMABAD Tower Ground 126.2 LOC IBBA 108.1 Final Apch Crs 278^ D6.0 IBBA 3700' (1953') ILS DA(H) 1947'(200') MSA BTR VOR 140^ 270^"
1632,False,,,False,,False,,,APP,APP,70,REVIEW,True,unindexed_chart_candidate,body_approach_title,True,False,True,False,False,612.0,792.0,6608,"170^ 1 ISLAMABAD INTL ISLAMABAD, PAKISTAN ISLAMABAD Approach ISLAMABAD Tower Ground 126.2 LOC IBBA 108.1 Final Apch Crs 278^ D6.0 IBBA 3700' (1953') Apt Elev 1761' 1747' Rwy MSA BTR VOR 140^ 270^ 7500 4200"
1633,False,,,False,,False,,,APP,APP,91,REVIEW,True,unindexed_chart_candidate,instrument_approach_header,True,True,True,False,False,612.0,792.0,9089,"OP(P)-226 OP(R)-213 OP(R)-227 OP(R)-228 OP(R)-229 OP(P)-254 3000 ISLAMABAD INTL 21-5 ISLAMABAD, PAKISTAN ILS or LOC Z Rwy 28R ISLAMABAD Approach ISLAMABAD Tower Ground 126.2 Final Apch Crs 278^ 3700' (1950') DA(H) 1950'(200') MSA BTR VOR 140^ 270^"
1634,False,,,False,,False,,,APP,APP,91,REVIEW,True,unindexed_chart_candidate,instrument_approach_header,True,False,True,False,False,612.0,792.0,8008,"170^ 1 ISLAMABAD INTL 21-6 ISLAMABAD, PAKISTAN ILS or LOC Y Rwy 28R ISLAMABAD Approach ISLAMABAD Tower Ground 126.2 LOC IBIP 110.7 Final Apch Crs 278^ D6.0 IBIP 3700' (1950') ILS DA(H) 1950'(200') MSA BTR VOR 140^ 270^"
1635,False,,,False,,False,,,APP,APP,70,REVIEW,True,unindexed_chart_candidate,body_approach_title,True,True,True,False,False,612.0,792.0,8563,"OP(P)-226 OP(R)-213 OP(R)-227 OP(R)-228 OP(R)-229 3000 4000 ISLAMABAD INTL 22-1 ISLAMABAD, PAKISTAN ISLAMABAD Approach ISLAMABAD Tower Ground 126.2 Final Apch Crs 098^ 3700' (1964') DA(H) 2055'(319') 140^ 270^ 7500 4200"
1636,False,,,False,,False,,,APP,APP,70,REVIEW,True,unindexed_chart_candidate,body_approach_title,True,True,True,False,False,612.0,792.0,8342,"OP(P)-226 OP(R)-213 OP(R)-227 OP(R)-228 OP(R)-229 3000 4000 ISLAMABAD INTL 22-2 ISLAMABAD, PAKISTAN ISLAMABAD Approach ISLAMABAD Tower Ground 126.2 Final Apch Crs 098^ 3700' (1967') DA(H) 2055'(322') 140^ 270^ 7500 4200"
1637,False,,,False,,False,,,APP,APP,70,REVIEW,True,unindexed_chart_candidate,body_approach_title,True,True,True,False,False,612.0,792.0,8195,"OP(P)-226 OP(P)-254 OP(R)-213 OP(R)-227 OP(R)-228 OP(R)-229 3000 ISLAMABAD INTL 22-3 ISLAMABAD, PAKISTAN ISLAMABAD Approach ISLAMABAD Tower Ground 126.2 Final Apch Crs 278^ 3700' (1953') DA(H) 2065'(318') 140^ 270^ 7500 4200"
1638,False,,,False,,False,,,APP,APP,70,REVIEW,True,unindexed_chart_candidate,body_approach_title,True,True,True,False,False,612.0,792.0,8048,"OP(P)-226 OP(R)-213 OP(R)-227 OP(R)-228 OP(R)-229 OP(P)-254 3000 ISLAMABAD INTL 22-4 ISLAMABAD, PAKISTAN ISLAMABAD Approach ISLAMABAD Tower Ground 126.2 Final Apch Crs 278^ 3700' (1950') DA(H) 2065'(315') 140^ 270^ 7500 4200"
1639,False,,,False,,False,,,APP,APP,70,REVIEW,True,unindexed_chart_candidate,body_approach_title,True,True,True,False,False,612.0,792.0,7363,"098^ OP(R)-229 ISLAMABAD INTL 23-1 ISLAMABAD, PAKISTAN ISLAMABAD Approach ISLAMABAD Tower Ground 126.2 VOR BTR 114.6 Final Apch Crs 098^ 3700' (1964') 2170'(434') Apt Elev 1761' 1736' Rwy MSA BTR VOR 140^ 270^ 7500 4200"
1640,False,,,False,,False,,,APP,APP,70,REVIEW,True,unindexed_chart_candidate,body_approach_title,True,True,True,False,False,612.0,792.0,7720,"097^ OP(R)-229 ISLAMABAD INTL 23-2 ISLAMABAD, PAKISTAN ISLAMABAD Approach ISLAMABAD Tower Ground 126.2 VOR BTR 114.6 Final Apch Crs 097^ 3700' 2170'(437') Apt Elev 1761' 1733' Rwy MSA BTR VOR 140^ 270^ 7500"
1641,False,,,False,,False,,,APP,APP,70,REVIEW,True,unindexed_chart_candidate,body_approach_title,True,False,True,False,False,612.0,792.0,6365,"170^ 1 ISLAMABAD INTL 23-3 ISLAMABAD, PAKISTAN ISLAMABAD Approach ISLAMABAD Tower Ground 126.2 VOR BTR 114.6 Final Apch Crs 278^ 3700' (1953') 2180' (433') MSA BTR VOR 140^ 270^ 7500 4200 MISSED APCH: BRIEFING STRIP TM"
1642,False,,,False,,False,,,APP,APP,70,REVIEW,True,unindexed_chart_candidate,body_approach_title,True,False,True,False,False,612.0,792.0,6679,"170^ 1 ISLAMABAD INTL 23-4 ISLAMABAD, PAKISTAN ISLAMABAD Approach ISLAMABAD Tower Ground 126.2 VOR BTR 114.6 Final Apch Crs 278^ 3700' (1950') 2180'(430') Apt Elev 1761' 1750' Rwy MSA BTR VOR 140^ 270^ 7500 4200"
