page,airport,printedHeaderICAO,headerOwnerMismatch,category,plate,name,baseline,georefKeyVerified,previousGeoRecordsOnPage,jeppPrintedGrid,jeppNotToScaleMention,jeppARPTextMention,jeppVORTextMention,jeppNDBTextMention,jeppRadialLabels,jeppDmeLabelsNm,officialAipUrl,jeppApproximateAnchorFound,candidateResult,vectorMethod,vectorGridResidualPdfPoints,vectorControlCount,maskCount,vectorFailure,userTestStatus,approvedForApp
9,OIAA,OIAA,False,ADC,10-9,Airport Diagram Chart (ADC),EXISTING_MATCHED,True,1,True,False,True,True,True,141,,,True,NOT_ATTEMPTED,,,,,,,False
10,OIAA,OIAA,False,APP,11-1,ILS Z RWY 32L,EXISTING_MATCHED,True,1,True,False,False,True,False,120;150;240;318,0.6;3.0;5.0;10.0,,True,NOT_ATTEMPTED,,,,,,,False
11,OIAA,OIAA,False,APP,11-2,ILS Y RWY 32L,EXISTING_MATCHED,True,1,True,False,False,True,False,120;138;150;240;318,0.6;3.0;5.0;10.0;15.0,,True,NOT_ATTEMPTED,,,,,,,False
12,OIAA,OIAA,False,APP,13-1,VOR Z RWY 14R,EXISTING_MATCHED,True,1,True,True,False,True,False,022;150;260;300,0.8;5.0;10.0;15.0,,True,NOT_ATTEMPTED,,,,,,,False
13,OIAA,OIAA,False,APP,13-2,VOR Y RWY 14R,EXISTING_MATCHED,True,1,True,False,False,True,False,023;260;300,0.8;3.0;8.0,,True,NOT_ATTEMPTED,,,,,,,False
14,OIAA,OIAA,False,APP,13-3,VOR X RWY 14R,EXISTING_MATCHED,True,1,True,False,False,True,False,023;150;260;300,,,True,NOT_ATTEMPTED,,,,,,,False
15,OIAA,OIAA,False,APP,13-4,VOR Z RWY 32L,EXISTING_MATCHED,True,1,True,False,False,True,False,150;240;318,1.5;5.0;10.0,,True,NOT_ATTEMPTED,,,,,,,False
16,OIAA,OIAA,False,APP,13-5,VOR Y RWY 32L,EXISTING_MATCHED,True,1,True,False,False,True,False,150;240;318,1.5;5.0;10.0;15.0;24,,True,NOT_ATTEMPTED,,,,,,,False
17,OIAA,OIAA,False,APP,13-6,VOR X RWY 32L,EXISTING_MATCHED,True,1,True,False,False,True,False,150;240;318,,,True,NOT_ATTEMPTED,,,,,,,False
18,OIAA,OIAA,False,APP,16-1,NDB RWY 14R,EXISTING_MATCHED,True,1,True,True,False,False,True,150;260;300,0.8;5.0;10.0;15.0,,True,NOT_ATTEMPTED,,,,,,,False
22,OIAM,OIAM,False,ADC,10-9,Airport Diagram Chart (ADC),EXISTING_MATCHED,True,1,True,False,True,True,False,,,,True,NOT_ATTEMPTED,,,,,,,False
23,OIAM,OIAM,False,APP,13-1,VOR DME RWY 13,EXISTING_MATCHED,True,1,True,False,False,True,False,,1.0;3.0;8.0;13.0,,True,NOT_ATTEMPTED,,,,,,,False
24,OIAM,OIAM,False,APP,13-2,VOR DME RWY 31,EXISTING_MATCHED,True,1,True,False,False,True,False,,1.0;3.0;8.0;13.0,,True,NOT_ATTEMPTED,,,,,,,False
25,OIAM,OIAM,False,APP,13-3,VOR RWY 31 (CAT C & D),EXISTING_MATCHED,True,1,True,False,False,True,False,300,,,True,NOT_ATTEMPTED,,,,,,,False
26,OIAM,OIAM,False,APP,13-4,VOR RWY 31 (CAT A & B),EXISTING_MATCHED,True,1,True,False,False,True,False,300,,,True,NOT_ATTEMPTED,,,,,,,False
38,OIAW,OIAW,False,ADC,10-9,Airport Diagram Chart (ADC),EXISTING_MATCHED,True,1,True,False,True,True,True,,,,True,NOT_ATTEMPTED,,,,,,,False
41,OIAW,OIAW,False,APP,11-1,ILS Z OR LOC Z RWY 30,EXISTING_MATCHED,True,1,True,False,False,True,False,130;150;200;304,0.8;4.0;10.0,,True,NOT_ATTEMPTED,,,,,,,False
42,OIAW,OIAW,False,APP,11-2,ILS Y OR LOC Y RWY 30,EXISTING_MATCHED,True,1,True,False,False,True,False,124;130;150;200,0.8;4.0;10.0;13.0,,True,NOT_ATTEMPTED,,,,,,,False
43,OIAW,OIAW,False,APP,11-3,ILS X OR LOC X RWY 30,EXISTING_MATCHED,True,1,True,False,False,True,False,130;150;200;304,0.8;4.0,,True,NOT_ATTEMPTED,,,,,,,False
44,OIAW,OIAW,False,APP,13-1,VOR Z RWY 12,EXISTING_MATCHED,True,1,True,False,False,True,False,119;180;230,2.0;4.0;9.0,,True,NOT_ATTEMPTED,,,,,,,False
45,OIAW,OIAW,False,APP,13-2,VOR Y RWY 12,EXISTING_MATCHED,True,1,True,False,False,True,False,180;230,2.0;4.0;9.0;13.0,,True,NOT_ATTEMPTED,,,,,,,False
46,OIAW,OIAW,False,APP,13-3,VOR X RWY 12,EXISTING_MATCHED,True,1,True,False,False,True,False,119;150;240,,,True,NOT_ATTEMPTED,,,,,,,False
47,OIAW,OIAW,False,APP,13-4,VOR Z RWY 30,EXISTING_MATCHED,True,1,True,False,False,True,False,120;190;304,2.0;3.0;5.0;8.0,,True,NOT_ATTEMPTED,,,,,,,False
48,OIAW,OIAW,False,APP,13-5,VOR Y RWY 30,EXISTING_MATCHED,True,1,True,False,False,True,False,120;190,2.0;3.0;5.0;8.0;13.0,,True,NOT_ATTEMPTED,,,,,,,False
49,OIAW,OIAW,False,APP,13-6,VOR X RWY 30,EXISTING_MATCHED,True,1,True,False,False,True,False,150;240;304,,,True,NOT_ATTEMPTED,,,,,,,False
50,OIAW,OIAW,False,APP,16-1,NDB RWY 12,EXISTING_MATCHED,True,1,True,False,False,False,True,150;180;230,,,True,NOT_ATTEMPTED,,,,,,,False
51,OIAW,OIAW,False,APP,16-2,NDB RWY 30,EXISTING_MATCHED,True,1,True,False,False,False,True,150;160;240,,,True,NOT_ATTEMPTED,,,,,,,False
55,OIBA,OIBA,False,ADC,10-9,Airport Diagram Chart (ADC),EXISTING_MATCHED,True,1,True,False,True,False,True,,,,True,NOT_ATTEMPTED,,,,,,,False
56,OIBA,OIBA,False,APP,16-1,NDB Z RWY 08 CAT A & B,EXISTING_MATCHED,True,1,True,False,False,False,True,150,1.0;7.0,,True,NOT_ATTEMPTED,,,,,,,False
57,OIBA,OIBA,False,APP,16-2,NDB Y RWY 08,EXISTING_MATCHED,True,1,True,False,False,False,True,240,1.0;7.0,,True,NOT_ATTEMPTED,,,,,,,False
58,OIBA,OIBA,False,APP,16-3,NDB X RWY 08,EXISTING_MATCHED,True,1,True,False,False,False,True,150,,,True,NOT_ATTEMPTED,,,,,,,False
59,OIBA,OIBA,False,APP,16-4,NDB Z RWY 26 CAT A & B,EXISTING_MATCHED,True,1,True,False,False,False,True,150,1.0;5.0;10.0,,True,NOT_ATTEMPTED,,,,,,,False
60,OIBA,OIBA,False,APP,16-5,NDB Y RWY 26,EXISTING_MATCHED,True,1,True,False,False,False,True,240,1.0;5.0;10.0,,True,NOT_ATTEMPTED,,,,,,,False
61,OIBA,OIBA,False,APP,16-6,NDB X RWY 26,EXISTING_MATCHED,True,1,True,False,False,False,True,,,,True,NOT_ATTEMPTED,,,,,,,False
62,OIBA,OIBA,False,APP,16-7,NDB A,EXISTING_MATCHED,True,1,True,False,False,False,True,,,,True,NOT_ATTEMPTED,,,,,,,False
71,OIBB,OIBB,False,ADC,10-9,Airport Diagram Chart (ADC),NEEDS_GEOREF,False,0,True,False,True,True,True,129;309,,,True,VECTOR_GEOMETRY_REJECTED_PENDING_AIP_CONTROL,,,,,"Invalid affine fit: rank 3, residual 38.648",,False
74,OIBB,OIBB,False,APP,11-1,ILS RWY 31R,EXISTING_MATCHED,True,1,True,False,False,True,False,120;150;190;240,0.6;3.5;4.8;10.0;13;15.0,,True,NOT_ATTEMPTED,,,,,,,False
75,OIBB,OIBB,False,APP,13-1,VOR DME 2 RWY 13L,EXISTING_MATCHED,True,1,True,False,False,True,False,122;150;240,2;5.0;10.0;31,,True,NOT_ATTEMPTED,,,,,,,False
76,OIBB,OIBB,False,APP,13-2,VOR RWY 13L,EXISTING_MATCHED,True,1,True,False,False,True,False,200;240,,,True,NOT_ATTEMPTED,,,,,,,False
77,OIBB,OIBB,False,APP,13-3,VOR RWY 13L,EXISTING_MATCHED,True,1,True,False,False,True,False,128;250;290,1,,True,NOT_ATTEMPTED,,,,,,,False
78,OIBB,OIBB,False,APP,13-4,VOR DME 1 RWY 31L,EXISTING_MATCHED,True,1,True,False,False,True,False,180;210;250,1;3.0;5.0;10.0;13;15.0,,True,NOT_ATTEMPTED,,,,,,,False
79,OIBB,OIBB,False,APP,13-5,VOR RWY 31L CAT C & D,EXISTING_MATCHED,True,1,True,False,False,True,False,180;210;240,,,True,NOT_ATTEMPTED,,,,,,,False
80,OIBB,OIBB,False,APP,13-6,VOR RWY 31L CAT A & B,EXISTING_MATCHED,True,1,True,False,False,True,False,115;180;210;250,1,,True,NOT_ATTEMPTED,,,,,,,False
81,OIBB,OIBB,False,APP,16-1,NDB RWY 13L,EXISTING_MATCHED,True,1,True,False,False,False,True,250;290,,,True,NOT_ATTEMPTED,,,,,,,False
82,OIBB,OIBB,False,APP,16-2,NDB RWY 13L,EXISTING_MATCHED,True,1,True,False,False,False,True,250;290,1,,True,NOT_ATTEMPTED,,,,,,,False
83,OIBB,OIBB,False,APP,16-3,NDB RWY 31L,EXISTING_MATCHED,True,1,True,False,False,False,True,180;210;250,,,True,NOT_ATTEMPTED,,,,,,,False
84,OIBB,OIBB,False,APP,16-4,NDB RWY 31L,EXISTING_MATCHED,True,1,True,False,False,False,True,180;210;250,1,,True,NOT_ATTEMPTED,,,,,,,False
95,OIBK,OIBK,False,ADC,10-9,Airport Diagram Chart (ADC),EXISTING_MATCHED,True,1,True,False,True,True,False,300,1,,True,NOT_ATTEMPTED,,,,,,,False
96,OIBK,OIBK,False,AIRPORT_LAYOUT,10-9A,PARKING STANDS & COORDS,EXISTING_MATCHED,True,1,True,False,False,False,False,100;104;108,1,,True,NOT_ATTEMPTED,,,,,,,False
98,OIBK,OIBK,False,APP,11-1,ILS Z OR LOC Z RWY 09R,EXISTING_MATCHED,True,1,True,False,False,True,False,120;121;140;150;210,0.7;3.0;5.6;10.0;10.6,,True,NOT_ATTEMPTED,,,,,,,False
99,OIBK,OIBK,False,APP,11-2,ILS Y OR LOC Y RWY 09R,EXISTING_MATCHED,True,1,True,False,False,True,False,120;140;150;210,0.7;3.0;5.6;10.0;10.6,,True,NOT_ATTEMPTED,,,,,,,False
100,OIBK,OIBK,False,APP,13-1,VOR Z RWY 09L,EXISTING_MATCHED,True,1,True,False,False,True,False,092;140;150;210,5.0;10.0,,True,NOT_ATTEMPTED,,,,,,,False
101,OIBK,OIBK,False,APP,13-2,VOR Y RWY 09L,EXISTING_MATCHED,True,1,True,False,False,True,False,092;140;150;210,5.0;10.0,,True,NOT_ATTEMPTED,,,,,,,False
102,OIBK,OIBK,False,APP,13-3,VOR Z RWY 09R,EXISTING_MATCHED,True,1,True,False,False,True,False,092;140;150;210,5.0;10.0,,True,NOT_ATTEMPTED,,,,,,,False
103,OIBK,OIBK,False,APP,13-4,VOR Y RWY 09R,EXISTING_MATCHED,True,1,True,False,False,True,False,092;140;150;210,5.0;10.0,,True,NOT_ATTEMPTED,,,,,,,False
104,OIBK,OIBK,False,APP,13-5,VOR Z RWY 27L,EXISTING_MATCHED,True,1,True,False,False,True,False,091;150;170;240,2.5;6.0;11.0;15.0,,True,NOT_ATTEMPTED,,,,,,,False
105,OIBK,OIBK,False,APP,13-6,VOR Y RWY 27L,EXISTING_MATCHED,True,1,True,False,False,True,False,150;170;240;270,2.5;6.0;11.0,,True,NOT_ATTEMPTED,,,,,,,False
106,OIBK,OIBK,False,APP,13-7,VOR Z RWY 27R,EXISTING_MATCHED,True,1,True,False,False,True,False,091;150;170;240,2.5;6.0;11.0;15.0,,True,NOT_ATTEMPTED,,,,,,,False
107,OIBK,OIBK,False,APP,13-8,VOR Y RWY 27R,EXISTING_MATCHED,True,1,True,False,False,True,False,150;170;240;270,2.5;6.0;11.0,,True,NOT_ATTEMPTED,,,,,,,False
118,OIBL,OIBL,False,ADC,10-9,Airport Diagram Chart (ADC),NEEDS_GEOREF,False,0,True,False,True,False,True,,,https://ais.airport.ir/documents/452631/186839484/OIBL.pdf,True,VECTOR_GEOMETRY_REJECTED_PENDING_AIP_CONTROL,,,,,Conformal scale derivation falls outside the plan view,SUCCESSFUL_USER_ADC_MARKER_TEST,False
120,OIBL,OIBL,False,APP,13-1,VOR DME RWY 08,EXISTING_MATCHED,True,1,True,False,False,True,False,259,3.0;5.0;7.0;12.0;15.0;26,https://ais.airport.ir/documents/452631/186839484/OIBL.pdf,True,NOT_ATTEMPTED,,,,,,,False
121,OIBL,OIBL,False,APP,13-2,VOR DME RWY 26,EXISTING_MATCHED,True,1,True,False,False,True,False,075,3.0;11.0;26,https://ais.airport.ir/documents/452631/186839484/OIBL.pdf,True,NOT_ATTEMPTED,,,,,,,False
122,OIBL,OIBL,False,APP,13-3,VOR RWY 26,EXISTING_MATCHED,True,1,True,False,False,True,False,250,,https://ais.airport.ir/documents/452631/186839484/OIBL.pdf,True,NOT_ATTEMPTED,,,,,,,False
123,OIBL,OIBL,False,APP,16-1,NDB RWY 08 CAT C & D,EXISTING_MATCHED,True,1,True,False,False,False,True,,,https://ais.airport.ir/documents/452631/186839484/OIBL.pdf,True,NOT_ATTEMPTED,,,,,,,False
124,OIBL,OIBL,False,APP,16-2,NDB RWY 26,EXISTING_MATCHED,True,1,True,False,False,False,True,,,https://ais.airport.ir/documents/452631/186839484/OIBL.pdf,True,NOT_ATTEMPTED,,,,,,,False
125,OIBL,OIBL,False,APP,16-3,APPROACH 16-3,EXISTING_MATCHED,True,1,True,False,False,False,True,,,https://ais.airport.ir/documents/452631/186839484/OIBL.pdf,True,NOT_ATTEMPTED,,,,,,,False
131,OIBP,OIBP,False,ADC,10-9,Airport Diagram Chart (ADC),NEEDS_GEOREF,False,0,True,False,True,True,True,300,,,True,VECTOR_GEOMETRY_REJECTED_PENDING_AIP_CONTROL,,,,,"Invalid affine fit: rank 3, residual 4.681",,False
132,OIBP,OIBP,False,APP,11-1,ILS Z OR LOC Z RWY 31,EXISTING_MATCHED,True,1,True,False,False,True,False,120;300,0.7;5.0;10.5;14.0;21.0,,True,NOT_ATTEMPTED,,,,,,,False
133,OIBP,OIBP,False,APP,11-2,ILS Y OR LOC Y RWY 31,EXISTING_MATCHED,True,1,True,False,False,True,False,120,0.7;5.0;8.0;10.0,,True,NOT_ATTEMPTED,,,,,,,False
134,OIBP,OIBP,False,APP,13-1,VOR Z RWY 31,EXISTING_MATCHED,True,1,True,False,False,True,False,300,7.0;9.0;14.0;21.0,,True,NOT_ATTEMPTED,,,,,,,False
135,OIBP,OIBP,False,APP,13-2,VOR Y RWY 31,EXISTING_MATCHED,True,1,True,False,False,True,False,300,7.0;9.0;14.0;15.0;16,,True,NOT_ATTEMPTED,,,,,,,False
136,OIBP,OIBP,False,APP,13-3,CHART PAGE 107,EXISTING_MATCHED,True,1,True,False,False,True,False,,6.0;8.0,,True,NOT_ATTEMPTED,,,,,,,False
137,OIBP,OIBP,False,APP,13-4,CHART PAGE 108,EXISTING_MATCHED,True,1,True,False,False,True,False,125,3;3.0;9.0;15.0;21.0,,True,NOT_ATTEMPTED,,,,,,,False
138,OIBP,OIBP,False,APP,13-5,CHART PAGE 109,EXISTING_MATCHED,True,1,True,False,False,True,False,125,3.0;8.0;13.0,,True,NOT_ATTEMPTED,,,,,,,False
139,OIBP,OIBP,False,APP,16-1,NDB RWY 13,EXISTING_MATCHED,True,1,True,False,False,False,True,130;150;200,,,True,NOT_ATTEMPTED,,,,,,,False
140,OIBP,OIBP,False,APP,16-2,NDB RWY 31,EXISTING_MATCHED,True,1,True,False,False,False,True,150;240,27,,True,NOT_ATTEMPTED,,,,,,,False
150,OIBQ,OIBQ,False,ADC,10-9,Airport Diagram Chart (ADC),EXISTING_MATCHED,True,1,True,False,True,True,True,,,,True,NOT_ATTEMPTED,,,,,,,False
151,OIBQ,OIBQ,False,APP,13-1,VOR RWY 13,EXISTING_MATCHED,True,1,True,False,False,True,False,135;180;220;240,,,True,NOT_ATTEMPTED,,,,,,,False
152,OIBQ,OIBQ,False,APP,13-2,VOR RWY 13 CAT A & B,EXISTING_MATCHED,True,1,True,False,False,True,False,135;180;220;260,,,True,NOT_ATTEMPTED,,,,,,,False
153,OIBQ,OIBQ,False,APP,13-3,APPROACH 13-3,EXISTING_MATCHED,True,1,True,False,False,True,False,050;150;180;220,1;2.0;3.00;5.0;12.0;15.0,,True,NOT_ATTEMPTED,,,,,,,False
154,OIBQ,OIBQ,False,APP,13-4,APPROACH 13-4,EXISTING_MATCHED,True,1,True,False,False,True,False,180;220;312,2.0;2;3.00;5.0;12.0,,True,NOT_ATTEMPTED,,,,,,,False
155,OIBQ,OIBQ,False,APP,13-5,APPROACH 13-5,EXISTING_MATCHED,True,1,True,False,False,True,False,180;220;312,2;2.0;5.0;12.0,,True,NOT_ATTEMPTED,,,,,,,False
156,OIBQ,OIBQ,False,APP,13-6,VOR RWY 31,EXISTING_MATCHED,True,1,True,False,False,True,False,180;220;240;312,,,True,NOT_ATTEMPTED,,,,,,,False
157,OIBQ,OIBQ,False,APP,13-7,VOR RWY 31 CAT A & B,EXISTING_MATCHED,True,1,True,False,False,True,False,180;220;260;312,,,True,NOT_ATTEMPTED,,,,,,,False
158,OIBQ,OIBQ,False,APP,13-8,APPROACH 13-8,EXISTING_MATCHED,True,1,True,False,False,True,False,180;220,1;1.0;5.0;10.0;15.0,,True,NOT_ATTEMPTED,,,,,,,False
159,OIBQ,OIBQ,False,APP,13-9,APPROACH 13-9,EXISTING_MATCHED,True,1,True,False,False,True,False,133;180;220,1.0;2;5.0;10.0,,True,NOT_ATTEMPTED,,,,,,,False
160,OIBQ,OIBQ,False,APP,16-1,NDB RWY 13,EXISTING_MATCHED,True,1,True,False,False,False,True,240,,,True,NOT_ATTEMPTED,,,,,,,False
161,OIBQ,OIBQ,False,APP,16-2,NDB RWY 13 CAT A & B,EXISTING_MATCHED,True,1,True,False,False,False,True,150,,,True,NOT_ATTEMPTED,,,,,,,False
162,OIBQ,OIBQ,False,APP,16-3,NDB RWY 31,EXISTING_MATCHED,True,1,True,False,False,False,True,240,,,True,NOT_ATTEMPTED,,,,,,,False
163,OIBQ,OIBQ,False,APP,16-4,NDB RWY 31 CAT A & B,EXISTING_MATCHED,True,1,True,False,False,False,True,150,,,True,NOT_ATTEMPTED,,,,,,,False
169,OIBS,OIBS,False,ADC,10-9,Airport Diagram Chart (ADC),EXISTING_MATCHED,True,1,True,False,True,True,True,,,,True,NOT_ATTEMPTED,,,,,,,False
170,OIBS,OIBS,False,APP,13-1,VOR DME RWY 12,EXISTING_MATCHED,True,1,True,False,False,True,False,138;150;240;318,1.4;5.0;10.0;12.0;25,,True,NOT_ATTEMPTED,,,,,,,False
171,OIBS,OIBS,False,APP,13-2,VOR DME RWY 30,EXISTING_MATCHED,True,1,True,False,False,True,False,150;240;280,1.8;6.0,,True,NOT_ATTEMPTED,,,,,,,False
172,OIBS,OIBS,False,APP,16-1,NDB RWY 30,EXISTING_MATCHED,True,1,True,False,False,False,True,150;300;320,,,True,NOT_ATTEMPTED,,,,,,,False
176,OIBV,OIBV,False,ADC,10-9,Airport Diagram Chart (ADC),EXISTING_MATCHED,True,1,True,False,True,True,False,,,,True,NOT_ATTEMPTED,,,,,,,False
177,OIBV,OIBV,False,APP,13-1,VOR RWY 29,EXISTING_MATCHED,True,1,True,False,False,True,False,063;150;240;243;289,1.0;5.0;12.0;15.0,,True,NOT_ATTEMPTED,,,,,,,False
178,OIBV,OIBV,False,APP,16-1,NDB RWY 29,EXISTING_MATCHED,True,1,True,False,False,False,True,240;280,,,True,NOT_ATTEMPTED,,,,,,,False
195,OICC,OICC,False,ADC,10-9,Airport Diagram Chart (ADC),EXISTING_MATCHED,True,1,True,False,True,True,True,112;148;292;294,,,True,NOT_ATTEMPTED,,,,,,,False
196,OICC,OICC,False,AIRPORT_LAYOUT,10-9A,INS COORDINATES,EXISTING_MATCHED,True,1,True,False,False,False,False,101,,,True,NOT_ATTEMPTED,,,,,,,False
198,OICC,OICC,False,ADC,10-9,Airport Diagram Chart (ADC),EXISTING_MATCHED,True,1,True,False,False,True,False,112;130;150;240;259;280,0.8;4.0;7.0;12.0;17.0,,True,NOT_ATTEMPTED,,,,,,,False
199,OICC,OICC,False,ADC,10-9,Airport Diagram Chart (ADC),EXISTING_MATCHED,True,1,True,False,False,False,True,130;150;240,0.8;4.0;7.0;12.0;18.0,,True,NOT_ATTEMPTED,,,,,,,False
200,OICC,OICC,False,ADC,10-9,Airport Diagram Chart (ADC),EXISTING_MATCHED,True,1,True,False,False,True,False,110;150;240;265;280,1.0;3.0;6.0;11;11.0;17.0,,True,NOT_ATTEMPTED,,,,,,,False
201,OICC,OICC,False,ADC,10-9,Airport Diagram Chart (ADC),EXISTING_MATCHED,True,1,True,False,False,True,False,112,3.0;5.0;7.0;12.0;18.0,,True,NOT_ATTEMPTED,,,,,,,False
202,OICC,OICC,False,ADC,10-9,Airport Diagram Chart (ADC),EXISTING_MATCHED,True,1,True,False,False,False,True,150;240,1.0;3.0;7.0;12.0;18.0,,True,NOT_ATTEMPTED,,,,,,,False
203,OICC,OICC,False,ADC,10-9,Airport Diagram Chart (ADC),EXISTING_MATCHED,True,1,True,False,False,False,True,,2.0;5.0;8.0;13.0;19.0,,True,NOT_ATTEMPTED,,,,,,,False
204,OICC,OICC,False,ADC,10-9,Airport Diagram Chart (ADC),EXISTING_MATCHED,True,1,True,False,False,False,True,,4,,True,NOT_ATTEMPTED,,,,,,,False
205,OICC,OICC,False,ADC,10-9,Airport Diagram Chart (ADC),EXISTING_MATCHED,True,1,True,False,False,False,True,,4,,True,NOT_ATTEMPTED,,,,,,,False
211,OICI,OICI,False,ADC,10-9,Airport Diagram Chart (ADC),NEEDS_GEOREF,False,0,True,False,True,True,False,,,,True,VECTOR_GEOMETRY_REJECTED_PENDING_AIP_CONTROL,,,,,No measured latitude/longitude grid could be resolved,,False
212,OICI,OICI,False,APP,11-1,ILS Z RWY 32,NEEDS_GEOREF,False,0,True,True,False,True,False,115;130;320;335,0.7;2.0;4.0;6.0;8.0;10.7;16.0,,True,NOT_TO_SCALE_REQUIRES_SPECIFIC_PLAN_VIEW_REGION_QA,,,,,,,False
213,OICI,OICI,False,APP,11-1,ILS Z RWY 32,NEEDS_GEOREF,False,0,True,False,True,False,False,140,0.8;6.0;10.7,,True,VECTOR_GEOMETRY_REJECTED_PENDING_AIP_CONTROL,,,,,"Invalid affine fit: rank 3, residual 2.343",,False
214,OICI,OICI,False,APP,11-2,ILS Y RWY 32,NEEDS_GEOREF,False,0,True,True,False,True,False,115;130;320;335,0.7;2.0;4.0;6.0;8.0;10.7;13;16.0;18.0,,True,NOT_TO_SCALE_REQUIRES_SPECIFIC_PLAN_VIEW_REGION_QA,,,,,,,False
215,OICI,OICI,False,APP,13-1,VOR A,EXISTING_MATCHED,True,1,True,False,False,True,False,115;319;335,1.2;8.0;16.0,,True,NOT_ATTEMPTED,,,,,,,False
216,OICI,OICI,False,APP,13-2,VOR B,EXISTING_MATCHED,True,1,True,False,False,True,False,115;160;335,7.0;12.0,,True,NOT_ATTEMPTED,,,,,,,False
221,OICK,OICK,False,ADC,10-9,Airport Diagram Chart (ADC),NEEDS_GEOREF,False,0,True,False,True,True,False,,,,True,VECTOR_GEOMETRY_REJECTED_PENDING_AIP_CONTROL,,,,,"Invalid affine fit: rank 3, residual 158.406",,False
223,OICK,OICK,False,APP,11-1,APPROACH 11-1,NEEDS_GEOREF,False,0,True,True,False,True,True,109;130;274,0.6;3.7;7.5;8.5;11.0;15.0;20.0,,True,NOT_TO_SCALE_REQUIRES_SPECIFIC_PLAN_VIEW_REGION_QA,,,,,,,False
224,OICK,OICK,False,APP,13-1,VOR DME RWY 11,EXISTING_MATCHED,True,1,True,False,False,True,False,117;150;240;285,2.0;7.0;8.0;12.0;20.0;33,,True,NOT_ATTEMPTED,,,,,,,False
225,OICK,OICK,False,APP,13-2,APPROACH 13-2,EXISTING_MATCHED,True,1,True,False,False,True,False,117,2.0;7.0;8.0;15.0,,True,NOT_ATTEMPTED,,,,,,,False
226,OICK,OICK,False,APP,13-3,APPROACH 13-3,EXISTING_MATCHED,True,1,True,False,False,True,False,117;285,2.0;7.0;8.0;15.0;20.0,,True,NOT_ATTEMPTED,,,,,,,False
231,OICS,OICS,False,ADC,10-9,Airport Diagram Chart (ADC),EXISTING_MATCHED,True,1,True,False,True,True,False,,,,True,NOT_ATTEMPTED,,,,,,,False
233,OICS,OICS,False,APP,11-1,LOC RWY 19,EXISTING_MATCHED,True,1,True,False,False,True,False,013;169;185,1.0;3.0;6.0;10.0;11.0;14.0;17.0,,True,NOT_ATTEMPTED,,,,,,,False
234,OICS,OICS,False,APP,13-1,VOR RWY 19,EXISTING_MATCHED,True,1,True,False,False,True,False,013;150,3.0;5.0;8.0;11.0;14.0;17.0,,True,NOT_ATTEMPTED,,,,,,,False
236,OICZ,,False,ADC,10-9,Airport Diagram Chart (ADC),EXISTING_MATCHED,True,1,True,False,True,False,False,,,,True,NOT_ATTEMPTED,,,,,,,False
237,OICZ,,False,APP,12-1,RNP RWY 28,EXISTING_MATCHED,True,1,True,False,True,False,False,,,,True,NOT_ATTEMPTED,,,,,,,False
242,OIFE,OIFE,False,ADC,30-9,Airport Diagram Chart (ADC),EXISTING_MATCHED,True,1,True,False,True,False,True,,,,True,NOT_ATTEMPTED,,,,,,,False
243,OIFE,OIFE,False,APP,32-55,NDB Z RWY 25,EXISTING_MATCHED,True,1,True,False,False,False,True,110;150;180,1.7;7.0;9.0,,True,NOT_ATTEMPTED,,,,,,,False
244,OIFE,OIFE,False,APP,32-50,NDB Y RWY 25,EXISTING_MATCHED,True,1,True,False,False,False,True,130;150;200,,,True,NOT_ATTEMPTED,,,,,,,False
264,OIFM,OIFM,False,ADC,10-9,Airport Diagram Chart (ADC),NEEDS_GEOREF,False,0,True,False,True,True,True,074;254,,,True,VECTOR_GEOMETRY_REJECTED_PENDING_AIP_CONTROL,,,,,No measured latitude/longitude grid could be resolved,,False
268,OIFM,OIFM,False,APP,11-1,APPROACH 11-1,NEEDS_GEOREF,False,0,True,True,False,True,False,120;150;230;240;348,0.8;1;3.7;7.0;12.0;15.0;20.0,,True,NOT_TO_SCALE_REQUIRES_SPECIFIC_PLAN_VIEW_REGION_QA,,,,,,,False
269,OIFM,OIFM,False,APP,11-2,APPROACH 11-2,EXISTING_MATCHED,True,1,True,False,False,False,True,120;150;230;240,0.8;1;3.7;7.0;12.0;15.0;20.0,,True,NOT_ATTEMPTED,,,,,,,False
270,OIFM,OIFM,False,APP,13-1,VOR DME 4 RWY 07L,EXISTING_MATCHED,True,1,True,False,False,True,False,150;170;348,0.5;3.0;4;8.0;15.0,,True,NOT_ATTEMPTED,,,,,,,False
271,OIFM,OIFM,False,APP,13-2,APPROACH 13-2,NEEDS_GEOREF,False,0,True,True,False,True,False,150;170;230;348,0.5;3.0;5;9.0;15.0;23,,True,NOT_TO_SCALE_REQUIRES_SPECIFIC_PLAN_VIEW_REGION_QA,,,,,,,False
272,OIFM,OIFM,False,APP,13-3,VOR 2 RWY 07L,EXISTING_MATCHED,True,1,True,False,False,True,False,075;190;210,,,True,NOT_ATTEMPTED,,,,,,,False
273,OIFM,OIFM,False,APP,13-4,VOR 1 RWY 07L,EXISTING_MATCHED,True,1,True,False,False,True,False,075;150,,,True,NOT_ATTEMPTED,,,,,,,False
274,OIFM,OIFM,False,APP,13-5,VOR DME 6 RWY 07R,EXISTING_MATCHED,True,1,True,False,False,True,False,150;170;348,0.5;3.0;6;8.0;15.0,,True,NOT_ATTEMPTED,,,,,,,False
275,OIFM,OIFM,False,APP,13-6,APPROACH 13-6,NEEDS_GEOREF,False,0,True,True,False,True,False,150;170;348,1.0;4.0;7;9.0;15.0,,True,NOT_TO_SCALE_REQUIRES_SPECIFIC_PLAN_VIEW_REGION_QA,,,,,,,False
276,OIFM,OIFM,False,APP,13-7,APPROACH 13-7,NEEDS_GEOREF,False,0,True,False,False,True,False,100;170;348,1;2;3.5;5.0;7.0;10.0;15.0;20.0,,True,VECTOR_GEOMETRY_REJECTED_PENDING_AIP_CONTROL,,,,,"Invalid affine fit: rank 3, residual 4.240",,False
277,OIFM,OIFM,False,APP,13-8,CHART PAGE 182,EXISTING_MATCHED,True,1,True,False,False,True,False,100;170;348,1;2;3.5;5.0;7.0;10.0;15.0;20.0,,True,NOT_ATTEMPTED,,,,,,,False
278,OIFM,OIFM,False,APP,13-9,VOR RWY 25L CAT C & D,EXISTING_MATCHED,True,1,True,False,False,True,False,180;190;240;300,1,,True,NOT_ATTEMPTED,,,,,,,False
279,OIFM,OIFM,False,APP,13-10,CHART PAGE 184,EXISTING_MATCHED,True,1,True,False,False,True,False,300,,,True,NOT_ATTEMPTED,,,,,,,False
280,OIFM,OIFM,False,APP,16-1,APPROACH 16-1,NEEDS_GEOREF,False,0,True,True,False,False,True,180;200,0.5;2;3.0;4;8.0;15.0,,True,NOT_TO_SCALE_REQUIRES_SPECIFIC_PLAN_VIEW_REGION_QA,,,,,,,False
281,OIFM,OIFM,False,APP,16-2,APPROACH 16-2,NEEDS_GEOREF,False,0,True,True,False,False,True,180;200,0.5;1;3;3.0;8.0;15.0,,True,NOT_TO_SCALE_REQUIRES_SPECIFIC_PLAN_VIEW_REGION_QA,,,,,,,False
282,OIFM,OIFM,False,APP,16-3,APPROACH 16-3,EXISTING_MATCHED,True,1,True,False,False,False,True,310,,,True,NOT_ATTEMPTED,,,,,,,False
283,OIFM,OIFM,False,APP,16-4,APPROACH 16-4,EXISTING_MATCHED,True,1,True,False,False,False,True,150,,,True,NOT_ATTEMPTED,,,,,,,False
285,OIFP,,False,ADC,20-9,Airport Diagram Chart (ADC),EXISTING_MATCHED,True,1,True,False,True,False,False,,,,True,NOT_ATTEMPTED,,,,,,,False
299,OIFS,OIFS,False,ADC,10-9,Airport Diagram Chart (ADC),NEEDS_GEOREF,False,0,True,False,True,True,True,,,,True,VECTOR_GEOMETRY_REJECTED_PENDING_AIP_CONTROL,,,,,"Invalid affine fit: rank 3, residual 5.484",,False
300,OIFS,OIFS,False,APP,13-1,VOR DME RWY 14,EXISTING_MATCHED,True,1,True,False,False,True,False,150;240;324,3.0;7.0;12.0;17.0,,True,NOT_ATTEMPTED,,,,,,,False
301,OIFS,OIFS,False,APP,13-2,APPROACH 13-2,EXISTING_MATCHED,True,1,True,False,False,True,False,324,9.5;15.0;32,,True,NOT_ATTEMPTED,,,,,,,False
302,OIFS,OIFS,False,APP,13-3,APPROACH 13-3,EXISTING_MATCHED,True,1,True,False,False,True,False,324,4.5;9.5;15.0,,True,NOT_ATTEMPTED,,,,,,,False
303,OIFS,OIFS,False,APP,16-1,APPROACH 16-1,EXISTING_MATCHED,True,1,True,False,False,False,True,,,,True,NOT_ATTEMPTED,,,,,,,False
304,OIFS,OIFS,False,APP,16-2,APPROACH 16-2,EXISTING_MATCHED,True,1,True,False,False,False,True,,,,True,NOT_ATTEMPTED,,,,,,,False
324,OIGG,OIGG,False,ADC,10-9,Airport Diagram Chart (ADC),EXISTING_MATCHED,True,1,True,False,True,True,True,,,,True,NOT_ATTEMPTED,,,,,,,False
326,OIGG,OIGG,False,APP,11-1,ILS Z OR LOC Z RWY 27,EXISTING_MATCHED,True,1,True,False,False,True,False,140;150;230;270,0.9;3.0;5.0;10.0;13.0,,True,NOT_ATTEMPTED,,,,,,,False
327,OIGG,OIGG,False,APP,11-2,ILS Y OR LOC Y RWY 27,EXISTING_MATCHED,True,1,True,False,False,False,True,140;150;220,0.9;3.0;5.0;7.0,,True,NOT_ATTEMPTED,,,,,,,False
328,OIGG,OIGG,False,APP,13-1,VOR Z RWY 09,EXISTING_MATCHED,True,1,True,False,False,True,False,088;150;230,1.5;5.0;10.0,,True,NOT_ATTEMPTED,,,,,,,False
329,OIGG,OIGG,False,APP,13-2,VOR Y RWY 09,EXISTING_MATCHED,True,1,True,False,False,True,False,086;240,,,True,NOT_ATTEMPTED,,,,,,,False
330,OIGG,OIGG,False,APP,13-3,VOR Z RWY 27,EXISTING_MATCHED,True,1,True,False,False,True,False,150;230;273,1.0;5.0;10.0;13.0,,True,NOT_ATTEMPTED,,,,,,,False
331,OIGG,OIGG,False,APP,13-4,VOR Y RWY 27,EXISTING_MATCHED,True,1,True,False,False,True,False,150;230;273,,,True,NOT_ATTEMPTED,,,,,,,False
332,OIGG,OIGG,False,APP,16-1,CHART PAGE 216,EXISTING_MATCHED,True,1,True,False,False,False,True,150,,,True,NOT_ATTEMPTED,,,,,,,False
333,OIGG,OIGG,False,APP,16-2,CHART PAGE 217,EXISTING_MATCHED,True,1,True,False,False,False,True,230,,,True,NOT_ATTEMPTED,,,,,,,False
334,OIGG,OIGG,False,APP,16-3,CHART PAGE 218,EXISTING_MATCHED,True,1,True,False,False,False,True,150,,,True,NOT_ATTEMPTED,,,,,,,False
335,OIGG,OIGG,False,APP,16-4,CHART PAGE 219,EXISTING_MATCHED,True,1,True,False,False,False,True,150;220,,,True,NOT_ATTEMPTED,,,,,,,False
342,OIHH,OIHH,False,ADC,10-9,Airport Diagram Chart (ADC),NEEDS_GEOREF,False,0,True,False,True,True,True,,,https://ais.airport.ir/documents/452631/186839535/OIHH.pdf,True,VECTOR_GEOMETRY_REJECTED_PENDING_AIP_CONTROL,,,,,Conformal scale derivation falls outside the plan view,SUCCESSFUL_USER_ADC_MARKER_TEST,False
344,OIHH,OIHH,False,APP,13-1,VOR DME RWY 10,EXISTING_MATCHED,True,1,True,False,False,True,False,090,1.0;6.0;11.0,https://ais.airport.ir/documents/452631/186839535/OIHH.pdf,True,NOT_ATTEMPTED,,,,,,,False
345,OIHH,OIHH,False,APP,13-2,VOR DME RWY 28,EXISTING_MATCHED,True,1,True,False,False,True,False,280,2.0;4.5;6.0;9.0;12.0;18.0,https://ais.airport.ir/documents/452631/186839535/OIHH.pdf,True,NOT_ATTEMPTED,,,,,,,False
346,OIHH,OIHH,False,APP,16-1,CHART PAGE 230,EXISTING_MATCHED,True,1,True,False,False,True,True,,1.0;6.0;11.0,https://ais.airport.ir/documents/452631/186839535/OIHH.pdf,True,NOT_ATTEMPTED,,,,,,,False
347,OIHH,OIHH,False,APP,16-2,CIRCLING NDB DME (CAT C & D),NEEDS_GEOREF,False,1,True,False,False,True,True,,2.0;6.0;12.0;18.0,https://ais.airport.ir/documents/452631/186839535/OIHH.pdf,True,JEPP_VECTOR_GRATICULE_FIT_PROVISIONAL,paired_printed_graticule_vector_ticks,0.079999,9,0,,,False
348,OIHH,OIHH,False,APP,16-3,CIRCLING NDB DME (CAT A & B),NEEDS_GEOREF,False,1,True,False,False,True,True,,2.0;4.5;6.0;9.0;12.0;18.0,https://ais.airport.ir/documents/452631/186839535/OIHH.pdf,True,JEPP_VECTOR_GRATICULE_FIT_PROVISIONAL,paired_printed_graticule_vector_ticks,0.079999,9,0,,,False
354,OIHR,OIHR,False,ADC,10-9,Airport Diagram Chart (ADC),EXISTING_MATCHED,True,1,True,False,True,True,True,,,,True,NOT_ATTEMPTED,,,,,,,False
355,OIHR,OIHR,False,APP,13-1,VOR RWY 26,EXISTING_MATCHED,True,1,True,False,False,True,False,150;190;290,1.0;6.0;11.0;16.0,,True,NOT_ATTEMPTED,,,,,,,False
356,OIHR,OIHR,False,APP,13-2,VOR A,EXISTING_MATCHED,True,1,True,False,False,True,False,070,1.5;5.0;6.0;11.0;14.0,,True,NOT_ATTEMPTED,,,,,,,False
357,OIHR,OIHR,False,APP,16-1,NDB A,EXISTING_MATCHED,True,1,True,False,False,False,True,,,,True,NOT_ATTEMPTED,,,,,,,False
358,OIHR,OIHR,False,APP,16-2,NDB B,EXISTING_MATCHED,True,1,True,False,False,False,True,,8.8,,True,NOT_ATTEMPTED,,,,,,,False
380,OIIE,OIIE,False,ADC,20-9,Airport Diagram Chart (ADC),EXISTING_MATCHED,True,1,True,False,True,True,True,104,,,True,NOT_ATTEMPTED,,,,,,,False
381,OIIE,OIIE,False,AIRPORT_LAYOUT_REVIEW,20-9A,ADDITIONAL RUNWAY INFORMATION,NEEDS_GEOREF,False,0,False,False,False,False,False,300,,,True,NO_PRINTED_GRATICULE_AIP_GCP_OR_RADIAL_DME_CONSTRAINTS_NEEDED,,,,,,,False
382,OIIE,OIIE,False,AIRPORT_LAYOUT_REVIEW,20-9B,51-08.5 51-08.6 51-08.7 51-08.8 51-08.9 51-09 51-09.1 51-09.2 51-09.3 51-09.4 51-09.5 51-09.6,EXISTING_MATCHED,True,1,True,False,False,False,False,106;108;112;114;120;134;136;162,,,True,NOT_ATTEMPTED,,,,,,,False
383,OIIE,OIIE,False,AIRPORT_LAYOUT_REVIEW,20-9C,51-09.9 51-10 51-10.1 51-10.2 51-10.3 51-10.4 51-10.5 51-10.6 51-10.7 51-10.8 51-10.9 51-11 51-11.1 51-11.2 51-11.3,EXISTING_MATCHED,True,1,True,False,False,False,False,203;204;205;206;207;208,,,True,NOT_ATTEMPTED,,,,,,,False
384,OIIE,OIIE,False,AIRPORT_LAYOUT,20-9D,INS COORDINATES,NEEDS_GEOREF,False,0,False,False,False,False,False,114;118;122;136;204;205;207;301,,,True,NO_PRINTED_GRATICULE_AIP_GCP_OR_RADIAL_DME_CONSTRAINTS_NEEDED,,,,,,,False
386,OIIE,OIIE,False,APP,,LOC RWY 29R,NEEDS_GEOREF,False,0,True,True,False,True,False,095;115;120;140;150;190;284,0.7;6.2;11.0;14;15.0;22.7;22.8,,True,NOT_TO_SCALE_REQUIRES_SPECIFIC_PLAN_VIEW_REGION_QA,,,,,,,False
387,OIIE,OIIE,False,APP,21-1-0,ILS RWY 29R (TEMPORARY PLATE),NEEDS_GEOREF,False,0,True,True,True,True,False,090;120;270,0.7;6.2;11.8,,True,NOT_TO_SCALE_REQUIRES_SPECIFIC_PLAN_VIEW_REGION_QA,,,,,,,False
388,OIIE,OIIE,False,APP,,ILS RWY 29R,NEEDS_GEOREF,False,0,True,True,False,True,False,095;115;140;284,6.2;11.0;14;15.0;22.7;22.8,,True,NOT_TO_SCALE_REQUIRES_SPECIFIC_PLAN_VIEW_REGION_QA,,,,,,,False
389,OIIE,OIIE,False,APP,21-1A-0,CAT II ILS RWY 29R (TEMPORARY PLATE),NEEDS_GEOREF,False,0,True,True,True,True,False,090;270,0.7;6.2;11.8,,True,NOT_TO_SCALE_REQUIRES_SPECIFIC_PLAN_VIEW_REGION_QA,,,,,,,False
390,OIIE,OIIE,False,APP,,RNP RWY 29R,EXISTING_MATCHED,True,1,True,False,True,False,False,130;150;160;200,,,True,NOT_ATTEMPTED,,,,,,,False
391,OIIE,OIIE,False,APP,,"VOR RWY 11L, VOR RWY 11R",EXISTING_MATCHED,True,1,True,False,False,True,False,150;190;240;274,3.0;8.0;13.0;13.5,,True,NOT_ATTEMPTED,,,,,,,False
392,OIIE,OIIE,False,APP,,VOR RWY 11R,EXISTING_MATCHED,True,1,True,False,False,True,False,150;240;274,3.0;8.0;13.0;13.5,,True,NOT_ATTEMPTED,,,,,,,False
393,OIIE,OIIE,False,APP,,VOR RWY 29R,EXISTING_MATCHED,True,1,True,False,False,True,False,097;130;140;150;200,0.5;5.0;10.0;14;15.0;22.8,,True,NOT_ATTEMPTED,,,,,,,False
430,OIII,OIII,False,ADC,10-9,Airport Diagram Chart (ADC),EXISTING_MATCHED,True,1,True,False,True,True,False,105;285,,,True,NOT_ATTEMPTED,,,,,,,False
431,OIII,OIII,False,AIRPORT_LAYOUT_REVIEW,10-9A,AIRPORT BRIEFING,NEEDS_GEOREF,False,0,False,False,False,False,False,,,,True,NO_PRINTED_GRATICULE_AIP_GCP_OR_RADIAL_DME_CONSTRAINTS_NEEDED,,,,,,,False
432,OIII,OIII,False,AIRPORT_LAYOUT,10-9A,HOT SPOTS,NEEDS_GEOREF,False,0,True,False,True,False,False,,,,True,VECTOR_GEOMETRY_REJECTED_PENDING_AIP_CONTROL,,,,,No measured latitude/longitude grid could be resolved,,False
433,OIII,OIII,False,AIRPORT_LAYOUT,10-9C,INS COORDINATES,NEEDS_GEOREF,False,0,False,False,False,False,False,,,,True,NO_PRINTED_GRATICULE_AIP_GCP_OR_RADIAL_DME_CONSTRAINTS_NEEDED,,,,,,,False
435,OIII,OIII,False,APP,11-1,ILS Z OR LOC Z RWY 29L,EXISTING_MATCHED,True,1,True,False,True,False,False,130;150;240,7.5,,True,NOT_ATTEMPTED,,,,,,,False
436,OIII,OIII,False,APP,11-2,ILS Y OR LOC Y RWY 29L,EXISTING_MATCHED,True,1,True,False,False,True,True,130;150;240,0.7;4.2;7.7;15.0;25.0,,True,NOT_ATTEMPTED,,,,,,,False
437,OIII,OIII,False,APP,11-3,LOC RWY 29R,EXISTING_MATCHED,True,1,True,False,False,True,True,100;105;150;200;230;240;295,0.9;1;3.0;7.8;8.0;11.0;13;15.0;25.0,,True,NOT_ATTEMPTED,,,,,,,False
438,OIII,OIII,False,APP,13-1,VOR RWY 11R,EXISTING_MATCHED,True,1,True,False,False,True,True,100;120;295,1.0;2;8.0;13.0;20.0,,True,NOT_ATTEMPTED,,,,,,,False
439,OIII,OIII,False,APP,13-2,VOR RWY 29L,EXISTING_MATCHED,True,1,True,False,False,True,True,100;105;150;240;295,1;2.7;10.0;15.0;20.0;25.0,,True,NOT_ATTEMPTED,,,,,,,False
440,OIII,OIII,False,APP,13-3,CHART PAGE 314,EXISTING_MATCHED,True,1,True,False,False,True,True,100;295,2.7;10.0;15.0,,True,NOT_ATTEMPTED,,,,,,,False
458,OIKB,OIKB,False,ADC,10-9,Airport Diagram Chart (ADC),EXISTING_MATCHED,True,1,True,False,True,True,True,026;206,,,True,NOT_ATTEMPTED,,,,,,,False
459,OIKB,OIKB,False,AIRPORT_LAYOUT,10-9A,PARKING STANDS & COORDS,NEEDS_GEOREF,False,0,True,False,False,False,False,,,,True,VECTOR_GEOMETRY_REJECTED_PENDING_AIP_CONTROL,,,,,"Invalid affine fit: rank 3, residual 1.828",,False
462,OIKB,OIKB,False,APP,11-1,ILS RWY 21L,EXISTING_MATCHED,True,1,True,False,False,True,False,150;206;210;240,0.8;1.8;5.0;6.8;9.0,,True,NOT_ATTEMPTED,,,,,,,False
463,OIKB,OIKB,False,APP,11-2,ILS RWY 21L,EXISTING_MATCHED,True,1,True,False,False,False,True,150;240,0.8;5.0;035,,True,NOT_ATTEMPTED,,,,,,,False
464,OIKB,OIKB,False,APP,13-1,APPROACH 13-1,EXISTING_MATCHED,True,1,True,False,False,True,False,026;150;240,2;5.0;11.0,,True,NOT_ATTEMPTED,,,,,,,False
465,OIKB,OIKB,False,APP,13-2,VOR RWY 03R,EXISTING_MATCHED,True,1,True,False,False,True,False,026;150;240,026,,True,NOT_ATTEMPTED,,,,,,,False
466,OIKB,OIKB,False,APP,13-3,APPROACH 13-3,EXISTING_MATCHED,True,1,True,False,False,True,False,150;200;206;240,1;3.0;6.0;11.0;13.0,,True,NOT_ATTEMPTED,,,,,,,False
467,OIKB,OIKB,False,APP,13-4,VOR RWY 21L,EXISTING_MATCHED,True,1,True,False,False,True,False,150;206;230;240,,,True,NOT_ATTEMPTED,,,,,,,False
468,OIKB,OIKB,False,APP,16-1,NDB RWY 03R,EXISTING_MATCHED,True,1,True,False,False,False,True,300;320,27,,True,NOT_ATTEMPTED,,,,,,,False
469,OIKB,OIKB,False,APP,16-2,NDB RWY 21L,EXISTING_MATCHED,True,1,True,False,False,False,True,240;310,053,,True,NOT_ATTEMPTED,,,,,,,False
478,OIIP,OIIP,False,ADC,10-9,Airport Diagram Chart (ADC),EXISTING_MATCHED,True,1,True,False,True,False,True,,,,True,NOT_ATTEMPTED,,,,,,,False
480,OIIP,OIIP,False,APP,13-1,VOR RWY 30,EXISTING_MATCHED,True,1,True,False,False,True,False,150;170;292,3.0;8.0,,True,NOT_ATTEMPTED,,,,,,,False
481,OIIP,OIIP,False,APP,16-1,NDB RWY 12,EXISTING_MATCHED,True,1,True,False,False,False,True,150;200,3;3.0;6.0;11.0;15.0,,True,NOT_ATTEMPTED,,,,,,,False
482,OIIP,OIIP,False,APP,16-2,NDB Z RWY 30,NEEDS_GEOREF,False,1,True,False,False,False,True,150;170,3.0;8.0;27,,True,JEPP_VECTOR_GRATICULE_FIT_PROVISIONAL,paired_printed_graticule_vector_ticks,0.120005,6,0,,,False
483,OIIP,OIIP,False,APP,16-3,NDB Y RWY 30 (CAT A & B),NEEDS_GEOREF,False,1,True,False,False,False,True,150,,,True,JEPP_VECTOR_GRATICULE_FIT_PROVISIONAL,paired_printed_graticule_vector_ticks,0.039993,6,0,,,False
484,OIIP,OIIP,False,APP,16-4,NDB X RWY 30 (CAT C & D),NEEDS_GEOREF,False,1,True,False,False,False,True,220,,,True,JEPP_VECTOR_GRATICULE_FIT_PROVISIONAL,paired_printed_graticule_vector_ticks,0.079987,6,0,,,False
488,OIKJ,OIKJ,False,ADC,10-9,Airport Diagram Chart (ADC),EXISTING_MATCHED,True,1,True,False,True,False,True,,,,True,NOT_ATTEMPTED,,,,,,,False
489,OIKJ,OIKJ,False,APP,12-1,RNP RWY 31,EXISTING_MATCHED,True,1,True,False,True,False,False,150;190;240,,,True,NOT_ATTEMPTED,,,,,,,False
490,OIKJ,OIKJ,False,APP,16-1,NDB RWY 31,EXISTING_MATCHED,True,1,True,False,False,False,True,220;260;317,,,True,NOT_ATTEMPTED,,,,,,,False
491,OIKJ,OIKJ,False,APP,16-2,NDB A,EXISTING_MATCHED,True,1,True,False,False,False,True,317,,,True,NOT_ATTEMPTED,,,,,,,False
503,OIKK,OIKK,False,ADC,10-9,Airport Diagram Chart (ADC),EXISTING_MATCHED,True,1,True,False,True,True,True,148;335,,,True,NOT_ATTEMPTED,,,,,,,False
505,OIKK,OIKK,False,APP,13-1,VOR Z RWY 16R,EXISTING_MATCHED,True,1,True,False,False,True,False,150;159;220;228;325;339,1.0;7;7.0;13.0;20.0,,True,NOT_ATTEMPTED,,,,,,,False
506,OIKK,OIKK,False,APP,13-2,VOR Y RWY 16R,EXISTING_MATCHED,True,1,True,False,False,True,False,150;159;220;228;325;339,1.0;7;7.0;13.0;20.0,,True,NOT_ATTEMPTED,,,,,,,False
507,OIKK,OIKK,False,APP,13-3,VOR Z RWY 34L,EXISTING_MATCHED,True,1,True,False,False,True,False,010;090;150;180;195;220;228;325;339,2.4;7.0;12.0,,True,NOT_ATTEMPTED,,,,,,,False
508,OIKK,OIKK,False,APP,13-4,VOR Y RWY 34L,EXISTING_MATCHED,True,1,True,False,False,True,False,010;090;150;180;195;220;228;325;339,2.4;10.0;12.0,,True,NOT_ATTEMPTED,,,,,,,False
514,OIKK,OIKM,True,ADC,10-9,Airport Diagram Chart (ADC),OWNER_MISMATCH_WITH_EXISTING_GEO_HOLD,True,1,True,False,True,True,True,,,,True,HEADER_OWNER_MISMATCH_REQUIRES_REINDEX,,,,,,,False
516,OIKM,OIKM,False,APP,13-1,VOR Z RWY 30,EXISTING_MATCHED,True,1,True,False,False,True,False,120;140;310,4.0;9.0,,True,NOT_ATTEMPTED,,,,,,,False
517,OIKM,OIKM,False,APP,13-2,VOR Y RWY 30,EXISTING_MATCHED,True,1,True,False,False,True,False,150;170;310,,,True,NOT_ATTEMPTED,,,,,,,False
518,OIKM,OIKM,False,APP,16-1,NDB Z RWY 30 CAT A & B,EXISTING_MATCHED,True,1,True,False,False,False,True,150,,,True,NOT_ATTEMPTED,,,,,,,False
519,OIKM,OIKM,False,APP,16-2,NDB Y RWY 30 CAT C & D,EXISTING_MATCHED,True,1,True,False,False,False,True,170;190,,,True,NOT_ATTEMPTED,,,,,,,False
526,OIKQ,OIKQ,False,ADC,10-9,Airport Diagram Chart (ADC),EXISTING_MATCHED,True,1,True,False,True,False,True,,,,True,NOT_ATTEMPTED,,,,,,,False
527,OIKQ,OIKQ,False,APP,16-1,NDB Z RWY 05,EXISTING_MATCHED,True,1,True,False,False,False,True,150;200,2.5;7.0;12.0;15.0,,True,NOT_ATTEMPTED,,,,,,,False
528,OIKQ,OIKQ,False,APP,16-2,NDB Y RWY 05 CAT A & B,EXISTING_MATCHED,True,1,True,False,False,False,True,150,,,True,NOT_ATTEMPTED,,,,,,,False
529,OIKQ,OIKQ,False,APP,16-3,NDB X RWY 05 CAT C & D,EXISTING_MATCHED,True,1,True,False,False,False,True,280,1,,True,NOT_ATTEMPTED,,,,,,,False
530,OIKQ,OIKQ,False,APP,16-4,NDB Z RWY 23,EXISTING_MATCHED,True,1,True,False,False,False,True,150;190,1.5;2.0;4.0;10.0;13.0,,True,NOT_ATTEMPTED,,,,,,,False
531,OIKQ,OIKQ,False,APP,16-5,NDB Y RWY 23 CAT A & B,EXISTING_MATCHED,True,1,True,False,False,False,True,150,,,True,NOT_ATTEMPTED,,,,,,,False
532,OIKQ,OIKQ,False,APP,16-6,NDB X RWY 23 CAT C & D,EXISTING_MATCHED,True,1,True,False,False,False,True,,,,True,NOT_ATTEMPTED,,,,,,,False
538,OIKR,OIKR,False,ADC,10-9,Airport Diagram Chart (ADC),EXISTING_MATCHED,True,1,True,False,True,False,True,,,,True,NOT_ATTEMPTED,,,,,,,False
540,OIKR,OIKR,False,APP,16-1,APPROACH 16-1,EXISTING_MATCHED,True,1,True,False,False,False,True,150;170;210,2.0;2;5.0;8.0;10.0;13.0,,True,NOT_ATTEMPTED,,,,,,,False
541,OIKR,OIKR,False,APP,16-2,APPROACH 16-2,EXISTING_MATCHED,True,1,True,False,False,False,True,150;240;280,1.0;1;5.0;10.0,,True,NOT_ATTEMPTED,,,,,,,False
542,OIKR,OIKR,False,APP,16-3,APPROACH 16-3,EXISTING_MATCHED,True,1,True,False,False,False,True,,,,True,NOT_ATTEMPTED,,,,,,,False
548,OIKK,OIKY,True,ADC,10-9,Airport Diagram Chart (ADC),OWNER_MISMATCH_WITH_EXISTING_GEO_HOLD,True,1,True,False,True,True,False,,,,True,HEADER_OWNER_MISMATCH_REQUIRES_REINDEX,,,,,,,False
550,OIKY,OIKY,False,APP,13-1,VOR Z RWY 13,EXISTING_MATCHED,True,1,True,False,False,True,False,150;316;320,1.0;5.0;10.0;15.0,,True,NOT_ATTEMPTED,,,,,,,False
551,OIKY,OIKY,False,APP,13-2,VOR Y RWY 13,EXISTING_MATCHED,True,1,True,False,False,True,False,070;150;180;230,,,True,NOT_ATTEMPTED,,,,,,,False
552,OIKY,OIKY,False,APP,13-3,VOR A,EXISTING_MATCHED,True,1,True,False,False,True,False,127,2.0;7.0;10.0;12.0;15.0,,True,NOT_ATTEMPTED,,,,,,,False
561,OIMB,OIMB,False,ADC,10-9,Airport Diagram Chart (ADC),NEEDS_GEOREF,False,0,True,False,True,True,True,,,https://ais.airport.ir/documents/452631/186839606/OIMB.pdf,True,VECTOR_GEOMETRY_REJECTED_PENDING_AIP_CONTROL,,,,,"Invalid affine fit: rank 3, residual 8.736",SUCCESSFUL_USER_ADC_MARKER_TEST,False
563,OIMB,OIMB,False,APP,13-1,VOR RWY 10,EXISTING_MATCHED,True,1,True,False,False,True,False,128;150;270;300;340,1.0;5.0;10.0;15.0;27,https://ais.airport.ir/documents/452631/186839606/OIMB.pdf,True,NOT_ATTEMPTED,,,,,,,False
564,OIMB,OIMB,False,APP,13-2,VOR RWY 28,EXISTING_MATCHED,True,1,True,False,False,True,False,150;240;270,2.0;6.5;11.5;32,https://ais.airport.ir/documents/452631/186839606/OIMB.pdf,True,NOT_ATTEMPTED,,,,,,,False
565,OIMB,OIMB,False,APP,16-1,NDB A (CAT A & B),NEEDS_GEOREF,False,1,True,False,False,False,True,,,https://ais.airport.ir/documents/452631/186839606/OIMB.pdf,True,JEPP_VECTOR_GRATICULE_FIT_PROVISIONAL,paired_printed_graticule_vector_ticks,0.11999,6,0,,,False
566,OIMB,OIMB,False,APP,16-2,NDB B (CAT C & D),NEEDS_GEOREF,False,1,True,False,False,False,True,,,https://ais.airport.ir/documents/452631/186839606/OIMB.pdf,True,JEPP_VECTOR_GRATICULE_FIT_PROVISIONAL,paired_printed_graticule_vector_ticks,0.11999,6,0,,,False
570,OIMJ,OIMJ,False,ADC,10-9,Airport Diagram Chart (ADC),EXISTING_MATCHED,True,1,True,False,True,True,False,,,,True,NOT_ATTEMPTED,,,,,,,False
571,OIMJ,OIMJ,False,APP,13-1,VOR RWY 07,NEEDS_GEOREF,False,0,True,True,False,True,False,051;150;235;260,0.5;3.39;8.0;15.0;21.0,,True,NOT_TO_SCALE_REQUIRES_SPECIFIC_PLAN_VIEW_REGION_QA,,,,,,,False
601,OIMM,OIMM,False,ADC,10-9,Airport Diagram Chart (ADC),EXISTING_MATCHED,True,1,True,False,True,True,True,130;310,,,True,NOT_ATTEMPTED,,,,,,,False
602,OIMM,OIMM,False,AIRPORT_LAYOUT_REVIEW,10-9A,ADDITIONAL RUNWAY INFORMATION,NEEDS_GEOREF,False,0,False,False,False,False,False,,,,True,NO_PRINTED_GRATICULE_AIP_GCP_OR_RADIAL_DME_CONSTRAINTS_NEEDED,,,,,,,False
603,OIMM,OIMM,False,AIRPORT_LAYOUT,10-9B,HOT SPOTS,EXISTING_MATCHED,True,1,True,False,True,False,False,,,,True,NOT_ATTEMPTED,,,,,,,False
605,OIMM,OIMM,False,APP,11-1,ILS Z OR LOC Z RWY 31R,EXISTING_MATCHED,True,1,True,False,False,True,False,120;130;150;180;240;300;305,0.6;3.0;5.2;11.0;13;16.0,,True,NOT_ATTEMPTED,,,,,,,False
606,OIMM,OIMM,False,APP,11-2,ILS Y OR LOC Y RWY 31R,NEEDS_GEOREF,False,0,True,True,False,True,False,120;150;180;240;300;305,0.6;3.0;5.2;11.0,,True,NOT_TO_SCALE_REQUIRES_SPECIFIC_PLAN_VIEW_REGION_QA,,,,,,,False
607,OIMM,OIMM,False,APP,11-3,ILS X OR LOC X RWY 31R CAT C & D,NEEDS_GEOREF,False,0,True,True,False,False,True,120;180;240,0.6;3.0;5.2;10.4,,True,NOT_TO_SCALE_REQUIRES_SPECIFIC_PLAN_VIEW_REGION_QA,,,,,,,False
608,OIMM,OIMM,False,APP,13-1,VOR Z RWY 13L,NEEDS_GEOREF,False,0,True,True,False,True,False,120;150;240;300,2.0;3;6.0;11.0;18.0,,True,NOT_TO_SCALE_REQUIRES_SPECIFIC_PLAN_VIEW_REGION_QA,,,,,,,False
609,OIMM,OIMM,False,APP,13-2,VOR Y RWY 13L,EXISTING_MATCHED,True,1,True,False,False,True,False,120;150;240;300,2.0;6.0;11.0,,True,NOT_ATTEMPTED,,,,,,,False
610,OIMM,OIMM,False,APP,13-3,VOR Z RWY 31R,EXISTING_MATCHED,True,1,True,False,False,True,False,130;150;180;240;300;305,1.0;5.0;11.0;13;16.0,,True,NOT_ATTEMPTED,,,,,,,False
611,OIMM,OIMM,False,APP,13-4,VOR Y RWY 31R,EXISTING_MATCHED,True,1,True,False,False,True,False,150;180;240;300;305,1.0;5.0;11.0,,True,NOT_ATTEMPTED,,,,,,,False
612,OIMM,OIMM,False,APP,16-1,NDB RWY 31L,EXISTING_MATCHED,True,1,True,False,False,False,True,150;300;350,,,True,NOT_ATTEMPTED,,,,,,,False
613,OIMM,OIMM,False,APP,16-2,NDB RWY 31R,EXISTING_MATCHED,True,1,True,False,False,False,True,150;270;350,,,True,NOT_ATTEMPTED,,,,,,,False
614,OIMM,OIMM,False,APP,16-3,CHART PAGE 403,EXISTING_MATCHED,True,1,True,False,False,False,True,,,,True,NOT_ATTEMPTED,,,,,,,False
622,OIMN,OIMN,False,ADC,10-9,Airport Diagram Chart (ADC),NEEDS_GEOREF,False,0,True,False,True,True,True,,,,True,VECTOR_GEOMETRY_REJECTED_PENDING_AIP_CONTROL,,,,,No measured latitude/longitude grid could be resolved,,False
623,OIMN,OIMN,False,APP,11-1,APPROACH 11-1,EXISTING_MATCHED,True,1,True,False,False,True,False,010;020;230;280,3.7;5.0;8.0;12.0,,True,NOT_ATTEMPTED,,,,,,,False
624,OIMN,OIMN,False,APP,13-1,CHART PAGE 413,EXISTING_MATCHED,True,1,True,False,False,True,False,200,1.0;3.0;5.0;10.0,,True,NOT_ATTEMPTED,,,,,,,False
625,OIMN,OIMN,False,APP,13-2,CHART PAGE 414,EXISTING_MATCHED,True,1,True,False,False,True,False,200,1.0;2.0;3.0;5.0;10.0,,True,NOT_ATTEMPTED,,,,,,,False
626,OIMN,OIMN,False,APP,16-1,CHART PAGE 415,EXISTING_MATCHED,True,1,True,False,False,False,True,,,,True,NOT_ATTEMPTED,,,,,,,False
627,OIMN,OIMN,False,APP,16-2,CHART PAGE 416,EXISTING_MATCHED,True,1,True,False,False,False,True,,,,True,NOT_ATTEMPTED,,,,,,,False
632,OIMS,OIMS,False,ADC,10-9,Airport Diagram Chart (ADC),EXISTING_MATCHED,True,1,True,False,False,True,True,,,,True,NOT_ATTEMPTED,,,,,,,False
634,OIMS,OIMS,False,APP,13-1,VOR DME RWY 09,EXISTING_MATCHED,True,1,True,False,False,True,False,091;120;150;160,4.0;9.0;14.0,,True,NOT_ATTEMPTED,,,,,,,False
635,OIMS,OIMS,False,APP,13-2,VOR DME RWY 27,EXISTING_MATCHED,True,1,True,False,False,True,False,150;240;271,2.5;8.0;16.0,,True,NOT_ATTEMPTED,,,,,,,False
636,OIMS,OIMS,False,APP,16-1,NDB RWY 09,EXISTING_MATCHED,True,1,True,False,False,False,True,,,,True,NOT_ATTEMPTED,,,,,,,False
637,OIMS,OIMS,False,APP,16-2,NDB RWY 27,EXISTING_MATCHED,True,1,True,False,False,False,True,,36;074,,True,NOT_ATTEMPTED,,,,,,,False
642,OIMT,OIMT,False,ADC,10-9,Airport Diagram Chart (ADC),NEEDS_GEOREF,False,1,True,False,True,True,True,,,,True,JEPP_VECTOR_GRATICULE_FIT_PROVISIONAL,paired_printed_graticule_vector_ticks,0.079987,12,0,,,False
644,OIMT,OIMT,False,APP,13-1,VOR DME RWY 33 CAT C & D,EXISTING_MATCHED,True,1,True,False,False,True,False,150;160;200;322;328,1.5;5.0;10.0,,True,NOT_ATTEMPTED,,,,,,,False
645,OIMT,OIMT,False,APP,13-2,VOR DME RWY 33 CAT A & B,EXISTING_MATCHED,True,1,True,False,False,True,False,150;322;328,1.5;5.0;10.0,,True,NOT_ATTEMPTED,,,,,,,False
646,OIMT,OIMT,False,APP,13-3,APPROACH 13-3,EXISTING_MATCHED,True,1,True,False,False,True,False,150;180;328,1.0;5.0;10.0,,True,NOT_ATTEMPTED,,,,,,,False
647,OIMT,OIMT,False,APP,13-4,APPROACH 13-4,EXISTING_MATCHED,True,1,True,False,False,True,False,150;180;328,1.0;5.0;10.0;33,,True,NOT_ATTEMPTED,,,,,,,False
648,OIMT,OIMT,False,APP,16-1,NDB RWY 33 CAT C & D,EXISTING_MATCHED,True,1,True,False,False,False,True,,,,True,NOT_ATTEMPTED,,,,,,,False
649,OIMT,OIMT,False,APP,16-2,APPROACH 16-2,EXISTING_MATCHED,True,1,True,False,False,False,True,,,,True,NOT_ATTEMPTED,,,,,,,False
651,OING,OINE,True,ADC,10-9,Airport Diagram Chart (ADC),NEEDS_GEOREF,False,0,True,False,True,False,True,,,,True,HEADER_OWNER_MISMATCH_REQUIRES_REINDEX,,,,,,,False
652,OINE,OINE,False,APP,16-1,NDB A,EXISTING_MATCHED,True,1,True,False,False,False,True,,,,True,NOT_ATTEMPTED,,,,,,,False
659,OING,OING,False,ADC,10-9,Airport Diagram Chart (ADC),EXISTING_MATCHED,True,1,True,False,True,True,True,,,,True,NOT_ATTEMPTED,,,,,,,False
660,OING,OING,False,APP,11-1,ILS Z OR LOC Z RWY 13,EXISTING_MATCHED,True,1,True,False,False,True,False,070;130;150;160;249,0.6;3;3.2;7.4;15.0,,True,NOT_ATTEMPTED,,,,,,,False
661,OING,OING,False,APP,11-2,"ILS Y OR LOC Y RWY 13, ILS Z OR LOC Z RWY 13",EXISTING_MATCHED,True,1,True,False,False,True,False,070;130;160;249,0.6;3.2;7.4;15.0;36,,True,NOT_ATTEMPTED,,,,,,,False
662,OING,OING,False,APP,11-3,ILS X OR LOC X RWY 13,EXISTING_MATCHED,True,1,True,False,False,True,False,070;130;150,0.6;3.2;7.4;9.0,,True,NOT_ATTEMPTED,,,,,,,False
663,OING,OING,False,APP,13-1,VOR Z RWY 13,EXISTING_MATCHED,True,1,True,False,False,True,False,150;160;309,7.0;15.0,,True,NOT_ATTEMPTED,,,,,,,False
664,OING,OING,False,APP,13-2,"VOR Y RWY 13, VOR Z RWY 13",EXISTING_MATCHED,True,1,True,False,False,True,False,160;309,7.0;15.0,,True,NOT_ATTEMPTED,,,,,,,False
665,OING,OING,False,APP,13-3,VOR X RWY 13,EXISTING_MATCHED,True,1,True,False,False,True,False,070;150,5.0;10.0,,True,NOT_ATTEMPTED,,,,,,,False
670,OINN,OINN,False,ADC,10-9,Airport Diagram Chart (ADC),EXISTING_MATCHED,True,1,True,False,True,True,True,,,,True,NOT_ATTEMPTED,,,,,,,False
671,OINN,OINN,False,APP,16-1,NDB A,EXISTING_MATCHED,True,1,True,False,False,False,True,,1.0;5.0;9.0;12.0;15.0,,True,NOT_ATTEMPTED,,,,,,,False
672,OINN,OINN,False,APP,16-2,NDB B,EXISTING_MATCHED,True,1,True,False,False,False,True,,1.0;6.0;11.0;17.0,,True,NOT_ATTEMPTED,,,,,,,False
681,OINR,OINR,False,ADC,10-9,Airport Diagram Chart (ADC),EXISTING_MATCHED,True,1,True,False,True,False,True,,,,True,NOT_ATTEMPTED,,,,,,,False
682,OINR,OINR,False,APP,16-1,NDB Z RWY 30,EXISTING_MATCHED,True,1,True,False,False,False,True,150,1.5;2;5.0;10.0;17.0,,True,NOT_ATTEMPTED,,,,,,,False
683,OINR,OINR,False,APP,16-2,NDB Y RWY 30,EXISTING_MATCHED,True,1,True,False,False,False,True,150,1.5;5.0;10.0,,True,NOT_ATTEMPTED,,,,,,,False
684,OINR,OINR,False,APP,16-3,NDB Z RWY 31,EXISTING_MATCHED,True,1,True,False,False,False,True,150,1.5;5.0;10.0;17.0,,True,NOT_ATTEMPTED,,,,,,,False
685,OINR,OINR,False,APP,16-4,NDB A,EXISTING_MATCHED,True,1,True,False,False,False,True,,2.0;6.0;12.0,,True,NOT_ATTEMPTED,,,,,,,False
692,OINZ,OINZ,False,ADC,10-9,Airport Diagram Chart (ADC),EXISTING_MATCHED,True,1,True,False,True,True,False,,,,True,NOT_ATTEMPTED,,,,,,,False
694,OINZ,OINZ,False,APP,11-1,CHART PAGE 448,EXISTING_MATCHED,True,1,True,False,False,True,False,120;150;220;270,0.7;3.0;6.0;10.5;11.0;14.0,,True,NOT_ATTEMPTED,,,,,,,False
695,OINZ,OINZ,False,APP,13-1,VOR RWY 16,EXISTING_MATCHED,True,1,True,False,False,True,False,150;220;270,1.0;6.0;11.0;14.0,,True,NOT_ATTEMPTED,,,,,,,False
697,OISF,OISF,False,ADC,10-9,Airport Diagram Chart (ADC),EXISTING_MATCHED,True,1,True,False,True,False,True,,,,True,NOT_ATTEMPTED,,,,,,,False
698,OISF,OISF,False,APP,16-1,NDB RWY 32,EXISTING_MATCHED,True,1,True,False,False,False,True,,,,True,NOT_ATTEMPTED,,,,,,,False
703,OISL,OISL,False,ADC,10-9,Airport Diagram Chart (ADC),EXISTING_MATCHED,True,1,True,False,True,False,True,,,,True,NOT_ATTEMPTED,,,,,,,False
705,OISL,OISL,False,APP,13-1,VOR RWY 09,NEEDS_GEOREF,False,0,True,False,False,True,False,002;054;088;150;240,3.0;5.0;7.0;10.0;12.0;14.0;15.0;17.0,,True,VECTOR_GEOMETRY_REJECTED_PENDING_AIP_CONTROL,,,,,No measured latitude/longitude grid could be resolved,,False
706,OISL,OISL,False,APP,13-2,VOR Z RWY 27,EXISTING_MATCHED,True,1,True,False,False,True,False,002;054;088;150;240;270,3.5;6.0;10.0;15.0,,True,NOT_ATTEMPTED,,,,,,,False
707,OISL,OISL,False,APP,13-3,VOR Y RWY 27,NEEDS_GEOREF,False,0,True,False,False,True,False,002;054;150;240;270,3.5;6.0;10.0;15.0,,True,VECTOR_GEOMETRY_REJECTED_PENDING_AIP_CONTROL,,,,,No measured latitude/longitude grid could be resolved,,False
708,OISL,OISL,False,APP,16-1,NDB RWY 09,NEEDS_GEOREF,False,0,True,True,False,True,True,099;150,3.0;7.8;8.0;13.0;18.0,,True,NOT_TO_SCALE_REQUIRES_SPECIFIC_PLAN_VIEW_REGION_QA,,,,,,,False
709,OISL,OISL,False,APP,16-2,NDB A,EXISTING_MATCHED,True,1,True,False,False,True,True,266,8.0;13.0;18.0,,True,NOT_ATTEMPTED,,,,,,,False
714,OISR,OISR,False,ADC,10-9,Airport Diagram Chart (ADC),NEEDS_GEOREF,False,0,True,False,True,True,True,,,,True,VECTOR_GEOMETRY_REJECTED_PENDING_AIP_CONTROL,,,,,"Invalid affine fit: rank 3, residual 5.520",,False
715,OISR,OISR,False,APP,13-1,APPROACH 13-1,NEEDS_GEOREF,False,0,True,True,False,True,False,109;289,1;2.0;5.0;7.0;10.0;16.0,,True,NOT_TO_SCALE_REQUIRES_SPECIFIC_PLAN_VIEW_REGION_QA,,,,,,,False
716,OISR,OISR,False,APP,16-1,APPROACH 16-1,NEEDS_GEOREF,False,0,True,True,False,False,True,,1;2.0;5.0;10.0;13.0;16.0,,True,NOT_TO_SCALE_REQUIRES_SPECIFIC_PLAN_VIEW_REGION_QA,,,,,,,False
717,OISR,OISR,False,APP,16-2,APPROACH 16-2,EXISTING_MATCHED,True,1,True,False,False,False,True,,,,True,NOT_ATTEMPTED,,,,,,,False
751,OISS,OISS,False,ADC,10-9,Airport Diagram Chart (ADC),NEEDS_GEOREF,False,0,True,False,True,True,True,111;291,,,True,VECTOR_GEOMETRY_REJECTED_PENDING_AIP_CONTROL,,,,,No measured latitude/longitude grid could be resolved,,False
752,OISS,OISS,False,AIRPORT_LAYOUT,10-9A,HOT SPOTS,EXISTING_MATCHED,True,1,True,False,False,False,False,101,,,True,NOT_ATTEMPTED,,,,,,,False
754,OISS,OISS,False,APP,11-1,ILS Z OR LOC Z RWY 29L,EXISTING_MATCHED,True,1,True,False,False,True,False,140;148;150;170;240;280,0.9;1.0;3.8;4.0;8.0;11.0;12;13.0;17.0;28,,True,NOT_ATTEMPTED,,,,,,,False
755,OISS,OISS,False,APP,11-2,ILS Y OR LOC Y RWY 29L,EXISTING_MATCHED,True,1,True,False,False,True,False,100;140;170;240;280,1.0;3.8;4.0;8.0;11.0;28,,True,NOT_ATTEMPTED,,,,,,,False
756,OISS,OISS,False,APP,11-3,ILS X OR LOC X RWY 29L,EXISTING_MATCHED,True,1,True,False,False,True,True,140;150;170;240;290,0.9;1.0;3.8;4.0;8.0;11.0;13.0;29,,True,NOT_ATTEMPTED,,,,,,,False
757,OISS,OISS,False,APP,13-1,VOR RWY 29L,EXISTING_MATCHED,True,1,True,False,False,True,False,148;150;170;240;280,2.0;4.0;8.0;13;17.0,,True,NOT_ATTEMPTED,,,,,,,False
758,OISS,OISS,False,APP,13-2,VOR RWY 29R,EXISTING_MATCHED,True,1,True,False,False,True,False,148;150;170;240;280,2.0;4.0;8.0;13;17.0,,True,NOT_ATTEMPTED,,,,,,,False
759,OISS,OISS,False,APP,13-3,CHART PAGE 491,EXISTING_MATCHED,True,1,True,False,False,True,False,100;280,2.0;4.0;8.0;13.0,,True,NOT_ATTEMPTED,,,,,,,False
760,OISS,OISS,False,APP,13-4,VOR B,EXISTING_MATCHED,True,1,True,False,False,True,False,107;287,2.0;7.0;11.0;16.0;20.0,,True,NOT_ATTEMPTED,,,,,,,False
761,OISS,OISS,False,APP,16-1,NDB A,EXISTING_MATCHED,True,1,True,False,False,False,True,205,,,True,NOT_ATTEMPTED,,,,,,,False
765,OISY,OISY,False,ADC,10-9,Airport Diagram Chart (ADC),EXISTING_MATCHED,True,1,True,False,True,True,True,,,,True,NOT_ATTEMPTED,,,,,,,False
766,OISY,OISY,False,APP,13-1,VOR RWY 13,EXISTING_MATCHED,True,1,True,False,False,True,False,019;150;180;240,1.5;9.0;15.0,,True,NOT_ATTEMPTED,,,,,,,False
767,OISY,OISY,False,APP,13-2,VOR A,NEEDS_GEOREF,False,0,True,True,False,True,False,019;111;309;333,8.0;14.0,,True,NOT_TO_SCALE_REQUIRES_SPECIFIC_PLAN_VIEW_REGION_QA,,,,,,,False
768,OISY,OISY,False,APP,16-1,NDB A,NEEDS_GEOREF,False,0,True,True,False,False,True,,,,True,NOT_TO_SCALE_REQUIRES_SPECIFIC_PLAN_VIEW_REGION_QA,,,,,,,False
769,OISY,OISY,False,APP,16-2,NDB B,NEEDS_GEOREF,False,0,True,True,False,False,True,,,,True,NOT_TO_SCALE_REQUIRES_SPECIFIC_PLAN_VIEW_REGION_QA,,,,,,,False
773,OITK,OITK,False,ADC,10-9,Airport Diagram Chart (ADC),EXISTING_MATCHED,True,1,True,False,True,True,True,,,,True,NOT_ATTEMPTED,,,,,,,False
774,OITK,OITK,False,APP,13-1,VOR DME RWY 15,NEEDS_GEOREF,False,0,False,False,False,True,False,150;160;340,1.0;8.0;13.0;15.0;18.0;34,,True,NO_PRINTED_GRATICULE_AIP_GCP_OR_RADIAL_DME_CONSTRAINTS_NEEDED,,,,,,,False
775,OITK,OITK,False,APP,13-2,VOR DME RWY 33,EXISTING_MATCHED,True,1,True,False,False,True,False,150;240;343,1.5;5.0;9.0;14.0;15;19.0,,True,NOT_ATTEMPTED,,,,,,,False
776,OITK,OITK,False,APP,16-1,APPROACH 16-1,EXISTING_MATCHED,True,1,True,False,False,False,True,,1,,True,NOT_ATTEMPTED,,,,,,,False
777,OITK,OITK,False,APP,16-2,APPROACH 16-2,EXISTING_MATCHED,True,1,True,False,False,False,True,,45,,True,NOT_ATTEMPTED,,,,,,,False
794,OITL,OITL,False,ADC,10-9,Airport Diagram Chart (ADC),NEEDS_GEOREF,False,0,True,False,True,True,True,300,,,True,VECTOR_GEOMETRY_REJECTED_PENDING_AIP_CONTROL,,,,,"Invalid affine fit: rank 3, residual 8.892",,False
795,OITL,OITL,False,APP,11-1,LOC RWY 15,NEEDS_GEOREF,False,0,True,True,False,True,False,120;150;180;195;240,0.6;4.0;7.0;14.0,,True,NOT_TO_SCALE_REQUIRES_SPECIFIC_PLAN_VIEW_REGION_QA,,,,,,,False
796,OITL,OITL,False,APP,11-2,ILS Z OR LOC Z RWY 33,EXISTING_MATCHED,True,1,True,False,False,True,False,120;150;230;325,0.7;2;3.7;6.7;8.0;11.0,,True,NOT_ATTEMPTED,,,,,,,False
797,OITL,OITL,False,APP,11-3,ILS Y OR LOC Y RWY 33,EXISTING_MATCHED,True,1,True,False,False,False,True,130;150;230,0.7;1;2;3.7;6.7;8.0;11.0,,True,NOT_ATTEMPTED,,,,,,,False
798,OITL,OITL,False,APP,13-1,VOR Z RWY 07,EXISTING_MATCHED,True,1,True,False,False,True,False,150;170,2.0;8.0,,True,NOT_ATTEMPTED,,,,,,,False
799,OITL,OITL,False,APP,13-2,VOR Y RWY 07,EXISTING_MATCHED,True,1,True,False,False,True,False,170;180;220,2.0;8.0,,True,NOT_ATTEMPTED,,,,,,,False
800,OITL,OITL,False,APP,13-3,VOR Z RWY 15,EXISTING_MATCHED,True,1,True,False,False,True,False,142;180;215;250,2.5;5.0;10.0;12.0,,True,NOT_ATTEMPTED,,,,,,,False
801,OITL,OITL,False,APP,13-4,VOR Y RWY 15,EXISTING_MATCHED,True,1,True,False,False,True,False,142;150;180;240,2.5;7.0,,True,NOT_ATTEMPTED,,,,,,,False
802,OITL,OITL,False,APP,13-5,VOR RWY 33,EXISTING_MATCHED,True,1,True,False,False,True,False,150;230;325,0.8;2;3.0;8.0;11.0,,True,NOT_ATTEMPTED,,,,,,,False
803,OITL,OITL,False,APP,16-1,NDB RWY 15,EXISTING_MATCHED,True,1,True,False,False,False,True,160;240,2.5;5.0;10.0;12.0,,True,NOT_ATTEMPTED,,,,,,,False
804,OITL,OITL,False,APP,16-2,NDB RWY 33,EXISTING_MATCHED,True,1,True,False,False,False,True,150;230,0.8;2;3.0;8.0;11.0,,True,NOT_ATTEMPTED,,,,,,,False
805,OITL,OITL,False,APP,16-3,CHART PAGE 521,EXISTING_MATCHED,True,1,True,False,False,False,True,,,,True,NOT_ATTEMPTED,,,,,,,False
808,OITT,OITM,True,ADC,10-9,Airport Diagram Chart (ADC),NEEDS_GEOREF,False,0,True,False,True,False,True,,,,True,HEADER_OWNER_MISMATCH_REQUIRES_REINDEX,,,,,,,False
809,OITM,OITM,False,APP,16-1,NDB A,EXISTING_MATCHED,True,1,True,False,False,False,True,,2.0;5.0;8.0;10.0;13.0,,True,NOT_ATTEMPTED,,,,,,,False
810,OITM,OITM,False,APP,16-2,NDB B,EXISTING_MATCHED,True,1,True,False,False,False,True,,12,,True,NOT_ATTEMPTED,,,,,,,False
821,OITR,OITR,False,ADC,10-9,Airport Diagram Chart (ADC),EXISTING_MATCHED,True,1,True,False,True,True,True,,,,True,NOT_ATTEMPTED,,,,,,,False
824,OITR,OITR,False,APP,11-1,ILS Z OR LOC Z RWY 21,EXISTING_MATCHED,True,1,True,False,False,True,False,120;150;190;300;330,3.5;7.0;10.0;13.0,,True,NOT_ATTEMPTED,,,,,,,False
825,OITR,OITR,False,APP,11-2,ILS Y OR LOC Y RWY 21,EXISTING_MATCHED,True,1,True,False,False,True,False,120;150;230;240;300;330,3.5;7.0;8.0,,True,NOT_ATTEMPTED,,,,,,,False
826,OITR,OITR,False,APP,11-3,ILS X OR LOC X RWY 21,EXISTING_MATCHED,True,1,True,False,False,False,True,120;150;240,0.7;3.5;7.0,,True,NOT_ATTEMPTED,,,,,,,False
827,OITR,OITR,False,APP,13-1,VOR RWY 03,EXISTING_MATCHED,True,1,True,False,False,True,False,030;150;160;190;210;300;330,3.0;4.0;7.0;9.0;11.0;12.0;14.0;16;16.0;21,,True,NOT_ATTEMPTED,,,,,,,False
828,OITR,OITR,False,APP,13-2,VOR Z RWY 21,EXISTING_MATCHED,True,1,True,False,False,True,False,120;150;190;300;330,5.0;11.0;13.0,,True,NOT_ATTEMPTED,,,,,,,False
829,OITR,OITR,False,APP,13-3,VOR Y RWY 21,EXISTING_MATCHED,True,1,True,False,False,True,False,150;230;240;300;330,,,True,NOT_ATTEMPTED,,,,,,,False
830,OITR,OITR,False,APP,16-1,NDB Z RWY 21 CAT A & B,EXISTING_MATCHED,True,1,True,False,False,False,True,150,,,True,NOT_ATTEMPTED,,,,,,,False
831,OITR,OITR,False,APP,16-2,NDB Y RWY 21 CAT C & D,EXISTING_MATCHED,True,1,True,False,False,False,True,240,2,,True,NOT_ATTEMPTED,,,,,,,False
841,OITT,OITT,False,ADC,10-9,Airport Diagram Chart (ADC),EXISTING_MATCHED,True,1,True,False,True,True,False,300;304,,,True,NOT_ATTEMPTED,,,,,,,False
842,OITT,OITT,False,AIRPORT_LAYOUT,10-9A,PARKING STANDS & COORDS,EXISTING_MATCHED,True,1,True,False,False,False,False,,,,True,NOT_ATTEMPTED,,,,,,,False
844,OITT,OITT,False,APP,11-1,ILS RWY 30L,EXISTING_MATCHED,True,1,True,False,False,True,False,082;100;102;140;285;355,0.8;5.0;9.0;16.0;18.0,,True,NOT_ATTEMPTED,,,,,,,False
845,OITT,OITT,False,APP,11-2,ILS RWY 30R,EXISTING_MATCHED,True,1,True,False,False,True,False,082;102;130;285;355,0.8;3.5;13.0;16.0;18.0,,True,NOT_ATTEMPTED,,,,,,,False
846,OITT,OITT,False,APP,13-1,VOR A,EXISTING_MATCHED,True,1,True,False,False,True,False,102;270;295;355,4.0;8.0,,True,NOT_ATTEMPTED,,,,,,,False
847,OITT,OITT,False,APP,13-2,VOR B,EXISTING_MATCHED,True,1,True,False,False,True,False,082;102;270;295;355,3.0;5.0;9.0;13.0;16.0;18.0,,True,NOT_ATTEMPTED,,,,,,,False
848,OITT,OITT,False,APP,13-3,VOR C,EXISTING_MATCHED,True,1,True,False,False,True,False,082;102;285;355,3;3.0;7.0;10.0;13.0;16.0;18.0,,True,NOT_ATTEMPTED,,,,,,,False
849,OITT,OITT,False,APP,13-4,VOR D,EXISTING_MATCHED,True,1,True,False,False,True,False,102;230;355,,,True,NOT_ATTEMPTED,,,,,,,False
854,OITU,OITU,False,ADC,10-9,Airport Diagram Chart (ADC),EXISTING_MATCHED,True,1,True,False,True,True,False,,,,True,NOT_ATTEMPTED,,,,,,,False
855,OITU,OITU,False,APP,13-1,VOR DME RWY 29,EXISTING_MATCHED,True,1,True,False,False,True,False,130;150;180;220;270;295,5.0;10.0;13;15.0,,True,NOT_ATTEMPTED,,,,,,,False
859,OITZ,OITZ,False,ADC,10-9,Airport Diagram Chart (ADC),NEEDS_GEOREF,False,0,True,False,True,True,True,,,,True,VECTOR_GEOMETRY_REJECTED_PENDING_AIP_CONTROL,,,,,"Invalid affine fit: rank 3, residual 4.920",,False
860,OITZ,OITZ,False,APP,13-1,VOR DME RWY 12 CAT C & D,NEEDS_GEOREF,False,0,True,True,False,True,False,120;125;230,1.0;6.0;11.0;17.0,,True,NOT_TO_SCALE_REQUIRES_SPECIFIC_PLAN_VIEW_REGION_QA,,,,,,,False
861,OITZ,OITZ,False,APP,13-2,VOR DME RWY 12 CAT A & B,NEEDS_GEOREF,False,0,True,True,False,True,False,120;125;150,1.0;6.0;11.0;17.0,,True,NOT_TO_SCALE_REQUIRES_SPECIFIC_PLAN_VIEW_REGION_QA,,,,,,,False
862,OITZ,OITZ,False,APP,13-3,VOR DME RWY 30,EXISTING_MATCHED,True,1,True,False,False,True,False,120;125;150;240;280;320,1.5;5.0;7.0;12.0;17.0,,True,NOT_ATTEMPTED,,,,,,,False
863,OITZ,OITZ,False,APP,16-1,NDB RWY 12,EXISTING_MATCHED,True,1,True,False,False,False,True,150;160,,,True,NOT_ATTEMPTED,,,,,,,False
864,OITZ,OITZ,False,APP,16-2,NDB RWY 30 CAT C & D,EXISTING_MATCHED,True,1,True,False,False,False,True,240,,,True,NOT_ATTEMPTED,,,,,,,False
865,OITZ,OITZ,False,APP,16-3,APPROACH 16-3,EXISTING_MATCHED,True,1,True,False,False,False,True,,,,True,NOT_ATTEMPTED,,,,,,,False
880,OIYY,OIYY,False,ADC,10-9,Airport Diagram Chart (ADC),EXISTING_MATCHED,True,1,True,False,True,True,True,,,,True,NOT_ATTEMPTED,,,,,,,False
881,OIYY,OIYY,False,AIRPORT_LAYOUT,10-9A,PARKING STANDS & COORDS,EXISTING_MATCHED,True,1,True,False,False,False,False,,,,True,NOT_ATTEMPTED,,,,,,,False
883,OIYY,OIYY,False,APP,11-1,CHART PAGE 578,EXISTING_MATCHED,True,1,True,False,False,True,False,010;125;130;150;190;230;240;311,0.8;3.0;5.8;11.0;15.0,,True,NOT_ATTEMPTED,,,,,,,False
884,OIYY,OIYY,False,APP,13-1,VOR Z RWY 13,EXISTING_MATCHED,True,1,True,False,False,True,False,125;150;160;200;230;312,2.5;5.0;10.0;15.0,,True,NOT_ATTEMPTED,,,,,,,False
885,OIYY,OIYY,False,APP,13-2,VOR Y RWY 13,EXISTING_MATCHED,True,1,True,False,False,True,False,128;150;160;200;230,2.5;5.0;10.0,,True,NOT_ATTEMPTED,,,,,,,False
886,OIYY,OIYY,False,APP,13-3,VOR X RWY 13 CAT C & D,EXISTING_MATCHED,True,1,True,False,False,True,False,128;150;190;230;240,,,True,NOT_ATTEMPTED,,,,,,,False
887,OIYY,OIYY,False,APP,13-4,VOR Z RWY 31,EXISTING_MATCHED,True,1,True,False,False,True,False,010;125;150;220;230;312,1.3;5.0;10.0;15.0,,True,NOT_ATTEMPTED,,,,,,,False
888,OIYY,OIYY,False,APP,13-5,VOR Y RWY 31,EXISTING_MATCHED,True,1,True,False,False,True,False,125;150;220;230;312,1.3;5.0;10.0;15.0,,True,NOT_ATTEMPTED,,,,,,,False
889,OIYY,OIYY,False,APP,13-6,CHART PAGE 584,EXISTING_MATCHED,True,1,True,False,False,True,False,128,,,True,NOT_ATTEMPTED,,,,,,,False
890,OIYY,OIYY,False,APP,13-7,CHART PAGE 585,EXISTING_MATCHED,True,1,True,False,False,True,False,150;230;312,,,True,NOT_ATTEMPTED,,,,,,,False
891,OIYY,OIYY,False,APP,16-1,NDB A,EXISTING_MATCHED,True,1,True,False,False,False,True,,21,,True,NOT_ATTEMPTED,,,,,,,False
896,OIZH,OIZB,True,ADC,10-9,Airport Diagram Chart (ADC),OWNER_MISMATCH_WITH_EXISTING_GEO_HOLD,True,1,True,False,True,True,True,,,,True,HEADER_OWNER_MISMATCH_REQUIRES_REINDEX,,,,,,,False
897,OIZB,OIZB,False,APP,13-1,VOR Z RWY 16,EXISTING_MATCHED,True,1,True,False,False,True,False,050;090;150;200;310,1.5;4.9;6.0;11.0;12.0;31,,True,NOT_ATTEMPTED,,,,,,,False
898,OIZB,OIZB,False,APP,13-2,VOR Y RWY 16,EXISTING_MATCHED,True,1,True,False,False,True,False,050;090;140;220;240,,,True,NOT_ATTEMPTED,,,,,,,False
899,OIZB,OIZB,False,APP,13-3,VOR Z RWY 34,EXISTING_MATCHED,True,1,True,False,False,True,False,050;090;150;200;240,1.5;2;4.8;6.0;11.0;12.0,,True,NOT_ATTEMPTED,,,,,,,False
900,OIZB,OIZB,False,APP,13-4,VOR Y RWY 34,EXISTING_MATCHED,True,1,True,False,False,True,False,050;090;340,,,True,NOT_ATTEMPTED,,,,,,,False
901,OIZB,OIZB,False,APP,16-1,NDB RWY 34,EXISTING_MATCHED,True,1,True,False,False,True,True,050;090;150,,,True,NOT_ATTEMPTED,,,,,,,False
909,OIZC,OIZC,False,ADC,10-9,Airport Diagram Chart (ADC),EXISTING_MATCHED,True,1,True,False,False,True,False,090;270,,,True,NOT_ATTEMPTED,,,,,,,False
912,OIZC,OIZC,False,APP,13-1,VOR DME 2 RWY 09L,EXISTING_MATCHED,True,1,True,False,False,True,False,003;120;150;160,2;4.0;8.0;15.0;17.0,,True,NOT_ATTEMPTED,,,,,,,False
913,OIZC,OIZC,False,APP,13-2,VOR DME 3 RWY 09L,EXISTING_MATCHED,True,1,True,False,False,True,False,120;150;160,3;4.0;8.0;15.0,,True,NOT_ATTEMPTED,,,,,,,False
914,OIZC,OIZC,False,APP,13-3,VOR 2 RWY 09L,EXISTING_MATCHED,True,1,True,False,False,True,False,090;120;150;160,,,True,NOT_ATTEMPTED,,,,,,,False
915,OIZC,OIZC,False,APP,13-4,VOR DME 1 RWY 27L,EXISTING_MATCHED,True,1,True,False,False,True,False,003;150;160;270,1;4.0;4.4;5.1;8.0;15.0;17.0,,True,NOT_ATTEMPTED,,,,,,,False
916,OIZC,OIZC,False,APP,13-5,VOR 1 RWY 27L,EXISTING_MATCHED,True,1,True,False,False,True,False,150;240;270,,,True,NOT_ATTEMPTED,,,,,,,False
937,OIZH,OIZH,False,ADC,10-9,Airport Diagram Chart (ADC),EXISTING_MATCHED,True,1,True,False,True,True,True,,,,True,NOT_ATTEMPTED,,,,,,,False
939,OIZH,OIZH,False,APP,11-1,ILS Z OR LOC Z RWY 35L,EXISTING_MATCHED,True,1,True,False,False,True,False,020;120;130;150;170;240;350,0.7;3.0;8.6;15.0;17;20.0,,True,NOT_ATTEMPTED,,,,,,,False
940,OIZH,OIZH,False,APP,11-2,ILS Y OR LOC Y RWY 35L,EXISTING_MATCHED,True,1,True,False,False,True,False,020;120;130;150;170;240;350,0.7;3.0;8.6;15.0;17;20.0,,True,NOT_ATTEMPTED,,,,,,,False
941,OIZH,OIZH,False,APP,,RNP RWY 17R,EXISTING_MATCHED,True,1,True,False,True,False,False,150;240,,,True,NOT_ATTEMPTED,,,,,,,False
942,OIZH,OIZH,False,APP,,RNP RWY 35L,EXISTING_MATCHED,True,1,True,False,True,False,False,100;150;170;240,,,True,NOT_ATTEMPTED,,,,,,,False
943,OIZH,OIZH,False,APP,13-1,VOR Z RWY 35L,EXISTING_MATCHED,True,1,True,False,False,True,False,020;130;150;170;240;350,2.0;8.0;12.0;15.0;17;20.0,,True,NOT_ATTEMPTED,,,,,,,False
944,OIZH,OIZH,False,APP,13-2,VOR Y RWY 35L,EXISTING_MATCHED,True,1,True,False,False,True,False,020;130;150;170;240;350,2.0;3.49;8.0;12.0;15.0;17;20.0,,True,NOT_ATTEMPTED,,,,,,,False
945,OIZH,OIZH,False,APP,13-3,VOR B,EXISTING_MATCHED,True,1,True,False,False,True,False,020;130;350,,,True,NOT_ATTEMPTED,,,,,,,False
946,OIZH,OIZH,False,APP,13-4,VOR A,EXISTING_MATCHED,True,1,True,False,False,True,False,020;130;350,,,True,NOT_ATTEMPTED,,,,,,,False
947,OIZH,OIZH,False,APP,16-1,CHART PAGE 632,EXISTING_MATCHED,True,1,True,False,False,False,True,,,,True,NOT_ATTEMPTED,,,,,,,False
952,OIZI,OIZI,False,ADC,10-9,Airport Diagram Chart (ADC),EXISTING_MATCHED,True,1,True,False,True,True,True,,,,True,NOT_ATTEMPTED,,,,,,,False
953,OIZI,OIZI,False,APP,13-1,VOR DME RWY 17,NEEDS_GEOREF,False,0,True,True,False,True,False,150;167;240,2.0;5.0;10.0;15.0;27,,True,NOT_TO_SCALE_REQUIRES_SPECIFIC_PLAN_VIEW_REGION_QA,,,,,,,False
954,OIZI,OIZI,False,APP,13-2,VOR DME RWY 35,NEEDS_GEOREF,False,0,True,True,False,True,False,150;240;290,2.0;5.0;10.0;16.0,,True,NOT_TO_SCALE_REQUIRES_SPECIFIC_PLAN_VIEW_REGION_QA,,,,,,,False
955,OIZI,OIZI,False,APP,16-1,APPROACH 16-1,NEEDS_GEOREF,False,0,True,True,False,False,True,150;240,2.0;6.0;11.0;16.0,,True,NOT_TO_SCALE_REQUIRES_SPECIFIC_PLAN_VIEW_REGION_QA,,,,,,,False
956,OIZI,OIZI,False,APP,16-2,APPROACH 16-2,EXISTING_MATCHED,True,1,True,False,False,False,True,150;290,2.0;6.0;10,,True,NOT_ATTEMPTED,,,,,,,False
957,OIZI,OIZI,False,APP,16-3,APPROACH 16-3,EXISTING_MATCHED,True,1,True,False,False,False,True,,,,True,NOT_ATTEMPTED,,,,,,,False
961,OIZS,,False,ADC,10-9,Airport Diagram Chart (ADC),NEEDS_GEOREF,False,0,True,False,True,False,True,,,https://ais.airport.ir/documents/452631/186846259/OIZS.pdf,True,VECTOR_GEOMETRY_REJECTED_PENDING_AIP_CONTROL,,,,,Conformal scale derivation falls outside the plan view,NOT_TESTED,False
962,OIZS,,False,APP,16-1,"CIRCLING NDB DME (CAT A, B & C)",NEEDS_GEOREF,False,0,True,False,False,False,True,,1.0;6.0;11.0;16.0,https://ais.airport.ir/documents/452631/186846259/OIZS.pdf,True,VECTOR_GEOMETRY_REJECTED_PENDING_AIP_CONTROL,,,,,No measured latitude/longitude grid could be resolved,,False
963,OIZS,,False,APP,16-2,CIRCLING NDB 2 (CAT C),NEEDS_GEOREF,False,1,True,False,False,False,True,,,https://ais.airport.ir/documents/452631/186846259/OIZS.pdf,True,JEPP_VECTOR_GRATICULE_FIT_PROVISIONAL,single_axis_plus_conformal_scale,5e-06,6,0,,,False
964,OIZS,,False,APP,16-3,CIRCLING NDB 1 (CAT A & B),NEEDS_GEOREF,False,1,True,False,False,False,True,,,https://ais.airport.ir/documents/452631/186846259/OIZS.pdf,True,JEPP_VECTOR_GRATICULE_FIT_PROVISIONAL,single_axis_plus_conformal_scale,5e-06,6,0,,,False
971,ORNI,ORNI,False,ADC,10-9,Airport Diagram Chart (ADC),EXISTING_MATCHED,True,1,True,False,True,True,False,,,,True,NOT_ATTEMPTED,,,,,,,False
972,ORNI,ORNI,False,AIRPORT_LAYOUT,10-9A,PARKING STANDS & COORDS,EXISTING_MATCHED,True,1,True,False,False,False,False,,1;2;3;4,,True,NOT_ATTEMPTED,,,,,,,False
974,ORNI,ORNI,False,APP,11-1,LOC RWY 10,NEEDS_GEOREF,False,0,True,True,False,True,False,072;120;150;160;240,1.0;3.8;4.0;5.0;5.9;10.9;11.9;19.6,,True,NOT_TO_SCALE_REQUIRES_SPECIFIC_PLAN_VIEW_REGION_QA,,,,,,,False
975,ORNI,ORNI,False,APP,11-2,LOC RWY 28,NEEDS_GEOREF,False,0,True,True,False,True,False,120;150;190;307,1.0;2.0;3.8;4.0;6.0;11.0;12.1;20.1,,True,NOT_TO_SCALE_REQUIRES_SPECIFIC_PLAN_VIEW_REGION_QA,,,,,,,False
976,ORNI,ORNI,False,APP,12-1,RNP RWY 10,NEEDS_GEOREF,False,0,True,True,False,False,False,130;140;150;230,3.8,,True,NOT_TO_SCALE_REQUIRES_SPECIFIC_PLAN_VIEW_REGION_QA,,,,,,,False
977,ORNI,ORNI,False,APP,12-2,RNP RWY 28,NEEDS_GEOREF,False,0,True,True,False,False,False,120;130;150;190,3.8,,True,NOT_TO_SCALE_REQUIRES_SPECIFIC_PLAN_VIEW_REGION_QA,,,,,,,False
978,ORNI,ORNI,False,APP,13-1,VOR RWY 10,EXISTING_MATCHED,True,1,True,False,False,True,False,072;150;190;240,1.9;3.8;6.0;6.9;11.9;19.6;32,,True,NOT_ATTEMPTED,,,,,,,False
979,ORNI,ORNI,False,APP,13-2,VOR RWY 28,EXISTING_MATCHED,True,1,True,False,False,True,False,130;150;200;307,1.3;2.0;3.8;6.4;11.4;12.1;20.1,,True,NOT_ATTEMPTED,,,,,,,False
983,ORBI,ORBI,False,ADC,10-9,Airport Diagram Chart (ADC),EXISTING_MATCHED,True,1,True,False,True,False,False,111;146;326,,,True,NOT_ATTEMPTED,,,,,,,False
984,ORBI,ORBI,False,AIRPORT_LAYOUT,10-9A,PARKING STANDS & COORDS,NEEDS_GEOREF,False,0,True,False,False,False,False,,41;42;43;44;45;46,,True,VECTOR_GEOMETRY_REJECTED_PENDING_AIP_CONTROL,,,,,"Invalid affine fit: rank 3, residual 108.215",,False
985,ORBI,ORBI,False,AIRPORT_LAYOUT,10-9B,AIRPORT CHART,NEEDS_GEOREF,False,0,False,False,False,False,False,,,,True,NO_PRINTED_GRATICULE_AIP_GCP_OR_RADIAL_DME_CONSTRAINTS_NEEDED,,,,,,,False
987,ORBI,ORBI,False,APP,11-1,APPROACH 11-1,NEEDS_GEOREF,False,0,True,True,False,True,False,225;326,0.7;6.1;12;12.0;12.8;22.0;29.0,,True,NOT_TO_SCALE_REQUIRES_SPECIFIC_PLAN_VIEW_REGION_QA,,,,,,,False
988,ORBI,ORBI,False,APP,11-2,APPROACH 11-2,NEEDS_GEOREF,False,0,True,True,False,True,False,146;225,0.7;6.1;12.5;15.0;21.0;22.0;29.0,,True,NOT_TO_SCALE_REQUIRES_SPECIFIC_PLAN_VIEW_REGION_QA,,,,,,,False
989,ORBI,ORBI,False,APP,,RNP RWY 15R,EXISTING_MATCHED,True,1,True,False,False,False,False,122,7.8,,True,NOT_ATTEMPTED,,,,,,,False
990,ORBI,ORBI,False,APP,12-2,RNP RWY 33L CAT C & D,EXISTING_MATCHED,True,1,True,False,False,False,False,,,,True,NOT_ATTEMPTED,,,,,,,False
991,ORBI,ORBI,False,APP,13-1,VOR DME RWY 15L,NEEDS_GEOREF,False,0,True,True,False,True,False,225,5.4;12;12.0;22.0;29.0,,True,NOT_TO_SCALE_REQUIRES_SPECIFIC_PLAN_VIEW_REGION_QA,,,,,,,False
992,ORBI,ORBI,False,APP,13-2,VOR DME RWY 33R,NEEDS_GEOREF,False,0,True,True,False,True,False,225,3.5;8.7;15.0;21.0;22.0;29.0,,True,NOT_TO_SCALE_REQUIRES_SPECIFIC_PLAN_VIEW_REGION_QA,,,,,,,False
1001,ORER,ORER,False,ADC,10-9,Airport Diagram Chart (ADC),NEEDS_GEOREF,False,0,True,False,True,True,False,350,,,True,VECTOR_GEOMETRY_REJECTED_PENDING_AIP_CONTROL,,,,,"Invalid affine fit: rank 3, residual 8.269",,False
1002,ORER,ORER,False,AIRPORT_LAYOUT,10-9A,PARKING STANDS & COORDS,EXISTING_MATCHED,True,1,True,False,True,False,False,,,,True,NOT_ATTEMPTED,,,,,,,False
1003,ORER,ORER,False,AIRPORT_LAYOUT,10-9B,AIRPORT CHART,NEEDS_GEOREF,False,0,False,False,False,False,False,,,,True,NO_PRINTED_GRATICULE_AIP_GCP_OR_RADIAL_DME_CONSTRAINTS_NEEDED,,,,,,,False
1004,ORER,ORER,False,AIRPORT_LAYOUT,10-9C,AIRPORT CHART,NEEDS_GEOREF,False,0,True,False,False,False,False,,,,True,VECTOR_GEOMETRY_REJECTED_PENDING_AIP_CONTROL,,,,,No measured latitude/longitude grid could be resolved,,False
1006,ORER,ORER,False,APP,11-1,ILS Z RWY 18,EXISTING_MATCHED,True,1,True,False,False,False,False,120;150;160,0.7;4.1;5.4,,True,NOT_ATTEMPTED,,,,,,,False
1007,ORER,ORER,False,APP,11-1A,ILS Z RWY 18,EXISTING_MATCHED,True,1,True,False,False,False,False,350,0.7;4.1;5.4,,True,NOT_ATTEMPTED,,,,,,,False
1008,ORER,ORER,False,APP,11-2,ILS Y RWY 18,EXISTING_MATCHED,True,1,True,False,False,True,False,120;150;160;248,0.7;3;4.1;5.4;11.6;12.5;13.0;20.0;21;25,,True,NOT_ATTEMPTED,,,,,,,False
1009,ORER,ORER,False,APP,11-2A,ILS Y RWY 18,EXISTING_MATCHED,True,1,True,False,False,True,False,248;350,0.7;3;4.1;5.4;11.6;12.5;13.0;20.0;21;25,,True,NOT_ATTEMPTED,,,,,,,False
1010,ORER,ORER,False,APP,11-3,ILS Z RWY 36,EXISTING_MATCHED,True,1,True,False,False,False,False,100;120;150;170,0.7;1.9;4.0;5.3;10.3,,True,NOT_ATTEMPTED,,,,,,,False
1011,ORER,ORER,False,APP,11-4,ILS Y RWY 36,EXISTING_MATCHED,True,1,True,False,False,True,False,100;120;150;170;248,0.7;1.9;4.0;5.3;10.3;11.8;16.0;21.0;21.4,,True,NOT_ATTEMPTED,,,,,,,False
1012,ORER,ORER,False,APP,12-1,RNP RWY 18,EXISTING_MATCHED,True,1,True,False,False,False,False,150,,,True,NOT_ATTEMPTED,,,,,,,False
1013,ORER,ORER,False,APP,12-2,RNP RWY 36,EXISTING_MATCHED,True,1,True,False,False,False,False,100;150;170,,,True,NOT_ATTEMPTED,,,,,,,False
1016,ORMM,ORMM,False,ADC,10-9,Airport Diagram Chart (ADC),EXISTING_MATCHED,True,1,True,False,True,False,False,,,,True,NOT_ATTEMPTED,,,,,,,False
1018,ORMM,ORMM,False,APP,11-1,LOC RWY 32,EXISTING_MATCHED,True,1,True,False,False,True,False,064;244,0.7;5.8;15.0;16.0,,True,NOT_ATTEMPTED,,,,,,,False
1019,ORMM,ORMM,False,APP,13-1,VOR DME RWY 14,EXISTING_MATCHED,True,1,True,False,False,True,False,244,3.3;8.7;15.0,,True,NOT_ATTEMPTED,,,,,,,False
1020,ORMM,ORMM,False,APP,13-2,VOR DME RWY 32,EXISTING_MATCHED,True,1,True,False,False,True,False,244,5.0;15.0,,True,NOT_ATTEMPTED,,,,,,,False
1027,ORSJ,ORSJ,False,ADC,10-9,Airport Diagram Chart (ADC),EXISTING_MATCHED,True,1,True,False,True,True,False,,,,True,NOT_ATTEMPTED,,,,,,,False
1028,ORSJ,ORSJ,False,AIRPORT_LAYOUT,10-9A,AIRPORT CHART,NEEDS_GEOREF,False,0,True,False,False,False,False,,,,True,VECTOR_GEOMETRY_REJECTED_PENDING_AIP_CONTROL,,,,,"Printed grid has an inconsistent scale, angle, or mirrored orientation",,False
1030,ORSJ,ORSJ,False,APP,11-1,APPROACH 11-1,EXISTING_MATCHED,True,1,True,False,False,True,False,120,4.9;7.9;8.0;10.0;31,,True,NOT_ATTEMPTED,,,,,,,False
1031,ORSJ,ORSJ,False,APP,11-2,APPROACH 11-2,EXISTING_MATCHED,True,1,True,False,False,True,False,120,2.0;4.1;8.0;8.1;13,,True,NOT_ATTEMPTED,,,,,,,False
1032,ORSJ,ORSJ,False,APP,12-1,RNP RWY 13,EXISTING_MATCHED,True,1,True,False,False,False,False,150;160,,,True,NOT_ATTEMPTED,,,,,,,False
1033,ORSJ,ORSJ,False,APP,12-2,RNP RWY 31,EXISTING_MATCHED,True,1,True,False,False,False,False,150,,,True,NOT_ATTEMPTED,,,,,,,False
1034,ORSJ,ORSJ,False,APP,13-1,VOR RWY 13,EXISTING_MATCHED,True,1,True,False,False,True,False,140,0.2;31,,True,NOT_ATTEMPTED,,,,,,,False
1035,ORSJ,ORSJ,False,APP,13-2,VOR RWY 31,EXISTING_MATCHED,True,1,True,False,False,True,False,140,3.5;13,,True,NOT_ATTEMPTED,,,,,,,False
1049,OOMS,OOMS,False,ADC,10-9,Airport Diagram Chart (ADC),EXISTING_MATCHED,True,1,True,False,True,True,False,,1;2;3;5;6;7;9,,True,NOT_ATTEMPTED,,,,,,,False
1050,OOMS,OOMS,False,AIRPORT_LAYOUT_REVIEW,10-9A,ADDITIONAL RUNWAY INFORMATION,NEEDS_GEOREF,False,0,False,False,False,False,False,,2;3;5;6;7,,True,NO_PRINTED_GRATICULE_AIP_GCP_OR_RADIAL_DME_CONSTRAINTS_NEEDED,,,,,,,False
1051,OOMS,OOMS,False,AIRPORT_LAYOUT,10-9B,AIRPORT CHART,EXISTING_MATCHED,True,1,True,False,True,False,False,301;311;312;313,2;3;5;6;7,,True,NOT_ATTEMPTED,,,,,,,False
1052,OOMS,OOMS,False,AIRPORT_LAYOUT,10-9C,INS COORDINATES,NEEDS_GEOREF,False,0,False,False,False,False,False,302;312;313,,,True,NO_PRINTED_GRATICULE_AIP_GCP_OR_RADIAL_DME_CONSTRAINTS_NEEDED,,,,,,,False
1053,OOMS,OOMS,False,APP,11-1,LOC RWY 08L,NEEDS_GEOREF,False,0,True,True,False,True,False,071;120;160;240,1.2;3.4;4.2;6.8;12.0;12.2;23;25.7,,True,NOT_TO_SCALE_REQUIRES_SPECIFIC_PLAN_VIEW_REGION_QA,,,,,,,False
1054,OOMS,OOMS,False,APP,11-1A,ILS RWY 08L,NEEDS_GEOREF,False,0,True,True,False,True,False,071;300;350,3.4;4.2;6.8;12.0;12.2;23;25.7,,True,NOT_TO_SCALE_REQUIRES_SPECIFIC_PLAN_VIEW_REGION_QA,,,,,,,False
1055,OOMS,OOMS,False,APP,11-2,LOC Z RWY 08R,NEEDS_GEOREF,False,0,True,True,True,False,False,110;120;150;180,1.0;2.7;3.3;4.1;8.8;9.6,,True,NOT_TO_SCALE_REQUIRES_SPECIFIC_PLAN_VIEW_REGION_QA,,,,,,,False
1056,OOMS,OOMS,False,APP,11-3,LOC Y RWY 08R,EXISTING_MATCHED,True,1,True,False,False,True,False,071;110;120;150;180;249,0.2;1.0;1.9;2.7;3.3;4.1;5.8;6.0;6.6;12.0;12.8;13.0,,True,NOT_ATTEMPTED,,,,,,,False
1057,OOMS,OOMS,False,APP,11-4,LOC Z RWY 26L,NEEDS_GEOREF,False,0,True,True,True,False,False,110;120;150;180,0.7;3.1;4.0;6.4;6.7;9.1,,True,NOT_TO_SCALE_REQUIRES_SPECIFIC_PLAN_VIEW_REGION_QA,,,,,,,False
1058,OOMS,OOMS,False,APP,11-5,CHART PAGE 683,EXISTING_MATCHED,True,1,True,False,False,True,False,120;160;289;317;325,0.7;3.1;4.0;6.4;6.7;9.1;12.9;15.1;15.3;19.0,,True,NOT_ATTEMPTED,,,,,,,False
1059,OOMS,OOMS,False,APP,11-6,CHART PAGE 684,EXISTING_MATCHED,True,1,True,False,False,True,False,120;150;289;319;325,0.7;3.1;4.0;6.4;6.7;9.1;11.0;13.4;17.3;19.0,,True,NOT_ATTEMPTED,,,,,,,False
1060,OOMS,OOMS,False,APP,11-7,LOC RWY 26R,EXISTING_MATCHED,True,1,True,False,False,True,False,110;120;150;180;289;317;325,1.2;4.2;6.8;12.7;14.6;15.1;19.0;063,,True,NOT_ATTEMPTED,,,,,,,False
1061,OOMS,OOMS,False,APP,11-7A,CHART PAGE 686,EXISTING_MATCHED,True,1,True,False,False,True,False,289;300;317;325;350,4.2;6.8;12.7;14.6;15.1;19.0;063,,True,NOT_ATTEMPTED,,,,,,,False
1062,OOMS,OOMS,False,APP,12-1,RNP RWY 08L,NEEDS_GEOREF,False,0,True,True,True,False,False,120;130;140;150;190,,,True,NOT_TO_SCALE_REQUIRES_SPECIFIC_PLAN_VIEW_REGION_QA,,,,,,,False
1063,OOMS,OOMS,False,APP,12-2,RNP RWY 08R,NEEDS_GEOREF,False,0,True,True,True,False,False,100;150;160;170;230,,,True,NOT_TO_SCALE_REQUIRES_SPECIFIC_PLAN_VIEW_REGION_QA,,,,,,,False
1064,OOMS,OOMS,False,APP,12-3,RNP RWY 26L,NEEDS_GEOREF,False,0,True,True,True,False,False,100;140;150;170;210,,,True,NOT_TO_SCALE_REQUIRES_SPECIFIC_PLAN_VIEW_REGION_QA,,,,,,,False
1065,OOMS,OOMS,False,APP,12-4,RNP RWY 26R,NEEDS_GEOREF,False,0,True,True,True,False,False,100;110;150;160;170;180;230;240,,,True,NOT_TO_SCALE_REQUIRES_SPECIFIC_PLAN_VIEW_REGION_QA,,,,,,,False
1066,OOMS,OOMS,False,APP,12-4A,RNP RWY 26R,NEEDS_GEOREF,False,0,False,False,False,False,False,100;130;140;150;160;170,,,True,NO_PRINTED_GRATICULE_AIP_GCP_OR_RADIAL_DME_CONSTRAINTS_NEEDED,,,,,,,False
1067,OOMS,OOMS,False,APP,13-1,VOR RWY 08R,EXISTING_MATCHED,True,1,True,False,False,True,False,071;083;120;121;150;190,1.9;4.0;6.0;12.0;13.0,,True,NOT_ATTEMPTED,,,,,,,False
1068,OOMS,OOMS,False,APP,13-2,VOR Z RWY 26L,EXISTING_MATCHED,True,1,True,False,False,True,False,083;150;220;289;317;325,3.0;5.3;9.2;15.1;15.3;19.0,,True,NOT_ATTEMPTED,,,,,,,False
1069,OOMS,OOMS,False,APP,13-3,VOR Y RWY 26L CAT A & B,EXISTING_MATCHED,True,1,True,False,False,True,False,083;150;289;319;325,3.0;5.3;9.2;13.4;17.3;19.0,,True,NOT_ATTEMPTED,,,,,,,False
1126,LTAC,LTAC,False,ADC,10-9,Airport Diagram Chart (ADC),EXISTING_MATCHED,True,1,True,False,True,True,False,030;210,1;2,,True,NOT_ATTEMPTED,,,,,,,False
1127,LTAC,LTAC,False,AIRPORT_LAYOUT_REVIEW,10-9A,ADDITIONAL RUNWAY INFORMATION,NEEDS_GEOREF,False,0,False,False,False,False,False,125;148;150;200;300,1;2,,True,NO_PRINTED_GRATICULE_AIP_GCP_OR_RADIAL_DME_CONSTRAINTS_NEEDED,,,,,,,False
1128,LTAC,LTAC,False,AIRPORT_LAYOUT,10-9B,HOT SPOTS,EXISTING_MATCHED,True,1,True,False,False,False,False,,1;2,,True,NOT_ATTEMPTED,,,,,,,False
1129,LTAC,LTAC,False,AIRPORT_LAYOUT,10-9C,HOT SPOTS,EXISTING_MATCHED,True,1,True,False,True,False,False,,,,True,NOT_ATTEMPTED,,,,,,,False
1130,LTAC,LTAC,False,AIRPORT_LAYOUT,10-9D,PARKING STANDS & COORDS,NEEDS_GEOREF,False,0,False,False,False,False,False,,,,True,NO_PRINTED_GRATICULE_AIP_GCP_OR_RADIAL_DME_CONSTRAINTS_NEEDED,,,,,,,False
1131,LTAC,LTAC,False,AIRPORT_LAYOUT,10-9E,AIRPORT CHART,NEEDS_GEOREF,False,0,False,False,False,False,False,,1;2,,True,NO_PRINTED_GRATICULE_AIP_GCP_OR_RADIAL_DME_CONSTRAINTS_NEEDED,,,,,,,False
1132,LTAC,LTAC,False,AIRPORT_LAYOUT,10-9F,AIRPORT CHART,NEEDS_GEOREF,False,0,False,False,False,False,False,,2,,True,NO_PRINTED_GRATICULE_AIP_GCP_OR_RADIAL_DME_CONSTRAINTS_NEEDED,,,,,,,False
1133,LTAC,LTAC,False,APP,11-1,ILS Y OR LOC Y RWY 03L,EXISTING_MATCHED,True,1,True,False,False,True,True,120;150;240,0.7;4.1;7.7,,True,NOT_ATTEMPTED,,,,,,,False
1134,LTAC,LTAC,False,APP,11-1A,ILS Z RWY 03L,EXISTING_MATCHED,True,1,True,False,False,True,True,,0.7;4.1;7.7,,True,NOT_ATTEMPTED,,,,,,,False
1135,LTAC,LTAC,False,APP,11-2,ILS X OR LOC X RWY 03L,EXISTING_MATCHED,True,1,True,False,False,True,True,120;150;240,0.7;3.00;4.1;5.0,,True,NOT_ATTEMPTED,,,,,,,False
1136,LTAC,LTAC,False,APP,11-2A,APPROACH 11-2A,EXISTING_MATCHED,True,1,True,False,False,True,True,,0.7;4.1;5.0,,True,NOT_ATTEMPTED,,,,,,,False
1137,LTAC,LTAC,False,APP,11-3,ILS Y OR LOC Y RWY 03C,EXISTING_MATCHED,True,1,True,False,False,True,True,120;150;240,0.8;3.0;4.1;6.3;7.6;9.8,,True,NOT_ATTEMPTED,,,,,,,False
1138,LTAC,LTAC,False,APP,11-3A,APPROACH 11-3A,EXISTING_MATCHED,True,1,True,False,False,True,True,200,0.8;3.0;4.1;6.3;7.6;9.8,,True,NOT_ATTEMPTED,,,,,,,False
1139,LTAC,LTAC,False,APP,11-4,APPROACH 11-4,EXISTING_MATCHED,True,1,True,False,False,True,True,120;150;240,0.8;3.0;4.1;5.0;6.3,,True,NOT_ATTEMPTED,,,,,,,False
1140,LTAC,LTAC,False,APP,11-4A,APPROACH 11-4A,EXISTING_MATCHED,True,1,True,False,False,True,True,200,0.8;3.0;4.1;5.0;6.3,,True,NOT_ATTEMPTED,,,,,,,False
1141,LTAC,LTAC,False,APP,11-5,ILS Z OR LOC Z RWY 03R,EXISTING_MATCHED,True,1,True,False,False,True,False,100;150;170;210;240,3.6;4.0;5.5;6.2;7.5;9.0;10.5;030,,True,NOT_ATTEMPTED,,,,,,,False
1142,LTAC,LTAC,False,APP,11-5A,ILS X RWY 03R,EXISTING_MATCHED,True,1,True,False,False,True,False,210,3.6;4.0;5.5;6.2;7.5;9.0;10.5;030,,True,NOT_ATTEMPTED,,,,,,,False
1143,LTAC,LTAC,False,APP,11-6,ILS Y OR LOC Y RWY 03R,EXISTING_MATCHED,True,1,True,False,False,True,False,062;100;150;170;240,1.3;1.7;3.1;3.6;4.0;5.3;5.4;6.8;7.6;9.1;9.6;11.9;030,,True,NOT_ATTEMPTED,,,,,,,False
1144,LTAC,LTAC,False,APP,11-6A,VOR R,EXISTING_MATCHED,True,1,True,False,False,True,False,062,0.5;1.7;2.8;3.1;4.0;5.3;5.4;6.8;7.6;9.1;9.6;11.9;030,,True,NOT_ATTEMPTED,,,,,,,False
1145,LTAC,LTAC,False,APP,11-7,APPROACH 11-7,EXISTING_MATCHED,True,1,True,False,False,True,False,062;100;150;170,3.6;4.0;5.5;6.2;7.5;9.0;10.5;030,,True,NOT_ATTEMPTED,,,,,,,False
1146,LTAC,LTAC,False,APP,11-8,ILS X OR LOC X RWY 21L,EXISTING_MATCHED,True,1,True,False,False,True,False,140;150;179;240,2.0;2.7;4.5;5.2;7.0;7.7;8.5;9.2;11;12.0;12.7,,True,NOT_ATTEMPTED,,,,,,,False
1147,LTAC,LTAC,False,APP,11-8A,CAT II/III ILS Y RWY 21L,EXISTING_MATCHED,True,1,True,False,False,True,False,179;300;350,0.9;1.6;2.5;3.2;4.5;5.2;7.0;7.7;8.5;9.2;12.0;12.7,,True,NOT_ATTEMPTED,,,,,,,False
1148,LTAC,LTAC,False,APP,11-9,ILS Z OR LOC Z RWY 21L,EXISTING_MATCHED,True,1,True,False,False,True,False,030;140;150;240,2.0;2.5;2.7;4.5;5.2;7.0;7.7;8.5;9.2;12.0;12.7,,True,NOT_ATTEMPTED,,,,,,,False
1149,LTAC,LTAC,False,APP,11-10,ILS Z OR LOC Z RWY 21C,NEEDS_GEOREF,False,0,True,True,False,True,True,120;150;210;220;240,0.2;0.7;1;3.2;3.7;3.9;6.9,,True,NOT_TO_SCALE_REQUIRES_SPECIFIC_PLAN_VIEW_REGION_QA,,,,,,,False
1150,LTAC,LTAC,False,APP,11-11,ILS Z OR LOC Z RWY 21R,NEEDS_GEOREF,False,0,True,True,False,True,True,120;150;209;220;240,0.7;1;3.8,,True,NOT_TO_SCALE_REQUIRES_SPECIFIC_PLAN_VIEW_REGION_QA,,,,,,,False
1151,LTAC,LTAC,False,APP,13-1,VOR Z RWY 03L,EXISTING_MATCHED,True,1,True,False,False,True,False,030;150;240,3.8;6.0;9.0;10.0;030,,True,NOT_ATTEMPTED,,,,,,,False
1152,LTAC,LTAC,False,APP,13-2,VOR Z RWY 03C,EXISTING_MATCHED,True,1,True,False,False,True,False,030;150;240,3.8;6.0;9.0;10.0;030,,True,NOT_ATTEMPTED,,,,,,,False
1153,LTAC,LTAC,False,APP,13-3,VOR Z RWY 03R,EXISTING_MATCHED,True,1,True,False,False,True,False,031;290,4.5;6.0;7.5;9.0;11.0;031,,True,NOT_ATTEMPTED,,,,,,,False
1154,LTAC,LTAC,False,APP,13-4,VOR Z RWY 21L,EXISTING_MATCHED,True,1,True,False,False,True,False,018;150;206;240,1.4;2.5;5.5;6.0;7.5;10.5,,True,NOT_ATTEMPTED,,,,,,,False
1155,LTAC,LTAC,False,APP,13-5,NDB Z RWY 21C,NEEDS_GEOREF,False,0,True,True,False,True,True,150;200;210;240,2.5;4.0;5.0;6.0,,True,NOT_TO_SCALE_REQUIRES_SPECIFIC_PLAN_VIEW_REGION_QA,,,,,,,False
1156,LTAC,LTAC,False,APP,13-6,VOR Y RWY 21C,EXISTING_MATCHED,True,1,True,False,False,True,False,150;200;210;240,1.0;1.2;4.0;7.0;10.0,,True,NOT_ATTEMPTED,,,,,,,False
1157,LTAC,LTAC,False,APP,13-7,NDB Z RWY 21R,NEEDS_GEOREF,False,0,True,True,False,True,True,150;200;209;240,2.5;4.0;5.0;6.0,,True,NOT_TO_SCALE_REQUIRES_SPECIFIC_PLAN_VIEW_REGION_QA,,,,,,,False
1158,LTAC,LTAC,False,APP,13-8,VOR Y RWY 21R,EXISTING_MATCHED,True,1,True,False,False,True,False,150;200;210;240,1.0;1.2;4.0;7.0;10.0,,True,NOT_ATTEMPTED,,,,,,,False
1159,LTAC,LTAC,False,APP,13-9,VOR A,NEEDS_GEOREF,False,0,True,True,False,True,False,210,,,True,NOT_TO_SCALE_REQUIRES_SPECIFIC_PLAN_VIEW_REGION_QA,,,,,,,False
1160,LTAC,LTAC,False,APP,16-1,NDB Z RWY 03L,EXISTING_MATCHED,True,1,True,False,False,True,True,150;240,6.0;6.3;8.1,,True,NOT_ATTEMPTED,,,,,,,False
1161,LTAC,LTAC,False,APP,16-2,NDB Z RWY 03C,EXISTING_MATCHED,True,1,True,False,False,True,True,150;240,3.0;6.0;6.3;8.1,,True,NOT_ATTEMPTED,,,,,,,False
1244,LTFM,LTFM,False,ADC,30-9,Airport Diagram Chart (ADC),EXISTING_MATCHED,True,1,True,False,True,True,False,173;353,3;4;5;6;7;8;9;10;11;12,,True,NOT_ATTEMPTED,,,,,,,False
1245,LTFM,LTFM,False,AIRPORT_LAYOUT_REVIEW,30-9A,ADDITIONAL RUNWAY INFORMATION,NEEDS_GEOREF,False,0,False,False,False,False,False,125;150;300,,,True,NO_PRINTED_GRATICULE_AIP_GCP_OR_RADIAL_DME_CONSTRAINTS_NEEDED,,,,,,,False
1246,LTFM,LTFM,False,AIRPORT_LAYOUT,30-9A1,HOT SPOTS,NEEDS_GEOREF,False,0,False,False,False,False,False,,1;2;3;4;5,,True,NO_PRINTED_GRATICULE_AIP_GCP_OR_RADIAL_DME_CONSTRAINTS_NEEDED,,,,,,,False
1247,LTFM,LTFM,False,AIRPORT_LAYOUT,30-9B,PARKING/DOCKING CHART (PDC),EXISTING_MATCHED,True,1,True,False,True,False,False,110;200;215;216;217;219;220;314;315;317;318;319,1;2;3;4;5;6;7;8;9;10;11;12;13;14;15;16;17;19;20,,True,NOT_ATTEMPTED,,,,,,,False
1248,LTFM,LTFM,False,AIRPORT_LAYOUT,30-9C,PARKING/DOCKING CHART (PDC),NEEDS_GEOREF,False,0,True,False,False,False,False,,,,True,VECTOR_GEOMETRY_REJECTED_PENDING_AIP_CONTROL,,,,,"Invalid affine fit: rank 3, residual 493.165",,False
1249,LTFM,LTFM,False,AIRPORT_LAYOUT,30-9D,INS COORDINATES,NEEDS_GEOREF,False,0,False,False,False,False,False,134;137;138;141;143;144;145;147;216;217;218;219;220;222;225;315;318;319,1;2;3;4;5;6;7;8;9;10;11;12;13;14;15;16;17;19;20,,True,NO_PRINTED_GRATICULE_AIP_GCP_OR_RADIAL_DME_CONSTRAINTS_NEEDED,,,,,,,False
1250,LTFM,LTFM,False,AIRPORT_LAYOUT,30-9E,INS COORDINATES,NEEDS_GEOREF,False,0,False,False,False,False,False,,,,True,NO_PRINTED_GRATICULE_AIP_GCP_OR_RADIAL_DME_CONSTRAINTS_NEEDED,,,,,,,False
1251,LTFM,LTFM,False,AIRPORT_LAYOUT,30-9F,"TAXI ROUTES ARRIVAL RWYS 16R, 34L (1A, 1B)",EXISTING_MATCHED,True,1,True,False,False,True,False,173;353,3;4;5;6;7;8;9;10;11;12,,True,NOT_ATTEMPTED,,,,,,,False
1252,LTFM,LTFM,False,AIRPORT_LAYOUT,30-9F1,"TAXI ROUTES ARRIVAL RWYS 17L, 35R (2A, 2B)",EXISTING_MATCHED,True,1,True,False,False,True,False,173;353,3;4;5;6;7;8;9;10;11;12,,True,NOT_ATTEMPTED,,,,,,,False
1253,LTFM,LTFM,False,AIRPORT_LAYOUT,30-9F2,"TAXI ROUTES ARRIVAL RWYS 17L, 35R (2C, 2D)",EXISTING_MATCHED,True,1,True,False,False,True,False,173;353,3;4;5;6;7;8;9;10;11;12,,True,NOT_ATTEMPTED,,,,,,,False
1254,LTFM,LTFM,False,AIRPORT_LAYOUT,30-9F3,"TAXI ROUTES ARRIVAL RWYS 17L, 35R (2E)",EXISTING_MATCHED,True,1,True,False,False,True,False,173;353,3;4;5;6;7;8;9;10;11;12,,True,NOT_ATTEMPTED,,,,,,,False
1255,LTFM,LTFM,False,AIRPORT_LAYOUT,30-9F4,"TAXI ROUTES ARRIVAL RWY 18 (3F, 3G)",EXISTING_MATCHED,True,1,True,False,False,True,False,173;353,3;4;5;6;7;8;9;10;11;12,,True,NOT_ATTEMPTED,,,,,,,False
1256,LTFM,LTFM,False,AIRPORT_LAYOUT,30-9F5,TAXI ROUTES ARRIVAL RWY 18 (3H),EXISTING_MATCHED,True,1,True,False,False,True,False,173;353,3;4;5;6;7;8;9;10;11;12,,True,NOT_ATTEMPTED,,,,,,,False
1257,LTFM,LTFM,False,AIRPORT_LAYOUT,30-9F6,"TAXI ROUTES ARRIVAL RWY 36 (3A, 3B)",EXISTING_MATCHED,True,1,True,False,False,True,False,173;353,3;4;5;6;7;8;9;10;11;12,,True,NOT_ATTEMPTED,,,,,,,False
1258,LTFM,LTFM,False,AIRPORT_LAYOUT,30-9F7,"TAXI ROUTES ARRIVAL RWY 36 (3C, 3D)",EXISTING_MATCHED,True,1,True,False,False,True,False,173;353,3;4;5;6;7;8;9;10;11;12,,True,NOT_ATTEMPTED,,,,,,,False
1259,LTFM,LTFM,False,AIRPORT_LAYOUT,30-9F8,TAXI ROUTES ARRIVAL RWY 36 (3E),EXISTING_MATCHED,True,1,True,False,False,True,False,173;353,3;4;5;6;7;8;9;10;11;12,,True,NOT_ATTEMPTED,,,,,,,False
1260,LTFM,LTFM,False,AIRPORT_LAYOUT,30-9G,TAXI ROUTES DEPARTURE RWY 09 (4A),EXISTING_MATCHED,True,1,True,False,False,True,False,173;353,3;4;5;6;7;8;9;10;11;12,,True,NOT_ATTEMPTED,,,,,,,False
1261,LTFM,LTFM,False,AIRPORT_LAYOUT,30-9G1,TAXI ROUTES DEPARTURE RWY 16R (OR 16L),EXISTING_MATCHED,True,1,True,False,False,True,False,173;353,3;4;5;6;7;8;9;10;11;12,,True,NOT_ATTEMPTED,,,,,,,False
1262,LTFM,LTFM,False,AIRPORT_LAYOUT,30-9G2,"TAXI ROUTES DEPARTURE RWY 17L (2G, 2H)",EXISTING_MATCHED,True,1,True,False,False,True,False,173;353,3;4;5;6;7;8;9;10;11;12,,True,NOT_ATTEMPTED,,,,,,,False
1263,LTFM,LTFM,False,AIRPORT_LAYOUT,30-9G3,"TAXI ROUTES DEPARTURE RWY 17R (2F, 2G)",EXISTING_MATCHED,True,1,True,False,False,True,False,173;353,3;4;5;6;7;8;9;10;11;12,,True,NOT_ATTEMPTED,,,,,,,False
1264,LTFM,LTFM,False,AIRPORT_LAYOUT,30-9G4,"TAXI ROUTES DEPARTURE RWY 18 (3F, 3G)",EXISTING_MATCHED,True,1,True,False,False,True,False,173;353,3;4;5;6;7;8;9;10;11;12,,True,NOT_ATTEMPTED,,,,,,,False
1265,LTFM,LTFM,False,AIRPORT_LAYOUT,30-9G5,TAXI ROUTES DEPARTURE RWY 34L (OR 34R),EXISTING_MATCHED,True,1,True,False,False,True,False,173;353,3;4;5;6;7;8;9;10;11;12,,True,NOT_ATTEMPTED,,,,,,,False
1266,LTFM,LTFM,False,AIRPORT_LAYOUT,30-9G6,"TAXI ROUTES DEPARTURE RWY 35L (2A, 2B)",EXISTING_MATCHED,True,1,True,False,False,True,False,173;353,3;4;5;6;7;8;9;10;11;12,,True,NOT_ATTEMPTED,,,,,,,False
1267,LTFM,LTFM,False,AIRPORT_LAYOUT,30-9G7,TAXI ROUTES DEPARTURE RWY 35L (2D),EXISTING_MATCHED,True,1,True,False,False,True,False,173;353,3;4;5;6;7;8;9;10;11;12,,True,NOT_ATTEMPTED,,,,,,,False
1268,LTFM,LTFM,False,AIRPORT_LAYOUT,30-9G8,"TAXI ROUTES DEPARTURE RWY 35R (2B, 2C)",EXISTING_MATCHED,True,1,True,False,False,True,False,173;353,3;4;5;6;7;8;9;10;11;12,,True,NOT_ATTEMPTED,,,,,,,False
1269,LTFM,LTFM,False,AIRPORT_LAYOUT,30-9G9,TAXI ROUTES DEPARTURE RWY 35R (2D),EXISTING_MATCHED,True,1,True,False,False,True,False,173;353,3;4;5;6;7;8;9;10;11;12,,True,NOT_ATTEMPTED,,,,,,,False
1270,LTFM,LTFM,False,AIRPORT_LAYOUT,30-9G10,"TAXI ROUTES DEPARTURE RWY 36 (3A, 3B)",EXISTING_MATCHED,True,1,True,False,False,True,False,173;353,3;4;5;6;7;8;9;10;11;12,,True,NOT_ATTEMPTED,,,,,,,False
1271,LTFM,LTFM,False,AIRPORT_LAYOUT,30-9G11,TAXI ROUTES DEPARTURE RWY 36 (3C),EXISTING_MATCHED,True,1,True,False,False,True,False,173;353,3;4;5;6;7;8;9;10;11;12,,True,NOT_ATTEMPTED,,,,,,,False
1272,LTFM,LTFM,False,AIRPORT_LAYOUT,30-9H,TAXIWAY RESTRICTIONS,EXISTING_MATCHED,True,1,True,False,False,True,False,173;353,3;4;5;6;7;8;9;10;11;12,,True,NOT_ATTEMPTED,,,,,,,False
1273,LTFM,LTFM,False,AIRPORT_LAYOUT,30-9J,PUSHBACK PROCEDURES,NEEDS_GEOREF,False,0,False,False,False,False,False,,8;9;10;11;12;13;14;15;16;17;19;20,,True,NO_PRINTED_GRATICULE_AIP_GCP_OR_RADIAL_DME_CONSTRAINTS_NEEDED,,,,,,,False
1274,LTFM,LTFM,False,AIRPORT_LAYOUT,30-9J1,PUSHBACK PROCEDURES,NEEDS_GEOREF,False,0,False,False,False,False,False,,,,True,NO_PRINTED_GRATICULE_AIP_GCP_OR_RADIAL_DME_CONSTRAINTS_NEEDED,,,,,,,False
1275,LTFM,LTFM,False,AIRPORT_LAYOUT,30-9J2,PUSHBACK PROCEDURES,NEEDS_GEOREF,False,0,False,False,False,False,False,,,,True,NO_PRINTED_GRATICULE_AIP_GCP_OR_RADIAL_DME_CONSTRAINTS_NEEDED,,,,,,,False
1276,LTFM,LTFM,False,AIRPORT_LAYOUT,30-9J3,PUSHBACK PROCEDURES,NEEDS_GEOREF,False,0,False,False,False,False,False,,1;3;5;11;13;15;17;19,,True,NO_PRINTED_GRATICULE_AIP_GCP_OR_RADIAL_DME_CONSTRAINTS_NEEDED,,,,,,,False
1277,LTFM,LTFM,False,AIRPORT_LAYOUT,30-9J4,PUSHBACK PROCEDURES,NEEDS_GEOREF,False,0,False,False,False,False,False,,1;3;5;7;9;10;11;12;14;16;20,,True,NO_PRINTED_GRATICULE_AIP_GCP_OR_RADIAL_DME_CONSTRAINTS_NEEDED,,,,,,,False
1278,LTFM,LTFM,False,AIRPORT_LAYOUT,30-9J5,PUSHBACK PROCEDURES,NEEDS_GEOREF,False,0,False,False,False,False,False,,2;4;6;8;10,,True,NO_PRINTED_GRATICULE_AIP_GCP_OR_RADIAL_DME_CONSTRAINTS_NEEDED,,,,,,,False
1279,LTFM,LTFM,False,AIRPORT_LAYOUT,30-9J6,PUSHBACK PROCEDURES,NEEDS_GEOREF,False,0,False,False,False,False,False,,,,True,NO_PRINTED_GRATICULE_AIP_GCP_OR_RADIAL_DME_CONSTRAINTS_NEEDED,,,,,,,False
1280,LTFM,LTFM,False,AIRPORT_LAYOUT,30-9J7,PUSHBACK PROCEDURES,NEEDS_GEOREF,False,0,False,False,False,False,False,,,,True,NO_PRINTED_GRATICULE_AIP_GCP_OR_RADIAL_DME_CONSTRAINTS_NEEDED,,,,,,,False
1281,LTFM,LTFM,False,AIRPORT_LAYOUT,30-9J8,PUSHBACK PROCEDURES,NEEDS_GEOREF,False,0,False,False,False,False,False,134;135;136;140;141;142;143,,,True,NO_PRINTED_GRATICULE_AIP_GCP_OR_RADIAL_DME_CONSTRAINTS_NEEDED,,,,,,,False
1282,LTFM,LTFM,False,AIRPORT_LAYOUT,30-9J9,PUSHBACK PROCEDURES,NEEDS_GEOREF,False,0,False,False,False,False,False,146;147;148;215,,,True,NO_PRINTED_GRATICULE_AIP_GCP_OR_RADIAL_DME_CONSTRAINTS_NEEDED,,,,,,,False
1283,LTFM,LTFM,False,AIRPORT_LAYOUT,30-9J10,PUSHBACK PROCEDURES,NEEDS_GEOREF,False,0,False,False,False,False,False,222;224;300;318,,,True,NO_PRINTED_GRATICULE_AIP_GCP_OR_RADIAL_DME_CONSTRAINTS_NEEDED,,,,,,,False
1284,LTFM,LTFM,False,AIRPORT_LAYOUT,30-9J11,PUSHBACK PROCEDURES,NEEDS_GEOREF,False,0,False,False,False,False,False,,,,True,NO_PRINTED_GRATICULE_AIP_GCP_OR_RADIAL_DME_CONSTRAINTS_NEEDED,,,,,,,False
1285,LTFM,LTFM,False,AIRPORT_LAYOUT,30-9J12,PUSHBACK PROCEDURES,NEEDS_GEOREF,False,0,False,False,False,False,False,,,,True,NO_PRINTED_GRATICULE_AIP_GCP_OR_RADIAL_DME_CONSTRAINTS_NEEDED,,,,,,,False
1286,LTFM,LTFM,False,AIRPORT_LAYOUT,30-9K,Airport Diagram Chart (ADC) - CODE F,EXISTING_MATCHED,True,1,True,False,False,True,False,173;353,3;4;5;6;7;8;9;10;11;12,,True,NOT_ATTEMPTED,,,,,,,False
1287,LTFM,LTFM,False,AIRPORT_LAYOUT_REVIEW,30-9U,REMOTE PARK AREA HOLDING PROCEDURE,NEEDS_GEOREF,False,0,False,False,False,False,False,100;300,1;20,,True,NO_PRINTED_GRATICULE_AIP_GCP_OR_RADIAL_DME_CONSTRAINTS_NEEDED,,,,,,,False
1288,LTFM,LTFM,False,AIRPORT_LAYOUT_REVIEW,30-9U1,REMOTE PARK AREA HOLDING PROCEDURE,EXISTING_MATCHED,True,1,True,False,False,True,False,173;353,3;4;5;6;7;8;9;10;11;12,,True,NOT_ATTEMPTED,,,,,,,False
1289,LTFM,LTFM,False,APP,,ILS Z OR LOC Z RWY 16R,EXISTING_MATCHED,True,1,True,False,True,False,False,120;130,0.1;0.8;1.0;4.1;5.1;7.7;8.7;15.0;16.0,,True,NOT_ATTEMPTED,,,,,,,False
1290,LTFM,LTFM,False,APP,,ILS Z OR LOC Z RWY 16R,EXISTING_MATCHED,True,1,True,False,True,False,False,300;350,0.1;0.8;1.0;4.1;5.1;7.7;8.7;15.0;16.0,,True,NOT_ATTEMPTED,,,,,,,False
1291,LTFM,LTFM,False,APP,31-2,ILS Y RWY 16R,NEEDS_GEOREF,False,0,True,True,True,True,False,073;120;130;244,0.1;0.8;1.0;4.1;5.1;7.7;8.7;11.4;11.8;15.0;16.0;16.4;16.8,,True,NOT_TO_SCALE_REQUIRES_SPECIFIC_PLAN_VIEW_REGION_QA,,,,,,,False
1292,LTFM,LTFM,False,APP,31-2A,CAT II/III ILS Y RWY 16R,NEEDS_GEOREF,False,0,True,True,True,True,False,073;244;300;350,0.1;0.8;1.0;4.1;5.1;7.7;8.7;11.4;11.8;15.0;16.0;16.4;16.8,,True,NOT_TO_SCALE_REQUIRES_SPECIFIC_PLAN_VIEW_REGION_QA,,,,,,,False
1293,LTFM,LTFM,False,APP,,ILS X OR LOC X RWY 16R,EXISTING_MATCHED,True,1,True,False,True,False,False,120;130,1.0;4.1;5.1;7.7;8.7;15.0;16.0,,True,NOT_ATTEMPTED,,,,,,,False
1294,LTFM,LTFM,False,APP,,ILS X OR LOC X RWY 16R,EXISTING_MATCHED,True,1,True,False,True,False,False,300;350,1.0;4.1;5.1;7.7;8.7;15.0;16.0,,True,NOT_ATTEMPTED,,,,,,,False
1295,LTFM,LTFM,False,APP,31-3,VOR Z RWY 16R,NEEDS_GEOREF,False,0,True,True,True,True,False,073;150;160;240;244,0.6;4.1;6.0;7.7;11.8;15.0;16.8;19.5,,True,NOT_TO_SCALE_REQUIRES_SPECIFIC_PLAN_VIEW_REGION_QA,,,,,,,False
1296,LTFM,LTFM,False,APP,31-4,ILS Z RWY 17L,EXISTING_MATCHED,True,1,True,False,True,True,False,120,0.1;0.7;4.3;5.1;8.0;8.8;11.1;11.9;14.3;15.1;16.8;17.6,,True,NOT_ATTEMPTED,,,,,,,False
1297,LTFM,LTFM,False,APP,31-4A,CAT II/III ILS Z RWY 17L,EXISTING_MATCHED,True,1,True,False,True,True,False,300;350,0.1;0.7;3.7;4.3;5.1;8.0;8.8;11.1;11.9;14.3;15.1;16.8;17.6,,True,NOT_ATTEMPTED,,,,,,,False
1298,LTFM,LTFM,False,APP,31-5,ILS Y RWY 17L,EXISTING_MATCHED,True,1,True,False,True,True,False,120;200,0.1;0.7;4.3;5.1;8.0;8.8;10.3;11.1;11.9;14.3;15.1;16.8;17.6;19.9;20.6,,True,NOT_ATTEMPTED,,,,,,,False
1299,LTFM,LTFM,False,APP,31-5A,CAT II/III ILS Y RWY 17L,EXISTING_MATCHED,True,1,True,False,True,True,False,200;300;350,0.1;0.7;4.3;5.1;8.0;8.8;10.3;11.1;11.9;14.3;15.1;16.8;17.6;19.9;20.6,,True,NOT_ATTEMPTED,,,,,,,False
1300,LTFM,LTFM,False,APP,31-5B,ILS X RWY 17L,EXISTING_MATCHED,True,1,True,False,True,True,False,120,0.1;0.7;4.3;5.1;8.0;8.8;11.1;11.9;14.3;15.1;16.8;17.6,,True,NOT_ATTEMPTED,,,,,,,False
1301,LTFM,LTFM,False,APP,31-5C,CAT II/III ILS X RWY 17L,EXISTING_MATCHED,True,1,True,False,True,True,False,300;350,0.1;0.7;4.3;5.1;8.0;8.8;11.1;11.9;14.3;15.1;16.8;17.6,,True,NOT_ATTEMPTED,,,,,,,False
1302,LTFM,LTFM,False,APP,31-6,VOR Z RWY 17L,EXISTING_MATCHED,True,1,True,False,True,True,False,150;160;173;200;240,0.8;4.3;8.0;11.1;14.0;14.3;15.1;16.8;17.6;20.6,,True,NOT_ATTEMPTED,,,,,,,False
1303,LTFM,LTFM,False,APP,,ILS Z OR LOC Z RWY 18,EXISTING_MATCHED,True,1,True,False,True,True,False,120,0.6;0.8;3.5;3.7;4.9;5.1;7.3;8.7;10.4;11.8;17.3;18.7,,True,NOT_ATTEMPTED,,,,,,,False
1304,LTFM,LTFM,False,APP,,ILS Z OR LOC Z RWY 18,EXISTING_MATCHED,True,1,True,False,True,True,False,300;350,0.6;0.8;3.5;3.7;4.9;5.1;7.3;8.7;10.4;11.8;17.3;18.7,,True,NOT_ATTEMPTED,,,,,,,False
1305,LTFM,LTFM,False,APP,31-7B,ILS Y RWY 18,NEEDS_GEOREF,False,0,True,False,True,True,False,120;162;357,0.6;0.8;3.5;3.7;4.9;5.1;6.7;7.3;8.7;10.4;11.8;14.5;17.3;18.7,,True,VECTOR_GEOMETRY_REJECTED_PENDING_AIP_CONTROL,,,,,"Invalid affine fit: rank 3, residual 1.898",,False
1306,LTFM,LTFM,False,APP,31-7C,CAT II/III ILS Y RWY 18,NEEDS_GEOREF,False,0,True,False,True,True,False,162;300;350;357,0.6;0.8;3.5;3.7;4.9;5.1;6.7;7.3;8.7;10.4;11.8;14.5;17.3;18.7,,True,VECTOR_GEOMETRY_REJECTED_PENDING_AIP_CONTROL,,,,,"Invalid affine fit: rank 3, residual 1.898",,False
1307,LTFM,LTFM,False,APP,,ILS X OR LOC X RWY 18,EXISTING_MATCHED,True,1,True,False,True,True,False,120,0.6;0.8;3.7;5.1;7.3;8.7;10.4;11.8;17.3;18.7,,True,NOT_ATTEMPTED,,,,,,,False
1308,LTFM,LTFM,False,APP,,ILS X OR LOC X RWY 18,EXISTING_MATCHED,True,1,True,False,True,True,False,300;350,0.6;0.8;3.7;5.1;7.3;8.7;10.4;11.8;17.3;18.7,,True,NOT_ATTEMPTED,,,,,,,False
1309,LTFM,LTFM,False,APP,,VOR Z RWY 18,EXISTING_MATCHED,True,1,True,False,True,True,False,150;162;230,3.7;4.9;6.7;7.3;10.0;10.4;14.5;17.3,,True,NOT_ATTEMPTED,,,,,,,False
1310,LTFM,LTFM,False,APP,31-11,ILS Z RWY 34L,NEEDS_GEOREF,False,0,True,True,True,False,False,120,0.2;0.8;2.8;3.4;5.2;7.8;8.5;11.1;16.0;18.6,,True,NOT_TO_SCALE_REQUIRES_SPECIFIC_PLAN_VIEW_REGION_QA,,,,,,,False
1311,LTFM,LTFM,False,APP,31-11A,CAT II/III ILS Z RWY 34L,NEEDS_GEOREF,False,0,True,True,True,False,False,300;350,0.2;0.8;2.8;3.4;5.2;7.8;8.5;11.1;16.0;18.6,,True,NOT_TO_SCALE_REQUIRES_SPECIFIC_PLAN_VIEW_REGION_QA,,,,,,,False
1312,LTFM,LTFM,False,APP,31-12,ILS Y RWY 34L,EXISTING_MATCHED,True,1,True,False,True,True,False,061;120;257;266,0.2;0.8;2.8;3.4;5.2;7.8;8.5;11.1;11.2;11.5;16.0;17.7;18.0;18.6,,True,NOT_ATTEMPTED,,,,,,,False
1313,LTFM,LTFM,False,APP,31-12A,CAT II/III ILS Y RWY 34L,EXISTING_MATCHED,True,1,True,False,True,True,False,061;257;266;300;350,0.2;0.8;2;2.8;3.4;5.2;7.8;8.5;11.1;11.2;11.5;16.0;17.7;18.0;18.6,,True,NOT_ATTEMPTED,,,,,,,False
1314,LTFM,LTFM,False,APP,31-12B,ILS X RWY 34L,EXISTING_MATCHED,True,1,True,False,True,False,False,120,0.8;3.4;5.2;7.8;8.5;11.1;16.0;18.6,,True,NOT_ATTEMPTED,,,,,,,False
1315,LTFM,LTFM,False,APP,31-12C,CAT II/III ILS X RWY 34L,EXISTING_MATCHED,True,1,True,False,True,False,False,300;350,0.8;3.4;5.2;7.8;8.5;11.1;16.0;18.6,,True,NOT_ATTEMPTED,,,,,,,False
1316,LTFM,LTFM,False,APP,31-13,VOR Z RWY 34L,EXISTING_MATCHED,True,1,True,False,True,True,False,061;150;240;257;266,4.8;7.8;11.1;11.2;16.0;18.0;18.6,,True,NOT_ATTEMPTED,,,,,,,False
1317,LTFM,LTFM,False,APP,31-14,ILS Z RWY 35R,NEEDS_GEOREF,False,0,True,False,True,False,False,120,0.8;3.4;5.2;7.8;8.5;11.1;11.7;14.3;14.8;17.3;17.5;20.0,,True,VECTOR_GEOMETRY_REJECTED_PENDING_AIP_CONTROL,,,,,"Invalid affine fit: rank 3, residual 5.628",,False
1318,LTFM,LTFM,False,APP,31-14A,CAT II/III ILS Z RWY 35R,NEEDS_GEOREF,False,0,True,False,True,False,False,300;350,0.8;3.4;5.2;7.8;8.5;11.1;11.7;14.3;14.8;17.3;17.5;20.0,,True,VECTOR_GEOMETRY_REJECTED_PENDING_AIP_CONTROL,,,,,"Invalid affine fit: rank 3, residual 4.794",,False
1319,LTFM,LTFM,False,APP,,ILS Y OR LOC Y RWY 35R,EXISTING_MATCHED,True,1,True,False,True,True,False,120;340,0.8;3.4;5.2;7.8;8.0;8.5;10.6;11.1;11.7;14.3;14.8;17.3;17.5;20.0;22.3;24.8,,True,NOT_ATTEMPTED,,,,,,,False
1320,LTFM,LTFM,False,APP,,ILS Y OR LOC Y RWY 35R,EXISTING_MATCHED,True,1,True,False,True,True,False,300;340;350,0.8;3.4;5.2;7.8;8.0;8.5;10.6;11.1;11.7;14.3;14.8;17.3;17.5;20.0;22.3;24.8,,True,NOT_ATTEMPTED,,,,,,,False
1321,LTFM,LTFM,False,APP,31-15B,ILS X RWY 35R,NEEDS_GEOREF,False,0,True,False,True,False,False,120,0.8;3.4;5.2;7.8;8.5;11.1;11.7;14.3;14.8;17.3;17.5;20.0,,True,VECTOR_GEOMETRY_REJECTED_PENDING_AIP_CONTROL,,,,,No measured latitude/longitude grid could be resolved,,False
1322,LTFM,LTFM,False,APP,31-15C,CAT II/III ILS X RWY 35R,NEEDS_GEOREF,False,0,True,False,True,False,False,300;350,0.8;3.4;5.2;7.8;8.5;11.1;11.7;14.3;14.8;17.3;17.5;20.0,,True,VECTOR_GEOMETRY_REJECTED_PENDING_AIP_CONTROL,,,,,No measured latitude/longitude grid could be resolved,,False
1323,LTFM,LTFM,False,APP,,VOR Z RWY 35R,EXISTING_MATCHED,True,1,True,False,True,True,False,150;240;340,4.8;5.0;7.8;8.0;10.6;11.1;14.3;17.5;20.0;22.3;24.8,,True,NOT_ATTEMPTED,,,,,,,False
1324,LTFM,LTFM,False,APP,,ILS Z OR LOC Z RWY 36,EXISTING_MATCHED,True,1,True,False,True,False,False,120,0.8;3.5;5.2;7.9;8.5;11.2;11.6;14.3;17.5;20.2,,True,NOT_ATTEMPTED,,,,,,,False
1325,LTFM,LTFM,False,APP,31-17A,CAT II/III ILS Z RWY 36,EXISTING_MATCHED,True,1,True,False,True,False,False,300;350,0.8;3.5;5.2;7.9;8.5;11.2;11.6;14.3;17.5;20.2,,True,NOT_ATTEMPTED,,,,,,,False
1326,LTFM,LTFM,False,APP,,ILS Y OR LOC Y RWY 36,EXISTING_MATCHED,True,1,True,False,True,True,False,017;120,0.8;3.5;5.2;7.9;8.5;11.2;11.6;14.3;17.5;20.2;21.2;22.5,,True,NOT_ATTEMPTED,,,,,,,False
1327,LTFM,LTFM,False,APP,,ILS Y OR LOC Y RWY 36,EXISTING_MATCHED,True,1,True,False,True,True,False,017;300;350,0.8;3.5;5.2;7.9;8.5;11.2;11.6;14.3;17.5;20.2;21.2;22.5,,True,NOT_ATTEMPTED,,,,,,,False
1328,LTFM,LTFM,False,APP,,ILS X OR LOC X RWY 36,EXISTING_MATCHED,True,1,True,False,True,False,False,120,0.8;3.5;5.2;7.9;8.5;11.2;11.6;14.3;17.5;20.2,,True,NOT_ATTEMPTED,,,,,,,False
1329,LTFM,LTFM,False,APP,,ILS X OR LOC X RWY 36,EXISTING_MATCHED,True,1,True,False,True,False,False,300;350,0.8;3.5;5.2;7.9;8.5;11.2;11.6;14.3;17.5;20.2,,True,NOT_ATTEMPTED,,,,,,,False
1330,LTFM,LTFM,False,APP,31-19,VOR Z RWY 36,NEEDS_GEOREF,False,0,True,False,True,True,False,017;150;240,4.9;7.9;11.2;14.0;14.3;20.2;21.2,,True,VECTOR_GEOMETRY_REJECTED_PENDING_AIP_CONTROL,,,,,"Invalid affine fit: rank 3, residual 8.547",,False
1331,LTFM,LTFM,False,APP,32-1,RNP Z RWY 16R,EXISTING_MATCHED,True,1,True,False,True,False,False,150;160;240,,,True,NOT_ATTEMPTED,,,,,,,False
1332,LTFM,LTFM,False,APP,,RNP RWY 17L,EXISTING_MATCHED,True,1,True,False,True,False,False,150;160;240,,,True,NOT_ATTEMPTED,,,,,,,False
1333,LTFM,LTFM,False,APP,,RNP RWY 18,EXISTING_MATCHED,True,1,True,False,True,False,False,150;230,,,True,NOT_ATTEMPTED,,,,,,,False
1334,LTFM,LTFM,False,APP,32-4,RNP Z RWY 34L,NEEDS_GEOREF,False,0,True,True,True,False,False,150;190;240,,,True,NOT_TO_SCALE_REQUIRES_SPECIFIC_PLAN_VIEW_REGION_QA,,,,,,,False
1335,LTFM,LTFM,False,APP,32-5,RNP Z RWY 35R,NEEDS_GEOREF,False,0,True,False,True,False,False,150;230;240,,,True,VECTOR_GEOMETRY_REJECTED_PENDING_AIP_CONTROL,,,,,"Invalid affine fit: rank 3, residual 5.283",,False
1336,LTFM,LTFM,False,APP,32-6,RNP Z RWY 36,NEEDS_GEOREF,False,0,True,False,True,False,False,150;230;240,1,,True,VECTOR_GEOMETRY_REJECTED_PENDING_AIP_CONTROL,,,,,"Invalid affine fit: rank 3, residual 5.850",,False
1344,UDYZ,UDYZ,False,ADC,10-9,Airport Diagram Chart (ADC),EXISTING_MATCHED,True,1,True,False,True,False,False,125;150,,,True,NOT_ATTEMPTED,,,,,,,False
1345,UDYZ,UDYZ,False,AIRPORT_LAYOUT,10-9A,PARKING STANDS & COORDS,EXISTING_MATCHED,True,1,True,False,False,False,False,,,,True,NOT_ATTEMPTED,,,,,,,False
1347,UDYZ,UDYZ,False,APP,11-1,ILS DME RWY 08,NEEDS_GEOREF,False,1,True,False,False,True,False,083;120;150;190,1.6;4.6;5.4;7.1;7.9;9.4;9.5;13.9,,True,JEPP_VECTOR_GRATICULE_FIT_PROVISIONAL,paired_printed_graticule_vector_ticks,0.039988,6,0,,,False
1348,UDYZ,UDYZ,False,APP,11-1A,CAT II ILS DME RWY 08,NEEDS_GEOREF,False,1,True,False,False,True,False,083;300;350,1.5;1.6;4.6;5.4;7.1;7.9;9.4;9.5;13.9,,True,JEPP_VECTOR_GRATICULE_FIT_PROVISIONAL,paired_printed_graticule_vector_ticks,0.039988,6,0,,,False
1349,UDYZ,UDYZ,False,APP,12-1,RNP RWY 08,NEEDS_GEOREF,False,0,True,False,False,True,False,130;150;160;200;220,,,True,VECTOR_GEOMETRY_REJECTED_PENDING_AIP_CONTROL,,,,,"Invalid affine fit: rank 3, residual 9.520",,False
1350,UDYZ,UDYZ,False,APP,12-2,RNP Z RWY 26,NEEDS_GEOREF,False,1,True,False,False,True,False,112;150;240,,,True,JEPP_VECTOR_GRATICULE_FIT_PROVISIONAL,single_axis_plus_conformal_scale,0.0,4,0,,,False
1351,UDYZ,UDYZ,False,APP,12-3,RNP Y RWY 26,NEEDS_GEOREF,False,1,True,False,False,True,False,150;210,1,,True,JEPP_VECTOR_GRATICULE_FIT_PROVISIONAL,paired_printed_graticule_vector_ticks,0.0,4,0,,,False
1352,UDYZ,UDYZ,False,APP,12-40,GLS RWY 08,NEEDS_GEOREF,False,0,True,False,False,True,False,120;130;140;220,,,True,VECTOR_GEOMETRY_REJECTED_PENDING_AIP_CONTROL,,,,,No measured latitude/longitude grid could be resolved,,False
1353,UDYZ,UDYZ,False,APP,13-1,VOR DME RWY 08,NEEDS_GEOREF,False,0,True,False,False,True,False,120;150;190,4.6;5.0;5.4;7.9;9.4;9.5,,True,VECTOR_GEOMETRY_REJECTED_PENDING_AIP_CONTROL,,,,,"Invalid affine fit: rank 3, residual 9.560",,False
1368,UGTB,UGTB,False,ADC,10-9,Airport Diagram Chart (ADC),NEEDS_GEOREF,False,0,True,False,True,True,False,125;130;150,,,True,VECTOR_GEOMETRY_REJECTED_PENDING_AIP_CONTROL,,,,,"Invalid affine fit: rank 3, residual 4.720",,False
1369,UGTB,UGTB,False,AIRPORT_LAYOUT,10-9A,PARKING STANDS & COORDS,EXISTING_MATCHED,True,1,True,False,True,False,False,,,,True,NOT_ATTEMPTED,,,,,,,False
1371,UGTB,UGTB,False,APP,11-1,ILS Z RWY 13R,NEEDS_GEOREF,False,0,True,True,False,True,False,120,9.9;10.4,,True,NOT_TO_SCALE_REQUIRES_SPECIFIC_PLAN_VIEW_REGION_QA,,,,,,,False
1372,UGTB,UGTB,False,APP,11-2,LOC Z RWY 13R,NEEDS_GEOREF,False,0,True,True,False,True,False,150;240,0.5;3.0;3.5;9.0;9.9;10.4,,True,NOT_TO_SCALE_REQUIRES_SPECIFIC_PLAN_VIEW_REGION_QA,,,,,,,False
1373,UGTB,UGTB,False,APP,11-3,ILS Y RWY 13R,NEEDS_GEOREF,False,0,True,True,False,True,False,120,9.9;10.4;16.8;17.3,,True,NOT_TO_SCALE_REQUIRES_SPECIFIC_PLAN_VIEW_REGION_QA,,,,,,,False
1374,UGTB,UGTB,False,APP,11-4,LOC Y RWY 13R,NEEDS_GEOREF,False,0,True,True,False,True,False,150;240,0.5;1.5;3.0;3.5;9.9;10.4;16.8;17.3,,True,NOT_TO_SCALE_REQUIRES_SPECIFIC_PLAN_VIEW_REGION_QA,,,,,,,False
1375,UGTB,UGTB,False,APP,11-5,ILS Z RWY 31L,NEEDS_GEOREF,False,0,True,True,False,True,False,120;150;240,7.5;8.6,,True,NOT_TO_SCALE_REQUIRES_SPECIFIC_PLAN_VIEW_REGION_QA,,,,,,,False
1376,UGTB,UGTB,False,APP,11-6,LOC Z RWY 31L,NEEDS_GEOREF,False,0,True,True,False,True,False,110;150;180;240,1.0;2.1;3.0;4.0;4.1;5.1;7.0;7.5;8.1;8.6,,True,NOT_TO_SCALE_REQUIRES_SPECIFIC_PLAN_VIEW_REGION_QA,,,,,,,False
1377,UGTB,UGTB,False,APP,11-7,ILS Y RWY 31L,NEEDS_GEOREF,False,0,True,True,False,True,False,120;150;240,7.5;8.6;11.5;12.6;15,,True,NOT_TO_SCALE_REQUIRES_SPECIFIC_PLAN_VIEW_REGION_QA,,,,,,,False
1378,UGTB,UGTB,False,APP,11-8,LOC Y RWY 31L,NEEDS_GEOREF,False,0,True,True,False,True,False,110;150;180;240,1;1.0;2.1;3.0;4.0;4.1;5.1;7.5;8.6;11.5;12.6;15,,True,NOT_TO_SCALE_REQUIRES_SPECIFIC_PLAN_VIEW_REGION_QA,,,,,,,False
1379,UGTB,UGTB,False,APP,13-1,VOR RWY 13R,EXISTING_MATCHED,True,1,True,False,False,True,False,130;150;240,0.5;3.6;4.1;9.5;9.9;10.0;10.4;16.8;17.3,,True,NOT_ATTEMPTED,,,,,,,False
1380,UGTB,UGTB,False,APP,13-2,VOR RWY 31L,EXISTING_MATCHED,True,1,True,False,False,True,False,110;150;180;240;309,0.9;1.0;2.0;2.1;2.3;3.4;4.0;5.1;7.5;8.6;12.5;13.6;15,,True,NOT_ATTEMPTED,,,,,,,False
1388,UGSB,UGSB,False,ADC,10-9,Airport Diagram Chart (ADC),NEEDS_GEOREF,False,0,True,False,True,False,True,300,,,True,VECTOR_GEOMETRY_REJECTED_PENDING_AIP_CONTROL,,,,,No measured latitude/longitude grid could be resolved,,False
1390,UGSB,UGSB,False,APP,11-1,ILS Z OR LOC Z RWY 12,EXISTING_MATCHED,True,1,True,False,False,False,True,140;150;200;220;240,6.0;6.9;11.0;11.9,,True,NOT_ATTEMPTED,,,,,,,False
1391,UGSB,UGSB,False,APP,11-2,LOC Z RWY 12,NEEDS_GEOREF,False,1,True,False,False,False,True,150;210;230;240,1.0;1.3;1.7;1.9;2.0;2.2;2.6;2.9;6.0;6.9;11.0;11.9,,True,JEPP_VECTOR_GRATICULE_FIT_PROVISIONAL,single_axis_plus_conformal_scale,0.0,4,0,,,False
1392,UGSB,UGSB,False,APP,11-3,ILS Y RWY 12,NEEDS_GEOREF,False,0,True,False,False,False,True,140;150;200;220;240,6.0;6.9;11.0;11.9;13.5,,True,VECTOR_GEOMETRY_REJECTED_PENDING_AIP_CONTROL,,,,,No measured latitude/longitude grid could be resolved,,False
1393,UGSB,UGSB,False,APP,11-4,LOC Y RWY 12,NEEDS_GEOREF,False,0,True,False,False,False,True,150;210;230;240,1.0;1.3;1.7;1.9;2.0;2.2;2.6;2.9;6.0;6.9;11.0;11.9;13.5,,True,VECTOR_GEOMETRY_REJECTED_PENDING_AIP_CONTROL,,,,,No measured latitude/longitude grid could be resolved,,False
1394,UGSB,UGSB,False,APP,16-1,NDB RWY 12,EXISTING_MATCHED,True,1,True,False,False,False,True,150;230;240,1.5;2.4;3.3;6.0;6.9;7.0;11.0;11.9;13.5,,True,NOT_ATTEMPTED,,,,,,,False
1422,OMDB,OMDB,False,AIRPORT_LAYOUT_REVIEW,10-8,TEMPORARY CLOSURE OF TAXIWAYS (AIP SUP 20/26),NEEDS_GEOREF,False,0,False,False,False,False,False,,,,True,NO_PRINTED_GRATICULE_AIP_GCP_OR_RADIAL_DME_CONSTRAINTS_NEEDED,,,,,,,False
1423,OMDB,OMDB,False,AIRPORT_LAYOUT_REVIEW,10-8A,TEMPORARY CLOSURE OF TAXIWAYS (CONTINUATION),NEEDS_GEOREF,False,0,False,False,False,False,False,,,,True,NO_PRINTED_GRATICULE_AIP_GCP_OR_RADIAL_DME_CONSTRAINTS_NEEDED,,,,,,,False
1424,OMDB,OMDB,False,ADC,10-9,Airport Diagram Chart (ADC),EXISTING_MATCHED,True,1,True,False,True,False,False,299,,,True,NOT_ATTEMPTED,,,,,,,False
1425,OMDB,OMDB,False,AIRPORT_LAYOUT_REVIEW,10-9A,ADDITIONAL RUNWAY INFORMATION,NEEDS_GEOREF,False,0,False,False,False,False,False,125;150;200;300,,,True,NO_PRINTED_GRATICULE_AIP_GCP_OR_RADIAL_DME_CONSTRAINTS_NEEDED,,,,,,,False
1426,OMDB,OMDB,False,AIRPORT_LAYOUT,10-9B,HOT SPOTS,EXISTING_MATCHED,True,1,True,False,True,False,False,,,,True,NOT_ATTEMPTED,,,,,,,False
1427,OMDB,OMDB,False,AIRPORT_LAYOUT,10-9C,HOT SPOTS,EXISTING_MATCHED,True,1,True,False,False,False,False,,1;2;3;4;5;6;7;8;9;10,,True,NOT_ATTEMPTED,,,,,,,False
1428,OMDB,OMDB,False,AIRPORT_LAYOUT,10-9D,INS COORDINATES,NEEDS_GEOREF,False,0,False,False,False,False,False,,1;2;3;4;5;6;7;8;10,,True,NO_PRINTED_GRATICULE_AIP_GCP_OR_RADIAL_DME_CONSTRAINTS_NEEDED,,,,,,,False
1429,OMDB,OMDB,False,AIRPORT_LAYOUT,10-9E,INS COORDINATES,NEEDS_GEOREF,False,0,False,False,False,False,False,,,,True,NO_PRINTED_GRATICULE_AIP_GCP_OR_RADIAL_DME_CONSTRAINTS_NEEDED,,,,,,,False
1430,OMDB,OMDB,False,AIRPORT_LAYOUT,10-9F,HOT SPOTS,EXISTING_MATCHED,True,1,True,False,False,False,False,299,,,True,NOT_ATTEMPTED,,,,,,,False
1431,OMDB,OMDB,False,AIRPORT_LAYOUT,10-9G,HOT SPOTS,EXISTING_MATCHED,True,1,True,False,False,False,False,299,,,True,NOT_ATTEMPTED,,,,,,,False
1432,OMDB,OMDB,False,AIRPORT_LAYOUT,10-9H,HOT SPOTS,EXISTING_MATCHED,True,1,True,False,False,False,False,124;299,,,True,NOT_ATTEMPTED,,,,,,,False
1433,OMDB,OMDB,False,AIRPORT_LAYOUT,10-9J,HOT SPOTS,EXISTING_MATCHED,True,1,True,False,False,False,False,124;299,,,True,NOT_ATTEMPTED,,,,,,,False
1434,OMDB,OMDB,False,AIRPORT_LAYOUT,10-9K,HOT SPOTS,EXISTING_MATCHED,True,1,True,False,True,False,False,299,1;2;3;4;5;6;7;8;9;10,,True,NOT_ATTEMPTED,,,,,,,False
1435,OMDB,OMDB,False,AIRPORT_LAYOUT,10-9L,AIRPORT CHART,NEEDS_GEOREF,False,0,False,False,False,False,False,,,,True,NO_PRINTED_GRATICULE_AIP_GCP_OR_RADIAL_DME_CONSTRAINTS_NEEDED,,,,,,,False
1436,OMDB,OMDB,False,AIRPORT_LAYOUT,10-9M,AIRPORT CHART,NEEDS_GEOREF,False,0,False,False,False,False,False,,,,True,NO_PRINTED_GRATICULE_AIP_GCP_OR_RADIAL_DME_CONSTRAINTS_NEEDED,,,,,,,False
1437,OMDB,OMDB,False,APP,11-1,ILS RWY 12L,NEEDS_GEOREF,False,0,True,True,True,False,False,120;150;220,2.0;4.0;6.2;12.0;15.7,,True,NOT_TO_SCALE_REQUIRES_SPECIFIC_PLAN_VIEW_REGION_QA,,,,,,,False
1438,OMDB,OMDB,False,APP,11-1A,CAT II/III ILS RWY 12L,NEEDS_GEOREF,False,0,True,True,True,False,False,200;300,2.0;4.0;6.2;12.0;15.7,,True,NOT_TO_SCALE_REQUIRES_SPECIFIC_PLAN_VIEW_REGION_QA,,,,,,,False
1439,OMDB,OMDB,False,APP,11-2,ILS RWY 12R,NEEDS_GEOREF,False,1,True,False,True,False,False,104;120;150;210;240,2.0;4.0;6.0;9.4;12.0;16.7,,True,JEPP_VECTOR_GRATICULE_FIT_PROVISIONAL,single_axis_plus_conformal_scale,0.0,4,0,,,False
1440,OMDB,OMDB,False,APP,11-2A,CAT II/III ILS RWY 12R,NEEDS_GEOREF,False,1,True,False,True,False,False,200;300;350,2.0;4.0;6.0;9.4;12.0;16.7,,True,JEPP_VECTOR_GRATICULE_FIT_PROVISIONAL,single_axis_plus_conformal_scale,0.0,4,0,,,False
1441,OMDB,OMDB,False,APP,11-3,ILS RWY 30L,NEEDS_GEOREF,False,1,True,False,True,False,False,120;150;230,2.0;4.0;6.1;11.0;15.5,,True,JEPP_VECTOR_GRATICULE_FIT_PROVISIONAL,single_axis_plus_conformal_scale,1e-05,6,1,,,False
1442,OMDB,OMDB,False,APP,11-3A,CAT II/III ILS RWY 30L,NEEDS_GEOREF,False,1,True,False,True,False,False,200;300;350,2.0;4.0;6.1;11.0;15.5,,True,JEPP_VECTOR_GRATICULE_FIT_PROVISIONAL,paired_printed_graticule_vector_ticks,0.040003,6,0,,,False
1443,OMDB,OMDB,False,APP,11-4,ILS RWY 30R,NEEDS_GEOREF,False,0,True,True,True,False,False,120;150;220,2.0;4.0;6.0;9.3;12.1;16.6,,True,NOT_TO_SCALE_REQUIRES_SPECIFIC_PLAN_VIEW_REGION_QA,,,,,,,False
1444,OMDB,OMDB,False,APP,11-4A,CAT II/III ILS RWY 30R,NEEDS_GEOREF,False,0,True,True,True,False,False,200;300,2.0;4.0;6.0;9.3;12.1;16.6,,True,NOT_TO_SCALE_REQUIRES_SPECIFIC_PLAN_VIEW_REGION_QA,,,,,,,False
1445,OMDB,OMDB,False,APP,12-1,RNP RWY 12L,NEEDS_GEOREF,False,0,True,True,True,False,False,140;150;160;170;240,,,True,NOT_TO_SCALE_REQUIRES_SPECIFIC_PLAN_VIEW_REGION_QA,,,,,,,False
1446,OMDB,OMDB,False,APP,12-2,RNP RWY 12R,EXISTING_MATCHED,True,1,True,False,True,False,False,120;130;150;200;210;240,,,True,NOT_ATTEMPTED,,,,,,,False
1447,OMDB,OMDB,False,APP,12-3,RNP RWY 30L,NEEDS_GEOREF,False,1,True,False,True,False,False,140;150;230,,,True,JEPP_VECTOR_GRATICULE_FIT_PROVISIONAL,paired_printed_graticule_vector_ticks,0.120005,6,0,,,False
1448,OMDB,OMDB,False,APP,12-4,RNP RWY 30R,EXISTING_MATCHED,True,1,True,False,True,False,False,140;150;160;220;299,,,True,NOT_ATTEMPTED,,,,,,,False
1472,OMDW,OMDW,False,ADC,20-9,Airport Diagram Chart (ADC),NEEDS_GEOREF,False,0,True,False,True,False,False,,,,True,VECTOR_GEOMETRY_REJECTED_PENDING_AIP_CONTROL,,,,,"Invalid affine fit: rank 3, residual 6.444",,False
1473,OMDW,OMDW,False,AIRPORT_LAYOUT_REVIEW,20-9A,ADDITIONAL RUNWAY INFORMATION,NEEDS_GEOREF,False,0,False,False,False,False,False,,,,True,NO_PRINTED_GRATICULE_AIP_GCP_OR_RADIAL_DME_CONSTRAINTS_NEEDED,,,,,,,False
1474,OMDW,OMDW,False,AIRPORT_LAYOUT,20-9B,HOT SPOTS,EXISTING_MATCHED,True,1,True,False,False,False,False,,,,True,NOT_ATTEMPTED,,,,,,,False
1475,OMDW,OMDW,False,AIRPORT_LAYOUT,20-9C,HOT SPOTS,EXISTING_MATCHED,True,1,True,False,False,False,False,,,,True,NOT_ATTEMPTED,,,,,,,False
1476,OMDW,OMDW,False,AIRPORT_LAYOUT,20-9D,INS COORDINATES,NEEDS_GEOREF,False,0,False,False,False,False,False,,,,True,NO_PRINTED_GRATICULE_AIP_GCP_OR_RADIAL_DME_CONSTRAINTS_NEEDED,,,,,,,False
1477,OMDW,OMDW,False,AIRPORT_LAYOUT,20-9E,INS COORDINATES,EXISTING_MATCHED,True,1,True,False,False,False,False,,,,True,NOT_ATTEMPTED,,,,,,,False
1478,OMDW,,False,AIRPORT_LAYOUT,20-9F,HOT SPOTS,EXISTING_MATCHED,True,1,True,False,False,False,False,,,,True,NOT_ATTEMPTED,,,,,,,False
1479,OMDW,OMDW,False,AIRPORT_LAYOUT,20-9G,HOT SPOTS,EXISTING_MATCHED,True,1,True,False,False,False,False,,,,True,NOT_ATTEMPTED,,,,,,,False
1480,OMDW,OMDW,False,AIRPORT_LAYOUT,20-9H,VISUAL DOCKING GUIDANCE SYSTEMS,NEEDS_GEOREF,False,0,False,False,False,False,False,,,,True,NO_PRINTED_GRATICULE_AIP_GCP_OR_RADIAL_DME_CONSTRAINTS_NEEDED,,,,,,,False
1481,OMDW,OMDW,False,AIRPORT_LAYOUT,20-9J,VISUAL DOCKING GUIDANCE SYSTEMS (CONTINUATION),NEEDS_GEOREF,False,0,False,False,False,False,False,,,,True,NO_PRINTED_GRATICULE_AIP_GCP_OR_RADIAL_DME_CONSTRAINTS_NEEDED,,,,,,,False
1482,OMDW,OMDW,False,AIRPORT_LAYOUT,20-9K,HOT SPOTS,EXISTING_MATCHED,True,1,True,False,False,False,False,,,,True,NOT_ATTEMPTED,,,,,,,False
1483,OMDW,OMDW,False,APP,21-1,ILS RWY 12,NEEDS_GEOREF,False,0,True,True,True,False,False,,2.0;4.0;5.8;10.8,,True,NOT_TO_SCALE_REQUIRES_SPECIFIC_PLAN_VIEW_REGION_QA,,,,,,,False
1484,OMDW,OMDW,False,APP,21-1A,CAT II/III ILS RWY 12,NEEDS_GEOREF,False,0,True,True,True,False,False,,2.0;4.0;5.8;10.8,,True,NOT_TO_SCALE_REQUIRES_SPECIFIC_PLAN_VIEW_REGION_QA,,,,,,,False
1485,OMDW,OMDW,False,APP,21-2,ILS RWY 30,NEEDS_GEOREF,False,0,True,True,True,False,False,,2.0;4.0;5.7;10.7,,True,NOT_TO_SCALE_REQUIRES_SPECIFIC_PLAN_VIEW_REGION_QA,,,,,,,False
1486,OMDW,OMDW,False,APP,21-2A,CAT II/III ILS RWY 30,NEEDS_GEOREF,False,0,True,True,True,False,False,,2.0;4.0;5.7;10.7,,True,NOT_TO_SCALE_REQUIRES_SPECIFIC_PLAN_VIEW_REGION_QA,,,,,,,False
1487,OMDW,OMDW,False,APP,22-1,RNP RWY 12,NEEDS_GEOREF,False,0,True,True,True,False,False,,,,True,NOT_TO_SCALE_REQUIRES_SPECIFIC_PLAN_VIEW_REGION_QA,,,,,,,False
1488,OMDW,OMDW,False,APP,22-2,RNP RWY 30,NEEDS_GEOREF,False,0,True,True,True,False,False,,,,True,NOT_TO_SCALE_REQUIRES_SPECIFIC_PLAN_VIEW_REGION_QA,,,,,,,False
1536,OTHH,OTHH,False,ADC,20-9,AIRPORT DIAGRAM,NEEDS_GEOREF,False,0,True,False,True,True,False,156,1,,True,JEPP_VECTOR_GRATICULE_FIT_PROVISIONAL,paired_printed_graticule_vector_ticks,0.072028,8,0,,,False
1537,OTHH,OTHH,False,AIRPORT_LAYOUT_REVIEW,20-9A,ADDITIONAL RUNWAY INFORMATION,NEEDS_GEOREF,False,0,False,False,False,False,False,125;150;300,,,True,NO_PRINTED_GRATICULE_AIP_GCP_OR_RADIAL_DME_CONSTRAINTS_NEEDED,,,,,,,False
1538,OTHH,OTHH,False,AIRPORT_LAYOUT,20-9B,APRON AND PARKING STAND COORDINATES 20-9B,NEEDS_GEOREF,False,0,True,False,True,False,False,301,1,,True,JEPP_VECTOR_GRATICULE_FIT_PROVISIONAL,paired_printed_graticule_vector_ticks,0.460379,168,0,,,False
1539,OTHH,OTHH,False,AIRPORT_LAYOUT,20-9C,APRON AND PARKING STAND COORDINATES 20-9C,NEEDS_GEOREF,False,0,True,False,True,False,False,,1,,True,JEPP_VECTOR_GRATICULE_FIT_PROVISIONAL,paired_printed_graticule_vector_ticks,0.377496,195,0,,,False
1540,OTHH,OTHH,False,AIRPORT_LAYOUT,20-9D,APRON AND PARKING STAND COORDINATES 20-9D,NEEDS_GEOREF,False,0,True,False,False,False,False,,,,True,JEPP_VECTOR_GRATICULE_FIT_PROVISIONAL,paired_printed_graticule_vector_ticks,0.240044,132,0,,,False
1541,OTHH,OTHH,False,AIRPORT_LAYOUT,20-9E,APRON AND PARKING STAND COORDINATES 20-9E,NEEDS_GEOREF,False,0,False,False,False,False,False,118;126;220;222;224;226;304;306,,,True,NO_PRINTED_GRATICULE_AIP_GCP_OR_RADIAL_DME_CONSTRAINTS_NEEDED,,,,,,,False
1542,OTHH,OTHH,False,AIRPORT_LAYOUT,20-9F,VISUAL DOCKING GUIDANCE SYSTEM 20-9F,NEEDS_GEOREF,False,0,False,False,False,False,False,,,,True,NO_PRINTED_GRATICULE_AIP_GCP_OR_RADIAL_DME_CONSTRAINTS_NEEDED,,,,,,,False
1543,OTHH,OTHH,False,AIRPORT_LAYOUT,20-9G,VISUAL DOCKING GUIDANCE SYSTEM 20-9G,NEEDS_GEOREF,False,0,False,False,False,False,False,,,,True,NO_PRINTED_GRATICULE_AIP_GCP_OR_RADIAL_DME_CONSTRAINTS_NEEDED,,,,,,,False
1544,OTHH,OTHH,False,AIRPORT_LAYOUT,20-9H,VISUAL DOCKING GUIDANCE SYSTEM 20-9H,NEEDS_GEOREF,False,0,False,False,False,False,False,,,,True,NO_PRINTED_GRATICULE_AIP_GCP_OR_RADIAL_DME_CONSTRAINTS_NEEDED,,,,,,,False
1545,OTHH,OTHH,False,AIRPORT_LAYOUT,20-9J,VISUAL DOCKING GUIDANCE SYSTEM 20-9J,NEEDS_GEOREF,False,0,False,False,False,False,False,,,,True,NO_PRINTED_GRATICULE_AIP_GCP_OR_RADIAL_DME_CONSTRAINTS_NEEDED,,,,,,,False
1546,OTHH,OTHH,False,AIRPORT_LAYOUT,20-9K,VISUAL DOCKING GUIDANCE SYSTEM 20-9K,NEEDS_GEOREF,False,0,True,False,False,False,False,,,,True,VECTOR_GEOMETRY_REJECTED_PENDING_AIP_CONTROL,,,,,No measured latitude/longitude grid could be resolved,,False
1547,OTHH,OTHH,False,AIRPORT_LAYOUT,20-9L,VISUAL DOCKING GUIDANCE SYSTEM 20-9L,NEEDS_GEOREF,False,0,False,False,False,False,False,,,,True,NO_PRINTED_GRATICULE_AIP_GCP_OR_RADIAL_DME_CONSTRAINTS_NEEDED,,,,,,,False
1548,OTHH,OTHH,False,AIRPORT_LAYOUT,20-9M,VISUAL DOCKING GUIDANCE SYSTEM 20-9M,NEEDS_GEOREF,False,0,False,False,False,False,False,,,,True,NO_PRINTED_GRATICULE_AIP_GCP_OR_RADIAL_DME_CONSTRAINTS_NEEDED,,,,,,,False
1549,OTHH,OTHH,False,AIRPORT_LAYOUT,20-9N,AIRPORT GROUND CHART 20-9N,NEEDS_GEOREF,False,0,True,False,True,False,False,336,1,,True,JEPP_VECTOR_GRATICULE_FIT_PROVISIONAL,paired_printed_graticule_vector_ticks,0.072028,8,0,,,False
1550,OTHH,OTHH,False,APP,21-1,ILS RWY 16L,NEEDS_GEOREF,False,0,True,True,True,False,False,120;150;220,1.2;7.8;11.0;14.6,,True,NOT_TO_SCALE_REQUIRES_SPECIFIC_PLAN_VIEW_REGION_QA,,,,,,,False
1551,OTHH,OTHH,False,APP,21-1A,CAT II/III ILS RWY 16L,NEEDS_GEOREF,False,0,True,True,True,False,False,300,7.8;11.0;14.6,,True,NOT_TO_SCALE_REQUIRES_SPECIFIC_PLAN_VIEW_REGION_QA,,,,,,,False
1552,OTHH,OTHH,False,APP,21-2,ILS RWY 16R,NEEDS_GEOREF,False,0,True,False,True,True,False,120;130;150;220,1.2;4.2;7.8;11.0;14.5,,True,JEPP_VECTOR_GRATICULE_FIT_PROVISIONAL,paired_printed_graticule_vector_ticks,1.079997,6,0,,,False
1553,OTHH,OTHH,False,APP,21-2A,CAT II/III ILS RWY 16R,NEEDS_GEOREF,False,0,True,False,True,True,False,300,7.8;11.0;14.5;21,,True,JEPP_VECTOR_GRATICULE_FIT_PROVISIONAL,paired_printed_graticule_vector_ticks,0.126492,12,0,,,False
1554,OTHH,OTHH,False,APP,21-3,ILS RWY 34L,NEEDS_GEOREF,False,0,True,True,True,False,False,120;150,1.2;7.8;11.0;14.9,,True,NOT_TO_SCALE_REQUIRES_SPECIFIC_PLAN_VIEW_REGION_QA,,,,,,,False
1555,OTHH,OTHH,False,APP,21-3A,CAT II/III ILS RWY 34L,NEEDS_GEOREF,False,0,True,True,True,False,False,300,7.8;11.0;14.9,,True,NOT_TO_SCALE_REQUIRES_SPECIFIC_PLAN_VIEW_REGION_QA,,,,,,,False
1556,OTHH,OTHH,False,APP,21-4,ILS RWY 34R,NEEDS_GEOREF,False,0,True,False,True,False,False,120;150,1.2;7.8;11.0;14.4,,True,JEPP_VECTOR_GRATICULE_FIT_PROVISIONAL,paired_printed_graticule_vector_ticks,0.06001,8,0,,,False
1557,OTHH,OTHH,False,APP,21-4A,CAT II/III ILS RWY 34R,NEEDS_GEOREF,False,0,True,False,True,False,False,,7.8;11.0;14.4,,True,JEPP_VECTOR_GRATICULE_FIT_PROVISIONAL,paired_printed_graticule_vector_ticks,0.126508,9,0,,,False
1558,OTHH,OTHH,False,APP,22-1,RNP RWY 16L,NEEDS_GEOREF,False,0,True,True,True,False,False,100;110;150;170;180;220,,,True,NOT_TO_SCALE_REQUIRES_SPECIFIC_PLAN_VIEW_REGION_QA,,,,,,,False
1559,OTHH,OTHH,False,APP,22-2,RNP RWY 16R,NEEDS_GEOREF,False,0,True,False,True,False,False,100;110;150;170;180;220;230,,,True,JEPP_VECTOR_GRATICULE_FIT_PROVISIONAL,paired_printed_graticule_vector_ticks,0.120005,6,0,,,False
1560,OTHH,OTHH,False,APP,22-3,RNP RWY 34L,NEEDS_GEOREF,False,0,True,False,True,False,False,100;140;150;160;170;230,,,True,JEPP_VECTOR_GRATICULE_FIT_PROVISIONAL,paired_printed_graticule_vector_ticks,0.144216,9,0,,,False
1561,OTHH,OTHH,False,APP,22-4,RNP RWY 34R,NEEDS_GEOREF,False,0,True,False,True,False,False,130;140;150;200;230,,,True,JEPP_VECTOR_GRATICULE_FIT_PROVISIONAL,paired_printed_graticule_vector_ticks,0.187451,12,0,,,False
1580,OPKC,OPKC,False,ADC,10-9,AIRPORT DIAGRAM,NEEDS_GEOREF,False,0,True,False,True,True,True,150;254,,,True,VECTOR_GEOMETRY_REJECTED_PENDING_AIP_CONTROL,,,,,"Invalid affine fit: rank 3, residual 10.236",,False
1581,OPKC,OPKC,False,AIRPORT_LAYOUT,10-9A,PARKING STANDS & INS COORDINATES,NEEDS_GEOREF,False,0,False,True,False,False,False,,,,True,NOT_TO_SCALE_REQUIRES_SPECIFIC_PLAN_VIEW_REGION_QA,,,,,,,False
1582,OPKC,OPKC,False,AIRPORT_LAYOUT,10-9B,TAXI AND START-UP/PUSH-BACK PROCEDURES,NEEDS_GEOREF,False,0,False,False,False,False,False,,,,True,NO_PRINTED_GRATICULE_AIP_GCP_OR_RADIAL_DME_CONSTRAINTS_NEEDED,,,,,,,False
1585,OPKC,OPKC,False,APP,11-1,ILS OR LOC Z RWY 25L,NEEDS_GEOREF,False,0,True,False,False,True,False,120;150;190,0.6;3.0;4.0;5.8;13,,True,JEPP_VECTOR_GRATICULE_FIT_PROVISIONAL,single_axis_plus_conformal_scale,0.0,6,1,,,False
1586,OPKC,OPKC,False,APP,11-2,ILS OR LOC Y RWY 25L,NEEDS_GEOREF,False,0,True,False,False,True,False,120;150;190,0.6;2;3.0;4.0;5.8;15.0;15.4;20.0;20.4,,True,JEPP_VECTOR_GRATICULE_FIT_PROVISIONAL,single_axis_plus_conformal_scale,0.0,6,1,,,False
1587,OPKC,OPKC,False,APP,11-3,ILS OR LOC Z RWY 25R,NEEDS_GEOREF,False,0,True,False,True,False,False,110;120;150;180,0.6;4.0;5.8,,True,JEPP_VECTOR_GRATICULE_FIT_PROVISIONAL,single_axis_plus_conformal_scale,0.0,6,1,,,False
1588,OPKC,OPKC,False,APP,11-4,ILS OR LOC Y RWY 25R,NEEDS_GEOREF,False,0,True,False,False,True,False,110;120;150;180,0.6;2;4.0;5.8;15.0;15.2;20.0;20.2,,True,JEPP_VECTOR_GRATICULE_FIT_PROVISIONAL,single_axis_plus_conformal_scale,0.0,6,1,,,False
1589,OPKC,OPKC,False,APP,12-1,RNP RWY 07L,NEEDS_GEOREF,False,0,True,False,True,False,False,150;210;240,,,True,JEPP_VECTOR_GRATICULE_FIT_PROVISIONAL,paired_printed_graticule_vector_ticks,0.086893,9,0,,,False
1590,OPKC,OPKC,False,APP,12-2,RNP RWY 07R,NEEDS_GEOREF,False,0,True,False,True,False,False,150;230;240,,,True,JEPP_VECTOR_GRATICULE_FIT_PROVISIONAL,paired_printed_graticule_vector_ticks,0.079987,12,0,,,False
1591,OPKC,OPKC,False,APP,12-3,RNP RWY 25L,NEEDS_GEOREF,False,0,True,False,True,False,False,120;150;190,,,True,JEPP_VECTOR_GRATICULE_FIT_PROVISIONAL,paired_printed_graticule_vector_ticks,0.072002,8,0,,,False
1592,OPKC,OPKC,False,APP,12-4,RNP RWY 25R,NEEDS_GEOREF,False,0,True,False,True,False,False,110;140;150;180;253,,,True,JEPP_VECTOR_GRATICULE_FIT_PROVISIONAL,paired_printed_graticule_vector_ticks,0.047993,8,0,,,False
1593,OPKC,OPKC,False,APP,13-1,VOR Z RWY 25L,NEEDS_GEOREF,False,0,True,False,False,True,False,140;150;210,4.0;5.4;15.0;20.0,,True,JEPP_VECTOR_GRATICULE_FIT_PROVISIONAL,paired_printed_graticule_vector_ticks,0.0,4,0,,,False
1594,OPKC,OPKC,False,APP,13-2,VOR Y RWY 25L,NEEDS_GEOREF,False,0,True,False,False,True,False,140;150;210;240,4.0;5.4;8.0,,True,JEPP_VECTOR_GRATICULE_FIT_PROVISIONAL,paired_printed_graticule_vector_ticks,0.0,4,0,,,False
1595,OPKC,OPKC,False,APP,13-3,VOR Z RWY 25R,NEEDS_GEOREF,False,0,True,False,False,True,False,130;150;200,2.0;4.0;5.6;15.0;20.0,,True,JEPP_VECTOR_GRATICULE_FIT_PROVISIONAL,paired_printed_graticule_vector_ticks,0.079997,6,0,,,False
1596,OPKC,OPKC,False,APP,13-4,VOR Y RWY 25R,NEEDS_GEOREF,False,0,True,False,False,True,False,130;150;200;240,2.0;4.0;5.6;8.0,,True,JEPP_VECTOR_GRATICULE_FIT_PROVISIONAL,paired_printed_graticule_vector_ticks,0.0,4,0,,,False
1597,OPKC,OPKC,False,APP,16-1,NDB A RWY 25L/R,NEEDS_GEOREF,False,0,True,False,False,False,True,,,,True,JEPP_VECTOR_GRATICULE_FIT_PROVISIONAL,paired_printed_graticule_vector_ticks,0.040003,6,0,,,False
1598,OPKC,OPKC,False,APP,18-1,SRA RWY 07L/25R,NEEDS_GEOREF,False,0,True,False,False,True,False,102,,,True,JEPP_VECTOR_GRATICULE_FIT_PROVISIONAL,paired_printed_graticule_vector_ticks,0.0,4,0,,,False
1623,OPIS,OPIS,False,ADC,20-9,AIRPORT DIAGRAM,NEEDS_GEOREF,False,0,True,False,True,True,False,098;125;150;200;300,,,True,JEPP_VECTOR_GRATICULE_FIT_PROVISIONAL,paired_printed_graticule_vector_ticks,0.072012,8,0,,,False
1624,OPIS,OPIS,False,AIRPORT_LAYOUT,20-9A,PARKING STANDS & INS COORDINATES,NEEDS_GEOREF,False,0,False,True,False,False,False,,,,True,NOT_TO_SCALE_REQUIRES_SPECIFIC_PLAN_VIEW_REGION_QA,,,,,,,False
1627,OPIS,OPIS,False,APP,21-1,ILS OR LOC Z RWY 10R,NEEDS_GEOREF,False,0,True,True,False,True,False,120;130;150;200,1.0;4.0;4.5;6.0,,True,NOT_TO_SCALE_REQUIRES_SPECIFIC_PLAN_VIEW_REGION_QA,,,,,,,False
1628,OPIS,OPIS,False,APP,21-2,ILS OR LOC Y RWY 10R,NEEDS_GEOREF,False,0,True,True,False,True,False,120;130;150;170;174;200,1.0;4.0;4.5;6.0;12.0;17.0,,True,NOT_TO_SCALE_REQUIRES_SPECIFIC_PLAN_VIEW_REGION_QA,,,,,,,False
1629,OPIS,OPIS,False,APP,21-3,ILS OR LOC Z RWY 28L,NEEDS_GEOREF,False,0,True,True,False,True,False,120;130;150;200,1.0;4.0;6.0,,True,NOT_TO_SCALE_REQUIRES_SPECIFIC_PLAN_VIEW_REGION_QA,,,,,,,False
1630,OPIS,OPIS,False,APP,21-3A,CAT II/III ILS OR LOC Z RWY 28L,NEEDS_GEOREF,False,0,True,True,False,True,False,100;300;350,4.0;6.0,,True,NOT_TO_SCALE_REQUIRES_SPECIFIC_PLAN_VIEW_REGION_QA,,,,,,,False
1631,OPIS,OPIS,False,APP,21-4,ILS OR LOC Y RWY 28L,NEEDS_GEOREF,False,0,True,False,False,True,False,120;130;150;200,1.0;4.0;6.0;10.0;12.0;17.0,,True,JEPP_VECTOR_GRATICULE_FIT_PROVISIONAL,paired_printed_graticule_vector_ticks,0.0,4,0,,,False
1632,OPIS,OPIS,False,APP,21-4A,CAT II/III ILS OR LOC Y RWY 28L,NEEDS_GEOREF,False,0,True,False,False,True,False,100;300;350,4.0;6.0;10.0;12.0;17.0,,True,JEPP_VECTOR_GRATICULE_FIT_PROVISIONAL,paired_printed_graticule_vector_ticks,0.0,4,0,,,False
1633,OPIS,OPIS,False,APP,21-5,ILS OR LOC Z RWY 28R,NEEDS_GEOREF,False,0,True,True,False,True,False,120;130;150;200,1.0;4.0;6.0,,True,NOT_TO_SCALE_REQUIRES_SPECIFIC_PLAN_VIEW_REGION_QA,,,,,,,False
1634,OPIS,OPIS,False,APP,21-6,ILS OR LOC Y RWY 28R,NEEDS_GEOREF,False,0,True,False,False,True,False,120;130;150;200,1.0;4.0;6.0;10.0;12.0;17.0,,True,JEPP_VECTOR_GRATICULE_FIT_PROVISIONAL,paired_printed_graticule_vector_ticks,0.0,4,0,,,False
1635,OPIS,OPIS,False,APP,22-1,RNP RWY 10L,NEEDS_GEOREF,False,0,True,True,True,False,False,100;140;150;160;200;356,,,True,NOT_TO_SCALE_REQUIRES_SPECIFIC_PLAN_VIEW_REGION_QA,,,,,,,False
1636,OPIS,OPIS,False,APP,22-2,RNP RWY 10R,NEEDS_GEOREF,False,0,True,True,True,False,False,130;150;175;200,,,True,NOT_TO_SCALE_REQUIRES_SPECIFIC_PLAN_VIEW_REGION_QA,,,,,,,False
1637,OPIS,OPIS,False,APP,22-3,RNP RWY 28L,NEEDS_GEOREF,False,0,True,True,True,False,False,130;140;150;200,,,True,NOT_TO_SCALE_REQUIRES_SPECIFIC_PLAN_VIEW_REGION_QA,,,,,,,False
1638,OPIS,OPIS,False,APP,22-4,RNP RWY 28R,NEEDS_GEOREF,False,0,True,True,True,False,False,130;140;150;200,,,True,NOT_TO_SCALE_REQUIRES_SPECIFIC_PLAN_VIEW_REGION_QA,,,,,,,False
1639,OPIS,OPIS,False,APP,23-1,VOR RWY 10L,NEEDS_GEOREF,False,0,True,True,False,True,False,098;150;160;170;174;200,1.5;3.0;8.0;8.5;12.0;17.0,,True,NOT_TO_SCALE_REQUIRES_SPECIFIC_PLAN_VIEW_REGION_QA,,,,,,,False
1640,OPIS,OPIS,False,APP,23-2,VOR RWY 10R,NEEDS_GEOREF,False,0,True,True,False,True,False,097;130;150;170;174;200,1.5;3.0;8.0;8.5;12.0;17.0,,True,NOT_TO_SCALE_REQUIRES_SPECIFIC_PLAN_VIEW_REGION_QA,,,,,,,False
1641,OPIS,OPIS,False,APP,23-3,VOR RWY 28L,NEEDS_GEOREF,False,0,True,False,False,True,False,130;150;200,2.0;4.0;5.4;10.0;12.0;17.0,,True,JEPP_VECTOR_GRATICULE_FIT_PROVISIONAL,paired_printed_graticule_vector_ticks,0.0,4,0,,,False
1642,OPIS,OPIS,False,APP,23-4,VOR RWY 28R,NEEDS_GEOREF,False,0,True,False,False,True,False,130;150;200,2.0;4.0;5.4;10.0;12.0;17.0,,True,JEPP_VECTOR_GRATICULE_FIT_PROVISIONAL,paired_printed_graticule_vector_ticks,0.0,4,0,,,False
