page,classified_icao,visible_header_icao,proposed_category,current_category,current_plate,current_title,original_audit_decision,original_audit_reason,indexed_in_live_app,title_and_plate_verified_by_human,photo_rendered_at_200_dpi,human_review_status,manual_review_notes,image_path,detected_header_excerpt,source_pdf_sha256
33,OIAW,OIAW,SID,SID,10-3A,"EGVAX 1E, EGVAX 1F, EGVAX 1G, EGVAX 1H",MATCH,independently_consistent,True,False,True,AWAITING_INDIVIDUAL_VISUAL_VERIFICATION,,images/pages_0001_0400/0033.jpg,"EGVAX Apt Elev .SID. 65' OIAW/AWZ Trans level: By ATC Trans alt: 4000' AHWAZ AHWAZ, IRAN At or above 25 NOV 22 .Eff.1.Dec. JEPPESEN 10-3A MSA AWZ NDB 1800 RWYS 12, 30 DEPARTURES EGVAX 1F [EGVA1F] EGVAX 1E [EGVA1E] EGVAX 1G [EGVA1G] EGVAX 1H [EGVA1H] Printed from JeppView for Wind",d86b5b5e262a775f8e91d28a403f4b163992dbdd1733ca28e1ba6e46ce8a7ab6
34,OIAW,OIAW,SID,SID,10-3B,"GABSU 1A, GABSU 1B, GODMO 1A, GODMO 1B",MATCH,independently_consistent,True,False,True,AWAITING_INDIVIDUAL_VISUAL_VERIFICATION,,images/pages_0001_0400/0034.jpg,".SID. OIAW/AWZ AHWAZ 10-3B AHWAZ, IRAN Apt Elev 65' Trans level: By ATC Trans alt: 4000' JEPPESEN .Eff.23.Mar. 10 MAR 23 MSA AWZ VOR 1800 D AHWAZ 114.0 AWZ AWZ N31 20.3 E048 45.9 1100' At GABSU 1A [GABS1A] GABSU 1B [GABS1B] GODMO 1A [GODM1A] GODMO 1B [GODM1B] (RWYS 12, 30) DEPART",d86b5b5e262a775f8e91d28a403f4b163992dbdd1733ca28e1ba6e46ce8a7ab6
35,OIAW,OIAW,SID,SID,10-3C,"GABSU 1G, GABSU 1H, GODMO 1G, GODMO 1H",MATCH,independently_consistent,True,False,True,AWAITING_INDIVIDUAL_VISUAL_VERIFICATION,,images/pages_0001_0400/0035.jpg,".SID. OIAW/AWZ AHWAZ 10-3C AHWAZ, IRAN Apt Elev 65' Trans level: By ATC Trans alt: 4000' JEPPESEN .Eff.23.Mar. 10 MAR 23 MSA AWZ NDB 1800 AWZ 415 AWZ AHWAZ N31 20.6 E048 44.7 1100' At GABSU 1G [GABS1G] GABSU 1H [GABS1H] GODMO 1G [GODM1G] GODMO 1H [GODM1H] (RWYS 12, 30) DEPARTURES",d86b5b5e262a775f8e91d28a403f4b163992dbdd1733ca28e1ba6e46ce8a7ab6
36,OIAW,OIAW,SID,SID,10-3D,"ITIBI 1A, ITIBI 1B, ITIBI 1C, ITIBI 1D",MATCH,independently_consistent,True,False,True,AWAITING_INDIVIDUAL_VISUAL_VERIFICATION,,images/pages_0001_0400/0036.jpg,".SID. OIAW/AWZ AHWAZ 10-3D AHWAZ, IRAN Apt Elev 65' Trans level: By ATC Trans alt: 4000' JEPPESEN .Eff.1.Dec. 25 NOV 22 MSA AWZ VOR 1800 ITIBI At or above ITIBI 1A, 1B RWYS 12, 30 DEPARTURES ITIBI 1A [ITIB1A] ITIBI 1B [ITIB1B] ITIBI 1C [ITIB1C] ITIBI 1D [ITIB1D] Printed from Jepp",d86b5b5e262a775f8e91d28a403f4b163992dbdd1733ca28e1ba6e46ce8a7ab6
37,OIAW,OIAW,SID,SID,10-3E,"ITIBI 1E, ITIBI 1F, ITIBI 1G, ITIBI 1H",MATCH,independently_consistent,True,False,True,AWAITING_INDIVIDUAL_VISUAL_VERIFICATION,,images/pages_0001_0400/0037.jpg,".SID. OIAW/AWZ AHWAZ 10-3E AHWAZ, IRAN Apt Elev 65' Trans level: By ATC Trans alt: 4000' JEPPESEN .Eff.1.Dec. 25 NOV 22 MSA AWZ NDB 1800 ITIBI RWYS 12, 30 DEPARTURES At or above ITIBI 1G, 1H ITIBI 1G [ITIB1G] ITIBI 1E [ITIB1E] ITIBI 1H [ITIB1H] ITIBI 1F [ITIB1F] Printed from Jepp",d86b5b5e262a775f8e91d28a403f4b163992dbdd1733ca28e1ba6e46ce8a7ab6
38,OIAW,OIAW,AIRPORT,AIRPORT,10-9,Airport Diagram Chart (ADC),MATCH,independently_consistent,True,False,True,AWAITING_INDIVIDUAL_VISUAL_VERIFICATION,,images/pages_0001_0400/0038.jpg,"12 120^ Apt Elev 10-9 AHWAZ, IRAN AHWAZ N31 20.3 E048 45.6 65' *ATIS 126.4 04^E OIAW/AWZ Elev 65' B C D MET A 121.9 Tower JEPPESEN AHWAZ Tower (GND) 122.7 31-21 31-21 48-45 48-46 48-47 Control Tower 14 JUL 23 121.1 Birds in vicinity of apt. Strolling dogs observed on the movement",d86b5b5e262a775f8e91d28a403f4b163992dbdd1733ca28e1ba6e46ce8a7ab6
39,OIAW,,AIRPORT,AIRPORT,10-9S,MINIMUMS,MATCH,independently_consistent,True,False,True,AWAITING_INDIVIDUAL_VISUAL_VERIFICATION,,images/pages_0001_0400/0039.jpg,10-9S JEPPESEN 12 R1500m R1500m 550'(485') R1500m R1500m 550'(485') 550'(485') 550'(485') ALS out R1500m R1800m R1800m R1500m R2300m R2300m 1 ALS out R1500m R1500m R1500m R1500m R2300m R1800m R2300m R1800m 550'(485') 550'(485') 550'(485') 550'(485') NDB 30 1 1200' 1200' (1135') (,d86b5b5e262a775f8e91d28a403f4b163992dbdd1733ca28e1ba6e46ce8a7ab6
40,OIAW,,AIRPORT,AIRPORT,10-9S1,MINIMUMS,MATCH,independently_consistent,True,False,True,AWAITING_INDIVIDUAL_VISUAL_VERIFICATION,,images/pages_0001_0400/0040.jpg,10-9S1 JEPPESEN 560'(495') 570'(505') 670' (605') 770' (705') 1 V1500m V1600m V2400m V3600m V1500m V1600m 810'(745') 810'(745') 810'(745') 810'(745') V1500m V1600m V2400m V3600m 1200'(1135') 1200'(1135') .EASA.AIR.OPS. 28 NOV 25 V2400m V3600m 1200'(1135') 1200'(1135') After VOR X,d86b5b5e262a775f8e91d28a403f4b163992dbdd1733ca28e1ba6e46ce8a7ab6
41,OIAW,OIAW,APP,APP,11-1,ILS Z OR LOC Z RWY 30,MATCH,independently_consistent,True,False,True,AWAITING_INDIVIDUAL_VISUAL_VERIFICATION,,images/pages_0001_0400/0041.jpg,"MISSED APCH: 11-1 AHWAZ, IRAN AHWAZ *ATIS 126.4 LOC IAWZ 109.9 Final Apch Crs 301^ 10 OIAW/AWZ BRIEFING STRIP TM Alt Set: hPa Rwy Elev: 2 hPa Trans level: By ATC Trans alt: 4000' DA(H) ILS 319'(260') Climb to overhead VOR, then continue climb on R-304 to 1600', then turn RIGHT to",d86b5b5e262a775f8e91d28a403f4b163992dbdd1733ca28e1ba6e46ce8a7ab6
42,OIAW,OIAW,APP,APP,11-2,ILS Y OR LOC Y RWY 30,MATCH,independently_consistent,True,False,True,AWAITING_INDIVIDUAL_VISUAL_VERIFICATION,,images/pages_0001_0400/0042.jpg,"MISSED APCH: 11-2 AHWAZ, IRAN AHWAZ LOC IAWZ 109.9 Final Apch Crs 301^ 319'(260') 10 BRIEFING STRIP TM OIAW/AWZ Alt Set: hPa Rwy Elev: 2 hPa Trans level: By ATC Trans alt: 4000' Climb to overhead VOR, then turn RIGHT climbing on R-124 to rejoin holding at 4000'. D10.0 AWZ 3000'(2",d86b5b5e262a775f8e91d28a403f4b163992dbdd1733ca28e1ba6e46ce8a7ab6
43,OIAW,OIAW,APP,APP,11-3,ILS X OR LOC X RWY 30,MATCH,independently_consistent,True,False,True,AWAITING_INDIVIDUAL_VISUAL_VERIFICATION,,images/pages_0001_0400/0043.jpg,"OI(C)-7 MISSED APCH: BRIEFING STRIP TM JEPPESEN 11-3 OIAW/AWZ AHWAZ AHWAZ, IRAN Alt Set: hPa Rwy Elev: 2 hPa Trans level: By ATC Trans alt: 4000' 109.9 IAWZ LOC Final Apch Crs 301^ Climb to overhead VOR, then continue climb on D4.0 IAWZ 1359' DA(H) ILS R-304 to 1600', then turn R",d86b5b5e262a775f8e91d28a403f4b163992dbdd1733ca28e1ba6e46ce8a7ab6
44,OIAW,OIAW,APP,APP,13-1,VOR Z RWY 12,MATCH,independently_consistent,True,False,True,AWAITING_INDIVIDUAL_VISUAL_VERIFICATION,,images/pages_0001_0400/0044.jpg,"OI(C)-52 OI(C)-63 C MISSED APCH: 13-1 AHWAZ, IRAN AHWAZ VOR AWZ 114.0 119^ 1100'(1035') D4.0 550'(485') OIAW/AWZ Alt Set: hPa Apt Elev: 2 hPa Trans level: By ATC Trans alt: 4000' Final Apch Crs 10 BRIEFING STRIP TM JEPPESEN *ATIS 126.4 Ground 121.9 AHWAZ Tower AHWAZ Tower (APP) A",d86b5b5e262a775f8e91d28a403f4b163992dbdd1733ca28e1ba6e46ce8a7ab6
45,OIAW,OIAW,APP,APP,13-2,VOR Y RWY 12,MATCH,independently_consistent,True,False,True,AWAITING_INDIVIDUAL_VISUAL_VERIFICATION,,images/pages_0001_0400/0045.jpg,"OI(C)-63 MISSED APCH: 13-2 AHWAZ, IRAN AHWAZ VOR AWZ 114.0 Final Apch Crs 119^ D4.0 1100'(1035') 550'(485') MSA AWZ VOR Climb STRAIGHT AHEAD to VOR, then turn LEFT to rejoin holding at 3000'. 10 BRIEFING STRIP TM OIAW/AWZ Alt Set: hPa Apt Elev: 2 hPa Trans level: By ATC Trans alt",d86b5b5e262a775f8e91d28a403f4b163992dbdd1733ca28e1ba6e46ce8a7ab6
46,OIAW,OIAW,APP,APP,13-3,VOR X RWY 12,MATCH,independently_consistent,True,False,True,AWAITING_INDIVIDUAL_VISUAL_VERIFICATION,,images/pages_0001_0400/0046.jpg,"OI(C)-52 OI(C)-63 OI(C)-7 MISSED APCH: 13-3 AHWAZ, IRAN AHWAZ VOR AWZ 119^ holding at 3000'. Alt Set: hPa Apt Elev: 2 hPa Trans alt: 4000' Trans level: By ATC OIAW/AWZ Final Apch Crs 10 BRIEFING STRIP TM JEPPESEN 31-30 114.0 1200'(1135') Climb on R-119 to 1700', then turn RIGHT a",d86b5b5e262a775f8e91d28a403f4b163992dbdd1733ca28e1ba6e46ce8a7ab6
47,OIAW,OIAW,APP,APP,13-4,VOR Z RWY 30,MATCH,independently_consistent,True,False,True,AWAITING_INDIVIDUAL_VISUAL_VERIFICATION,,images/pages_0001_0400/0047.jpg,"OI(C)-7 MISSED APCH: 13-4 AHWAZ, IRAN AHWAZ VOR AWZ 114.0 Final Apch Crs 304^ D3.0 800'(735') 480'(415') 10 OIAW/AWZ BRIEFING STRIP TM Alt Set: hPa Trans level: By ATC Trans alt: 4000' Apt Elev: 2 hPa JEPPESEN *ATIS 126.4 Ground 121.9 AHWAZ Tower AHWAZ Tower (APP) 1800 MSA AWZ VO",d86b5b5e262a775f8e91d28a403f4b163992dbdd1733ca28e1ba6e46ce8a7ab6
48,OIAW,OIAW,APP,APP,13-5,VOR Y RWY 30,MATCH,independently_consistent,True,False,True,AWAITING_INDIVIDUAL_VISUAL_VERIFICATION,,images/pages_0001_0400/0048.jpg,"MISSED APCH: 13-5 AHWAZ, IRAN AHWAZ VOR AWZ 114.0 Final Apch Crs 304^ D3.0 800'(735') 480'(415') MSA AWZ VOR Climb STRAIGHT AHEAD to VOR, then turn RIGHT to rejoin holding at 4000'. 10 BRIEFING STRIP TM OIAW/AWZ Alt Set: hPa Apt Elev: 2 hPa Trans level: By ATC Trans alt: 4000' JE",d86b5b5e262a775f8e91d28a403f4b163992dbdd1733ca28e1ba6e46ce8a7ab6
49,OIAW,OIAW,APP,APP,13-6,VOR X RWY 30,MATCH,independently_consistent,True,False,True,AWAITING_INDIVIDUAL_VISUAL_VERIFICATION,,images/pages_0001_0400/0049.jpg,"OI(C)-52 OI(C)-63 OI(C)-7 MISSED APCH: 13-6 AHWAZ, IRAN AHWAZ VOR AWZ 304^ holding at 3000'. Alt Set: hPa Trans alt: 4000' Trans level: By ATC OIAW/AWZ Final Apch Crs 10 BRIEFING STRIP TM JEPPESEN 114.0 850'(785') MSA AWZ VOR Apt Elev: 2 hPa *ATIS 126.4 Ground 121.9 AHWAZ Tower A",d86b5b5e262a775f8e91d28a403f4b163992dbdd1733ca28e1ba6e46ce8a7ab6
50,OIAW,OIAW,APP,APP,16-1,NDB RWY 12,MATCH,independently_consistent,True,False,True,AWAITING_INDIVIDUAL_VISUAL_VERIFICATION,,images/pages_0001_0400/0050.jpg,"OI(C)-52 OI(C)-63 OI(C)-7 MISSED APCH: 16-1 AHWAZ, IRAN AHWAZ NDB Rwy 12 NDB AWZ 415 125^ 550'(485') MSA AWZ NDB Climb on 125^ to 1700', then turn RIGHT to rejoin holding at 3000'. Alt Set: hPa Apt Elev: 2 hPa Trans alt: 4000' Trans level: By ATC OIAW/AWZ Final Apch Crs 10 BRIEFI",d86b5b5e262a775f8e91d28a403f4b163992dbdd1733ca28e1ba6e46ce8a7ab6
51,OIAW,OIAW,APP,APP,16-2,NDB RWY 30,MATCH,independently_consistent,True,False,True,AWAITING_INDIVIDUAL_VISUAL_VERIFICATION,,images/pages_0001_0400/0051.jpg,"OI(C)-63 OI(C)-7 16-2 AHWAZ, IRAN AHWAZ NDB Rwy 30 NDB AWZ 415 Final Apch Crs 296^ 570'(505') holding at 3000'. MSA AWZ NDB 10 BRIEFING STRIP TM Trans alt: 4000' Tans level: By ATC Alt Set: hPa OIAW/AWZ JEPPESEN MISSED APCH: Climb on 296^ to 1700', then turn RIGHT to rejoin *ATIS",d86b5b5e262a775f8e91d28a403f4b163992dbdd1733ca28e1ba6e46ce8a7ab6
52,OIBA,OIBA,AIRPORT,AIRPORT,,AIRPORT INFORMATION,MATCH,independently_consistent,True,False,True,AWAITING_INDIVIDUAL_VISUAL_VERIFICATION,,images/pages_0001_0400/0052.jpg,"General Information Location: ABUMUSA ISLAND IRN ICAO/IATA: OIBA / AEU Lat/Long: N25° 52.6', E055° 01.9' Elevation: 18 ft Airport Use: Public Daylight Savings: Not Observed UTC Conversion: -3:30 = UTC Magnetic Variation: 2.0° E General Information Location: ABUMUSA ISLAND IRN ICA",d86b5b5e262a775f8e91d28a403f4b163992dbdd1733ca28e1ba6e46ce8a7ab6
53,OIBA,OIBA,STAR,STAR,10-2,"GHESHM 1T, LENGEH 1T, SIRRI 1T",MATCH,independently_consistent,True,False,True,AWAITING_INDIVIDUAL_VISUAL_VERIFICATION,,images/pages_0001_0400/0053.jpg,"GHESHM ISLAND KHM N26 45.8 E055 54.5 D 335 KHM KHM 10-2 .STAR. JEPPESEN Apt Elev OIBA/AEU ABUMUSA ABUMUSA ISLAND, IRAN 18' 220^ (117.1) KHM DME 1 OCT 21 .Eff.7.Oct. Alt Set: hPa Trans level: FL60 Trans alt: 4000' MSA ABM NDB/DME GHESHM 1T [KHM1T] LENGEH 1T [LEN1T] SIRRI 1T [SIR1T",d86b5b5e262a775f8e91d28a403f4b163992dbdd1733ca28e1ba6e46ce8a7ab6
54,OIBA,OIBA,SID,SID,10-3,"GHESHM 1H, GHESHM 1J, LENGEH 1H, LENGEH 1J, SIRRI 1H, SIRRI 1J",MATCH,independently_consistent,True,False,True,AWAITING_INDIVIDUAL_VISUAL_VERIFICATION,,images/pages_0001_0400/0054.jpg,"BANDAR LENGEH 114.8 LEN LEN N26 32.2 E054 51.1 D 10-3 JEPPESEN Apt Elev OIBA/AEU ABUMUSA ABUMUSA ISLAND, IRAN 18' .SID. Trans level: FL60 Trans alt: 4000' GHESHM ISLAND KHM N26 45.8 E055 54.5 D 335 KHM KHM N26 45.8 E055 54.5 (117.1) KHM DME 1 OCT 21 .Eff.7.Oct. MSA ABM NDB/DME GH",d86b5b5e262a775f8e91d28a403f4b163992dbdd1733ca28e1ba6e46ce8a7ab6
55,OIBA,OIBA,AIRPORT,AIRPORT,10-9,Airport Diagram Chart (ADC),MATCH,independently_consistent,True,False,True,AWAITING_INDIVIDUAL_VISUAL_VERIFICATION,,images/pages_0001_0400/0055.jpg,"Apt Elev 10-9 JEPPESEN OIBA/AEU 18' N25 52.6 E055 01.9 ABUMUSA ISLAND, IRAN ABUMUSA 02^E 25-53 25-53 55-01 55-02 55-03 122.9 121.8 *Ground Control Tower Terminal 11 AUG 23 *ABUMUSA Information (AFIS) Birds in vicinity of airport. Strolling dogs exist on the movement area. Printed",d86b5b5e262a775f8e91d28a403f4b163992dbdd1733ca28e1ba6e46ce8a7ab6
56,OIBA,OIBA,APP,APP,16-1,NDB Z RWY 08 CAT A & B,MATCH,independently_consistent,True,False,True,AWAITING_INDIVIDUAL_VISUAL_VERIFICATION,,images/pages_0001_0400/0056.jpg,"MSA ABM NDB ABUMUSA 16-1 OIBA/AEU ABUMUSA ISLAND, IRAN NDB ABM 285 Final Apch Crs 076^ 790'(779') MISSED APCH: BRIEFING STRIP TM JEPPESEN Alt Set: hPa Trans level: FL060 Trans alt: 4000' 26-00 10 Rwy Elev: 0 hPa CAUTION: Sirri AD is located 25 NM West of Abumusa AD. D7.0 2300'(22",d86b5b5e262a775f8e91d28a403f4b163992dbdd1733ca28e1ba6e46ce8a7ab6
57,OIBA,OIBA,APP,APP,16-2,NDB Y RWY 08,MATCH,independently_consistent,True,False,True,AWAITING_INDIVIDUAL_VISUAL_VERIFICATION,,images/pages_0001_0400/0057.jpg,"MSA ABM NDB ABUMUSA 16-2 OIBA/AEU ABUMUSA ISLAND, IRAN NDB ABM 285 Final Apch Crs 076^ 790'(779') MISSED APCH: BRIEFING STRIP TM JEPPESEN Alt Set: hPa Trans level: FL060 Trans alt: 4000' 26-00 10 Rwy Elev: 0 hPa CAUTION: Sirri AD is located 25 NM West of Abumusa AD. D7.0 2300'(22",d86b5b5e262a775f8e91d28a403f4b163992dbdd1733ca28e1ba6e46ce8a7ab6
58,OIBA,OIBA,APP,APP,16-3,NDB X RWY 08,MATCH,independently_consistent,True,False,True,AWAITING_INDIVIDUAL_VISUAL_VERIFICATION,,images/pages_0001_0400/0058.jpg,"MSA ABM NDB ABUMUSA 16-3 OIBA/AEU ABUMUSA ISLAND, IRAN NDB ABM 285 Final Apch Crs 075^ 800'(789') holding at 4000'. MISSED APCH: BRIEFING STRIP TM JEPPESEN Alt Set: hPa Trans level: FL060 Trans alt: 4000' 26-00 10 Rwy Elev: 0 hPa Climb on 075^ to 1400', then turn LEFT to rejoin C",d86b5b5e262a775f8e91d28a403f4b163992dbdd1733ca28e1ba6e46ce8a7ab6
59,OIBA,OIBA,APP,APP,16-4,NDB Z RWY 26 CAT A & B,MATCH,independently_consistent,True,False,True,AWAITING_INDIVIDUAL_VISUAL_VERIFICATION,,images/pages_0001_0400/0059.jpg,"MSA ABM NDB ABUMUSA 16-4 OIBA/AEU ABUMUSA ISLAND, IRAN NDB ABM 285 Final Apch Crs 265^ 790'(772') 10 26-00 Alt Set: hPa Apt Elev: 1 hPa Trans level: FL060 Trans alt: 4000' MISSED APCH: BRIEFING STRIP TM JEPPESEN CAUTION: Sirri AD is located 25 NM West of Abumusa AD. D5.0 1200'(11",d86b5b5e262a775f8e91d28a403f4b163992dbdd1733ca28e1ba6e46ce8a7ab6
60,OIBA,OIBA,APP,APP,16-5,NDB Y RWY 26,MATCH,independently_consistent,True,False,True,AWAITING_INDIVIDUAL_VISUAL_VERIFICATION,,images/pages_0001_0400/0060.jpg,"MSA ABM NDB ABUMUSA 16-5 OIBA/AEU ABUMUSA ISLAND, IRAN NDB ABM 285 Final Apch Crs 265^ 790'(772') 10 26-00 Alt Set: hPa Apt Elev: 1 hPa Trans level: FL060 Trans alt: 4000' MISSED APCH: BRIEFING STRIP TM JEPPESEN CAUTION: Sirri AD is located 25 NM West of Abumusa AD. D5.0 1200'(11",d86b5b5e262a775f8e91d28a403f4b163992dbdd1733ca28e1ba6e46ce8a7ab6
61,OIBA,OIBA,APP,APP,16-6,NDB X RWY 26,MATCH,independently_consistent,True,False,True,AWAITING_INDIVIDUAL_VISUAL_VERIFICATION,,images/pages_0001_0400/0061.jpg,"MSA ABM NDB ABUMUSA 16-6 OIBA/AEU ABUMUSA ISLAND, IRAN NDB ABM 285 Final Apch Crs 267^ 800'(782') holding at 4000'. Climb on 267^ to 1400', then turn RIGHT to rejoin 10 26-00 Alt Set: hPa Apt Elev: 1 hPa Trans level: FL060 Trans alt: 4000' MISSED APCH: BRIEFING STRIP TM JEPPESEN ",d86b5b5e262a775f8e91d28a403f4b163992dbdd1733ca28e1ba6e46ce8a7ab6
62,OIBA,OIBA,APP,APP,16-7,NDB A,MATCH,independently_consistent,True,False,True,AWAITING_INDIVIDUAL_VISUAL_VERIFICATION,,images/pages_0001_0400/0062.jpg,"MSA ABM NDB ABUMUSA 16-7 OIBA/AEU ABUMUSA ISLAND, IRAN NDB ABM 285 Final Apch Crs 267^ MDA(H) 840'(822') holding at 4000'. Climb on 267^ to 1400', then turn RIGHT to rejoin 10 26-00 Alt Set: hPa Apt Elev: 1 hPa Trans level: FL060 Trans alt: 4000' MISSED APCH: BRIEFING STRIP TM JE",d86b5b5e262a775f8e91d28a403f4b163992dbdd1733ca28e1ba6e46ce8a7ab6
63,OIBB,OIBB,AIRPORT,AIRPORT,,AIRPORT INFORMATION,REVIEW,only_old_index_supports_category,True,False,True,AWAITING_INDIVIDUAL_VISUAL_VERIFICATION,,images/pages_0001_0400/0063.jpg,"General Information Location: BUSHEHR IRN ICAO/IATA: OIBB / BUZ Lat/Long: N28° 57.0', E050° 49.8' Elevation: 72 ft Airport Use: Public Daylight Savings: Not Observed UTC Conversion: -3:30 = UTC Magnetic Variation: 3.0° E Runway: 31R Length x Width: 14662 ft x 148 ft Surface Type:",d86b5b5e262a775f8e91d28a403f4b163992dbdd1733ca28e1ba6e46ce8a7ab6
64,OIBB,OIBB,AIRPORT,AIRPORT,,AIRPORT INFORMATION,REVIEW,only_old_index_supports_category,True,False,True,AWAITING_INDIVIDUAL_VISUAL_VERIFICATION,,images/pages_0001_0400/0064.jpg,"General Information Location: BUSHEHR IRN ICAO/IATA: OIBB / BUZ Lat/Long: N28° 57.0', E050° 49.8' Elevation: 72 ft Airport Use: Public Daylight Savings: Not Observed UTC Conversion: -3:30 = UTC Magnetic Variation: 3.0° E Runway: 31R Length x Width: 14662 ft x 148 ft Surface Type:",d86b5b5e262a775f8e91d28a403f4b163992dbdd1733ca28e1ba6e46ce8a7ab6
65,OIBB,OIBB,STAR,STAR,10-2,"KHG 1P, KHG 1Q, KUGVU 1N, KUGVU 1P",MATCH,independently_consistent,True,False,True,AWAITING_INDIVIDUAL_VISUAL_VERIFICATION,,images/pages_0001_0400/0065.jpg,"Apt Elev 72' OIBB/BUZ 10-2 .STAR. BUSHEHR, IRAN *ATIS 126.2 BUSHEHR 214^ 260 JEPPESEN Alt Set: hPa Trans level: By ATC Trans alt: 5000' 1. 2. Actual descent clearance will be as directed by ATC. Contact BUSHEHR Radar on 127.8 or 135.1 before 50NM to Bushehr Apt for military ident",d86b5b5e262a775f8e91d28a403f4b163992dbdd1733ca28e1ba6e46ce8a7ab6
66,OIBB,OIBB,STAR,STAR,10-2A,"SESMA 1N, SESMA 1P, SESMA 1Q, VATOB 1N, VATOB 1Q",MATCH,independently_consistent,True,False,True,AWAITING_INDIVIDUAL_VISUAL_VERIFICATION,,images/pages_0001_0400/0066.jpg,"OIBB/BUZ .STAR. BUSHEHR, IRAN BUSHEHR 10-2A 211^ 97^ JEPPESEN Alt Set: hPa Trans level: By ATC Trans alt: 5000' 1. 2. Actual descent clearance will be as directed by ATC. Contact BUSHEHR Radar on 127.8 or 135.1 before 50NM to Bushehr Apt for military identification, then contact ",d86b5b5e262a775f8e91d28a403f4b163992dbdd1733ca28e1ba6e46ce8a7ab6
67,OIBB,OIBB,SID,SID,10-3,"KHG 4A, KHG 4B, KUGVU 3A, KUGVU 2F",MATCH,independently_consistent,True,False,True,AWAITING_INDIVIDUAL_VISUAL_VERIFICATION,,images/pages_0001_0400/0067.jpg,"Apt Elev 72' OIBB/BUZ BUSHEHR, IRAN BUSHEHR Trans level: By ATC Trans alt: 5000' 10-3 .SID. JEPPESEN KHG 4A [KHG4A], KHG 4B [KHG4B] 21 JUN 19 MSA BUZ VOR At or above FL140 180^ 360^ KUGVU KUGVU 3A [KUGV3A], KUGVU 2F [KUGV2F] DEPARTURES 3000 5000 Printed from JeppView for Windows ",d86b5b5e262a775f8e91d28a403f4b163992dbdd1733ca28e1ba6e46ce8a7ab6
68,OIBB,OIBB,SID,SID,10-3A,"SESMA 1A, SESMA 1F, VATOB 2A, VATOB 2B, VATOB 2F",MATCH,independently_consistent,True,False,True,AWAITING_INDIVIDUAL_VISUAL_VERIFICATION,,images/pages_0001_0400/0068.jpg,"OIBB/BUZ BUSHEHR, IRAN BUSHEHR 10-3A Apt Elev 72' Trans level: By ATC Trans alt: 5000' .SID. JEPPESEN VATOB 2A [VATO2A], VATOB 2B [VATO2B] VATOB 2F [VATO2F] 21 JUN 19 MSA BUZ VOR At or above FL140 180^ 360^ 3000 5000 SESMA 1A [SESM1A], SESMA 1F [SESM1F] DEPARTURES SESMA Printed f",d86b5b5e262a775f8e91d28a403f4b163992dbdd1733ca28e1ba6e46ce8a7ab6
69,OIBB,OIBB,SID,SID,10-3B,"KHG 3C, KHG 3D, KUGVU 2C, KUGVU 1E",MATCH,independently_consistent,True,False,True,AWAITING_INDIVIDUAL_VISUAL_VERIFICATION,,images/pages_0001_0400/0069.jpg,"OIBB/BUZ BUSHEHR, IRAN BUSHEHR 10-3B Apt Elev 72' Trans level: By ATC Trans alt: 5000' .SID. JEPPESEN 21 JUN 19 MSA BUZ NDB 180^ 360^ KHG DEPARTURES 3000 5000 KUGVU 2C [KUGV2C], KUGVU 1E [KUGV1E] KHG 3C [KHG3C], KHG 3D [KHG3D] KHARK ISLAND Printed from JeppView for Windows 5.3.0.",d86b5b5e262a775f8e91d28a403f4b163992dbdd1733ca28e1ba6e46ce8a7ab6
70,OIBB,OIBB,SID,SID,10-3C,"VATOB 1C, VATOB 1D, VATOB 1E",MATCH,independently_consistent,True,False,True,AWAITING_INDIVIDUAL_VISUAL_VERIFICATION,,images/pages_0001_0400/0070.jpg,"OIBB/BUZ BUSHEHR, IRAN BUSHEHR 10-3C Apt Elev 72' Trans level: By ATC Trans alt: 5000' .SID. JEPPESEN 21 JUN 19 MSA BUZ NDB 180^ 360^ VATOB 1C [VATO1C], VATOB 1D [VATO1D] VATOB 1E [VATO1E] DEPARTURES 3000 5000 Printed from JeppView for Windows 5.3.0.0 on 09 Oct 2026; Terminal cha",d86b5b5e262a775f8e91d28a403f4b163992dbdd1733ca28e1ba6e46ce8a7ab6
71,OIBB,,AIRPORT,AIRPORT,10-9,Airport Diagram Chart (ADC),MATCH,independently_consistent,True,False,True,AWAITING_INDIVIDUAL_VISUAL_VERIFICATION,,images/pages_0001_0400/0071.jpg,Birds in vicinity of airport. Heavy and medium acft permitted to make 180^ turn only at end of rwy in use. Rwy 31L/R right-hand circuit. 50-49 50-50 50-51 50-52 28-57 28-57 28-58 NDB VOR Apt Elev 14 13R 129^ 13L 129^ A B 03^E Tower Control MET D C JEPPESEN E Apron 2 Apron 1 Isola,d86b5b5e262a775f8e91d28a403f4b163992dbdd1733ca28e1ba6e46ce8a7ab6
72,OIBB,OIBB,AIRPORT,AIRPORT,10-9S,MINIMUMS,MATCH,independently_consistent,True,False,True,AWAITING_INDIVIDUAL_VISUAL_VERIFICATION,,images/pages_0001_0400/0072.jpg,"10-9S JEPPESEN 1 NOT APPLICABLE NOT APPLICABLE 1 4 FEB 22 .EASA.AIR.OPS. STRAIGHT-IN RWY D C B A OIBB/BUZ (622') BUSHEHR, IRAN BUSHEHR 13L 630' (622') 630' (622') 630' (622') 630' VOR VOR (622') 630' (622') 630' (622') 630' (622') 630' 630' 630' 630' 630' (622') 630' (622') 630' ",d86b5b5e262a775f8e91d28a403f4b163992dbdd1733ca28e1ba6e46ce8a7ab6
73,OIBB,OIBB,AIRPORT,AIRPORT,10-9S1,MINIMUMS,MATCH,independently_consistent,True,False,True,AWAITING_INDIVIDUAL_VISUAL_VERIFICATION,,images/pages_0001_0400/0073.jpg,"10-9S1 JEPPESEN 2 1 1 1 1 2 4 FEB 22 .EASA.AIR.OPS. OIBB/BUZ BUSHEHR, IRAN BUSHEHR (558') 31R 630' (558') 630' (558') 630' (558') 630' ALS out ALS out LOC ILS ALS out 630'(564') 630'(564') (564') 630' 630'(564') (216') 282' (216') 282' (216') 282' (216') 282' STRAIGHT-IN RWY D C ",d86b5b5e262a775f8e91d28a403f4b163992dbdd1733ca28e1ba6e46ce8a7ab6
74,OIBB,OIBB,APP,APP,11-1,ILS RWY 31R,MATCH,independently_consistent,True,False,True,AWAITING_INDIVIDUAL_VISUAL_VERIFICATION,,images/pages_0001_0400/0074.jpg,"OI(D)-30 MISSED APCH: BUSHEHR, IRAN BUSHEHR BUSHEHR Tower Climb STRAIGHT AHEAD to 1000', then turn RIGHT to rejoin holding at 3000'. 11-1 10 BRIEFING STRIP TM *ATIS 126.2 OIBB/BUZ JEPPESEN Ground 119.7 CAUTION: Hot air and turbulence exists above chimney. LOC IBUZ 109.9 Final Apc",d86b5b5e262a775f8e91d28a403f4b163992dbdd1733ca28e1ba6e46ce8a7ab6
75,OIBB,,APP,APP,13-1,VOR DME 2 RWY 13L,MATCH,independently_consistent,True,False,True,AWAITING_INDIVIDUAL_VISUAL_VERIFICATION,,images/pages_0001_0400/0075.jpg,"OI(D)-30 OI(R)-37 MISSED APCH: BUSHEHR, IRAN BUSHEHR BUSHEHR Tower VOR 117.45 BUZ Apt Elev 72' 8' D5.0 1500' (1493') Rwy 13L Climb STRAIGHT AHEAD to 1000', then turn LEFT to rejoin holding at 3000'. 13-1 VOR DME 2 Rwy 13L/R 10 BRIEFING STRIP TM *ATIS 126.2 OIBB/BUZ 13 310^ JEPPES",d86b5b5e262a775f8e91d28a403f4b163992dbdd1733ca28e1ba6e46ce8a7ab6
76,OIBB,OIBB,APP,APP,13-2,VOR RWY 13L,MATCH,independently_consistent,True,False,True,AWAITING_INDIVIDUAL_VISUAL_VERIFICATION,,images/pages_0001_0400/0076.jpg,"OI(D)-30 BUSHEHR, IRAN BUSHEHR VOR Rwy 13L/R 13-2 10 BRIEFING STRIP TM OIBB/BUZ CAT C & D JEPPESEN MISSED APCH: BUSHEHR Tower Climb STRAIGHT AHEAD to 2000', then turn LEFT to rejoin holding at 3000'. *ATIS 126.2 Ground 119.7 VOR 117.45 BUZ Final Apch Crs No FAF Rwy 13L: Rwy 13R:1",d86b5b5e262a775f8e91d28a403f4b163992dbdd1733ca28e1ba6e46ce8a7ab6
77,OIBB,OIBB,APP,APP,13-3,VOR RWY 13L,MATCH,independently_consistent,True,False,True,AWAITING_INDIVIDUAL_VISUAL_VERIFICATION,,images/pages_0001_0400/0077.jpg,"OI(D)-30 BUSHEHR, IRAN BUSHEHR VOR Rwy 13L/R 13-3 10 BRIEFING STRIP TM OIBB/BUZ CAT A & B JEPPESEN MISSED APCH: BUSHEHR Tower Climb STRAIGHT AHEAD to 2000', then turn LEFT to rejoin holding at 3000'. *ATIS 126.2 Ground 119.7 VOR 117.45 BUZ MDA(H) Final Apch Crs No FAF Rwy 13L: Rw",d86b5b5e262a775f8e91d28a403f4b163992dbdd1733ca28e1ba6e46ce8a7ab6
78,OIBB,OIBB,APP,APP,13-4,VOR DME 1 RWY 31L,MATCH,independently_consistent,True,False,True,AWAITING_INDIVIDUAL_VISUAL_VERIFICATION,,images/pages_0001_0400/0078.jpg,"OI(D)-30 BUSHEHR, IRAN BUSHEHR 10 BRIEFING STRIP TM VOR DME 1 Rwy 31L/R 13-4 OIBB/BUZ JEPPESEN CAUTION: Hot air and turbulence exists above chimney. MISSED APCH: BUSHEHR Tower Climb STRAIGHT AHEAD to 1000', then turn RIGHT to rejoin holding at 3000'. *ATIS 126.2 Ground 119.7 VOR ",d86b5b5e262a775f8e91d28a403f4b163992dbdd1733ca28e1ba6e46ce8a7ab6
79,OIBB,OIBB,APP,APP,13-5,VOR RWY 31L CAT C & D,MATCH,independently_consistent,True,False,True,AWAITING_INDIVIDUAL_VISUAL_VERIFICATION,,images/pages_0001_0400/0079.jpg,"OI(D)-30 BUSHEHR, IRAN BUSHEHR VOR Rwy 31L/R No FAF 13-5 10 BRIEFING STRIP TM OIBB/BUZ CAT C & D JEPPESEN MISSED APCH: BUSHEHR Tower Climb STRAIGHT AHEAD to 2000', then turn RIGHT to rejoin holding at 3000'. *ATIS 126.2 Ground 119.7 VOR 117.45 BUZ (558') Apt Elev 72' 630' 309^ Rw",d86b5b5e262a775f8e91d28a403f4b163992dbdd1733ca28e1ba6e46ce8a7ab6
80,OIBB,OIBB,APP,APP,13-6,VOR RWY 31L CAT A & B,MATCH,independently_consistent,True,False,True,AWAITING_INDIVIDUAL_VISUAL_VERIFICATION,,images/pages_0001_0400/0080.jpg,"OI(D)-30 BUSHEHR, IRAN BUSHEHR VOR Rwy 31L/R 13-6 10 BRIEFING STRIP TM OIBB/BUZ CAT A & B JEPPESEN No FAF MISSED APCH: BUSHEHR Tower Climb STRAIGHT AHEAD to 2000', then turn RIGHT to rejoin holding at 3000'. *ATIS 126.2 Ground 119.7 VOR 117.45 BUZ MDA(H) (558') Apt Elev 72' 630' ",d86b5b5e262a775f8e91d28a403f4b163992dbdd1733ca28e1ba6e46ce8a7ab6
81,OIBB,OIBB,APP,APP,16-1,NDB RWY 13L,MATCH,independently_consistent,True,False,True,AWAITING_INDIVIDUAL_VISUAL_VERIFICATION,,images/pages_0001_0400/0081.jpg,"OI(D)-30 BUSHEHR, IRAN BUSHEHR NDB 10 NDB Rwy 13L/R Final Apch Crs 112^ 341 BRIEFING STRIP TM 16-1 OIBB/BUZ CAT C & D JEPPESEN MISSED APCH: BUSHEHR Tower to rejoin holding at 3000'. *ATIS 126.2 Ground 119.7 BUZ No FAF Refer to Minimums Apt Elev 72' 8' Rwy 13L Rwy 13R 7' Climb STR",d86b5b5e262a775f8e91d28a403f4b163992dbdd1733ca28e1ba6e46ce8a7ab6
82,OIBB,OIBB,APP,APP,16-2,NDB RWY 13L,MATCH,independently_consistent,True,False,True,AWAITING_INDIVIDUAL_VISUAL_VERIFICATION,,images/pages_0001_0400/0082.jpg,"OI(D)-30 BUSHEHR, IRAN BUSHEHR NDB Rwy 13L/R 16-2 10 BRIEFING STRIP TM OIBB/BUZ CAT A & B JEPPESEN NDB Final Apch Crs 112^ 341 MISSED APCH: BUSHEHR Tower to rejoin holding at 3000'. *ATIS 126.2 Ground 119.7 BUZ MDA(H) No FAF Refer to Minimums Apt Elev 72' 8' Rwy 13L Rwy 13R 7' Cl",d86b5b5e262a775f8e91d28a403f4b163992dbdd1733ca28e1ba6e46ce8a7ab6
83,OIBB,OIBB,APP,APP,16-3,NDB RWY 31L,MATCH,independently_consistent,True,False,True,AWAITING_INDIVIDUAL_VISUAL_VERIFICATION,,images/pages_0001_0400/0083.jpg,"OI(D)-30 BUSHEHR, IRAN BUSHEHR NDB Rwy 31L/R 16-3 10 BRIEFING STRIP TM OIBB/BUZ CAT C & D JEPPESEN NDB Final Apch Crs 315^ 341 MISSED APCH: BUSHEHR Tower to rejoin holding at 3000'. *ATIS 126.2 Ground 119.7 BUZ No FAF Apt Elev 72' Climb STRAIGHT AHEAD to 2000', then turn RIGHT 63",d86b5b5e262a775f8e91d28a403f4b163992dbdd1733ca28e1ba6e46ce8a7ab6
84,OIBB,OIBB,APP,APP,16-4,NDB RWY 31L,MATCH,independently_consistent,True,False,True,AWAITING_INDIVIDUAL_VISUAL_VERIFICATION,,images/pages_0001_0400/0084.jpg,"OI(D)-30 BUSHEHR, IRAN BUSHEHR 10 NDB Rwy 31L/R BRIEFING STRIP TM 16-4 OIBB/BUZ CAT A & B JEPPESEN NDB Final Apch Crs 315^ 341 MISSED APCH: BUSHEHR Tower to rejoin holding at 3000'. *ATIS 126.2 Ground 119.7 BUZ MDA(H) No FAF Apt Elev 72' Climb STRAIGHT AHEAD to 2000', then turn R",d86b5b5e262a775f8e91d28a403f4b163992dbdd1733ca28e1ba6e46ce8a7ab6
85,OIBK,OIBK,AIRPORT,AIRPORT,,AIRPORT INFORMATION,REVIEW,only_old_index_supports_category,True,False,True,AWAITING_INDIVIDUAL_VISUAL_VERIFICATION,,images/pages_0001_0400/0085.jpg,"General Information Location: KISH ISLAND IRN ICAO/IATA: OIBK / KIH Lat/Long: N26° 31.6', E053° 58.7' Elevation: 99 ft Airport Use: Public Daylight Savings: Not Observed UTC Conversion: -3:30 = UTC Magnetic Variation: 3.0° E Runway: 09R Length x Width: 12008 ft x 197 ft Surface T",d86b5b5e262a775f8e91d28a403f4b163992dbdd1733ca28e1ba6e46ce8a7ab6
86,OIBK,OIBK,AIRPORT,AIRPORT,,AIRPORT INFORMATION,REVIEW,only_old_index_supports_category,True,False,True,AWAITING_INDIVIDUAL_VISUAL_VERIFICATION,,images/pages_0001_0400/0086.jpg,"General Information Location: KISH ISLAND IRN ICAO/IATA: OIBK / KIH Lat/Long: N26° 31.6', E053° 58.7' Elevation: 99 ft Airport Use: Public Daylight Savings: Not Observed UTC Conversion: -3:30 = UTC Magnetic Variation: 3.0° E Runway: 09R Length x Width: 12008 ft x 197 ft Surface T",d86b5b5e262a775f8e91d28a403f4b163992dbdd1733ca28e1ba6e46ce8a7ab6
87,OIBK,,AIRPORT,AIRPORT,10-1P,AIRPORT BRIEFING,MATCH,independently_consistent,True,False,True,AWAITING_INDIVIDUAL_VISUAL_VERIFICATION,,images/pages_0001_0400/0087.jpg,"JEPPESEN 1. GENERAL 1.1. ATIS 1.3. ATIS 128.0 TAXI PROCEDURES In order to meet the requirement for wing-tip clearance, follow strictly the yellow taxi guidance lines. However Tower controller may issue daviating instructions with the assistance of follow-me car. Aircraft holding ",d86b5b5e262a775f8e91d28a403f4b163992dbdd1733ca28e1ba6e46ce8a7ab6
88,OIBK,OIBK,AIRPORT,AIRPORT,10-1P1,AIRPORT BRIEFING,MATCH,independently_consistent,True,False,True,AWAITING_INDIVIDUAL_VISUAL_VERIFICATION,,images/pages_0001_0400/0088.jpg,"JEPPESEN 3. DEPARTURE 28 NOV 25 Pilots are required to request taxi within 3 minutes after completing push-back maneuver for CAT C/D aircraft and 5 minutes for CAT E/F aircraft, otherwise Note: The airline ground crew must ensure that the area behind/around the aircraft is clear ",d86b5b5e262a775f8e91d28a403f4b163992dbdd1733ca28e1ba6e46ce8a7ab6
89,OIBK,,AIRPORT,AIRPORT,10-1P2,AIRPORT BRIEFING,MATCH,independently_consistent,True,False,True,AWAITING_INDIVIDUAL_VISUAL_VERIFICATION,,images/pages_0001_0400/0089.jpg,"JEPPESEN 3. DEPARTURE 108L 108 108R 110 112 108R, 112 106, 106R, 108, 108R 106R, 108L, 108R 108L, 108, 110 108R, 110 3.1.3. TAXI PROCEDURES 28 NOV 25 A/C pushing back on stand A/C on stands not permitted to push-back simultaneously 106 106R 104R, 106L, 106R, 108L 106L, 106, 108L,",d86b5b5e262a775f8e91d28a403f4b163992dbdd1733ca28e1ba6e46ce8a7ab6
90,OIBK,,STAR,STAR,10-2,"ALNOL 1P, ALNOL 1Q, DELBU 1P, DELBU 1Q, DELBU 1T, IBNUX 1Q, IBNUX 1T, MIVUN 1Q, MIVUN 1T, VEKEL 1Q",MATCH,independently_consistent,True,False,True,AWAITING_INDIVIDUAL_VISUAL_VERIFICATION,,images/pages_0001_0400/0090.jpg,"S I K VO R MIVUN 267^ 2 5 1 ^ JEPPESEN .STAR. Apt Elev 128.0 ALNOL 1P [ALNO1P] ALNOL 1Q [ALNO1Q] DELBU 1P [DELB1P] DELBU 1Q [DELB1Q] DELBU 1T [DELB1T] IBNUX 1Q [IBNU1Q] IBNUX 1T [IBNU1T] MIVUN 1Q [MIVU1Q] MIVUN 1T [MIVU1T] VEKEL 1Q [VEKE1Q] ARRIVALS (RWYS 09R, 27L) IS 99 D15.0 KI",d86b5b5e262a775f8e91d28a403f4b163992dbdd1733ca28e1ba6e46ce8a7ab6
91,OIBK,,SID,SID,10-3,"DELBU 1E, DELBU 1F, DELBU 1G, DELBU 1H, IBNUX 1E, IBNUX 1G",MATCH,independently_consistent,True,False,True,AWAITING_INDIVIDUAL_VISUAL_VERIFICATION,,images/pages_0001_0400/0091.jpg,JEPPESEN DELBU 1E [DELB1E] DELBU 1F [DELB1F] DELBU 1G [DELB1G] DELBU 1H [DELB1H] IBNUX 1E [IBNU1E] IBNUX 1G [IBNU1G] .Eff.27.Nov. 21 NOV 25 Apt Elev Trans alt: 7000 99 DEPARTURES .SID. (ALL RWYS) 563 750 1125 1500 1875 2250 313 417 625 833 1042 1250 Gnd speed-KT 75 100 150 200 25,d86b5b5e262a775f8e91d28a403f4b163992dbdd1733ca28e1ba6e46ce8a7ab6
92,OIBK,OIBK,SID,SID,10-3A,"MIVUN 1E, MIVUN 1G, VEKEL 1E, VEKEL 1G",MATCH,independently_consistent,True,False,True,AWAITING_INDIVIDUAL_VISUAL_VERIFICATION,,images/pages_0001_0400/0092.jpg,"VO R S I K UN .SID. JEPPESEN OIBK/KIH KISH INTL 10-3A .Eff.27.Nov. 21 NOV 25 t Elev MIVUN 1E [MIVU1E] MIVUN 1G [MIVU1G] VEKEL 1E [VEKE1E] VEKEL 1G [VEKE1G] DEPARTURES (ALL RWYS) Trans alt: 7000 99 KISH ISLAND, IRAN 25 438 583 875 1167 1458 1750 313 417 625 833 1042 1250 ed-KT 75 ",d86b5b5e262a775f8e91d28a403f4b163992dbdd1733ca28e1ba6e46ce8a7ab6
93,OIBK,OIBK,SID,SID,10-3B,"PURNA 1E, PURNA 1F, PURNA 1G",MATCH,independently_consistent,True,False,True,AWAITING_INDIVIDUAL_VISUAL_VERIFICATION,,images/pages_0001_0400/0093.jpg,"Apt Elev .SID. JEPPESEN OIBK/KIH KISH ISLAND, IRAN 10-3B 21 NOV 25 .Eff.27.Nov. KISH INTL PURNA 99 Trans alt: 7000 25 PURNA 1E [PURN1E] PURNA 1F [PURN1F] PURNA 1G [PURN1G] DEPARTURES (ALL RWYS) 4000 2000 Printed from JeppView for Windows 5.3.0.0 on 09 Oct 2026; Terminal chart dat",d86b5b5e262a775f8e91d28a403f4b163992dbdd1733ca28e1ba6e46ce8a7ab6
94,OIBK,OIBK,AIRPORT,AIRPORT,10-4,KISH INTL 21 NOV 25 10-4 .Eff.27.Nov. .NOISE.,MATCH,independently_consistent,True,False,True,AWAITING_INDIVIDUAL_VISUAL_VERIFICATION,,images/pages_0001_0400/0094.jpg,"JEPPESEN .NOISE. 10-4 NOISE ABATEMENT 21 NOV 25 GENERAL OIBK/KIH KISH INTL KISH ISLAND, IRAN RWYS 09L/R are not used for take-off during 2030-0430, EXCEPTwhen the tailwind component for RWYS 27L/R is 10 KT or more. .Eff.27.Nov. Printed from JeppView for Windows 5.3.0.0 on 09 Oct ",d86b5b5e262a775f8e91d28a403f4b163992dbdd1733ca28e1ba6e46ce8a7ab6
95,OIBK,OIBK,AIRPORT,AIRPORT,10-9,Airport Diagram Chart (ADC),MATCH,independently_consistent,True,False,True,AWAITING_INDIVIDUAL_VISUAL_VERIFICATION,,images/pages_0001_0400/0095.jpg,"09L 095^ Elev Elev 94' 10-9 KISH ISLAND, IRAN N26 31.7 E053 58.8 99' Apt Elev *ATIS 128.0 OIBK/KIH 11,972'3649m 367m 1204' MET A8 367m Stopway 1204' JEPPESEN 26-32 26-32 53-58 53-59 54-00 118.450 121.675 *Tower *KISH Tower (GND) FOR DETAILS SEE PARKING STANDS & COORDS KISH INTL I",d86b5b5e262a775f8e91d28a403f4b163992dbdd1733ca28e1ba6e46ce8a7ab6
96,OIBK,OIBK,AIRPORT,AIRPORT,10-9A,PARKING STANDS & COORDS,MATCH,independently_consistent,True,False,True,AWAITING_INDIVIDUAL_VISUAL_VERIFICATION,,images/pages_0001_0400/0096.jpg,"KISH ISLAND, IRAN OIBK/KIH JEPPESEN 212 210 200 A A Domestic Terminal International Terminal 202 204 206 208 106 108 110 112 Control Tower KISH INTL 104 102 100 C5 C4 D1 D1 L R L R L R L R 20 FEB 26 APRON 1 APRON 2 26-31.8 26-31.9 26-32 53-58.3 53-58.2 53-58.5 53-58.7 53-58.6 53-",d86b5b5e262a775f8e91d28a403f4b163992dbdd1733ca28e1ba6e46ce8a7ab6
97,OIBK,OIBK,AIRPORT,AIRPORT,10-9S,MINIMUMS,MATCH,independently_consistent,True,False,True,AWAITING_INDIVIDUAL_VISUAL_VERIFICATION,,images/pages_0001_0400/0097.jpg,"10-9S JEPPESEN 1 .EASA.AIR.OPS. .Eff.27.Nov. 21 NOV 25 2 2 2 2 1 1 STRAIGHT-IN RWY D C B A OIBK/KIH 09L KISH ISLAND, IRAN (441') R1400m R1400m R1400m R1400m 540' ALS out R1500m R1500m R2100m R2100m (441') 540' (441') 540' (441') 540' KISH INTL VOR Z or Y 09R (223') R550m 315' ALS",d86b5b5e262a775f8e91d28a403f4b163992dbdd1733ca28e1ba6e46ce8a7ab6
98,OIBK,OIBK,APP,APP,11-1,ILS Z OR LOC Z RWY 09R,MATCH,independently_consistent,True,False,True,AWAITING_INDIVIDUAL_VISUAL_VERIFICATION,,images/pages_0001_0400/0098.jpg,"115 OIBK/KIH KISH INTL 11-1 KISH ISLAND, IRAN ILS Z or LOC Z Rwy 09R 121.675 118.450 *KISH Tower 128.0 *ATIS *Ground 122.325 IKIS Final Apch Crs 092^ 315'(223') 1900'(1808') Apt Elev 99' 108.75 DA(H) MISSED APCH: BRIEFING STRIP TM JEPPESEN .Eff.27.Nov. 21 NOV 25 LOC Rwy 92' ILS A",d86b5b5e262a775f8e91d28a403f4b163992dbdd1733ca28e1ba6e46ce8a7ab6
99,OIBK,OIBK,APP,APP,11-2,ILS Y OR LOC Y RWY 09R,MATCH,independently_consistent,True,False,True,AWAITING_INDIVIDUAL_VISUAL_VERIFICATION,,images/pages_0001_0400/0099.jpg,"OIBK/KIH KISH INTL 11-2 ILS Y or LOC Y Rwy 09R KISH ISLAND, IRAN .Eff.27.Nov. 21 NOV 25 230^ 120^ 3000 7000 MSA KIS VOR 121.675 *Ground *KISH Tower 118.450 122.325 128.0 *ATIS LOC IKIS 108.75 Final 092^ Apch Crs 1900'(1808') D5.6 IKIS ILS 315'(223') DA(H) Apt Elev 99' Rwy 92' Alt",d86b5b5e262a775f8e91d28a403f4b163992dbdd1733ca28e1ba6e46ce8a7ab6
100,OIBK,OIBK,APP,APP,13-1,VOR Z RWY 09L,MATCH,independently_consistent,True,False,True,AWAITING_INDIVIDUAL_VISUAL_VERIFICATION,,images/pages_0001_0400/0100.jpg,"295 KISH ISLAND, IRAN 13-1 VOR 117.4 KIS Final Apch Crs 092^ 540'(441') Alt Set: hPa Apt Elev: 4 hPa Trans alt: 7000' D5.0 1900'(1801') MISSED APCH: Trans level: By ATC OIBK/KIH 10 BRIEFING STRIP TM JEPPESEN Apt Elev 99' DA/MDA(H) 121.675 118.450 *KISH Tower 128.0 *ATIS *Ground K",d86b5b5e262a775f8e91d28a403f4b163992dbdd1733ca28e1ba6e46ce8a7ab6
101,OIBK,OIBK,APP,APP,13-2,VOR Y RWY 09L,MATCH,independently_consistent,True,False,True,AWAITING_INDIVIDUAL_VISUAL_VERIFICATION,,images/pages_0001_0400/0101.jpg,"KISH ISLAND, IRAN 13-2 VOR 117.4 KIS Final Apch Crs 092^ 540'(441') D5.0 1900' OIBK/KIH (1801') 10 BRIEFING STRIP TM JEPPESEN Apt Elev 99' DA/MDA(H) *ATIS 128.0 118.450 *KISH Tower *Ground 121.675 KISH INTL 122.325 .Eff.27.Nov. VOR Y Rwy 09L 21 NOV 25 MAX 185 KT 1 Alt Set: hPa Ap",d86b5b5e262a775f8e91d28a403f4b163992dbdd1733ca28e1ba6e46ce8a7ab6
102,OIBK,OIBK,APP,APP,13-3,VOR Z RWY 09R,MATCH,independently_consistent,True,False,True,AWAITING_INDIVIDUAL_VISUAL_VERIFICATION,,images/pages_0001_0400/0102.jpg,"295 KISH ISLAND, IRAN 13-3 VOR 117.4 KIS Final Apch Crs 092^ 540'(441') Alt Set: hPa Apt Elev: 4 hPa Trans alt: 7000' D5.0 1900'(1801') MISSED APCH: Trans level: By ATC OIBK/KIH 10 BRIEFING STRIP TM JEPPESEN Apt Elev 99' DA/MDA(H) 121.675 118.450 *KISH Tower 128.0 *ATIS *Ground K",d86b5b5e262a775f8e91d28a403f4b163992dbdd1733ca28e1ba6e46ce8a7ab6
103,OIBK,OIBK,APP,APP,13-4,VOR Y RWY 09R,MATCH,independently_consistent,True,False,True,AWAITING_INDIVIDUAL_VISUAL_VERIFICATION,,images/pages_0001_0400/0103.jpg,"KISH ISLAND, IRAN 13-4 VOR 117.4 KIS Final Apch Crs 092^ 540'(441') D5.0 1900' OIBK/KIH (1801') 10 BRIEFING STRIP TM JEPPESEN Apt Elev 99' DA/MDA(H) *ATIS 128.0 118.450 *KISH Tower *Ground 121.675 KISH INTL 122.325 .Eff.27.Nov. VOR Y Rwy 09R 21 NOV 25 MAX 185 KT 1 Alt Set: hPa Ap",d86b5b5e262a775f8e91d28a403f4b163992dbdd1733ca28e1ba6e46ce8a7ab6
104,OIBK,OIBK,APP,APP,13-5,VOR Z RWY 27L,MATCH,independently_consistent,True,False,True,AWAITING_INDIVIDUAL_VISUAL_VERIFICATION,,images/pages_0001_0400/0104.jpg,"KISH ISLAND, IRAN VOR 117.4 KIS Final Apch Crs 271^ 630'(531') BRIEFING STRIP TM Alt Set: hPa Apt Elev: 4 hPa Trans alt: 7000' MISSED APCH: D6.0 1200'(1101') Trans level: By ATC OIBK/KIH 10 117.4 KIS D K I S JEPPESEN Apt Elev 99' KISH ISLAND CAUTION: An airfield exists in the Nor",d86b5b5e262a775f8e91d28a403f4b163992dbdd1733ca28e1ba6e46ce8a7ab6
105,OIBK,OIBK,APP,APP,13-6,VOR Y RWY 27L,MATCH,independently_consistent,True,False,True,AWAITING_INDIVIDUAL_VISUAL_VERIFICATION,,images/pages_0001_0400/0105.jpg,"KISH ISLAND, IRAN VOR 117.4 KIS Final Apch Crs 271^ 630'(531') 10 BRIEFING STRIP TM Alt Set: hPa Apt Elev: 4 hPa Trans alt: 7000' Trans level: By ATC OIBK/KIH MISSED APCH: JEPPESEN Apt Elev 99' 13-6 DA/MDA(H) 121.675 118.450 *KISH Tower 128.0 *ATIS *Ground KISH INTL 1200'(1101') ",d86b5b5e262a775f8e91d28a403f4b163992dbdd1733ca28e1ba6e46ce8a7ab6
106,OIBK,OIBK,APP,APP,13-7,VOR Z RWY 27R,MATCH,independently_consistent,True,False,True,AWAITING_INDIVIDUAL_VISUAL_VERIFICATION,,images/pages_0001_0400/0106.jpg,"KISH ISLAND, IRAN VOR 117.4 KIS Final Apch Crs 271^ 630'(531') BRIEFING STRIP TM Alt Set: hPa Apt Elev: 4 hPa Trans alt: 7000' MISSED APCH: D6.0 1200'(1101') Trans level: By ATC OIBK/KIH 10 117.4 KIS D K I S JEPPESEN Apt Elev 99' KISH ISLAND CAUTION: An airfield exists in the Nor",d86b5b5e262a775f8e91d28a403f4b163992dbdd1733ca28e1ba6e46ce8a7ab6
107,OIBK,OIBK,APP,APP,13-8,VOR Y RWY 27R,MATCH,independently_consistent,True,False,True,AWAITING_INDIVIDUAL_VISUAL_VERIFICATION,,images/pages_0001_0400/0107.jpg,"KISH ISLAND, IRAN VOR 117.4 KIS Final Apch Crs 271^ 630'(531') 10 BRIEFING STRIP TM Alt Set: hPa Apt Elev: 4 hPa Trans alt: 7000' Trans level: By ATC OIBK/KIH MISSED APCH: JEPPESEN Apt Elev 99' 13-8 DA/MDA(H) 121.675 118.450 *KISH Tower 128.0 *ATIS *Ground KISH INTL 1200'(1101') ",d86b5b5e262a775f8e91d28a403f4b163992dbdd1733ca28e1ba6e46ce8a7ab6
108,OIBL,OIBL,AIRPORT,AIRPORT,,AIRPORT INFORMATION,MATCH,independently_consistent,True,False,True,AWAITING_INDIVIDUAL_VISUAL_VERIFICATION,,images/pages_0001_0400/0108.jpg,"General Information Location: BANDAR LENGEH IRN ICAO/IATA: OIBL / BDH Lat/Long: N26° 31.9', E054° 49.6' Elevation: 75 ft Airport Use: Public Daylight Savings: Not Observed UTC Conversion: -3:30 = UTC Magnetic Variation: 2.0° E General Information Location: BANDAR LENGEH IRN ICAO/",d86b5b5e262a775f8e91d28a403f4b163992dbdd1733ca28e1ba6e46ce8a7ab6
109,OIBL,OIBL,STAR,STAR,10-2,"DENSA 1N, DENSA 2P, DENSA 1Q",MATCH,independently_consistent,True,False,True,AWAITING_INDIVIDUAL_VISUAL_VERIFICATION,,images/pages_0001_0400/0109.jpg,"090^ 180^ 270^ 255^ Apt Elev OIBL/BDH .STAR. BANDAR LENGEH BANDAR LENGEH, IRAN JEPPESEN Alt Set: hPa 10-2 Trans level: FL60 Trans alt: 4000' 75' 5300 4900 3000 HA 3000 7 JUL 23 .Eff.13.Jul. MSA LEN VOR 259/D15.0. DENSA 1N [DENS1N] DENSA 2P [DENS2P] DENSA 1Q [DENS1Q] nd to LEN VOR",d86b5b5e262a775f8e91d28a403f4b163992dbdd1733ca28e1ba6e46ce8a7ab6
110,OIBL,OIBL,STAR,STAR,10-2A,"KHM 1P, KHM 1N",MATCH,independently_consistent,True,False,True,AWAITING_INDIVIDUAL_VISUAL_VERIFICATION,,images/pages_0001_0400/0110.jpg,"255^ 335 KHM KHM N26 45.8 E055 54.5 5 0 0 0 Apt Elev 75' OIBL/BDH .STAR. BANDAR LENGEH BANDAR LENGEH, IRAN JEPPESEN 3 7 .3 KHM N26 45.8 E055 54.5 DME (117.1) KHM D 10-2A GHESHM ISLAND 7 JUL 23 .Eff.13.Jul. K H M 1 N , 1 P Alt Set: hPa Trans level: FL60 Trans alt: 4000' ARRIVALS K",d86b5b5e262a775f8e91d28a403f4b163992dbdd1733ca28e1ba6e46ce8a7ab6
111,OIBL,OIBL,STAR,STAR,10-2B,"KIS 3N, KIS 3P, KIS 1Q",MATCH,independently_consistent,True,False,True,AWAITING_INDIVIDUAL_VISUAL_VERIFICATION,,images/pages_0001_0400/0111.jpg,"EH N 51.1 090^ 180^ 270^ 1 1 3 0 0 0 255^ Apt Elev 75' OIBL/BDH .STAR. BANDAR LENGEH BANDAR LENGEH, IRAN 10-2B JEPPESEN 4900 5300 3000 (IAF) D11.0 LEN 7 JUL 23 .Eff.13.Jul. K IS 3 N Alt Set: hPa Trans level: FL60 Trans alt: 4000' MSA LEN VOR R-075/D11.0. MHA 3000 ARRIVALS KIS 3N ",d86b5b5e262a775f8e91d28a403f4b163992dbdd1733ca28e1ba6e46ce8a7ab6
112,OIBL,OIBL,STAR,STAR,10-2C,"NABEX 2Q, NABEX 2N, NABEX 2P",MATCH,independently_consistent,True,False,True,AWAITING_INDIVIDUAL_VISUAL_VERIFICATION,,images/pages_0001_0400/0112.jpg,"090^ 180^ 270^ 255^ Apt Elev 75' OIBL/BDH .STAR. BANDAR LENGEH BANDAR LENGEH, IRAN 10-2C JEPPESEN AF) 5300 4900 3000 EN 7 JUL 23 .Eff.13.Jul. Alt Set: hPa Trans level: FL60 Trans alt: 4000' MSA LEN VOR to LEN VOR, to LEN VOR. to LEN VOR, NABEX 2N [NABE2N], NABEX 2P [NABE2P] NABEX",d86b5b5e262a775f8e91d28a403f4b163992dbdd1733ca28e1ba6e46ce8a7ab6
113,OIBL,OIBL,STAR,STAR,10-2D,"DENSA 1R, KHM 1Q",MATCH,independently_consistent,True,False,True,AWAITING_INDIVIDUAL_VISUAL_VERIFICATION,,images/pages_0001_0400/0113.jpg,"090^ 180^ 270^ Apt Elev 75' OIBL/BDH .STAR. BANDAR LENGEH BANDAR LENGEH, IRAN 10-2D JEPPESEN 255^ 335 KHM KHM 45.8 E055 54.5 KHM 45.8 E055 54.5 DME 117.1) KHM 5300 4900 3000 HESHM ISLAND 7 JUL 23 .Eff.13.Jul. Alt Set: hPa Trans level: FL60 Trans alt: 4000' MSA LEN NDB DENSA 1R [D",d86b5b5e262a775f8e91d28a403f4b163992dbdd1733ca28e1ba6e46ce8a7ab6
114,OIBL,OIBL,SID,SID,10-3,"KIS 1E, NABEX 1A, DENSA 1A, KHM 1A",MATCH,independently_consistent,True,False,True,AWAITING_INDIVIDUAL_VISUAL_VERIFICATION,,images/pages_0001_0400/0114.jpg,"Apt Elev 75' OIBL/BDH 10-3 BANDAR LENGEH BANDAR LENGEH, IRAN 090^ 180^ 270^ Trans level: FL60 Trans alt: 4000' 335 KHM KHM N26 45.8 E055 54.5 KHM N26 45.8 E055 54.5 DME (117.1) KHM D .SID. JEPPESEN red FL. -318 5300 4900 3000 eared FL. ared FL. GHESHM ISLAND 7 JUL 23 .Eff.13.Jul.",d86b5b5e262a775f8e91d28a403f4b163992dbdd1733ca28e1ba6e46ce8a7ab6
115,OIBL,OIBL,SID,SID,10-3A,"KIS 1F, NABEX 1B, DENSA 1B, KHM 1B",MATCH,independently_consistent,True,False,True,AWAITING_INDIVIDUAL_VISUAL_VERIFICATION,,images/pages_0001_0400/0115.jpg,"Apt Elev 75' OIBL/BDH BANDAR LENGEH BANDAR LENGEH, IRAN 090^ 180^ 270^ Trans level: FL60 Trans alt: 4000' 10-3A 335 KHM KHM N26 45.8 E055 54.5 KHM N26 45.8 E055 54.5 DME .SID. JEPPESEN red FL. d FL. D(117.1) KHM 5300 4900 3000 ared FL. ared FL. GHESHM ISLAND 7 JUL 23 .Eff.13.Jul.",d86b5b5e262a775f8e91d28a403f4b163992dbdd1733ca28e1ba6e46ce8a7ab6
116,OIBL,OIBL,SID,SID,10-3B,"NABEX 1D, DENSA 1C, KHM 1C",MATCH,independently_consistent,True,False,True,AWAITING_INDIVIDUAL_VISUAL_VERIFICATION,,images/pages_0001_0400/0116.jpg,"Apt Elev 75' OIBL/BDH BANDAR LENGEH BANDAR LENGEH, IRAN 090^ 180^ 270^ Trans level: FL60 Trans alt: 4000' 335 KHM KHM N26 45.8 E055 54.5 KHM N26 45.8 E055 54.5 DME (117.1) KHM D 10-3B .SID. JEPPESEN 4900 5300 3000 SA, climb to ared FL. T, intercept L. GHESHM ISLAND 7 JUL 23 .Eff.",d86b5b5e262a775f8e91d28a403f4b163992dbdd1733ca28e1ba6e46ce8a7ab6
117,OIBL,OIBL,SID,SID,10-3C,"NABEX 1E, DENSA 1D, KHM 1D",MATCH,independently_consistent,True,False,True,AWAITING_INDIVIDUAL_VISUAL_VERIFICATION,,images/pages_0001_0400/0117.jpg,"Apt Elev 75' OIBL/BDH BANDAR LENGEH BANDAR LENGEH, IRAN 090^ 180^ 270^ Trans level: FL60 Trans alt: 4000' 335 KHM KHM N26 45.8 E055 54.5 KHM N26 45.8 E055 54.5 DME (117.1) KHM D 10-3C .SID. JEPPESEN 5300 4900 3000 SA, climb to to cleared FL. , climb to GHESHM ISLAND 7 JUL 23 .Eff",d86b5b5e262a775f8e91d28a403f4b163992dbdd1733ca28e1ba6e46ce8a7ab6
118,OIBL,OIBL,AIRPORT,AIRPORT,10-9,Airport Diagram Chart (ADC),MATCH,independently_consistent,True,False,True,AWAITING_INDIVIDUAL_VISUAL_VERIFICATION,,images/pages_0001_0400/0118.jpg,"Apt Elev 02^E 54-49 54-50 28 JUL 17 JEPPESEN BANDAR LENGEH, IRAN BANDAR LENGEH 121.7 122.550 75' 10-9 *BANDAR LENGEH Information OIBL/BDH N26 31.9 E054 49.7 Strolling animals on movement area. Printed from JeppView for Windows 5.3.0.0 on 09 Oct 2026; Terminal chart data cycle 21-",d86b5b5e262a775f8e91d28a403f4b163992dbdd1733ca28e1ba6e46ce8a7ab6
119,OIBL,OIBL,AIRPORT,AIRPORT,10-9S,MINIMUMS,MATCH,independently_consistent,True,False,True,AWAITING_INDIVIDUAL_VISUAL_VERIFICATION,,images/pages_0001_0400/0119.jpg,"10-9S JEPPESEN .Standard. 1 1 28 JUL 17 1 STRAIGHT-IN RWY D C B A OIBL/BDH BANDAR LENGEH, IRAN 510' 1500m 2100m VOR DME BANDAR LENGEH 08 26 510'(444') 510'(444') 1500m 2100m 510'(444') 450'(375') 1500m 1700m VOR DME 450'(375') 450'(375') 1500m 1700m 450'(375') NDB 1960'(1894') 50",d86b5b5e262a775f8e91d28a403f4b163992dbdd1733ca28e1ba6e46ce8a7ab6
120,OIBL,,APP,APP,13-1,VOR DME RWY 08,MATCH,independently_consistent,True,False,True,AWAITING_INDIVIDUAL_VISUAL_VERIFICATION,,images/pages_0001_0400/0120.jpg,"MISSED APCH: BRIEFING STRIP TM BANDAR LENGEH, IRAN BANDAR LENGEH 13-1 VOR Final Apch Crs 079^ MDA(H) 510'(444') Minimum Alt LEN 114.8 *BANDAR LENGEH Information VOR DME Rwy 08 D7.0 1900'(1834') Climb on R-259 to overhead VOR, then turn RIGHT to rejoin holding at 3000'. 10 26-40 O",d86b5b5e262a775f8e91d28a403f4b163992dbdd1733ca28e1ba6e46ce8a7ab6
121,OIBL,,APP,APP,13-2,VOR DME RWY 26,MATCH,independently_consistent,True,False,True,AWAITING_INDIVIDUAL_VISUAL_VERIFICATION,,images/pages_0001_0400/0121.jpg,"1000 MISSED APCH: BRIEFING STRIP TM BANDAR LENGEH, IRAN BANDAR LENGEH 13-2 VOR Final Apch Crs 255^ MDA(H) 450'(375') Minimum Alt LEN 114.8 *BANDAR LENGEH Information VOR DME Rwy 26 D3.0 1400'(1325') 26-40 10 OIBL/BDH 28 JUL 17 Turn LEFT and climb on R-075 to rejoin holding at 300",d86b5b5e262a775f8e91d28a403f4b163992dbdd1733ca28e1ba6e46ce8a7ab6
122,OIBL,,APP,APP,13-3,VOR RWY 26,MATCH,independently_consistent,True,False,True,AWAITING_INDIVIDUAL_VISUAL_VERIFICATION,,images/pages_0001_0400/0122.jpg,"1 0 0 0 MISSED APCH: BRIEFING STRIP TM 10 BANDAR LENGEH, IRAN BANDAR LENGEH VOR Rwy 26 13-3 VOR Final Apch Crs 260^ MDA(H) 500' (425') No FAF LEN 114.8 26-40 *BANDAR LENGEH Information Climb on R-250 to 2000', then turn LEFT and rejoin holding at 3500'. OIBL/BDH JEPPESEN 30 NOV 1",d86b5b5e262a775f8e91d28a403f4b163992dbdd1733ca28e1ba6e46ce8a7ab6
123,OIBL,OIBL,APP,APP,16-1,NDB RWY 08 CAT C & D,MATCH,independently_consistent,True,False,True,AWAITING_INDIVIDUAL_VISUAL_VERIFICATION,,images/pages_0001_0400/0123.jpg,"1 0 0 0 1 0 0 0 OIBL/BDH BANDAR LENGEH 16-1 BANDAR LENGEH, IRAN NDB Rwy 08 *BANDAR LENGEH Information MISSED APCH: BRIEFING STRIP TM JEPPESEN 20 26-40 NDB LEN 408 Final Apch Crs 081^ MDA(H) No FAF 1960'(1894') 30 NOV 18 CAT C & D 180^ 270^ 090^ MSA LEN NDB Climb on 081^ to 2500',",d86b5b5e262a775f8e91d28a403f4b163992dbdd1733ca28e1ba6e46ce8a7ab6
124,OIBL,OIBL,APP,APP,16-2,NDB RWY 26,MATCH,independently_consistent,True,False,True,AWAITING_INDIVIDUAL_VISUAL_VERIFICATION,,images/pages_0001_0400/0124.jpg,"1000 OIBL/BDH BANDAR LENGEH 16-2 BANDAR LENGEH, IRAN NDB Rwy 26 MISSED APCH: BRIEFING STRIP TM JEPPESEN NDB LEN 408 Final Apch Crs 253^ MDA(H) No FAF 10 26-40 550'(475') 180^ 270^ 090^ MSA LEN NDB Climb on 245^ to CAT A&B: 1800'; CAT C&D: 2000', then turn LEFT to rejoin holding a",d86b5b5e262a775f8e91d28a403f4b163992dbdd1733ca28e1ba6e46ce8a7ab6
125,OIBL,OIBL,APP,APP,16-3,APPROACH 16-3,MATCH,independently_consistent,True,False,True,AWAITING_INDIVIDUAL_VISUAL_VERIFICATION,,images/pages_0001_0400/0125.jpg,"1000 OIBL/BDH BANDAR LENGEH 16-3 BANDAR LENGEH, IRAN MISSED APCH: BRIEFING STRIP TM JEPPESEN NDB LEN 408 Final Apch Crs 081^ MDA(H) No FAF 1960'(1885') CIRCLING NDB CAT A & B Climb on 081^ to 2500', then turn RIGHT to rejoin holding at 3000'. 180^ 270^ 090^ MSA LEN NDB 10 26-40 A",d86b5b5e262a775f8e91d28a403f4b163992dbdd1733ca28e1ba6e46ce8a7ab6
126,OIBP,OIBP,AIRPORT,AIRPORT,,AIRPORT INFORMATION,MATCH,independently_consistent,True,False,True,AWAITING_INDIVIDUAL_VISUAL_VERIFICATION,,images/pages_0001_0400/0126.jpg,"General Information Location: PARS SPECIAL ENERGY ECON IRN ICAO/IATA: OIBP / PGU Lat/Long: N27° 22.8', E052° 44.3' Elevation: 22 ft Airport Use: Public Daylight Savings: Not Observed UTC Conversion: -3:30 = UTC Magnetic Variation: 3.0° E General Information Location: PARS SPECIAL",d86b5b5e262a775f8e91d28a403f4b163992dbdd1733ca28e1ba6e46ce8a7ab6
127,OIBP,,STAR,STAR,10-2,"KUPTO 1N, KUPTO 1Q, LAMERD 1Q, LAMERD 1R, LAMERD 1S",MATCH,independently_consistent,True,False,True,AWAITING_INDIVIDUAL_VISUAL_VERIFICATION,,images/pages_0001_0400/0127.jpg,"AM M Alt Set: hPa Trans level: By ATC Actual descent clearance will be as directed by ATC. Apt Elev 126.6 *ATIS 22 .STAR. 95 53-30 STAR KUPTO 1N KUPTO 1Q LAMERD 1Q LAMERD 1R LAMERD 1S RWY 31 31 13, 31 13, 31 ROUTING On LAM R202 to D21.0 PRG. On LAM R266 to PRG VOR. On LAM R266 to",d86b5b5e262a775f8e91d28a403f4b163992dbdd1733ca28e1ba6e46ce8a7ab6
128,OIBP,OIBP,STAR,STAR,10-2A,"KUPTO 1T, LAMERD 1T",MATCH,independently_consistent,True,False,True,AWAITING_INDIVIDUAL_VISUAL_VERIFICATION,,images/pages_0001_0400/0128.jpg,"KUPTO 87^ Apt Elev Actual descent clearance will be as directed by ATC. 126.6 *ATIS 22 Alt Set: hPa Trans level: By ATC .STAR. JEPPESEN OIBP/PGU PERSIAN GULF 10-2A PARS SPECIAL EE ZONE, IRAN 22 JUL 22 28-30 ARRIVALS (ALL RWYS) KUPTO 1T [KUPT1T] LAMERD 1T [LAM1T] 6000 4000 Printed",d86b5b5e262a775f8e91d28a403f4b163992dbdd1733ca28e1ba6e46ce8a7ab6
129,OIBP,OIBP,SID,SID,10-3,"KATAG 1K, KATAG 1L",MATCH,independently_consistent,True,False,True,AWAITING_INDIVIDUAL_VISUAL_VERIFICATION,,images/pages_0001_0400/0129.jpg,"KATAG Apt Elev 22 Trans alt: 7000 10-3 .SID. JEPPESEN OIBP/PGU PARS SPECIAL EE ZONE, IRAN PERSIAN GULF 25 18 SEP 26 .Eff.1.Oct. DEPARTURES (ALL RWYS) KATAG 1K [KATA1K] KATAG 1L [KATA1L] NOT TO SCALE Printed from JeppView for Windows 5.3.0.0 on 09 Oct 2026; Terminal chart data cyc",d86b5b5e262a775f8e91d28a403f4b163992dbdd1733ca28e1ba6e46ce8a7ab6
130,OIBP,OIBP,SID,SID,10-3A,"KATAG 1H, KATAG 1J, KATAG 1M",MATCH,independently_consistent,True,False,True,AWAITING_INDIVIDUAL_VISUAL_VERIFICATION,,images/pages_0001_0400/0130.jpg,"P RG V OR KATAG Apt Elev 22 Trans alt: 7000 .SID. JEPPESEN PERSIAN GULF OIBP/PGU 10-3A PARS SPECIAL EE ZONE, IRAN 25 18 SEP 26 .Eff.1.Oct. NOT TO SCALE KATAG 1H [KATA1H] KATAG 1J [KATA1J] KATAG 1M [KATA1M] DEPARTURES (ALL RWYS) Printed from JeppView for Windows 5.3.0.0 on 09 Oct ",d86b5b5e262a775f8e91d28a403f4b163992dbdd1733ca28e1ba6e46ce8a7ab6
131,OIBP,OIBP,AIRPORT,AIRPORT,10-9,Airport Diagram Chart (ADC),MATCH,independently_consistent,True,False,True,AWAITING_INDIVIDUAL_VISUAL_VERIFICATION,,images/pages_0001_0400/0131.jpg,"Elev 12' Apt Elev 22' PERSIAN GULF 10-9 13 126^ 394' Stopway 120m NDB N27 22.8 E052 44.3 03^E C B E A Control Tower JEPPESEN OIBP/PGU *PERSIAN GULF Tower (GND) *PERSIAN GULF Tower 27-23 27-23 27-24 27-24 52-43 52-44 52-45 121.725 118.125 126.6 *ATIS PARS SPECIAL EE ZONE, IRAN 13 ",d86b5b5e262a775f8e91d28a403f4b163992dbdd1733ca28e1ba6e46ce8a7ab6
132,OIBP,,APP,APP,11-1,ILS Z OR LOC Z RWY 31,MATCH,independently_consistent,True,False,True,AWAITING_INDIVIDUAL_VISUAL_VERIFICATION,,images/pages_0001_0400/0132.jpg,300^ MISSED APCH: BRIEFING STRIP TM PERSIAN GULF 11-1 LOC IPRG 110.3 Final Apch Crs 307^ 3300'(3278') 244'(222') Apt Elev 22' Alt Set: hPa Rwy Elev: 1 hPa Trans alt: 7000' 10 D10.5 IPRG DA(H) ILS PERSIAN GULF 112.1 PRG DP R G D0.7 IPRG JEPPESEN *PERSIAN GULF Tower *Ground Trans l,d86b5b5e262a775f8e91d28a403f4b163992dbdd1733ca28e1ba6e46ce8a7ab6
133,OIBP,,APP,APP,11-2,ILS Y OR LOC Y RWY 31,MATCH,independently_consistent,True,False,True,AWAITING_INDIVIDUAL_VISUAL_VERIFICATION,,images/pages_0001_0400/0133.jpg,MISSED APCH: BRIEFING STRIP TM PERSIAN GULF 11-2 Alt Set: hPa Rwy Elev: 1 hPa Trans alt: 7000' 10 1 117^ 2 280^ LOC IPRG 110.3 Final Apch Crs 307^ 3210'(3188') 244'(222') D10.0 IPRG DA(H) ILS D5.0 PERSIAN GULF 112.1 PRG DP R G D0.7 IPRG JEPPESEN *PERSIAN GULF Tower *Ground Trans ,d86b5b5e262a775f8e91d28a403f4b163992dbdd1733ca28e1ba6e46ce8a7ab6
134,OIBP,,APP,APP,13-1,VOR Z RWY 31,MATCH,independently_consistent,True,False,True,AWAITING_INDIVIDUAL_VISUAL_VERIFICATION,,images/pages_0001_0400/0134.jpg,PERSIAN GULF 112.1 PRG P R G D 300^ MISSED APCH: BRIEFING STRIP TM PERSIAN GULF 13-1 VOR PRG 112.1 Final Apch Crs 307^ D7.0 2200'(2178') 600'(578') Alt Set: hPa Apt Elev: 1 hPa Trans alt: 7000' 10 JEPPESEN *PERSIAN GULF Tower *Ground Trans level: By ATC OIBP/PGU Apt Elev 22' 280^,d86b5b5e262a775f8e91d28a403f4b163992dbdd1733ca28e1ba6e46ce8a7ab6
135,OIBP,,APP,APP,13-2,VOR Y RWY 31,MATCH,independently_consistent,True,False,True,AWAITING_INDIVIDUAL_VISUAL_VERIFICATION,,images/pages_0001_0400/0135.jpg,MISSED APCH: BRIEFING STRIP TM PERSIAN GULF 13-2 VOR PRG 112.1 Final Apch Crs 307^ D7.0 2200'(2178') 600'(578') Alt Set: hPa Apt Elev: 1 hPa Trans alt: 7000' 10 PERSIAN GULF 112.1 PRG P R G D 300^ OIBP/PGU JEPPESEN Trans level: By ATC *PERSIAN GULF Tower *Ground 280^ 150^ MSA PRG,d86b5b5e262a775f8e91d28a403f4b163992dbdd1733ca28e1ba6e46ce8a7ab6
136,OIBP,,APP,APP,13-3,CHART PAGE 107,MATCH,independently_consistent,True,False,True,AWAITING_INDIVIDUAL_VISUAL_VERIFICATION,,images/pages_0001_0400/0136.jpg,MISSED APCH: BRIEFING STRIP TM PERSIAN GULF 13-3 VOR PRG 112.1 Final Apch Crs 307^ D6.0 2000'(1978') MDA(H) Alt Set: hPa Apt Elev: 1 hPa Trans alt: 7000' 10 PERSIAN GULF 112.1 PRG P R G D 117^ 280^ JEPPESEN *PERSIAN GULF Tower *Ground Trans level: By ATC OIBP/PGU Apt Elev 22' 280,d86b5b5e262a775f8e91d28a403f4b163992dbdd1733ca28e1ba6e46ce8a7ab6
137,OIBP,,APP,APP,13-4,CHART PAGE 108,MATCH,independently_consistent,True,False,True,AWAITING_INDIVIDUAL_VISUAL_VERIFICATION,,images/pages_0001_0400/0137.jpg,OI(R)-18 (IAF) D21.0 120^ 300 120^ MISSED APCH: BRIEFING STRIP TM PERSIAN GULF 13-4 VOR PRG 112.1 Final Apch Crs 120^ D9.0 2600'(2578') MDA(H) Alt Set: hPa Apt Elev: 1 hPa Trans alt: 7000' 10 OIBP/PGU JEPPESEN Trans level: By ATC *PERSIAN GULF Tower *Ground 280^ 150^ MSA PRG VOR ,d86b5b5e262a775f8e91d28a403f4b163992dbdd1733ca28e1ba6e46ce8a7ab6
138,OIBP,,APP,APP,13-5,CHART PAGE 109,MATCH,independently_consistent,True,False,True,AWAITING_INDIVIDUAL_VISUAL_VERIFICATION,,images/pages_0001_0400/0138.jpg,OI(R)-18 MISSED APCH: BRIEFING STRIP TM PERSIAN GULF 13-5 VOR PRG 112.1 Final Apch Crs 115^ D8.0 2300'(2278') MDA(H) Alt Set: hPa Apt Elev: 1 hPa Trans alt: 7000' 10 115^ Initial approach restricted to MAX 185 KT. JEPPESEN *PERSIAN GULF Tower *Ground OIBP/PGU Trans level: By ATC ,d86b5b5e262a775f8e91d28a403f4b163992dbdd1733ca28e1ba6e46ce8a7ab6
139,OIBP,OIBP,APP,APP,16-1,NDB RWY 13,MATCH,independently_consistent,True,False,True,AWAITING_INDIVIDUAL_VISUAL_VERIFICATION,,images/pages_0001_0400/0139.jpg,OI(R)-18 MISSED APCH: BRIEFING STRIP TM PERSIAN GULF 16-1 NDB PRG 117^ 440'(428') Alt Set: hPa Rwy Elev: 0 hPa Trans alt: 7000' NDB Rwy 13 457 No FAF Final Apch Crs OIBP/PGU JEPPESEN *PERSIAN GULF Tower *Ground Trans level: By ATC 280^ 150^ MSA PRG NDB Apt Elev 22' Rwy 12' 118.12,d86b5b5e262a775f8e91d28a403f4b163992dbdd1733ca28e1ba6e46ce8a7ab6
140,OIBP,,APP,APP,16-2,NDB RWY 31,MATCH,independently_consistent,True,False,True,AWAITING_INDIVIDUAL_VISUAL_VERIFICATION,,images/pages_0001_0400/0140.jpg,MISSED APCH: BRIEFING STRIP TM PERSIAN GULF 16-2 NDB PRG Final Apch Crs 311^ 700'(678') Alt Set: hPa Apt Elev: 1 hPa Trans alt: 7000' 10 NDB Rwy 31 457 No FAF 131^ 311^ Initial approach restricted to MAX 185 KT. OIBP/PGU JEPPESEN *PERSIAN GULF Tower *Ground Trans level: By ATC Ap,d86b5b5e262a775f8e91d28a403f4b163992dbdd1733ca28e1ba6e46ce8a7ab6
141,OIBQ,OIBQ,AIRPORT,AIRPORT,,AIRPORT INFORMATION,MATCH,independently_consistent,True,False,True,AWAITING_INDIVIDUAL_VISUAL_VERIFICATION,,images/pages_0001_0400/0141.jpg,"General Information Location: KHARK ISLAND IRN ICAO/IATA: OIBQ / KHK Lat/Long: N29° 15.6', E050° 19.4' Elevation: 29 ft Airport Use: Public Daylight Savings: Not Observed UTC Conversion: -3:30 = UTC Magnetic Variation: 3.0° E General Information Location: KHARK ISLAND IRN ICAO/IA",d86b5b5e262a775f8e91d28a403f4b163992dbdd1733ca28e1ba6e46ce8a7ab6
142,OIBQ,OIBQ,STAR,STAR,10-2,"IBKUG 1A, IBKUG 1B, IBKUG 1C",MATCH,independently_consistent,True,False,True,AWAITING_INDIVIDUAL_VISUAL_VERIFICATION,,images/pages_0001_0400/0142.jpg,"Apt Elev 29' OIBQ/KHK 10-2 .STAR. KHARK ISLAND, IRAN KHARK JEPPESEN 29 OCT 21 IBKUG 1A [IBKU1A], IBKUG 1B [IBKU1B] IBKUG 1C [IBKU1C] BUSHEHR 1B (BUZ 1B) [BUZ1B] BUSHEHR 1A (BUZ 1A) [BUZ1A] BUSHEHR 1C (BUZ 1C) [BUZ1C] .Eff.4.Nov. Alt Set: hPa Trans level: By ATC Trans alt: 5000' A",d86b5b5e262a775f8e91d28a403f4b163992dbdd1733ca28e1ba6e46ce8a7ab6
143,OIBQ,OIBQ,STAR,STAR,10-2A,"IVERA 1A, IVERA 1C",MATCH,independently_consistent,True,False,True,AWAITING_INDIVIDUAL_VISUAL_VERIFICATION,,images/pages_0001_0400/0143.jpg,"Apt Elev 29' OIBQ/KHK .STAR. KHARK ISLAND, IRAN KHARK JEPPESEN 10-2A IVERA UNUSABLE WHEN OI(C)-17 ACTIVE 29 OCT 21 IVERA 1A [IVER1A], IVERA 1C [IVER1C] .Eff.4.Nov. Alt Set: hPa Trans level: By ATC Trans alt: 5000' ARRIVALS (RWYS 13, 31) MSA KHG VOR 3000 Printed from JeppView for ",d86b5b5e262a775f8e91d28a403f4b163992dbdd1733ca28e1ba6e46ce8a7ab6
144,OIBQ,OIBQ,STAR,STAR,10-2B,"SESMA 1G, SESMA 1H, SESMA 1J",MATCH,independently_consistent,True,False,True,AWAITING_INDIVIDUAL_VISUAL_VERIFICATION,,images/pages_0001_0400/0144.jpg,"SESMA Apt Elev 29' OIBQ/KHK .STAR. KHARK ISLAND, IRAN KHARK JEPPESEN 242^ 2 258^ 10-2B 29 OCT 21 SESMA 1G [SESM1G], SESMA 1H [SESM1H] .Eff.4.Nov. Alt Set: hPa Trans level: By ATC Trans alt: 5000' SESMA 1J [SESM1J] ARRIVALS (RWYS 13, 31) MSA KHG VOR 3000 Printed from JeppView for ",d86b5b5e262a775f8e91d28a403f4b163992dbdd1733ca28e1ba6e46ce8a7ab6
145,OIBQ,OIBQ,STAR,STAR,10-2C,"BUSHEHR 1E, IBKUG 1E, SESMA 1K",MATCH,independently_consistent,True,False,True,AWAITING_INDIVIDUAL_VISUAL_VERIFICATION,,images/pages_0001_0400/0145.jpg,"Apt Elev 29' OIBQ/KHK .STAR. KHARK ISLAND, IRAN KHARK JEPPESEN SESMA 10-2C 242^ 1 STAR penetrates area OI(C)-17. 1 29 OCT 21 BUSHEHR 1E [BUZ1E], IBKUG 1E [IBKU1E] SESMA 1K [SESM1K] .Eff.4.Nov. Alt Set: hPa Trans level: By ATC Trans alt: 5000' ARRIVALS (RWYS 13, 31) MSA KHG NDB 30",d86b5b5e262a775f8e91d28a403f4b163992dbdd1733ca28e1ba6e46ce8a7ab6
146,OIBQ,OIBQ,SID,SID,10-3,"IVERA 2A, IVERA 2B, IBKUG 1A, IBKUG 1B",MATCH,independently_consistent,True,False,True,AWAITING_INDIVIDUAL_VISUAL_VERIFICATION,,images/pages_0001_0400/0146.jpg,"Apt Elev 29' OIBQ/KHK 10-3 KHARK ISLAND, IRAN KHARK .SID. JEPPESEN Trans level: By ATC Trans alt: 5000' IVERA 29 OCT 21 IBKUG 1A [IBKU1A], IBKUG 1B [IBKU1B] IVERA 2A [IVER2A], IVERA 2B [IVER2B] BUSHEHR 1A (BUZ 1A) [BUZ1A] BUSHEHR 1B (BUZ 1B) [BUZ1B] DEPARTURES .Eff.4.Nov. (ALL RW",d86b5b5e262a775f8e91d28a403f4b163992dbdd1733ca28e1ba6e46ce8a7ab6
147,OIBQ,OIBQ,SID,SID,10-3A,"SESMA 1G, SESMA 1H",MATCH,independently_consistent,True,False,True,AWAITING_INDIVIDUAL_VISUAL_VERIFICATION,,images/pages_0001_0400/0147.jpg,"Apt Elev 29' OIBQ/KHK KHARK ISLAND, IRAN KHARK .SID. JEPPESEN Trans level: By ATC Trans alt: 5000' SESMA 10-3A 29 OCT 21 SESMA 1G [SESM1G], SESMA 1H [SESM1H] DEPARTURES .Eff.4.Nov. (ALL RWYS) MSA KHG VOR 3000 Printed from JeppView for Windows 5.3.0.0 on 09 Oct 2026; Terminal char",d86b5b5e262a775f8e91d28a403f4b163992dbdd1733ca28e1ba6e46ce8a7ab6
148,OIBQ,OIBQ,SID,SID,10-3B,"IVERA 1D, IVERA 1E, IBKUG 1D, IBKUG 1E, BUSHEHR 1E, BUSHEHR 1F",MATCH,independently_consistent,True,False,True,AWAITING_INDIVIDUAL_VISUAL_VERIFICATION,,images/pages_0001_0400/0148.jpg,"Apt Elev 29' OIBQ/KHK KHARK ISLAND, IRAN KHARK .SID. JEPPESEN Trans level: By ATC Trans alt: 5000' IVERA 10-3B 29 OCT 21 BUSHEHR 1E [BUZ1E], BUSHEHR 1F [BUZ1F] IBKUG 1D [IBKU1D], IBKUG 1E [IBKU1E] IVERA 1D [IVER1D], IVERA 1E [IVER1E] DEPARTURES .Eff.4.Nov. (ALL RWYS) MSA KHG NDB ",d86b5b5e262a775f8e91d28a403f4b163992dbdd1733ca28e1ba6e46ce8a7ab6
149,OIBQ,OIBQ,SID,SID,10-3C,"SESMA 1E, SESMA 1F",MATCH,independently_consistent,True,False,True,AWAITING_INDIVIDUAL_VISUAL_VERIFICATION,,images/pages_0001_0400/0149.jpg,"Apt Elev 29' OIBQ/KHK KHARK ISLAND, IRAN KHARK .SID. JEPPESEN Trans level: By ATC Trans alt: 5000' 10-3C 29 OCT 21 SESMA 1E [SESM1E], SESMA 1F [SESM1F] DEPARTURES .Eff.4.Nov. (ALL RWYS) MSA KHG NDB 3000 Printed from JeppView for Windows 5.3.0.0 on 09 Oct 2026; Terminal chart data",d86b5b5e262a775f8e91d28a403f4b163992dbdd1733ca28e1ba6e46ce8a7ab6
150,OIBQ,,AIRPORT,AIRPORT,10-9,Airport Diagram Chart (ADC),MATCH,independently_consistent,True,False,True,AWAITING_INDIVIDUAL_VISUAL_VERIFICATION,,images/pages_0001_0400/0150.jpg,"Apt Elev 132^ 03^E VOR 29-16 29-16 50-19 50-20 JEPPESEN Elev 21' MET 5 NOV 21 *Ground 122.1X 121.650X 10-9 KHARK ISLAND, IRAN 29' KHARK N29 15.6 E050 19.4 13 765 OIBQ/KHK *KHARK Information (AFIS) Printed from JeppView for Windows 5.3.0.0 on 09 Oct 2026; Terminal chart data cycle",d86b5b5e262a775f8e91d28a403f4b163992dbdd1733ca28e1ba6e46ce8a7ab6
151,OIBQ,OIBQ,APP,APP,13-1,VOR RWY 13,MATCH,independently_consistent,True,False,True,AWAITING_INDIVIDUAL_VISUAL_VERIFICATION,,images/pages_0001_0400/0151.jpg,"AREA CHARTED LIES WITHIN OI(R)-37 MISSED APCH: BRIEFING STRIP TM 13-1 KHARK ISLAND, IRAN KHARK VOR Rwy 13 OIBQ/KHK MSA KHG VOR Climb on R-135 to 1700', then turn LEFT to rejoin holding at 3000'. Alt Set: hPa Rwy Elev: 1 hPa Trans alt: 5000' VOR KHG 113.4 135^ No FAF 600'(579') Fi",d86b5b5e262a775f8e91d28a403f4b163992dbdd1733ca28e1ba6e46ce8a7ab6
152,OIBQ,OIBQ,APP,APP,13-2,VOR RWY 13 CAT A & B,MATCH,independently_consistent,True,False,True,AWAITING_INDIVIDUAL_VISUAL_VERIFICATION,,images/pages_0001_0400/0152.jpg,"AREA CHARTED LIES WITHIN OI(R)-37 MISSED APCH: BRIEFING STRIP TM 13-2 KHARK ISLAND, IRAN KHARK VOR Rwy 13 OIBQ/KHK MSA KHG VOR Climb on R-135 to 1700', then turn LEFT to rejoin holding at 3000'. Alt Set: hPa Rwy Elev: 1 hPa Trans alt: 5000' VOR KHG 113.4 135^ No FAF MDA(H) 600'(5",d86b5b5e262a775f8e91d28a403f4b163992dbdd1733ca28e1ba6e46ce8a7ab6
153,OIBQ,,APP,APP,13-3,APPROACH 13-3,MATCH,independently_consistent,True,False,True,AWAITING_INDIVIDUAL_VISUAL_VERIFICATION,,images/pages_0001_0400/0153.jpg,"OI(R)-37 OI(C)-17 230^ 050^ D15.0 (IAF) BRIEFING STRIP TM 113.4 D5.0 1200'(1171') MISSED APCH: VOR KHG Final Apch Crs 312^ 500'(471') Apt Elev: 1 hPa 1. CAUTION: Burning gas, mast, antenna and water tanks with different heights exist around the Climb STRAIGHT AHEAD to VOR, then t",d86b5b5e262a775f8e91d28a403f4b163992dbdd1733ca28e1ba6e46ce8a7ab6
154,OIBQ,OIBQ,APP,APP,13-4,APPROACH 13-4,MATCH,independently_consistent,True,False,True,AWAITING_INDIVIDUAL_VISUAL_VERIFICATION,,images/pages_0001_0400/0154.jpg,"MISSED APCH: Apt Elev: 1 hPa 113.4 D5.0 1200'(1171') VOR KHG Final Apch Crs 312^ 500'(471') Climb STRAIGHT AHEAD via VOR on R-312 to 1700', then turn RIGHT to rejoin holding at 3000'. OIBQ/KHK 29-20 10 BRIEFING STRIP TM JEPPESEN 1. CAUTION: Burning gas, mast, antenna and water ta",d86b5b5e262a775f8e91d28a403f4b163992dbdd1733ca28e1ba6e46ce8a7ab6
155,OIBQ,OIBQ,APP,APP,13-5,APPROACH 13-5,MATCH,independently_consistent,True,False,True,AWAITING_INDIVIDUAL_VISUAL_VERIFICATION,,images/pages_0001_0400/0155.jpg,"MISSED APCH: Apt Elev: 1 hPa 113.4 D5.0 1200'(1171') VOR KHG Final Apch Crs 312^ MDA(H) 500'(471') Climb STRAIGHT AHEAD via VOR on R-312 to 1700', then turn RIGHT to rejoin holding at 3000'. OIBQ/KHK 29-20 10 BRIEFING STRIP TM JEPPESEN 1. CAUTION: Burning gas, mast, antenna and w",d86b5b5e262a775f8e91d28a403f4b163992dbdd1733ca28e1ba6e46ce8a7ab6
156,OIBQ,OIBQ,APP,APP,13-6,VOR RWY 31,MATCH,independently_consistent,True,False,True,AWAITING_INDIVIDUAL_VISUAL_VERIFICATION,,images/pages_0001_0400/0156.jpg,"AREA CHARTED LIES WITHIN OI(R)-37 MISSED APCH: BRIEFING STRIP TM 13-6 KHARK ISLAND, IRAN KHARK VOR Rwy 31 OIBQ/KHK MSA KHG VOR Climb on R-312 to 1700', then turn LEFT to rejoin holding at 3000'. Alt Set: hPa Apt Elev: 1 hPa Trans alt: 5000' 1. CAUTION: Burning gas, mast, antenna ",d86b5b5e262a775f8e91d28a403f4b163992dbdd1733ca28e1ba6e46ce8a7ab6
157,OIBQ,OIBQ,APP,APP,13-7,VOR RWY 31 CAT A & B,MATCH,independently_consistent,True,False,True,AWAITING_INDIVIDUAL_VISUAL_VERIFICATION,,images/pages_0001_0400/0157.jpg,"AREA CHARTED LIES WITHIN OI(R)-37 MISSED APCH: BRIEFING STRIP TM 13-7 KHARK ISLAND, IRAN KHARK VOR Rwy 31 OIBQ/KHK MSA KHG VOR Climb on R-312 to 1700', then turn LEFT to rejoin holding at 3000'. Alt Set: hPa Apt Elev: 1 hPa Trans alt: 5000' 1. CAUTION: Burning gas, mast, antenna ",d86b5b5e262a775f8e91d28a403f4b163992dbdd1733ca28e1ba6e46ce8a7ab6
158,OIBQ,OIBQ,APP,APP,13-8,APPROACH 13-8,MATCH,independently_consistent,True,False,True,AWAITING_INDIVIDUAL_VISUAL_VERIFICATION,,images/pages_0001_0400/0158.jpg,"OI(C)-17 MISSED APCH: VOR KHG Final Apch Crs 133^ MDA(H) Apt Elev: 1 hPa 10 rejoin holding at 3000'. BRIEFING STRIP TM 113.4 133^ D15.0 (IAF) D5.0 1500'(1471') Climb STRAIGHT AHEAD to VOR, then turn LEFT to OIBQ/KHK 29-30 JEPPESEN Refer to Minimums CAT A, B & C Apt Elev 29' MAX 2",d86b5b5e262a775f8e91d28a403f4b163992dbdd1733ca28e1ba6e46ce8a7ab6
159,OIBQ,,APP,APP,13-9,APPROACH 13-9,MATCH,independently_consistent,True,False,True,AWAITING_INDIVIDUAL_VISUAL_VERIFICATION,,images/pages_0001_0400/0159.jpg,"(IF) D5.0 1500'(1471') MISSED APCH: VOR KHG Final Apch Crs 133^ MDA(H) Apt Elev: 1 hPa 10 BRIEFING STRIP TM 113.4 D10.0 CA 1. CAUTION: Burning gas, mast, antenna and water tanks with different heights exist around the then turn LEFT to rejoin holding at 3000'. Climb STRAIGHT AHEA",d86b5b5e262a775f8e91d28a403f4b163992dbdd1733ca28e1ba6e46ce8a7ab6
160,OIBQ,OIBQ,APP,APP,16-1,NDB RWY 13,MATCH,independently_consistent,True,False,True,AWAITING_INDIVIDUAL_VISUAL_VERIFICATION,,images/pages_0001_0400/0160.jpg,"AREA CHARTED LIES MISSED APCH: NDB KHG 325 135^ No FAF 850'(829') Rwy Elev: 1 hPa CAUTION: Burning gas, mast, antenna and water tanks with different heights exist around the aerodrome. 13 090^ OIBQ/KHK Climb on track 135^ to 2000', then turn LEFT to rejoin holding at 3000'. Final",d86b5b5e262a775f8e91d28a403f4b163992dbdd1733ca28e1ba6e46ce8a7ab6
161,OIBQ,OIBQ,APP,APP,16-2,NDB RWY 13 CAT A & B,MATCH,independently_consistent,True,False,True,AWAITING_INDIVIDUAL_VISUAL_VERIFICATION,,images/pages_0001_0400/0161.jpg,"AREA CHARTED LIES MISSED APCH: NDB KHG 325 135^ No FAF 850'(829') Rwy Elev: 1 hPa CAUTION: Burning gas, mast, antenna and water tanks with different heights exist around the aerodrome. 13 270^ 090^ OIBQ/KHK Climb on track 135^ to 2000', then turn LEFT to rejoin holding at 3000'. ",d86b5b5e262a775f8e91d28a403f4b163992dbdd1733ca28e1ba6e46ce8a7ab6
162,OIBQ,OIBQ,APP,APP,16-3,NDB RWY 31,MATCH,independently_consistent,True,False,True,AWAITING_INDIVIDUAL_VISUAL_VERIFICATION,,images/pages_0001_0400/0162.jpg,"MISSED APCH: NDB KHG 325 Final Apch Crs 312^ No FAF 850'(821') Apt Elev: 1 hPa 10 BRIEFING STRIP TM OIBQ/KHK 29-20 Climb on track 312^ to 2000', then turn RIGHT to rejoin holding at 3000'. JEPPESEN 1. CAUTION: Burning gas, mast, antenna and water tanks with different heights exis",d86b5b5e262a775f8e91d28a403f4b163992dbdd1733ca28e1ba6e46ce8a7ab6
163,OIBQ,OIBQ,APP,APP,16-4,NDB RWY 31 CAT A & B,MATCH,independently_consistent,True,False,True,AWAITING_INDIVIDUAL_VISUAL_VERIFICATION,,images/pages_0001_0400/0163.jpg,"MISSED APCH: NDB KHG 325 Final Apch Crs 312^ No FAF 850'(821') Apt Elev: 1 hPa 10 BRIEFING STRIP TM OIBQ/KHK 29-20 Climb on track 312^ to 2000', then turn RIGHT to rejoin holding at 3000'. JEPPESEN 1. CAUTION: Burning gas, mast, antenna and water tanks with different heights exis",d86b5b5e262a775f8e91d28a403f4b163992dbdd1733ca28e1ba6e46ce8a7ab6
164,OIBS,OIBS,AIRPORT,AIRPORT,,AIRPORT INFORMATION,MATCH,independently_consistent,True,False,True,AWAITING_INDIVIDUAL_VISUAL_VERIFICATION,,images/pages_0001_0400/0164.jpg,"General Information Location: SIRRI ISLAND IRN ICAO/IATA: OIBS / SXI Lat/Long: N25° 54.5', E054° 32.5' Elevation: 26 ft Airport Use: Public Daylight Savings: Not Observed UTC Conversion: -3:30 = UTC Magnetic Variation: 2.0° E General Information Location: SIRRI ISLAND IRN ICAO/IA",d86b5b5e262a775f8e91d28a403f4b163992dbdd1733ca28e1ba6e46ce8a7ab6
165,OIBS,OIBS,STAR,STAR,10-2,"KISH 1R, KISH 1S",MATCH,independently_consistent,True,False,True,AWAITING_INDIVIDUAL_VISUAL_VERIFICATION,,images/pages_0001_0400/0165.jpg,"138^ Apt Elev 26' OIBS/SXI 10-2 .STAR. SIRRI SIRRI ISLAND, IRAN JEPPESEN 21 JUN 19 Alt Set: hPa Trans level: FL50 Trans alt: 3000' Actual descent clearance will be as directed by ATC. KISH 1R [KIS1R], KISH 1S [KIS1S] ARRIVALS MSA SIR VOR 3000 117.4 KIS D N26 31.5 E053 57.7 KISH I",d86b5b5e262a775f8e91d28a403f4b163992dbdd1733ca28e1ba6e46ce8a7ab6
166,OIBS,OIBS,STAR,STAR,10-2A,KISH 1T,MATCH,independently_consistent,True,False,True,AWAITING_INDIVIDUAL_VISUAL_VERIFICATION,,images/pages_0001_0400/0166.jpg,"Apt Elev 26' OIBS/SXI .STAR. SIRRI SIRRI ISLAND, IRAN JEPPESEN 10-2A 138^ Alt Set: hPa Trans level: FL50 Trans alt: 3000' Actual descent clearance will be as directed by ATC. 21 JUN 19 KISH 1T [KIS1T] ARRIVAL (RWYS 12, 30) MSA SIR NDB 3000 117.4 KIS D N26 31.5 E053 57.7 KISH ISLA",d86b5b5e262a775f8e91d28a403f4b163992dbdd1733ca28e1ba6e46ce8a7ab6
167,OIBS,OIBS,SID,SID,10-3,"KISH 1A, KISH 1B",MATCH,independently_consistent,True,False,True,AWAITING_INDIVIDUAL_VISUAL_VERIFICATION,,images/pages_0001_0400/0167.jpg,".SID. Apt Elev 26' OIBS/SXI 10-3 SIRRI SIRRI ISLAND, IRAN Trans level: FL50 Trans alt: 3000' JEPPESEN 21 JUN 19 KISH 1A [KIS1A] KISH 1B [KIS1B] DEPARTURES MSA SIR VOR 3000 KISH ISLAND KIS Printed from JeppView for Windows 5.3.0.0 on 09 Oct 2026; Terminal chart data cycle 21-2026;",d86b5b5e262a775f8e91d28a403f4b163992dbdd1733ca28e1ba6e46ce8a7ab6
168,OIBS,OIBS,SID,SID,10-3A,"KISH 1C, KISH 1D",MATCH,independently_consistent,True,False,True,AWAITING_INDIVIDUAL_VISUAL_VERIFICATION,,images/pages_0001_0400/0168.jpg,".SID. Apt Elev 26' OIBS/SXI SIRRI SIRRI ISLAND, IRAN Trans level: FL50 Trans alt: 3000' JEPPESEN 21 JUN 19 10-3A KISH 1C [KIS1C] KISH 1D [KIS1D] DEPARTURES MSA SIR NDB 3000 KISH ISLAND KIS Printed from JeppView for Windows 5.3.0.0 on 09 Oct 2026; Terminal chart data cycle 21-2026",d86b5b5e262a775f8e91d28a403f4b163992dbdd1733ca28e1ba6e46ce8a7ab6
169,OIBS,,AIRPORT,AIRPORT,10-9,Airport Diagram Chart (ADC),MATCH,independently_consistent,True,False,True,AWAITING_INDIVIDUAL_VISUAL_VERIFICATION,,images/pages_0001_0400/0169.jpg,VOR 66m Elev 26' 217' Stopway Apt Elev 10-9 JEPPESEN 4 APR 25 121.725 02^E 135.025 *Ground *SIRRI Information (AFIS) 25-55 25-55 54-32 54-33 .Eff.17.Apr. APT available SR-SS. Out of these times: PPR. Birds in vicinity of Apt. Strolling animals on movement area. 8156' 12 124^ 26' ,d86b5b5e262a775f8e91d28a403f4b163992dbdd1733ca28e1ba6e46ce8a7ab6
170,OIBS,,APP,APP,13-1,VOR DME RWY 12,MATCH,independently_consistent,True,False,True,AWAITING_INDIVIDUAL_VISUAL_VERIFICATION,,images/pages_0001_0400/0170.jpg,"MISSED APCH: SIRRI ISLAND, IRAN 13-1 VOR SIR Final Apch Crs 124^ SIRRI 113.75 VOR DME Rwy 12 138^ 318^ D12.0 (IAF) D ME A rc D5.0 1600'(1574') 10 BRIEFING STRIP TM JEPPESEN OIBS/SXI 650'(624') Apt Elev 26' 3000 121.725 *Ground *SIRRI Information (AFIS) 135.025 DA/MDA(H) to rejoin",d86b5b5e262a775f8e91d28a403f4b163992dbdd1733ca28e1ba6e46ce8a7ab6
171,OIBS,OIBS,APP,APP,13-2,VOR DME RWY 30,MATCH,independently_consistent,True,False,True,AWAITING_INDIVIDUAL_VISUAL_VERIFICATION,,images/pages_0001_0400/0171.jpg,"MISSED APCH: SIRRI ISLAND, IRAN 13-2 VOR SIR Final Apch Crs 306^ SIRRI 113.75 VOR DME Rwy 30 10 BRIEFING STRIP TM 26-00 JEPPESEN OIBS/SXI D6.0 1500'(1499') 650'(649') 135.025 *SIRRI Information (AFIS) 121.725 *Ground 3000 DA/MDA(H) Apt Elev 26' Rwy 1' then turn RIGHT to rejoin ho",d86b5b5e262a775f8e91d28a403f4b163992dbdd1733ca28e1ba6e46ce8a7ab6
172,OIBS,OIBS,APP,APP,16-1,NDB RWY 30,MATCH,independently_consistent,True,False,True,AWAITING_INDIVIDUAL_VISUAL_VERIFICATION,,images/pages_0001_0400/0172.jpg,"MISSED APCH: SIRRI ISLAND, IRAN NDB Rwy 30 16-1 NDB 300 SIR Final Apch Crs 294^ 700'(699') No FAF 10 BRIEFING STRIP TM SIRRI 26-00 JEPPESEN OIBS/SXI 135.025 *SIRRI Information (AFIS) *Ground 121.725 Over NDB climb on track 294^ to 1500', then turn LEFT to rejoin holding at 3000'.",d86b5b5e262a775f8e91d28a403f4b163992dbdd1733ca28e1ba6e46ce8a7ab6
173,OIBV,OIBV,AIRPORT,AIRPORT,,AIRPORT INFORMATION,MATCH,independently_consistent,True,False,True,AWAITING_INDIVIDUAL_VISUAL_VERIFICATION,,images/pages_0001_0400/0173.jpg,"General Information Location: LAVAN ISLAND IRN ICAO/IATA: OIBV / LVP Lat/Long: N26° 48.6', E053° 21.4' Elevation: 45 ft Airport Use: Public Daylight Savings: Not Observed UTC Conversion: -3:30 = UTC Magnetic Variation: 2.0° E General Information Location: LAVAN ISLAND IRN ICAO/IA",d86b5b5e262a775f8e91d28a403f4b163992dbdd1733ca28e1ba6e46ce8a7ab6
174,OIBV,OIBV,STAR,STAR,10-2,"KIS 1V, LAM 1P",MATCH,independently_consistent,True,False,True,AWAITING_INDIVIDUAL_VISUAL_VERIFICATION,,images/pages_0001_0400/0174.jpg,"Apt Elev 45' OIBV/LVP 10-2 .STAR. 1 LAVAN LAVAN ISLAND, IRAN Trans level: FL80 Trans alt: 6000' Alt Set: hPa JEPPESEN 25 SEP 26 .Eff.1.Oct. MSA 180^ 360^ 090^ 270^ LVA VOR 5200 6000 1300 3600 ARRIVALS (RWY 29) 117.0 LAM D LAMERD LAM LAM 1P KIS 1V Printed from JeppView for Windows",d86b5b5e262a775f8e91d28a403f4b163992dbdd1733ca28e1ba6e46ce8a7ab6
175,OIBV,OIBV,SID,SID,10-3,"KIS 1G, KIS 1H, LAM 2A, LAM 2B",MATCH,independently_consistent,True,False,True,AWAITING_INDIVIDUAL_VISUAL_VERIFICATION,,images/pages_0001_0400/0175.jpg,"Apt Elev 45' OIBV/LVP LAVAN LAVAN ISLAND, IRAN Trans level: FL80 Trans alt: 6000' 10-3 .SID. JEPPESEN R16 25 SEP 26 .Eff.1.Oct. MSA 180^ 360^ 090^ 270^ LVA VOR 5200 6000 3600 1300 (RWYS 29, 11) DEPARTURES 117.0 LAM D N27 22.4 E053 11.0 LAMERD LAM KIS 1G KIS 1H LAM 2B LAM 2A Print",d86b5b5e262a775f8e91d28a403f4b163992dbdd1733ca28e1ba6e46ce8a7ab6
176,OIBV,OIBV,AIRPORT,AIRPORT,10-9,Airport Diagram Chart (ADC),MATCH,independently_consistent,True,False,True,AWAITING_INDIVIDUAL_VISUAL_VERIFICATION,,images/pages_0001_0400/0176.jpg,"Apt Elev 10-9 LAVAN ISLAND, IRAN LAVAN N26 48.6 E053 21.4 45' 02^E 122.1 JEPPESEN OIBV/LVP 11 109^ Stopway 200' 61m Elev 44' 26-49 26-49 53-20 53-21 53-22 14 OCT 22 Birds in vicinity of airport. Strolling animals on movement area. *LAVAN Information (AFIS) Printed from JeppView f",d86b5b5e262a775f8e91d28a403f4b163992dbdd1733ca28e1ba6e46ce8a7ab6
177,OIBV,,APP,APP,13-1,VOR RWY 29,MATCH,independently_consistent,True,False,True,AWAITING_INDIVIDUAL_VISUAL_VERIFICATION,,images/pages_0001_0400/0177.jpg,"D15.0 (IAF) MHA 6000 Alt Set: hPa Trans alt: 6000' 090^ 270^ 180^ 360^ Apt Elev: 2 hPa MISSED APCH: BRIEFING STRIP TM 13-1 VOR LVA Final Apch Crs 293^ LAVAN LAVAN ISLAND, IRAN 122.1 116.85 D5.0 1500' 670'(625') 10 (1455') JEPPESEN OIBV/LVP MAX 220 KT Apt Elev 45' 5200 6000 3600 1",d86b5b5e262a775f8e91d28a403f4b163992dbdd1733ca28e1ba6e46ce8a7ab6
178,OIBV,,APP,APP,16-1,NDB RWY 29,MATCH,independently_consistent,True,False,True,AWAITING_INDIVIDUAL_VISUAL_VERIFICATION,,images/pages_0001_0400/0178.jpg,"Alt Set: hPa Trans alt: 6000' 090^ 270^ 180^ 360^ Apt Elev: 2 hPa MISSED APCH: BRIEFING STRIP TM 10 NDB Rwy 29 16-1 NDB 310 LVA Final Apch Crs 290^ 660'(615') Over NDB climb STRAIGHT AHEAD to 1500', then LAVAN LAVAN ISLAND, IRAN No FAF 122.1 JEPPESEN OIBV/LVP Apt Elev 45' 6000 52",d86b5b5e262a775f8e91d28a403f4b163992dbdd1733ca28e1ba6e46ce8a7ab6
179,OICC,OICC,AIRPORT,AIRPORT,,AIRPORT INFORMATION,REVIEW,only_old_index_supports_category,True,False,True,AWAITING_INDIVIDUAL_VISUAL_VERIFICATION,,images/pages_0001_0400/0179.jpg,"General Information Location: KERMANSHAH IRN ICAO/IATA: OICC / KSH Lat/Long: N34° 20.9', E047° 09.4' Elevation: 4307 ft Airport Use: Public Daylight Savings: Not Observed UTC Conversion: -3:30 = UTC Magnetic Variation: 4.0° E Length x Width: 11155 ft x 148 ft Surface Type: asphal",d86b5b5e262a775f8e91d28a403f4b163992dbdd1733ca28e1ba6e46ce8a7ab6
180,OICC,OICC,AIRPORT,AIRPORT,,AIRPORT INFORMATION,REVIEW,only_old_index_supports_category,True,False,True,AWAITING_INDIVIDUAL_VISUAL_VERIFICATION,,images/pages_0001_0400/0180.jpg,"General Information Location: KERMANSHAH IRN ICAO/IATA: OICC / KSH Lat/Long: N34° 20.9', E047° 09.4' Elevation: 4307 ft Airport Use: Public Daylight Savings: Not Observed UTC Conversion: -3:30 = UTC Magnetic Variation: 4.0° E Length x Width: 11155 ft x 148 ft Surface Type: asphal",d86b5b5e262a775f8e91d28a403f4b163992dbdd1733ca28e1ba6e46ce8a7ab6
181,OICC,,STAR,STAR,10-2,"ASRIL 1U, ASRIL 1V, ASRIL 1W",MATCH,independently_consistent,True,False,True,AWAITING_INDIVIDUAL_VISUAL_VERIFICATION,,images/pages_0001_0400/0181.jpg,"hPa escent clearance will be as directed by ATC. ASRIL 2 1 5 10-2 .STAR. JEPPESEN OICC/KSH SHAHID ASHRAFI ESFAHANI KERMANSHAH, IRAN 1U], ASRIL 1V [ASRI1V] 1W [ASRI1W] ARRIVALS ALL RWYS) el: By ATC 50 30 JAN 26 0 143 141 48-00 Printed from JeppView for Windows 5.3.0.0 on 09 Oct 20",d86b5b5e262a775f8e91d28a403f4b163992dbdd1733ca28e1ba6e46ce8a7ab6
182,OICC,OICC,STAR,STAR,10-2A,"BOPEL 1U, BOPEL 1V, BOPEL 1W",MATCH,independently_consistent,True,False,True,AWAITING_INDIVIDUAL_VISUAL_VERIFICATION,,images/pages_0001_0400/0182.jpg,"Apt Elev 126.8 Alt Set: hPa Actual descent clearance will be as directed by ATC. ATIS BOPEL 1 ^ BOPEL 1U [BOPE1U], BOPEL 1V [BOPE1V] BOPEL 1W [BOPE1W] ARRIVALS (ALL RWYS) Trans level: By ATC .STAR. JEPPESEN 10-2A OICC/KSH SHAHID ASHRAFI ESFAHANI KERMANSHAH, IRAN 50 4307 30 JAN 26",d86b5b5e262a775f8e91d28a403f4b163992dbdd1733ca28e1ba6e46ce8a7ab6
183,OICC,OICC,STAR,STAR,10-2B,"BUBAV 1U, BUBAV 1V, BUBAV 1W",MATCH,independently_consistent,True,False,True,AWAITING_INDIVIDUAL_VISUAL_VERIFICATION,,images/pages_0001_0400/0183.jpg,"hPa escent clearance will be as directed by ATC. BUBAV HA 10500 331^ .STAR. JEPPESEN 1W [BUBA1W] 1U], BUBAV 1V [BUBA1V] ARRIVALS ALL RWYS) OICC/KSH SHAHID ASHRAFI ESFAHANI KERMANSHAH, IRAN 10-2B el: By ATC 50 30 JAN 26 48-00 Printed from JeppView for Windows 5.3.0.0 on 09 Oct 202",d86b5b5e262a775f8e91d28a403f4b163992dbdd1733ca28e1ba6e46ce8a7ab6
184,OICC,OICC,STAR,STAR,10-2C,"MOKAB 1U, MOKAB 1V, MOKAB 1W",MATCH,independently_consistent,True,False,True,AWAITING_INDIVIDUAL_VISUAL_VERIFICATION,,images/pages_0001_0400/0184.jpg,"13,500 OICC/KSH .STAR. KERMANSHAH, IRAN SHAHID ASHRAFI ESFAHANI JEPPESEN 10-2C Apt Elev 126.8 Alt Set: hPa Actual descent clearance will be as directed by ATC. MOKAB 1U [MOKA1U], MOKAB 1V [MOKA1V] MOKAB 1W [MOKA1W] ARRIVALS ATIS (ALL RWYS) 4307 Trans level: By ATC 50 30 JAN 26 13",d86b5b5e262a775f8e91d28a403f4b163992dbdd1733ca28e1ba6e46ce8a7ab6
185,OICC,,STAR,STAR,10-2D,"ASRIL 1Y, ASRIL 1Z, BUBAV 1Y, BUBAV 1Z",MATCH,independently_consistent,True,False,True,AWAITING_INDIVIDUAL_VISUAL_VERIFICATION,,images/pages_0001_0400/0185.jpg,"a cent clearance will be as directed by ATC. ASRIL .STAR. JEPPESEN 2 1 LL RWYS) ARRIVALS 1Y], BUBAV 1Z [BUBA1Z] 1Y], ASRIL 1Z [ASRI1Z] : By ATC OICC/KSH SHAHID ASHRAFI ESFAHANI KERMANSHAH, IRAN 10-2D 50 30 JAN 26 20 143 141 48-00 Printed from JeppView for Windows 5.3.0.0 on 09 Oc",d86b5b5e262a775f8e91d28a403f4b163992dbdd1733ca28e1ba6e46ce8a7ab6
186,OICC,OICC,STAR,STAR,10-2E,"BOPEL 1Y, BOPEL 1Z, MOKAB 1Y, MOKAB 1Z",MATCH,independently_consistent,True,False,True,AWAITING_INDIVIDUAL_VISUAL_VERIFICATION,,images/pages_0001_0400/0186.jpg,"Apt Elev 126.8 Alt Set: hPa Actual descent clearance will be as directed by ATC. ATIS BOPEL 204^ 147^ MOKAB 1Y [MOKA1Y], MOKAB 1Z [MOKA1Z] BOPEL 1Y [BOPE1Y], BOPEL 1Z [BOPE1Z] ARRIVALS (ALL RWYS) 4307 Trans level: By ATC .STAR. JEPPESEN 10-2E OICC/KSH SHAHID ASHRAFI ESFAHANI KERM",d86b5b5e262a775f8e91d28a403f4b163992dbdd1733ca28e1ba6e46ce8a7ab6
187,OICC,OICC,SID,SID,10-3,"ASRIL 2A, ASRIL 1B",MATCH,independently_consistent,True,False,True,AWAITING_INDIVIDUAL_VISUAL_VERIFICATION,,images/pages_0001_0400/0187.jpg,"ASRIL 35 40 45 10-3 .SID. JEPPESEN OICC/KSH SHAHID ASHRAFI ESFAHANI KERMANSHAH, IRAN EPARTURES YS 29L, 11R) 2A], ASRIL 1B [ASRI1B] 30 JAN 26 Printed from JeppView for Windows 5.3.0.0 on 09 Oct 2026; Terminal chart data cycle 21-2026; Notice: After 21 Oct 2026, 0000Z, this chart m",d86b5b5e262a775f8e91d28a403f4b163992dbdd1733ca28e1ba6e46ce8a7ab6
188,OICC,OICC,SID,SID,10-3A,"BOPEL 2A, BOPEL 1B",MATCH,independently_consistent,True,False,True,AWAITING_INDIVIDUAL_VISUAL_VERIFICATION,,images/pages_0001_0400/0188.jpg,"Apt Elev 4307 Trans alt: 13000 BOPEL 2A [BOPE2A], BOPEL 1B [BOPE1B] DEPARTURES (RWYS 29L, 11R) .SID. JEPPESEN OICC/KSH SHAHID ASHRAFI ESFAHANI 10-3A KERMANSHAH, IRAN BOPEL 35 40 45 30 JAN 26 12000 10000 8000 6000 Printed from JeppView for Windows 5.3.0.0 on 09 Oct 2026; Terminal ",d86b5b5e262a775f8e91d28a403f4b163992dbdd1733ca28e1ba6e46ce8a7ab6
189,OICC,OICC,SID,SID,10-3B,"BUBAV 2A, BUBAV 1B",MATCH,independently_consistent,True,False,True,AWAITING_INDIVIDUAL_VISUAL_VERIFICATION,,images/pages_0001_0400/0189.jpg,"300^ V OR S M K BUBAV ], BUBAV 1B [BUBA1B] ARTURES 29L, 11R) .SID. JEPPESEN OICC/KSH SHAHID ASHRAFI ESFAHANI KERMANSHAH, IRAN 35 40 45 10-3B 30 JAN 26 20 7-30 CONTOUR INTERVALS 12000 10000 8000 6000 Printed from JeppView for Windows 5.3.0.0 on 09 Oct 2026; Terminal chart data cyc",d86b5b5e262a775f8e91d28a403f4b163992dbdd1733ca28e1ba6e46ce8a7ab6
190,OICC,OICC,SID,SID,10-3C,"MOKAB 2A, MOKAB 1B",MATCH,independently_consistent,True,False,True,AWAITING_INDIVIDUAL_VISUAL_VERIFICATION,,images/pages_0001_0400/0190.jpg,"13,500 Apt Elev Trans alt: 13000 4307 MOKAB 2A [MOKA2A], MOKAB 1B [MOKA1B] DEPARTURES (RWYS 29L, 11R) 35 40 45 .SID. JEPPESEN OICC/KSH SHAHID ASHRAFI ESFAHANI KERMANSHAH, IRAN 10-3C 30 JAN 26 Printed from JeppView for Windows 5.3.0.0 on 09 Oct 2026; Terminal chart data cycle 21-2",d86b5b5e262a775f8e91d28a403f4b163992dbdd1733ca28e1ba6e46ce8a7ab6
191,OICC,OICC,SID,SID,10-3D,"ASRIL 2E, ASRIL 1G",MATCH,independently_consistent,True,False,True,AWAITING_INDIVIDUAL_VISUAL_VERIFICATION,,images/pages_0001_0400/0191.jpg,"B ASRIL 13000 RI2E], ASRIL 1G [ASRI1G] DEPARTURES WYS 29L, 11R) .SID. JEPPESEN 10-3D OICC/KSH SHAHID ASHRAFI ESFAHANI KERMANSHAH, IRAN 35 40 45 30 JAN 26 Printed from JeppView for Windows 5.3.0.0 on 09 Oct 2026; Terminal chart data cycle 21-2026; Notice: After 21 Oct 2026, 0000Z,",d86b5b5e262a775f8e91d28a403f4b163992dbdd1733ca28e1ba6e46ce8a7ab6
192,OICC,OICC,SID,SID,10-3E,"BOPEL 2E, BOPEL 1G",MATCH,independently_consistent,True,False,True,AWAITING_INDIVIDUAL_VISUAL_VERIFICATION,,images/pages_0001_0400/0192.jpg,"BOPEL DEPARTURES (RWYS 29L, 11R) BOPEL 2E [BOPE2E], BOPEL 1G [BOPE1G] Trans alt: 13000 Apt Elev 4307 .SID. JEPPESEN OICC/KSH SHAHID ASHRAFI ESFAHANI 10-3E KERMANSHAH, IRAN 35 40 45 30 JAN 26 Printed from JeppView for Windows 5.3.0.0 on 09 Oct 2026; Terminal chart data cycle 21-20",d86b5b5e262a775f8e91d28a403f4b163992dbdd1733ca28e1ba6e46ce8a7ab6
193,OICC,OICC,SID,SID,10-3F,"BUBAV 2E, BUBAV 1G",MATCH,independently_consistent,True,False,True,AWAITING_INDIVIDUAL_VISUAL_VERIFICATION,,images/pages_0001_0400/0193.jpg,", BUBAV 1G [BUBA1G] 29L, 11R) ARTURES BUBAV .SID. JEPPESEN OICC/KSH SHAHID ASHRAFI ESFAHANI KERMANSHAH, IRAN 10-3F 35 40 45 30 JAN 26 120 CONTOUR INTERVALS 12000 10000 8000 6000 Printed from JeppView for Windows 5.3.0.0 on 09 Oct 2026; Terminal chart data cycle 21-2026; Notice: A",d86b5b5e262a775f8e91d28a403f4b163992dbdd1733ca28e1ba6e46ce8a7ab6
194,OICC,OICC,SID,SID,10-3G,"MOKAB 2E, MOKAB 1G",MATCH,independently_consistent,True,False,True,AWAITING_INDIVIDUAL_VISUAL_VERIFICATION,,images/pages_0001_0400/0194.jpg,"13,500 35 40 45 Apt Elev (RWYS 29L, 11R) DEPARTURES MOKAB 2E [MOKA2E], MOKAB 1G [MOKA1G] 4307 Trans alt: 13000 .SID. JEPPESEN OICC/KSH SHAHID ASHRAFI ESFAHANI 10-3G KERMANSHAH, IRAN 30 JAN 26 Printed from JeppView for Windows 5.3.0.0 on 09 Oct 2026; Terminal chart data cycle 21-2",d86b5b5e262a775f8e91d28a403f4b163992dbdd1733ca28e1ba6e46ce8a7ab6
195,OICC,OICC,AIRPORT,AIRPORT,10-9,Airport Diagram Chart (ADC),MATCH,independently_consistent,True,False,True,AWAITING_INDIVIDUAL_VISUAL_VERIFICATION,,images/pages_0001_0400/0195.jpg,"Apt Elev OICC/KSH KERMANSHAH, IRAN SHAHID ASHRAFI ESFAHANI 10-9 121.9 126.8 A1 MET 04^E JEPPESEN Control Tower 122.450 MILITARY APRON Elev 4306' De-icing Pad A 34-21 34-21 47-08 47-09 47-10 47-11 Elev 4303' ATIS KERMANSHAH Tower 20 FEB 26 FOR DETAILS SEE PARKING STANDS & COORDS B",d86b5b5e262a775f8e91d28a403f4b163992dbdd1733ca28e1ba6e46ce8a7ab6
196,OICC,OICC,AIRPORT,AIRPORT,10-9A,INS COORDINATES,MATCH,independently_consistent,True,False,True,AWAITING_INDIVIDUAL_VISUAL_VERIFICATION,,images/pages_0001_0400/0196.jpg,"OICC/KSH KERMANSHAH, IRAN SHAHID ASHRAFI ESFAHANI JEPPESEN 103 104 105 102 10-9A A1 A RW 101 201 202 De-icing Pad 20 FEB 26 47-08.4 47-08.5 47-08.6 47-08.7 47-08.8 47-08.9 47-09 47-09.1 34-21.4 34-21.3 34-21.2 34-21.4 34-21.3 34-21.2 B1 D B C VIP Pavilon International Terminal Do",d86b5b5e262a775f8e91d28a403f4b163992dbdd1733ca28e1ba6e46ce8a7ab6
197,OICC,,AIRPORT,AIRPORT,10-9S,MINIMUMS,MATCH,independently_consistent,True,False,True,AWAITING_INDIVIDUAL_VISUAL_VERIFICATION,,images/pages_0001_0400/0197.jpg,JEPPESEN .EASA.AIR.OPS. 20 FEB 26 (693') (693') (693') (693') R1500m R1500m R2400m R2400m 5000' 5000' 5000' 5000' 2 R1500m R1500m R2400m R2400m ALS out VOR (251') R1300m 4556' (695') (695') (695') (695') R1500m R1500m R2400m R2400m 5000' 5000' 5000' 5000' 2 R600m R1500m R1500m R2,d86b5b5e262a775f8e91d28a403f4b163992dbdd1733ca28e1ba6e46ce8a7ab6
198,OICC,,AIRPORT,AIRPORT,10-9,Airport Diagram Chart (ADC),MATCH,independently_consistent,True,False,True,AWAITING_INDIVIDUAL_VISUAL_VERIFICATION,,images/pages_0001_0400/0198.jpg,"OI(D)-59 6000 7000 11000 10000 10000 9000 8000 MISSED APCH: KERMANSHAH, IRAN SHAHID ASHRAFI ESFAHANI LOC 111.1 IKMS Final Apch Crs 291^ 6530'(2225') Apt Elev 4307' BRIEFING STRIP TM OICC/KSH JEPPESEN 126.8 122.450 122.450 121.9 KERMANSHAH Approach ILS Z or LOC Z Rwy 29L 4305' Rwy",d86b5b5e262a775f8e91d28a403f4b163992dbdd1733ca28e1ba6e46ce8a7ab6
199,OICC,,AIRPORT,AIRPORT,10-9,Airport Diagram Chart (ADC),MATCH,independently_consistent,True,False,True,AWAITING_INDIVIDUAL_VISUAL_VERIFICATION,,images/pages_0001_0400/0199.jpg,"OI(D)-59 6000 7000 11000 10000 9000 8000 700 10000 MISSED APCH: KERMANSHAH, IRAN SHAHID ASHRAFI ESFAHANI LOC 111.1 IKMS Final Apch Crs 291^ 6530'(2225') Apt Elev 4307' BRIEFING STRIP TM OICC/KSH JEPPESEN 126.8 122.450 122.450 121.9 KERMANSHAH Approach ILS Y or LOC Y Rwy 29L 4305'",d86b5b5e262a775f8e91d28a403f4b163992dbdd1733ca28e1ba6e46ce8a7ab6
200,OICC,,AIRPORT,AIRPORT,10-9,Airport Diagram Chart (ADC),MATCH,independently_consistent,True,False,True,AWAITING_INDIVIDUAL_VISUAL_VERIFICATION,,images/pages_0001_0400/0200.jpg,"OI(D)-59 5000 6000 8000 7000 9000 10000 10000 11000 9000 8000 6000 7000 MISSED APCH: 10 KERMANSHAH, IRAN SHAHID ASHRAFI ESFAHANI VOR 114.6 KMS Final Apch Crs 290^ D6.0 6500'(2193') Apt Elev 4307' BRIEFING STRIP TM OICC/KSH JEPPESEN 126.8 122.450 122.450 121.9 KERMANSHAH Approach ",d86b5b5e262a775f8e91d28a403f4b163992dbdd1733ca28e1ba6e46ce8a7ab6
201,OICC,,AIRPORT,AIRPORT,10-9,Airport Diagram Chart (ADC),MATCH,independently_consistent,True,False,True,AWAITING_INDIVIDUAL_VISUAL_VERIFICATION,,images/pages_0001_0400/0201.jpg,"5000 9000 8000 7000 6000 0 500 6000 MISSED APCH: KERMANSHAH, IRAN SHAHID ASHRAFI ESFAHANI VOR 114.6 KMS Final Apch Crs 114^ D7.0 6400'(2093') Apt Elev 4307' 34-30 OICC/KSH 10 BRIEFING STRIP TM JEPPESEN 126.8 122.450 122.450 121.9 KERMANSHAH Approach VOR A MDA(H) Refer to Minimums",d86b5b5e262a775f8e91d28a403f4b163992dbdd1733ca28e1ba6e46ce8a7ab6
202,OICC,,AIRPORT,AIRPORT,10-9,Airport Diagram Chart (ADC),MATCH,independently_consistent,True,False,True,AWAITING_INDIVIDUAL_VISUAL_VERIFICATION,,images/pages_0001_0400/0202.jpg,"OI(D)-59 8000 7000 6000 5000 9000 10000 10000 9000 8000 7000 11000 6000 7000 MISSED APCH: 10 KERMANSHAH, IRAN SHAHID ASHRAFI ESFAHANI NDB KMS Final Apch Crs 296^ Apt Elev 4307' 382 D7.0 6500'(2193') BRIEFING STRIP TM OICC/KSH JEPPESEN to rejoin holding at 10500'. 126.8 122.450 12",d86b5b5e262a775f8e91d28a403f4b163992dbdd1733ca28e1ba6e46ce8a7ab6
203,OICC,,AIRPORT,AIRPORT,10-9,Airport Diagram Chart (ADC),MATCH,independently_consistent,True,False,True,AWAITING_INDIVIDUAL_VISUAL_VERIFICATION,,images/pages_0001_0400/0203.jpg,"7000 9000 7000 8000 5000 6000 6000 5000 MISSED APCH: 10 KERMANSHAH, IRAN SHAHID ASHRAFI ESFAHANI NDB KMS Final Apch Crs 098^ Apt Elev 4307' 382 D8.0 6400'(2093') BRIEFING STRIP TM OICC/KSH JEPPESEN 126.8 122.450 122.450 121.9 KERMANSHAH Approach 34-30 NDB A MDA(H) Refer to Minimu",d86b5b5e262a775f8e91d28a403f4b163992dbdd1733ca28e1ba6e46ce8a7ab6
204,OICC,,AIRPORT,AIRPORT,10-9,Airport Diagram Chart (ADC),MATCH,independently_consistent,True,False,True,AWAITING_INDIVIDUAL_VISUAL_VERIFICATION,,images/pages_0001_0400/0204.jpg,"OI(D)-59 7000 8000 9000 MISSED APCH: 10 KERMANSHAH, IRAN SHAHID ASHRAFI ESFAHANI NDB KMS Final Apch Crs 296^ 382 BRIEFING STRIP TM OICC/KSH JEPPESEN Climb on 280^ from NDB to 9500', then turn LEFT to rejoin holding at 12800'. 126.8 122.450 122.450 121.9 Apt Elev 4307' KERMANSHAH ",d86b5b5e262a775f8e91d28a403f4b163992dbdd1733ca28e1ba6e46ce8a7ab6
205,OICC,,AIRPORT,AIRPORT,10-9,Airport Diagram Chart (ADC),MATCH,independently_consistent,True,False,True,AWAITING_INDIVIDUAL_VISUAL_VERIFICATION,,images/pages_0001_0400/0205.jpg,"OI(D)-59 5000 9000 8000 7000 MISSED APCH: 10 KERMANSHAH, IRAN SHAHID ASHRAFI ESFAHANI NDB KMS Final Apch Crs 098^ 382 BRIEFING STRIP TM OICC/KSH JEPPESEN 126.8 122.450 122.450 121.9 Apt Elev 4307' KERMANSHAH Approach Missed apch requires a minimum climb of 220'/NM. Climb on 112^ ",d86b5b5e262a775f8e91d28a403f4b163992dbdd1733ca28e1ba6e46ce8a7ab6
206,OICI,OICI,AIRPORT,AIRPORT,,AIRPORT INFORMATION,MATCH,independently_consistent,True,False,True,AWAITING_INDIVIDUAL_VISUAL_VERIFICATION,,images/pages_0001_0400/0206.jpg,"General Information Location: ILAM IRN ICAO/IATA: OICI / IIL Lat/Long: N33° 35.1', E046° 24.3' Elevation: 4404 ft Airport Use: Public Daylight Savings: Not Observed UTC Conversion: -3:30 = UTC Magnetic Variation: 5.0° E General Information Location: ILAM IRN ICAO/IATA: OICI / IIL",d86b5b5e262a775f8e91d28a403f4b163992dbdd1733ca28e1ba6e46ce8a7ab6
207,OICI,OICI,STAR,STAR,10-2,"ALTET 1N, ALTET 1P",MATCH,independently_consistent,True,False,True,AWAITING_INDIVIDUAL_VISUAL_VERIFICATION,,images/pages_0001_0400/0207.jpg,"Apt Elev 10-2 .STAR. ILAM 4406' ILAM, IRAN JEPPESEN OICI/IIL Alt Set: hPa Trans level: FL160 Trans alt: 14000' 15 SEP 23 126.050 *ATIS MSA 090^ 360^ ILM VOR 10,700 9200 ARRIVALS ALTET 1N [ALTE1N] ALTET 1P [ALTE1P] (ALL RWYS) Printed from JeppView for Windows 5.3.0.0 on 09 Oct 202",d86b5b5e262a775f8e91d28a403f4b163992dbdd1733ca28e1ba6e46ce8a7ab6
208,OICI,OICI,STAR,STAR,10-2,ALTET 1Q,MATCH,independently_consistent,True,False,True,AWAITING_INDIVIDUAL_VISUAL_VERIFICATION,,images/pages_0001_0400/0208.jpg,"ALTET 2 3 7 ^ Alt Set: hPa Trans level: FL160 RNP 1 JEPPESEN 25 10-2-0 OICI/IIL ILAM ILAM, IRAN .RNAV.STAR. 25 SEP 26 .Eff.1.Oct. 120 47-00 (RWY 32) [ALTE1Q] 1Q RNP ARRIVAL ROUTING CONTOUR INTERVALS 10000 8000 6000 Printed from JeppView for Windows 5.3.0.0 on 09 Oct 2026; Termina",d86b5b5e262a775f8e91d28a403f4b163992dbdd1733ca28e1ba6e46ce8a7ab6
209,OICI,OICI,SID,SID,10-3,"ALTET 1A, ALTET 1B",MATCH,independently_consistent,True,False,True,AWAITING_INDIVIDUAL_VISUAL_VERIFICATION,,images/pages_0001_0400/0209.jpg,"Apt Elev 10-3 Trans level: FL160 Trans alt: 14000' ILAM 4406' ILAM, IRAN .SID. JEPPESEN OICI/IIL 15 SEP 23 MSA 090^ 360^ ILM VOR 10,700 9200 ALTET 1A [ALTE1A] ALTET 1B [ALTE1B] DEPARTURES (ALL RWYS) Printed from JeppView for Windows 5.3.0.0 on 09 Oct 2026; Terminal chart data cyc",d86b5b5e262a775f8e91d28a403f4b163992dbdd1733ca28e1ba6e46ce8a7ab6
210,OICI,,SID,SID,10-3,"ALTET 1C, ALTET 1D",MATCH,independently_consistent,True,False,True,AWAITING_INDIVIDUAL_VISUAL_VERIFICATION,,images/pages_0001_0400/0210.jpg,"ALTET RNP 1 Trans alt: 14000 JEPPESEN M 375 500 750 1000 1250 1500 M 313 417 625 834 1042 1250 ed-KT 75 100 150 200 250 300 ack to CI4~4, turn LEFT to CI4~5, turn LEFT EFT to ALTET. ack to CI4~9, turn RIGHT to CI41~, turn LEFT EFT to ALTET. 35 40 45 TEMPORARY PROCEDURES OICI/IIL ",d86b5b5e262a775f8e91d28a403f4b163992dbdd1733ca28e1ba6e46ce8a7ab6
211,OICI,OICI,AIRPORT,AIRPORT,10-9,Airport Diagram Chart (ADC),MATCH,independently_consistent,True,False,True,AWAITING_INDIVIDUAL_VISUAL_VERIFICATION,,images/pages_0001_0400/0211.jpg,"ILAM, IRAN ILAM N33 35.1 E046 24.3 10-9 4404' Apt Elev 05^E 14 137^ Elev 4352' JEPPESEN 10,5 OICI/IIL Stopway 325' 99m MET 33-36 33-36 46-23 46-24 46-25 126.050 *ATIS *ILAM Information (AFIS) 118.8 121.6 *Ground 7 JUN 24 .Eff.13.Jun. APRON Heavy and medium acft are permitted to m",d86b5b5e262a775f8e91d28a403f4b163992dbdd1733ca28e1ba6e46ce8a7ab6
212,OICI,,APP,APP,11-1,ILS Z RWY 32,MATCH,independently_consistent,True,False,True,AWAITING_INDIVIDUAL_VISUAL_VERIFICATION,,images/pages_0001_0400/0212.jpg,"5000 50 5000 5000 6000 7000 8000 8000 8000 5000 5000 6000 7000 MISSED APCH: BRIEFING STRIP TM 33-40 11-1 ILAM, IRAN ILAM LOC IILM 109.1 318^ 8500' DA(H) 4659'(255') 090^ 360^ MSA ILM VOR Alt Set: hPa Trans alt: 14000' Final Apch Crs 20 (4096') Rwy Elev: 151 hPa JEPPESEN OICI/IIL ",d86b5b5e262a775f8e91d28a403f4b163992dbdd1733ca28e1ba6e46ce8a7ab6
213,OICI,,APP,APP,11-1,ILS Z RWY 32,MATCH,independently_consistent,True,False,True,AWAITING_INDIVIDUAL_VISUAL_VERIFICATION,,images/pages_0001_0400/0213.jpg,"CI4~4 CI4~5 227^ 6.0 MAX 200 KT 8000 33-40 MISSED APCH: BRIEFING STRIP TM ILAM, IRAN ILAM LOC IILM 109.1 317^ 8600' DA(H) 4710'(306') Alt Set: hPa Trans alt: 14000' Final Apch Crs 20 (4196') Rwy Elev: 151 hPa JEPPESEN OICI/IIL ILS Apt Elev 4404' Rwy 4404' ILS Z Rwy 32 Trans level",d86b5b5e262a775f8e91d28a403f4b163992dbdd1733ca28e1ba6e46ce8a7ab6
214,OICI,,APP,APP,11-2,ILS Y RWY 32,MATCH,independently_consistent,True,False,True,AWAITING_INDIVIDUAL_VISUAL_VERIFICATION,,images/pages_0001_0400/0214.jpg,"5000 5000 5000 5000 7000 6000 5000 8000 8000 5000 6000 7000 7000 MISSED APCH: BRIEFING STRIP TM 33-40 11-2 ILAM, IRAN ILAM LOC IILM 109.1 318^ 8500' DA(H) 4659'(255') 090^ 360^ MSA ILM VOR Alt Set: hPa Trans alt: 14000' Final Apch Crs 20 (4096') Rwy Elev: 151 hPa JEPPESEN OICI/II",d86b5b5e262a775f8e91d28a403f4b163992dbdd1733ca28e1ba6e46ce8a7ab6
215,OICI,,APP,APP,13-1,VOR A,MATCH,independently_consistent,True,False,True,AWAITING_INDIVIDUAL_VISUAL_VERIFICATION,,images/pages_0001_0400/0215.jpg,"5000 5000 8000 8000 7000 6000 5000 5000 6000 MISSED APCH: BRIEFING STRIP TM ILAM DI L M 33-40 13-1 ILAM, IRAN ILAM VOR ILM 112.6 327^ D8.0 7000' MDA(H) Alt Set: hPa Trans alt: 14000' Final Apch Crs 20 (2596') Apt Elev: 151 hPa JEPPESEN OICI/IIL Refer to Minimums MAX 185 KT. Climb",d86b5b5e262a775f8e91d28a403f4b163992dbdd1733ca28e1ba6e46ce8a7ab6
216,OICI,,APP,APP,13-2,VOR B,MATCH,independently_consistent,True,False,True,AWAITING_INDIVIDUAL_VISUAL_VERIFICATION,,images/pages_0001_0400/0216.jpg,"5000 5000 5000 5000 6000 6000 6000 6000 5000 5000 5000 5000 6000 7000 (IF) 137 D12.0 MISSED APCH: BRIEFING STRIP TM ILAM, IRAN ILAM VOR ILM 112.6 137^ D7.0 7200' MDA(H) 090^ 360^ MSA ILM VOR Alt Set: hPa Trans alt: 14000' Final Apch Crs 20 (2796') Apt Elev: 151 hPa OICI/IIL Refer",d86b5b5e262a775f8e91d28a403f4b163992dbdd1733ca28e1ba6e46ce8a7ab6
217,OICK,OICK,AIRPORT,AIRPORT,,AIRPORT INFORMATION,MATCH,independently_consistent,True,False,True,AWAITING_INDIVIDUAL_VISUAL_VERIFICATION,,images/pages_0001_0400/0217.jpg,"General Information Location: KHORAM ABAD IRN ICAO/IATA: OICK / KHD Lat/Long: N33° 26.3', E048° 16.8' Elevation: 3793 ft Airport Use: Public Daylight Savings: Not Observed UTC Conversion: -3:30 = UTC Magnetic Variation: 4.0° E General Information Location: KHORAM ABAD IRN ICAO/IA",d86b5b5e262a775f8e91d28a403f4b163992dbdd1733ca28e1ba6e46ce8a7ab6
218,OICK,OICK,STAR,STAR,10-2,NOTSA 1N,MATCH,independently_consistent,True,False,True,AWAITING_INDIVIDUAL_VISUAL_VERIFICATION,,images/pages_0001_0400/0218.jpg,"157 Apt Elev JEPPESEN OICK/KHD KHORAM ABAD KHORAM ABAD, IRAN .STAR. 3793 Alt Set: hPa Trans level: FL135 Actual descent clearance will be as directed by ATC. SA 50 .Eff.20.Jul. 13371 7 JUL 17 10-2 NOTSA 1N [NOTS1N] RWY 11, 29 ARRIVAL CONTOUR INTERVALS 14000 12000 10000 8000 6000 ",d86b5b5e262a775f8e91d28a403f4b163992dbdd1733ca28e1ba6e46ce8a7ab6
219,OICK,OICK,STAR,STAR,10-2A,"NOTSA 1P, NOTSA 1Q",MATCH,independently_consistent,True,False,True,AWAITING_INDIVIDUAL_VISUAL_VERIFICATION,,images/pages_0001_0400/0219.jpg,"49-00 157 Apt Elev JEPPESEN OICK/KHD KHORAM ABAD KHORAM ABAD, IRAN .STAR. 3793 10-2A 278^ Alt Set: hPa Trans level: FL135 Actual descent clearance will be as directed by ATC. NOTSA 50 .Eff.20.Jul. 7 JUL 17 NOTSA 1P [NOTS1P] NOTSA 1Q [NOTS1Q] RWY 11, 29 ARRIVALS CONTOUR INTERVALS ",d86b5b5e262a775f8e91d28a403f4b163992dbdd1733ca28e1ba6e46ce8a7ab6
220,OICK,OICK,SID,SID,10-3,"NOTSA 1B, NOTSA 1A",MATCH,independently_consistent,True,False,True,AWAITING_INDIVIDUAL_VISUAL_VERIFICATION,,images/pages_0001_0400/0220.jpg,"156 7 Apt Elev 10-3 JEPPESEN OICK/KHD KHORAM ABAD KHORAM ABAD, IRAN .SID. 3793 Trans alt: 11500 .Eff.20.Jul. SA 50 13371 7 JUL 17 0 NOTSA 1A [NOTS1A] NOTSA 1B [NOTS1B] DEPARTURES CONTOUR INTERVALS 14000 12000 10000 8000 6000 Printed from JeppView for Windows 5.3.0.0 on 09 Oct 202",d86b5b5e262a775f8e91d28a403f4b163992dbdd1733ca28e1ba6e46ce8a7ab6
221,OICK,OICK,AIRPORT,AIRPORT,10-9,Airport Diagram Chart (ADC),MATCH,independently_consistent,True,False,True,AWAITING_INDIVIDUAL_VISUAL_VERIFICATION,,images/pages_0001_0400/0221.jpg,"Apt Elev 11 109^ 04^E 417'127m Stopway Elev 3783' Birds in vicinity of airport. Strolling dogs on movement area. Control Tower JEPPESEN 3 OCT 25 PPR at least 72 HR before EOBT from OICK. Terminal 33-27 33-27 48-16 48-17 48-18 C ARP 3793' KHORAM ABAD KHORAM ABAD, IRAN N33 26.3 E04",d86b5b5e262a775f8e91d28a403f4b163992dbdd1733ca28e1ba6e46ce8a7ab6
222,OICK,,AIRPORT,AIRPORT,10-9S,MINIMUMS,MATCH,independently_consistent,True,False,True,AWAITING_INDIVIDUAL_VISUAL_VERIFICATION,,images/pages_0001_0400/0222.jpg,10-9S JEPPESEN 11 Continuous Descent Final Approach. 1 R5000m R5000m R5000m R5000m (257') R1300m (257') (257') R1300m R1300m 29 (257') R1300m 4050' 4050' 4050' 4050' LOC VOR DME (1747') 5530' (1747') 5530' (1747') 5530' (1747') 5530' ILS 1 2 1 2 3 .EASA.AIR.OPS. R5000m R5000m R50,d86b5b5e262a775f8e91d28a403f4b163992dbdd1733ca28e1ba6e46ce8a7ab6
223,OICK,,APP,APP,11-1,APPROACH 11-1,MATCH,independently_consistent,True,False,True,AWAITING_INDIVIDUAL_VISUAL_VERIFICATION,,images/pages_0001_0400/0223.jpg,"5000 6000 6000 7000 7000 8000 8000 6000 5000 5 MISSED APCH: BRIEFING STRIP TM KHORAM ABAD, IRAN KHORAM ABAD LOC 110.5 IKRD Final Apch Crs 289^ 6600'(2807') 4050' Apt Elev 3793' 11-1 121.9 OICK/KHD DA(H) (257') 10 180^ 270^ 360^ 090^ JEPPESEN ILS 1 Rwy 29 *Ground 118.350 3793' Rwy",d86b5b5e262a775f8e91d28a403f4b163992dbdd1733ca28e1ba6e46ce8a7ab6
224,OICK,,APP,APP,13-1,VOR DME RWY 11,MATCH,independently_consistent,True,False,True,AWAITING_INDIVIDUAL_VISUAL_VERIFICATION,,images/pages_0001_0400/0224.jpg,"5000 6000 7000 7000 8000 8000 7000 9000 9000 5000 6000 80 20 MISSED APCH: BRIEFING STRIP TM KHORAM ABAD, IRAN KHORAM ABAD VOR DME Rwy 11 VOR 113.75 KRD Final Apch Crs 105^ D7.0 5800'(2017') 5530'(1747') 13-1 121.9 OICK/KHD JEPPESEN 180^ 270^ 360^ 090^ 118.350 *Ground MAX 200 KT M",d86b5b5e262a775f8e91d28a403f4b163992dbdd1733ca28e1ba6e46ce8a7ab6
225,OICK,,APP,APP,13-2,APPROACH 13-2,MATCH,independently_consistent,True,False,True,AWAITING_INDIVIDUAL_VISUAL_VERIFICATION,,images/pages_0001_0400/0225.jpg,"OI(C)-41 5000 5000 5000 5000 6000 7000 8000 9000 5000 10 BRIEFING STRIP TM KHORAM ABAD, IRAN KHORAM ABAD VOR 113.75 KRD Final Apch Crs 105^ D7.0 7600'(3807') MDA(H) 7600'(3807') 13-2 121.9 OICK/KHD JEPPESEN 180^ 270^ 360^ 090^ 118.350 *Ground Apt Elev 3793' CAT C & D CIRCLING VOR",d86b5b5e262a775f8e91d28a403f4b163992dbdd1733ca28e1ba6e46ce8a7ab6
226,OICK,,APP,APP,13-3,APPROACH 13-3,MATCH,independently_consistent,True,False,True,AWAITING_INDIVIDUAL_VISUAL_VERIFICATION,,images/pages_0001_0400/0226.jpg,"OI(C)-41 5000 5000 6000 7000 8000 5000 5000 10 BRIEFING STRIP TM KHORAM ABAD, IRAN KHORAM ABAD VOR 113.75 KRD Final Apch Crs 105^ D7.0 6000'(2207') MDA(H) 5850'(2057') 13-3 121.9 OICK/KHD JEPPESEN 180^ 270^ 360^ 090^ 118.350 *Ground Apt Elev 3793' CIRCLING VOR DME 1 MISSED APCH: ",d86b5b5e262a775f8e91d28a403f4b163992dbdd1733ca28e1ba6e46ce8a7ab6
227,OICS,OICS,AIRPORT,AIRPORT,,AIRPORT INFORMATION,MATCH,independently_consistent,True,False,True,AWAITING_INDIVIDUAL_VISUAL_VERIFICATION,,images/pages_0001_0400/0227.jpg,"General Information Location: SANANDAJ IRN ICAO/IATA: OICS / SDG Lat/Long: N35° 15.0', E047° 00.7' Elevation: 4528 ft Airport Use: Public Daylight Savings: Not Observed UTC Conversion: -3:30 = UTC Magnetic Variation: 5.0° E Sanandaj Tower: 122.900 General Information Location: SA",d86b5b5e262a775f8e91d28a403f4b163992dbdd1733ca28e1ba6e46ce8a7ab6
228,OICS,OICS,AIRPORT,AIRPORT,,AIRPORT INFORMATION,MATCH,independently_consistent,True,False,True,AWAITING_INDIVIDUAL_VISUAL_VERIFICATION,,images/pages_0001_0400/0228.jpg,"General Information Location: SANANDAJ IRN ICAO/IATA: OICS / SDG Lat/Long: N35° 15.0', E047° 00.7' Elevation: 4528 ft Airport Use: Public Daylight Savings: Not Observed UTC Conversion: -3:30 = UTC Magnetic Variation: 5.0° E Sanandaj Tower: 122.900 Sanandaj Tower: 122.900 Airport ",d86b5b5e262a775f8e91d28a403f4b163992dbdd1733ca28e1ba6e46ce8a7ab6
229,OICS,,STAR,STAR,10-2,"ASLAX 1N, BOPEL 1N, LOVID 1N, LOVID 1P",MATCH,independently_consistent,True,False,True,AWAITING_INDIVIDUAL_VISUAL_VERIFICATION,,images/pages_0001_0400/0229.jpg,270^ V OR J N LOVID 283^ FL140 L OV ID 1P rc Apt Elev *ATIS 128.450 4528 Alt Set: hPa Trans level: FL130 Actual descent clearance will be as directed by ATC. JEPPESEN .STAR. 2 FEB 24 7 134 131 47-30 ASLAX 1N [ASLA1N] BOPEL 1N [BOPE1N] ARRIVALS LOVID 1N [LOVI1N] LOVID 1P [LOVI1P] ,d86b5b5e262a775f8e91d28a403f4b163992dbdd1733ca28e1ba6e46ce8a7ab6
230,OICS,,SID,SID,10-3,"ASLAX 1A, LOVID 1A, LOVID 1C",MATCH,independently_consistent,True,False,True,AWAITING_INDIVIDUAL_VISUAL_VERIFICATION,,images/pages_0001_0400/0230.jpg,"270^ V OR J N S LOVID Trans alt: 11000 Apt Elev 4528 JEPPESEN 24 LOVID 1C: 134 131 47-30 LOVID 1A [LOVI1A] ASLAX 1A [ASLA1A] LOVID 1C [LOVI1C] DEPARTURES (RWY 19) 10-3 .SID. | JEPPESEN, 2024. ALL RIGHTS RESERVED. SANANDAJ, IRAN FL190 CONTOUR INTERVALS 11000 9000 7000 Printed from",d86b5b5e262a775f8e91d28a403f4b163992dbdd1733ca28e1ba6e46ce8a7ab6
231,OICS,OICS,AIRPORT,AIRPORT,10-9,Airport Diagram Chart (ADC),MATCH,independently_consistent,True,False,True,AWAITING_INDIVIDUAL_VISUAL_VERIFICATION,,images/pages_0001_0400/0231.jpg,"Apt Elev SANANDAJ, IRAN SANANDAJ N35 15.1 E047 00.7 10-9 05^E 4528' 19 193^ ARP 9m 110m OICS/SDG *SANANDAJ Tower 121.9 122.9 *ATIS 128.45 361' Stopway Elev 4528' JEPPESEN 35-15 35-15 47-01 47-02 A B Control Tower B A 47-00.8 35-15.1 47-00.7 35-15 35-15 47-00.7 RWY 01/19 35-15.1 C",d86b5b5e262a775f8e91d28a403f4b163992dbdd1733ca28e1ba6e46ce8a7ab6
232,OICS,OICS,AIRPORT,AIRPORT,10-9S,MINIMUMS,MATCH,independently_consistent,True,False,True,AWAITING_INDIVIDUAL_VISUAL_VERIFICATION,,images/pages_0001_0400/0232.jpg,"10-9S JEPPESEN 23 NOT APPLICABLE 1 2 3 1 NOT APPLICABLE .EASA.AIR.OPS. 1 20 FEB 26 STRAIGHT-IN RWY D C B A OICS/SDG (452') (452') (452') 19 4980' 4980' 4980' SANANDAJ, IRAN SANANDAJ 5580' 5580' 5580' 5580' (1052') (1052') (1052') (1052') R1500m R1500m R2400m R2400m ILS LOC 5580' ",d86b5b5e262a775f8e91d28a403f4b163992dbdd1733ca28e1ba6e46ce8a7ab6
233,OICS,,APP,APP,11-1,LOC RWY 19,MATCH,independently_consistent,True,False,True,AWAITING_INDIVIDUAL_VISUAL_VERIFICATION,,images/pages_0001_0400/0233.jpg,"OI(C)-46 D17.0 (IAF) SNJ MISSED APCH: BRIEFING STRIP TM SANANDAJ, IRAN 11-1 SANANDAJ LOC ISNJ 109.3 194^ DA(H) 4980' Apt Elev 4528' Alt Set: hPa Rwy Elev: 155 hPa Trans alt: 11000' 8780'(4252') Final Apch Crs OICS/SDG *SANANDAJ Tower *ATIS 121.9 122.9 CAT A, B & C ILS (452') 20 D",d86b5b5e262a775f8e91d28a403f4b163992dbdd1733ca28e1ba6e46ce8a7ab6
234,OICS,,APP,APP,13-1,VOR RWY 19,MATCH,independently_consistent,True,False,True,AWAITING_INDIVIDUAL_VISUAL_VERIFICATION,,images/pages_0001_0400/0234.jpg,"OI(C)-46 MISSED APCH: BRIEFING STRIP TM SANANDAJ, IRAN 13-1 SANANDAJ VOR SNJ 116.5 193^ 5580' Apt Elev 4528' track 175^ to 7500', then turn RIGHT to VOR and proceed on Alt Set: hPa Apt Elev: 155 hPa Trans alt: 11000' D17.0 D8.0 7800'(3272') Final Apch Crs 20 Climb STRAIGHT AHEAD ",d86b5b5e262a775f8e91d28a403f4b163992dbdd1733ca28e1ba6e46ce8a7ab6
235,OICZ,OICZ,AIRPORT,AIRPORT,,AIRPORT INFORMATION,MATCH,independently_consistent,True,False,True,AWAITING_INDIVIDUAL_VISUAL_VERIFICATION,,images/pages_0001_0400/0235.jpg,"General Information Location: SAQEZ IRN ICAO: OICZ Lat/Long: N36° 12.7', E046° 18.3' Elevation: 5103 ft Airport Use: Public Daylight Savings: Not Observed UTC Conversion: -3:30 = UTC Magnetic Variation: 5.0° E General Information Location: SAQEZ IRN ICAO: OICZ Lat/Long: N36° 12.7",d86b5b5e262a775f8e91d28a403f4b163992dbdd1733ca28e1ba6e46ce8a7ab6
236,OICZ,OICZ,AIRPORT,AIRPORT,10-9,Airport Diagram Chart (ADC),MATCH,independently_consistent,True,False,True,AWAITING_INDIVIDUAL_VISUAL_VERIFICATION,,images/pages_0001_0400/0236.jpg,"Apt Elev 10-9 JEPPESEN OICZ 5103' N36 12.8 E046 18.3 SAQEZ, IRAN SAQEZ ARP .Eff.25.Dec. 19 DEC 25 124.350 05^E 10 Elev 5082' 36-13 36-13 46-18 46-19 *SAQEZ Information (AFIS) Flight operation shall be done during daylight and in VMC. Prior permission required at least 72 hours be",d86b5b5e262a775f8e91d28a403f4b163992dbdd1733ca28e1ba6e46ce8a7ab6
237,OICZ,OICZ,APP,APP,12-1,RNP RWY 28,MATCH,independently_consistent,True,False,True,AWAITING_INDIVIDUAL_VISUAL_VERIFICATION,,images/pages_0001_0400/0237.jpg,"MISSED APCH: BRIEFING STRIP TM JEPPESEN 12-1 SAQEZ, IRAN RNAV Final Apch Crs 275^ CZ4~1 7100'(1997') Apt Elev 5103' Alt Set: hPa 6350' Trans level: FL110 19 DEC 25 .Eff.25.Dec. OICZ SAQEZ RNP Rwy 28 (1247') CZ4~5 247^ 317^ 045^ 100^ 11,300 12,300 10,800 10,200 MSA ARP Trans alt: ",d86b5b5e262a775f8e91d28a403f4b163992dbdd1733ca28e1ba6e46ce8a7ab6
238,OIFE,OIFE,AIRPORT,AIRPORT,,AIRPORT INFORMATION,MATCH,independently_consistent,True,False,True,AWAITING_INDIVIDUAL_VISUAL_VERIFICATION,,images/pages_0001_0400/0238.jpg,"General Information Location: ESFAHAN IRN ICAO/IATA: OIFE / IFH Lat/Long: N32° 55.7', E051° 33.7' Elevation: 5256 ft Airport Use: Public Daylight Savings: Not Observed UTC Conversion: -3:30 = UTC Magnetic Variation: 3.0° E General Information Location: ESFAHAN IRN ICAO/IATA: OIFE",d86b5b5e262a775f8e91d28a403f4b163992dbdd1733ca28e1ba6e46ce8a7ab6
239,OIFE,OIFE,STAR,STAR,30-2,"PEKAM 1U, PEKAM 2V",MATCH,independently_consistent,True,False,True,AWAITING_INDIVIDUAL_VISUAL_VERIFICATION,,images/pages_0001_0400/0239.jpg,"Apt Elev 30-2 HESA 5256' ESFAHAN, IRAN OIFE/IFH JEPPESEN 133^ 137^ P PEKAM .STAR. 25 SEP 26 .Eff.1.Oct. Alt Set: hPa Trans level: By ATC Trans alt: 13000' MSA 270^ 020^ 120^ 210^ HSA NDB/DME 11,900 10,500 10,700 10,300 (RWYS 07, 25) ARRIVALS PEKAM 1U [PEKA1U], PEKAM 2V [PEKA2V] P",d86b5b5e262a775f8e91d28a403f4b163992dbdd1733ca28e1ba6e46ce8a7ab6
240,OIFE,OIFE,SID,SID,30-3,"DAPOG 1E, DAPOG 1F",MATCH,independently_consistent,True,False,True,AWAITING_INDIVIDUAL_VISUAL_VERIFICATION,,images/pages_0001_0400/0240.jpg,"Apt Elev 30-3 Trans level: By ATC Trans alt: 13000' HESA 5256' ESFAHAN, IRAN OIFE/IFH .SID. JEPPESEN DAPOG N33 37.7 E052 23.5 .Eff.21.Aug. 15 AUG 14 MSA 270^ 020^ 120^ 210^ 11,900' 10,700' 10,300' 10,500' HSA NDB/DME RWYS 25, 07 DEPARTURES DAPOG 1E [DAPO1E], DAPOG 1F [DAPO1F] Pri",d86b5b5e262a775f8e91d28a403f4b163992dbdd1733ca28e1ba6e46ce8a7ab6
241,OIFE,OIFE,SID,SID,30-3A,"GESIP 1J, GESIP 1K, GESIP 1L, GESIP 1M",MATCH,independently_consistent,True,False,True,AWAITING_INDIVIDUAL_VISUAL_VERIFICATION,,images/pages_0001_0400/0241.jpg,"Apt Elev Trans level: By ATC Trans alt: 13000' HESA 5256' ESFAHAN, IRAN OIFE/IFH .SID. 253^ 073^ GESIP 1M At 6000' GESIP 1L JEPPESEN 30-3A .Eff.21.Aug. 15 AUG 14 MSA 270^ 020^ 120^ 210^ 11,900' 10,700' 10,300' 10,500' HSA NDB/DME RWYS 25, 07 DEPARTURES GESIP 1L [GESI1L], GESIP 1M",d86b5b5e262a775f8e91d28a403f4b163992dbdd1733ca28e1ba6e46ce8a7ab6
242,OIFE,,AIRPORT,AIRPORT,30-9,Airport Diagram Chart (ADC),MATCH,independently_consistent,True,False,True,AWAITING_INDIVIDUAL_VISUAL_VERIFICATION,,images/pages_0001_0400/0242.jpg,Apt Elev 25 NDB 03^E Elev 5227' 32-56 32-56 51-33 51-34 51-35 JEPPESEN 14 OCT 22 PPR for all Iranian military and civil ACFT at least 24 hours before EOBT from departure aerodrome. All arrival to and departure from Hesa aerodrome are subject to ESFAHAN Approach clearances. CAUTIO,d86b5b5e262a775f8e91d28a403f4b163992dbdd1733ca28e1ba6e46ce8a7ab6
243,OIFE,,APP,APP,32-55,NDB Z RWY 25,REVIEW,only_old_index_supports_category,True,False,True,AWAITING_INDIVIDUAL_VISUAL_VERIFICATION,,images/pages_0001_0400/0243.jpg,"OI(D)-86 6000 6000 600 MISSED APCH: 36-1 257^ 7100' 5610' Apt Elev Rwy 5256' 5227' (1873') HESA MSA HSA NDB 10 ESFAHAN, IRAN 270^ 120^ 210^ 020^ (383') D7.0 HSA Trans alt: 13000' 155^ (IAF) Trans level: By ATC 33-05 230 Final Apch Crs Alt Set: hPa Rwy Elev: 177 hPa NDB Climb STRA",d86b5b5e262a775f8e91d28a403f4b163992dbdd1733ca28e1ba6e46ce8a7ab6
244,OIFE,,APP,APP,32-50,NDB Y RWY 25,REVIEW,only_old_index_supports_category,True,False,True,AWAITING_INDIVIDUAL_VISUAL_VERIFICATION,,images/pages_0001_0400/0244.jpg,"OI(D)-115 6000 6000 5660'(433') MISSED APCH: 36-2 257^ Apt Elev Rwy 5256' 5227' HESA 10 ESFAHAN, IRAN 270^ 120^ 210^ 020^ HSA Trans alt: 13000' Trans level: By ATC 230 NDB Final Apch Crs No FAF Alt Set: hPa Rwy Elev: 177 hPa Climb STRAIGHT AHEAD to NDB, then climb on 300^ to 6800",d86b5b5e262a775f8e91d28a403f4b163992dbdd1733ca28e1ba6e46ce8a7ab6
245,OIFM,OIFM,AIRPORT,AIRPORT,,AIRPORT INFORMATION,REVIEW,only_old_index_supports_category,True,False,True,AWAITING_INDIVIDUAL_VISUAL_VERIFICATION,,images/pages_0001_0400/0245.jpg,"General Information Location: ESFAHAN IRN ICAO/IATA: OIFM / IFN Lat/Long: N32° 45.0', E051° 51.8' Elevation: 5058 ft Airport Use: Public Daylight Savings: Not Observed UTC Conversion: -3:30 = UTC Magnetic Variation: 4.0° E Runway: 25R Length x Width: 14432 ft x 148 ft Surface Typ",d86b5b5e262a775f8e91d28a403f4b163992dbdd1733ca28e1ba6e46ce8a7ab6
246,OIFM,OIFM,AIRPORT,AIRPORT,,AIRPORT INFORMATION,REVIEW,only_old_index_supports_category,True,False,True,AWAITING_INDIVIDUAL_VISUAL_VERIFICATION,,images/pages_0001_0400/0246.jpg,"General Information Location: ESFAHAN IRN ICAO/IATA: OIFM / IFN Lat/Long: N32° 45.0', E051° 51.8' Elevation: 5058 ft Airport Use: Public Daylight Savings: Not Observed UTC Conversion: -3:30 = UTC Magnetic Variation: 4.0° E Runway: 25R Length x Width: 14432 ft x 148 ft Surface Typ",d86b5b5e262a775f8e91d28a403f4b163992dbdd1733ca28e1ba6e46ce8a7ab6
247,OIFM,OIFM,AIRPORT,AIRPORT,10-1P,AIRPORT BRIEFING,MATCH,independently_consistent,True,False,True,AWAITING_INDIVIDUAL_VISUAL_VERIFICATION,,images/pages_0001_0400/0247.jpg,"ESFAHAN, IRAN OIFM/IFN SHAHID BEHESHTI INTL .AIRPORT.BRIEFING. + JEPPESEN 1.1. ATIS *ATIS 128.250 1.2. NOISE ABATEMENT PROCEDURES If traffic condition permits and tail wind component is 10 KT or less, noise abate- ment procedures may be applied as follows: - RWYs 07L/R may be use",d86b5b5e262a775f8e91d28a403f4b163992dbdd1733ca28e1ba6e46ce8a7ab6
248,OIFM,OIFM,AIRPORT,AIRPORT,10-1R,RADAR MINIMUM ALTITUDES,MATCH,independently_consistent,True,False,True,AWAITING_INDIVIDUAL_VISUAL_VERIFICATION,,images/pages_0001_0400/0248.jpg,"OI(P)-10 1 D60 R-350 34-00 Apt Elev OIFM/IFN .RADAR.MINIMUM.ALTITUDES. 10-1R SHAHID BEHESHTI INTL ESFAHAN, IRAN 5059' ESFAHAN Radar 124.6 18 AUG 17 Alt Set: hPa Trans level: By ATC Trans alt: 13000' For Radar Minimum altitudes and sectors within D30.0 ISN refer to chart 10-1R1. C",d86b5b5e262a775f8e91d28a403f4b163992dbdd1733ca28e1ba6e46ce8a7ab6
249,OIFM,OIFM,AIRPORT,AIRPORT,10-1R1,RADAR MINIMUM ALTITUDES,MATCH,independently_consistent,True,False,True,AWAITING_INDIVIDUAL_VISUAL_VERIFICATION,,images/pages_0001_0400/0249.jpg,"OI(P)-10 -015 R-340 33-30 D30 Apt Elev OIFM/IFN .RADAR.MINIMUM.ALTITUDES. 10-1R1 SHAHID BEHESHTI INTL ESFAHAN Radar 124.6 5059' Alt Set: hPa Trans level: By ATC Trans alt: 13000' 18 AUG 17 ESFAHAN, IRAN 12779' Chart only to be used for cross-checking of altitudes assigned while u",d86b5b5e262a775f8e91d28a403f4b163992dbdd1733ca28e1ba6e46ce8a7ab6
250,OIFM,OIFM,STAR,STAR,10-2,"GESIP 1N, GESIP 1P, LABOT 1N, LABOT 1P, LADAL 1N, LADAL 1P",MATCH,independently_consistent,True,False,True,AWAITING_INDIVIDUAL_VISUAL_VERIFICATION,,images/pages_0001_0400/0250.jpg,"12,000 180^ 9800 N S I V O R Apt Elev 128.250 10-2 .STAR. JEPPESEN OIFM/IFN SHAHID BEHESHTI INTL ESFAHAN, IRAN Alt Set: hPa Trans level: By ATC Actual descent clearance will be as directed by ATC. 5058 ESFAHAN ISN D 10926 9 JUL 21 .Eff.15.Jul. ATIS 33-00 GESIP 1N [GESI1N], GESIP ",d86b5b5e262a775f8e91d28a403f4b163992dbdd1733ca28e1ba6e46ce8a7ab6
251,OIFM,,STAR,STAR,10-2A,"BOMID 1Q, BOMID 1R, GADLU 1N, GADLU 1P",MATCH,independently_consistent,True,False,True,AWAITING_INDIVIDUAL_VISUAL_VERIFICATION,,images/pages_0001_0400/0251.jpg,"R348 315^ SFAHAN Hesa OIFE ESFAHAN Badr Ab OIFP OI(R)-50 OI(D)-22 12,000 1 8 0 ^ 9500 270^ 9800 V O R N S I 090^ MHA 10000 168^ D15.0 ISN 1 0 . 0 .STAR. JEPPESEN OIFM/IFN SHAHID BEHESHTI INTL 10-2A ESFAHAN, IRAN 113.2 ISN ESFAHAN ISN D R 2 4 8 8 0 0 0 D10.0 ISN 1 0 0 0 0 (IAF) [D",d86b5b5e262a775f8e91d28a403f4b163992dbdd1733ca28e1ba6e46ce8a7ab6
252,OIFM,OIFM,STAR,STAR,10-2B,"PEKAM 1Q, PEKAM 1R",MATCH,independently_consistent,True,False,True,AWAITING_INDIVIDUAL_VISUAL_VERIFICATION,,images/pages_0001_0400/0252.jpg,"Apt Elev 128.250 PEKAM 1 50 .STAR. JEPPESEN OIFM/IFN SHAHID BEHESHTI INTL 10-2B ESFAHAN, IRAN 5058 Alt Set: hPa Trans level: By ATC Actual descent clearance will be as directed by ATC. 12779 .Eff.20.Apr. ATIS 14 APR 23 33-30 PEKAM 1Q [PEKA1Q], PEKAM 1R [PEKA1R] ARRIVALS (ALL RWYS",d86b5b5e262a775f8e91d28a403f4b163992dbdd1733ca28e1ba6e46ce8a7ab6
253,OIFM,OIFM,STAR,STAR,10-2C,"GESIP 1Q, GESIP 1R, LABOT 1Q, LABOT 1R",MATCH,independently_consistent,True,False,True,AWAITING_INDIVIDUAL_VISUAL_VERIFICATION,,images/pages_0001_0400/0253.jpg,"OI(C)-87 Apt Elev 128.250 158^ .STAR. JEPPESEN OIFM/IFN SHAHID BEHESHTI INTL 10-2C ESFAHAN, IRAN 5058 Alt Set: hPa Trans level: By ATC Actual descent clearance will be as directed by ATC. D15.0 ISN (IAF) .Eff.20.Apr. ATIS 14 APR 23 151 122 ARRIVALS GESIP 1Q [GESI1Q], GESIP 1R [GE",d86b5b5e262a775f8e91d28a403f4b163992dbdd1733ca28e1ba6e46ce8a7ab6
254,OIFM,,STAR,STAR,10-2D,"BOMID 1S, BOMID 1T, GADLU 1Q",MATCH,independently_consistent,True,False,True,AWAITING_INDIVIDUAL_VISUAL_VERIFICATION,,images/pages_0001_0400/0254.jpg,"0^ 158^ ESFAHAN Hesa OIFE ESFAHAN Badr Ab OIFP 12,000 1 8 0 ^ 9500 270^ 9800 N D B N F I 090^ MHA 10000 338^ 158^ D15.0 ISN .STAR. JEPPESEN OIFM/IFN SHAHID BEHESHTI INTL ESFAHAN, IRAN 10-2D 337 IFN ESFAHAN IFN 113.2 ISN ESFAHAN ISN D 18 1 00 0 0 (IAF) 2 1 1 0 0 0 0 S] brg to IFN ",d86b5b5e262a775f8e91d28a403f4b163992dbdd1733ca28e1ba6e46ce8a7ab6
255,OIFM,OIFM,STAR,STAR,10-2E,"PEKAM 2S, PEKAM 2T",MATCH,independently_consistent,True,False,True,AWAITING_INDIVIDUAL_VISUAL_VERIFICATION,,images/pages_0001_0400/0255.jpg,"Apt Elev 128.250 5058 PEKAM 13 .STAR. JEPPESEN OIFM/IFN SHAHID BEHESHTI INTL ESFAHAN, IRAN 10-2E Alt Set: hPa Trans level: By ATC Actual descent clearance will be as directed by ATC. 12779 .Eff.20.Apr. ATIS 14 APR 23 33-30 ARRIVALS PEKAM 2S [PEKA2S] PEKAM 2T [PEKA2T] (ALL RWYS) P",d86b5b5e262a775f8e91d28a403f4b163992dbdd1733ca28e1ba6e46ce8a7ab6
256,OIFM,OIFM,SID,SID,10-3,"DAPOG 1A, GESIP 2A, LABOT 2A, LADAL 2A",MATCH,independently_consistent,True,False,True,AWAITING_INDIVIDUAL_VISUAL_VERIFICATION,,images/pages_0001_0400/0256.jpg,"12,000 180^ 9800 Apt Elev DAPOG 10-3 .SID. JEPPESEN OIFM/IFN SHAHID BEHESHTI INTL ESFAHAN, IRAN 5058 Trans alt: 13000 16 APOG 1A 4 APR 25 .Eff.17.Apr. 151 122 33-00 DAPOG 1A [DAPO1A], GESIP 2A [GESI2A] LABOT 2A [LABO2A], LADAL 2A [LADA2A] DEPARTURES (RWYS 25L/R) GESIP 2A LABOT 2A",d86b5b5e262a775f8e91d28a403f4b163992dbdd1733ca28e1ba6e46ce8a7ab6
257,OIFM,OIFM,SID,SID,10-3A,"BOMID 1A, GADLU 3A",MATCH,independently_consistent,True,False,True,AWAITING_INDIVIDUAL_VISUAL_VERIFICATION,,images/pages_0001_0400/0257.jpg,"AN b 12,000 1 8 0 ^ 9500 270^ .SID. JEPPESEN 50 OIFM/IFN SHAHID BEHESHTI INTL ESFAHAN, IRAN 10-3A 113.2 ISN ESFAHAN ISN D Trans alt: 13000 281^ 2 3 9 4 APR 25 .Eff.17.Apr. 133 52-00 ROUTING 75 100 150 200 250 300 313 417 625 833 1042 1250 peed-KT BOMID 1A [BOMI1A] GADLU 3A [GADL3",d86b5b5e262a775f8e91d28a403f4b163992dbdd1733ca28e1ba6e46ce8a7ab6
258,OIFM,OIFM,SID,SID,10-3B,"DAPOG 1B, GESIP 2B, LABOT 2B, LADAL 2B",MATCH,independently_consistent,True,False,True,AWAITING_INDIVIDUAL_VISUAL_VERIFICATION,,images/pages_0001_0400/0258.jpg,"180^ 9800 Apt Elev DAPOG .SID. JEPPESEN OIFM/IFN SHAHID BEHESHTI INTL 10-3B ESFAHAN, IRAN 5058 Trans alt: 13000 4 APR 25 .Eff.17.Apr. 151 122 33-00 DEPARTURES (RWYS 07L/R) DAPOG 1B [DAPO1B], GESIP 2B [GESI2B] LABOT 2B [LABO2B], LADAL 2B [LADA2B] NOT TO SCALE APOG 1B GESIP 2B LABO",d86b5b5e262a775f8e91d28a403f4b163992dbdd1733ca28e1ba6e46ce8a7ab6
259,OIFM,OIFM,SID,SID,10-3C,"BOMID 1B, GADLU 3B, GADLU 1C",MATCH,independently_consistent,True,False,True,AWAITING_INDIVIDUAL_VISUAL_VERIFICATION,,images/pages_0001_0400/0259.jpg,"N b 12,000 1 8 0 ^ 9500 270^ 6000 0 7 5 ^ .SID. JEPPESEN OIFM/IFN SHAHID BEHESHTI INTL ESFAHAN, IRAN 10-3C 50 113.2 ISN ESFAHAN ISN D 13000 2 3 9 281^ 4 APR 25 .Eff.17.Apr. 133 52-00 OUTING MID 1B [BOMI1B] ADL3B], GADLU 1C [GADL1C] DEPARTURES (RWYS 07L/R) n RIGHT to ISN VOR, ISN ",d86b5b5e262a775f8e91d28a403f4b163992dbdd1733ca28e1ba6e46ce8a7ab6
260,OIFM,OIFM,SID,SID,10-3D,"DAPOG 1C, GESIP 1C, LABOT 3C, LADAL 3C",MATCH,independently_consistent,True,False,True,AWAITING_INDIVIDUAL_VISUAL_VERIFICATION,,images/pages_0001_0400/0260.jpg,"180^ 9800 Apt Elev DAPOG .SID. JEPPESEN OIFM/IFN SHAHID BEHESHTI INTL 10-3D ESFAHAN, IRAN 5058 Trans alt: 13000 9 JUL 21 .Eff.15.Jul. 151 122 33-00 DEPARTURES (RWYS 25L/R) DAPOG 1C [DAPO1C], GESIP 1C [GESI1C] LABOT 3C [LABO3C], LADAL 3C [LADA3C] NOT TO SCALE DAPOG 1C GESIP 1C LAB",d86b5b5e262a775f8e91d28a403f4b163992dbdd1733ca28e1ba6e46ce8a7ab6
261,OIFM,OIFP,SID,SID,10-3E,"BOMID 3C, GADLU 1J, GADLU 2K",REVIEW,header_icao_differs_from_index,True,False,True,AWAITING_INDIVIDUAL_VISUAL_VERIFICATION,,images/pages_0001_0400/0261.jpg,"100^ 0 7 0 6 0 ^ HAN Ab FP 12,000 1 8 0 ^ 9500 270^ 0^ 337 IFN ESFAHAN IFN 113.2 ISN ESFAHAN ISN D 50 .SID. JEPPESEN OIFM/IFN SHAHID BEHESHTI INTL ESFAHAN, IRAN 10-3E 3000 2 4 9 JUL 21 .Eff.15.Jul. cept 250^ bearing from IFN NDB to IFN NDB to GADLU, climb to cleared FL. 133 52-00",d86b5b5e262a775f8e91d28a403f4b163992dbdd1733ca28e1ba6e46ce8a7ab6
262,OIFM,OIFM,SID,SID,10-3F,"DAPOG 1D, GESIP 1D, LABOT 3D, LADAL 3D",MATCH,independently_consistent,True,False,True,AWAITING_INDIVIDUAL_VISUAL_VERIFICATION,,images/pages_0001_0400/0262.jpg,"180^ Apt Elev DAPOG .SID. JEPPESEN OIFM/IFN SHAHID BEHESHTI INTL 10-3F ESFAHAN, IRAN 5058 Trans alt: 13000 9 JUL 21 .Eff.15.Jul. 151 122 33-00 6500 DEPARTURES (RWYS 07L/R) DAPOG 1D [DAPO1D], GESIP 1D [GESI1D] LABOT 3D [LABO3D], LADAL 3D [LADA3D] NOT TO SCALE DAPOG 1D GESIP 1D LAD",d86b5b5e262a775f8e91d28a403f4b163992dbdd1733ca28e1ba6e46ce8a7ab6
263,OIFM,OIFP,SID,SID,10-3G,"BOMID 3D, GADLU 2D, GADLU 2L",REVIEW,header_icao_differs_from_index,True,False,True,AWAITING_INDIVIDUAL_VISUAL_VERIFICATION,,images/pages_0001_0400/0263.jpg,"0 6 HAN Ab FP 12,000 1 8 0 ^ 9500 270^ 6000 280^ 2 337 IFN ESFAHAN IFN 113.2 ISN ESFAHAN ISN D 50 .SID. JEPPESEN OIFM/IFN SHAHID BEHESHTI INTL ESFAHAN, IRAN 10-3G 000 to IFN NDB, 250^ bearing to D25.0 ISN, DB to GADLU, climb to cleared FL. 9 JUL 21 .Eff.15.Jul. 133 52-00 TING MID",d86b5b5e262a775f8e91d28a403f4b163992dbdd1733ca28e1ba6e46ce8a7ab6
264,OIFM,,AIRPORT,AIRPORT,10-9,Airport Diagram Chart (ADC),MATCH,independently_consistent,True,False,True,AWAITING_INDIVIDUAL_VISUAL_VERIFICATION,,images/pages_0001_0400/0264.jpg,10-9 121.9 118.3 N M L G F E 04^E Apt Elev 32-45 32-46 32-46 51-50 51-51 51-52 51-53 JEPPESEN 128.250 1 22 DEC 23 .Eff.28.Dec. Heavy and medium Acft are required to get permission and instruction from tower to make 180^ turns on rwy-in-use. A340 and B747 are not authorized to use,d86b5b5e262a775f8e91d28a403f4b163992dbdd1733ca28e1ba6e46ce8a7ab6
265,OIFM,OIFM,AIRPORT,AIRPORT,10-9S,MINIMUMS,MATCH,independently_consistent,True,False,True,AWAITING_INDIVIDUAL_VISUAL_VERIFICATION,,images/pages_0001_0400/0265.jpg,"10-9S JEPPESEN 1 .Eff.23.Mar. .EASA.AIR.OPS. 1 17 MAR 23 STRAIGHT-IN RWY D C B A OIFM/IFN ESFAHAN, IRAN 07L (372') 5430' R1500m R1500m R1500m R1500m (442') (442') 5500' 5500' R2100m R2100m SHAHID BEHESHTI INTL ALS out R2300m R2300m 5430'(372') 5430'(372') 5430'(372') ALS out R170",d86b5b5e262a775f8e91d28a403f4b163992dbdd1733ca28e1ba6e46ce8a7ab6
266,OIFM,OIFM,AIRPORT,AIRPORT,10-9S1,MINIMUMS,MATCH,independently_consistent,True,False,True,AWAITING_INDIVIDUAL_VISUAL_VERIFICATION,,images/pages_0001_0400/0266.jpg,"10-9S1 JEPPESEN .Eff.23.Mar. .EASA.AIR.OPS. 17 MAR 23 1 1 OIFM/IFN ESFAHAN, IRAN SHAHID BEHESHTI INTL STRAIGHT-IN RWY D C B A (563') (563') R2300m R2300m 5600' 5600' VOR APPLICABLE NOT APPLICABLE NOT R3000m R3000m ALS out (563') (563') R1900m R1900m 5600' 5600' VOR APPLICABLE NOT",d86b5b5e262a775f8e91d28a403f4b163992dbdd1733ca28e1ba6e46ce8a7ab6
267,OIFM,OIFM,AIRPORT,AIRPORT,10-9S2,MINIMUMS,MATCH,independently_consistent,True,False,True,AWAITING_INDIVIDUAL_VISUAL_VERIFICATION,,images/pages_0001_0400/0267.jpg,"10-9S2 JEPPESEN 1 .Eff.23.Mar. .EASA.AIR.OPS. 17 MAR 23 1 OIFM/IFN ESFAHAN, IRAN SHAHID BEHESHTI INTL STRAIGHT-IN RWY D C B A (837') (837') 5880' 5880' ALS out R3100m R3100m R3800m R3800m (837') (837') (837') (837') 5880' 5880' 5880' 5880' ALS out R3300m R3300m R3500m R3500m R400",d86b5b5e262a775f8e91d28a403f4b163992dbdd1733ca28e1ba6e46ce8a7ab6
268,OIFM,,APP,APP,11-1,APPROACH 11-1,MATCH,independently_consistent,True,False,True,AWAITING_INDIVIDUAL_VISUAL_VERIFICATION,,images/pages_0001_0400/0268.jpg,"60 6000 7000 7000 8000 8000 8000 8000 9000 12 D M E A rc I SN 7 5 00 MISSED APCH: ESFAHAN, IRAN 11-1 ESFAHAN Tower Ground 124.6 118.3 121.9 LOC 109.9 Final Apch Crs 254^ 7000' ILS DA(H) 5267'(224') Apt Elev 5058' Rwy 5043' IIFN D7.0 IIFN 1 25R Rwy 2 & Climb STRAIGHT AHEAD to VOR,",d86b5b5e262a775f8e91d28a403f4b163992dbdd1733ca28e1ba6e46ce8a7ab6
269,OIFM,,APP,APP,11-2,APPROACH 11-2,MATCH,independently_consistent,True,False,True,AWAITING_INDIVIDUAL_VISUAL_VERIFICATION,,images/pages_0001_0400/0269.jpg,"158^ 600 6000 7000 7000 8000 8000 8000 MISSED APCH: ESFAHAN, IRAN 11-2 ESFAHAN Tower Ground 124.6 118.3 121.9 LOC 109.9 Final Apch Crs 254^ 7000' ILS DA(H) 5267'(224') Apt Elev 5058' Rwy 5043' IIFN D7.0 IIFN 12 D M E A rc I SN 7 5 00 rejoin NORTH holding at 10000'. Turn RIGHT, cl",d86b5b5e262a775f8e91d28a403f4b163992dbdd1733ca28e1ba6e46ce8a7ab6
270,OIFM,,APP,APP,13-1,VOR DME 4 RWY 07L,MATCH,independently_consistent,True,False,True,AWAITING_INDIVIDUAL_VISUAL_VERIFICATION,,images/pages_0001_0400/0270.jpg,"7000 7000 7000 D15.0 (IAF) MHA 10000 33-00 168^ 3 20 MISSED APCH: ESFAHAN, IRAN ESFAHAN Tower Ground VOR 113.2 Final Apch Crs 075^ 6200' 5430'(372') 5058' ISN D3.0 VOR DME 4 Rwy 07L 13-1 124.6 118.3 121.9 Apt Elev BRIEFING STRIP TM OIFM/IFN Alt Set: hPa Apt Elev: 172 hPa Trans le",d86b5b5e262a775f8e91d28a403f4b163992dbdd1733ca28e1ba6e46ce8a7ab6
271,OIFM,OIFE,APP,APP,13-2,APPROACH 13-2,REVIEW,header_icao_differs_from_index,True,False,True,AWAITING_INDIVIDUAL_VISUAL_VERIFICATION,,images/pages_0001_0400/0271.jpg,"ESFAHAN Hesa OIFE ESFAHAN Hesa OIFE ESFAHAN Hesa OIFE 6000 7000 MHA 10000 MISSED APCH: ESFAHAN, IRAN ESFAHAN Tower Ground VOR 113.2 Final Apch Crs 075^ 6200' 5430'(372') Apt Elev 5058' ISN D3.0 VOR DME 5 Rwy 07L 13-2 124.6 118.3 121.9 D15.0 348^ 168^ NORTH HOLDING 20 BRIEFING STR",d86b5b5e262a775f8e91d28a403f4b163992dbdd1733ca28e1ba6e46ce8a7ab6
272,OIFM,OIFM,APP,APP,13-3,VOR 2 RWY 07L,MATCH,independently_consistent,True,False,True,AWAITING_INDIVIDUAL_VISUAL_VERIFICATION,,images/pages_0001_0400/0272.jpg,"10 ESFAHAN, IRAN ESFAHAN Tower Ground 124.6 118.3 121.9 VOR ISN Apt Elev 5058' 5500'(442') 113.2 075^ MISSED APCH: Final Apch Crs 13-3 BRIEFING STRIP TM OIFM/IFN Climb on R-075 to 6800', then turn RIGHT to rejoin holding at 8000'. SHAHID BEHESHTI INTL CAT C & D JEPPESEN ESFAHAN A",d86b5b5e262a775f8e91d28a403f4b163992dbdd1733ca28e1ba6e46ce8a7ab6
273,OIFM,OIFM,APP,APP,13-4,VOR 1 RWY 07L,MATCH,independently_consistent,True,False,True,AWAITING_INDIVIDUAL_VISUAL_VERIFICATION,,images/pages_0001_0400/0273.jpg,"10 ESFAHAN, IRAN ESFAHAN Tower Ground 124.6 118.3 121.9 VOR ISN Apt Elev 5058' 5500'(442') 113.2 075^ MISSED APCH: Final Apch Crs 13-4 BRIEFING STRIP TM OIFM/IFN Climb on R-075 to 6800', then turn RIGHT to rejoin holding at 8000'. SHAHID BEHESHTI INTL CAT A & B JEPPESEN ESFAHAN A",d86b5b5e262a775f8e91d28a403f4b163992dbdd1733ca28e1ba6e46ce8a7ab6
274,OIFM,,APP,APP,13-5,VOR DME 6 RWY 07R,MATCH,independently_consistent,True,False,True,AWAITING_INDIVIDUAL_VISUAL_VERIFICATION,,images/pages_0001_0400/0274.jpg,"7000 7000 7000 (IAF) MHA 10000 168^ 34 20 MISSED APCH: ESFAHAN, IRAN ESFAHAN Tower Ground VOR 113.2 Final Apch Crs 075^ 6200' 5430'(372') 5058' ISN D3.0 VOR DME 6 Rwy 07R 13-5 124.6 118.3 121.9 Apt Elev BRIEFING STRIP TM OIFM/IFN Alt Set: hPa Apt Elev: 172 hPa Trans level: By ATC",d86b5b5e262a775f8e91d28a403f4b163992dbdd1733ca28e1ba6e46ce8a7ab6
275,OIFM,OIFE,APP,APP,13-6,APPROACH 13-6,REVIEW,header_icao_differs_from_index,True,False,True,AWAITING_INDIVIDUAL_VISUAL_VERIFICATION,,images/pages_0001_0400/0275.jpg,"ESFAHAN Hesa OIFE 6000 7000 7000 8000 MHA 10000 MISSED APCH: ESFAHAN, IRAN ESFAHAN Tower Ground VOR 113.2 Final Apch Crs 061^ 6200' 5430'(372') Apt Elev 5058' ISN D4.0 VOR DME 7 Rwy 07R 13-6 124.6 118.3 121.9 D15.0 348^ 168^ NOT TO SCALE Climb STRAIGHT AHEAD to VOR, then turn LEF",d86b5b5e262a775f8e91d28a403f4b163992dbdd1733ca28e1ba6e46ce8a7ab6
276,OIFM,,APP,APP,13-7,APPROACH 13-7,MATCH,independently_consistent,True,False,True,AWAITING_INDIVIDUAL_VISUAL_VERIFICATION,,images/pages_0001_0400/0276.jpg,"6000 7000 7000 8000 8000 D15.0 (IAF) 168^ MISSED APCH: ESFAHAN, IRAN ESFAHAN Tower Ground 124.6 118.3 121.9 VOR 113.2 Final Apch Crs 258^ 5800' 5410'(373') Apt Elev 5058' Rwy 5037' ISN Climb STRAIGHT AHEAD to VOR, then turn RIGHT and climb on R-348 to rejoin NORTH holding at 1000",d86b5b5e262a775f8e91d28a403f4b163992dbdd1733ca28e1ba6e46ce8a7ab6
277,OIFM,,APP,APP,13-8,CHART PAGE 182,MATCH,independently_consistent,True,False,True,AWAITING_INDIVIDUAL_VISUAL_VERIFICATION,,images/pages_0001_0400/0277.jpg,"6000 7000 7000 8000 8000 D15.0 (IAF) 168^ 0 MISSED APCH: ESFAHAN, IRAN ESFAHAN Tower Ground 124.6 118.3 121.9 VOR 113.2 Final Apch Crs 254^ 5800' 5410'(367') Apt Elev 5058' Rwy 5043' ISN Climb STRAIGHT AHEAD to VOR, then turn RIGHT and climb on R-348 to rejoin NORTH holding at 10",d86b5b5e262a775f8e91d28a403f4b163992dbdd1733ca28e1ba6e46ce8a7ab6
278,OIFM,,APP,APP,13-9,VOR RWY 25L CAT C & D,MATCH,independently_consistent,True,False,True,AWAITING_INDIVIDUAL_VISUAL_VERIFICATION,,images/pages_0001_0400/0278.jpg,"10 ESFAHAN, IRAN VOR Rwy 25L/R ESFAHAN Tower Ground 124.6 118.3 121.9 VOR ISN 258^ Apt Elev 5058' Rwy 25R 5043' Rwy 25L 5037' MISSED APCH: then turn RIGHT to rejoin holding at 8000'. 113.2 Final Apch Crs Rwy 25R: Rwy 25L: 254^ Climbing turn RIGHT to intercept R-300 to 7000', 13-9",d86b5b5e262a775f8e91d28a403f4b163992dbdd1733ca28e1ba6e46ce8a7ab6
279,OIFM,OIFM,APP,APP,13-10,CHART PAGE 184,MATCH,independently_consistent,True,False,True,AWAITING_INDIVIDUAL_VISUAL_VERIFICATION,,images/pages_0001_0400/0279.jpg,"10 ESFAHAN, IRAN ESFAHAN Tower Ground 124.6 118.3 121.9 VOR ISN MDA(H) Apt Elev 5058' then turn RIGHT to rejoin holding at 8000'. 5750'(692') 113.2 255^ MISSED APCH: Final Apch Crs Climbing turn RIGHT to intercept R-300 to 7000', BRIEFING STRIP TM OIFM/IFN SHAHID BEHESHTI INTL CA",d86b5b5e262a775f8e91d28a403f4b163992dbdd1733ca28e1ba6e46ce8a7ab6
280,OIFM,OIFE,APP,APP,16-1,APPROACH 16-1,REVIEW,header_icao_differs_from_index,True,False,True,AWAITING_INDIVIDUAL_VISUAL_VERIFICATION,,images/pages_0001_0400/0280.jpg,"OIFE ESFAHAN Hesa 6000 7000 7000 8000 8000 158^ (IAF) D15.0 MAX 210 KT NOT TO SCALE NDB DME 2 NORTH HOLDING D15.0 168^ 348^ BRIEFING STRIP TM ESFAHAN, IRAN ESFAHAN Tower Ground 124.6 118.3 121.9 NDB 337 IFN 082^ MISSED APCH: 16-1 OIFM/IFN SHAHID BEHESHTI INTL JEPPESEN NDB DME 2 &",d86b5b5e262a775f8e91d28a403f4b163992dbdd1733ca28e1ba6e46ce8a7ab6
281,OIFM,OIFE,APP,APP,16-2,APPROACH 16-2,REVIEW,header_icao_differs_from_index,True,False,True,AWAITING_INDIVIDUAL_VISUAL_VERIFICATION,,images/pages_0001_0400/0281.jpg,"ESFAHAN Hesa OIFE 6000 7000 7000 8000 8000 158^ (IAF) D15.0 MAX 210 KT NOT TO SCALE D15.0 168^ 348^ BRIEFING STRIP TM ESFAHAN, IRAN ESFAHAN Tower Ground 124.6 118.3 121.9 NDB 337 IFN 078^ MISSED APCH: 16-2 OIFM/IFN SHAHID BEHESHTI INTL JEPPESEN NDB DME 1 & 3 Rwy 07R D3.0 6200'(11",d86b5b5e262a775f8e91d28a403f4b163992dbdd1733ca28e1ba6e46ce8a7ab6
282,OIFM,,APP,APP,16-3,APPROACH 16-3,MATCH,independently_consistent,True,False,True,AWAITING_INDIVIDUAL_VISUAL_VERIFICATION,,images/pages_0001_0400/0282.jpg,"10 ESFAHAN, IRAN ESFAHAN Tower Ground 124.6 118.3 121.9 NDB 337 IFN Final Apch Crs 248^ No FAF Apt Elev 5058' Rwy 25R 5043' Rwy 25L 5037' MISSED APCH: then turn RIGHT and rejoin holding at 8000'. Turn RIGHT onto track 300^ and climb to 7000', 16-3 BRIEFING STRIP TM OIFM/IFN SHAHI",d86b5b5e262a775f8e91d28a403f4b163992dbdd1733ca28e1ba6e46ce8a7ab6
283,OIFM,,APP,APP,16-4,APPROACH 16-4,MATCH,independently_consistent,True,False,True,AWAITING_INDIVIDUAL_VISUAL_VERIFICATION,,images/pages_0001_0400/0283.jpg,"10 ESFAHAN, IRAN ESFAHAN Tower Ground 124.6 118.3 121.9 NDB 337 IFN Final Apch Crs 248^ No FAF Apt Elev 5058' Rwy 25R 5043' Rwy 25L 5037' MISSED APCH: then turn RIGHT and rejoin holding at 8000'. Turn RIGHT onto track 300^ and climb to 7000', 16-4 BRIEFING STRIP TM OIFM/IFN SHAHI",d86b5b5e262a775f8e91d28a403f4b163992dbdd1733ca28e1ba6e46ce8a7ab6
284,OIFP,OIFP,AIRPORT,AIRPORT,,AIRPORT INFORMATION,MATCH,independently_consistent,True,False,True,AWAITING_INDIVIDUAL_VISUAL_VERIFICATION,,images/pages_0001_0400/0284.jpg,"General Information Location: ESFAHAN IRN ICAO: OIFP Lat/Long: N32° 37.2', E051° 41.4' Elevation: 5242 ft Airport Use: Military Daylight Savings: Not Observed UTC Conversion: -3:30 = UTC Magnetic Variation: 3.0° E General Information Location: ESFAHAN IRN ICAO: OIFP Lat/Long: N32",d86b5b5e262a775f8e91d28a403f4b163992dbdd1733ca28e1ba6e46ce8a7ab6
285,OIFP,,AIRPORT,AIRPORT,20-9,Airport Diagram Chart (ADC),MATCH,independently_consistent,True,False,True,AWAITING_INDIVIDUAL_VISUAL_VERIFICATION,,images/pages_0001_0400/0285.jpg,"361' 110m Apt Elev 20-9 118.1 121.7 03^E *BADR Tower JEPPESEN Birds. Strolling dogs observed on movement area. Helicopter flying on first 350'/107m South of rwy 08, caution advise. 32-38 32-38 51-40 51-41 51-42 51-43 10 DEC 21 5242' BADR AB OIFP N32 37.2 E051 41.4 ESFAHAN, IRAN P",d86b5b5e262a775f8e91d28a403f4b163992dbdd1733ca28e1ba6e46ce8a7ab6
286,OIFS,OIFS,AIRPORT,AIRPORT,,AIRPORT INFORMATION,MATCH,independently_consistent,True,False,True,AWAITING_INDIVIDUAL_VISUAL_VERIFICATION,,images/pages_0001_0400/0286.jpg,"General Information Location: SHAHRE KORD IRN ICAO/IATA: OIFS / CQD Lat/Long: N32° 17.8', E050° 50.5' Elevation: 6723 ft Airport Use: Public Daylight Savings: Not Observed UTC Conversion: -3:30 = UTC Magnetic Variation: 4.0° E General Information Location: SHAHRE KORD IRN ICAO/IA",d86b5b5e262a775f8e91d28a403f4b163992dbdd1733ca28e1ba6e46ce8a7ab6
287,OIFS,OIFS,STAR,STAR,10-2,"BOMID 1N, ESFAHAN 1N, ESFAHAN 1P",MATCH,independently_consistent,True,False,True,AWAITING_INDIVIDUAL_VISUAL_VERIFICATION,,images/pages_0001_0400/0287.jpg,"Apt Elev 10-2 .STAR. 6723' Alt Set: hPa Trans level: By ATC Trans alt: 13000' Actual descent clearance will be as directed by ATC. SHAHRE KORD SHAHRE KORD, IRAN OIFS/CQD JEPPESEN BOMID N32 59.1 E050 40.5 164^ FL15 11.5 BOMI .Eff.21.Aug. 15 AUG 14 MSA 14,600' 13,900' 11,700' 090^ ",d86b5b5e262a775f8e91d28a403f4b163992dbdd1733ca28e1ba6e46ce8a7ab6
288,OIFS,OIFS,STAR,STAR,10-2A,"IMKEN 1N, IMKEN 1P, LOXAK 1N, LOXAK 1P",MATCH,independently_consistent,True,False,True,AWAITING_INDIVIDUAL_VISUAL_VERIFICATION,,images/pages_0001_0400/0288.jpg,"Apt Elev .STAR. 6723' Alt Set: hPa Trans level: By ATC Trans alt: 13000' Actual descent clearance will be as directed by ATC. SHAHRE KORD SHAHRE KORD, IRAN OIFS/CQD JEPPESEN 10-2A .Eff.21.Aug. 15 AUG 14 LOXAK SKD 302^ .7 FL150 XAK 1P N31 44.9 E051 43.7 MSA 14,600' 13,900' 11,700'",d86b5b5e262a775f8e91d28a403f4b163992dbdd1733ca28e1ba6e46ce8a7ab6
289,OIFS,OIFS,STAR,STAR,10-2B,"PEKAM 2N, PEKAM 2P",MATCH,independently_consistent,True,False,True,AWAITING_INDIVIDUAL_VISUAL_VERIFICATION,,images/pages_0001_0400/0289.jpg,"Apt Elev .STAR. 6723' Alt Set: hPa Trans level: By ATC Trans alt: 13000' Actual descent clearance will be as directed by ATC. SHAHRE KORD SHAHRE KORD, IRAN OIFS/CQD PEKAM JEPPESEN 10-2B .Eff.17.Apr. 11 APR 25 183^ 2.6 200 M 2N, 2P MSA 090^ 270^ 180^ SKD VOR 13,900 11,700 14,600 P",d86b5b5e262a775f8e91d28a403f4b163992dbdd1733ca28e1ba6e46ce8a7ab6
290,OIFS,OIFS,STAR,STAR,10-2C,"BOMID 1P, ESFAHAN 1Q",MATCH,independently_consistent,True,False,True,AWAITING_INDIVIDUAL_VISUAL_VERIFICATION,,images/pages_0001_0400/0290.jpg,"Apt Elev .STAR. 6723' Alt Set: hPa Trans level: By ATC Trans alt: 13000' Actual descent clearance will be as directed by ATC. SHAHRE KORD SHAHRE KORD, IRAN OIFS/CQD 10-2C JEPPESEN ESFAHAN ISN .Eff.17.Apr. 11 APR 25 BOMID MSA 090^ 270^ 180^ SKD NDB 13,900 11,700 14,600 BOMID 1P [B",d86b5b5e262a775f8e91d28a403f4b163992dbdd1733ca28e1ba6e46ce8a7ab6
291,OIFS,OIFS,SID,SID,10-3,"BOMID 1E, BOMID 1F",MATCH,independently_consistent,True,False,True,AWAITING_INDIVIDUAL_VISUAL_VERIFICATION,,images/pages_0001_0400/0291.jpg,"Apt Elev 6723' SHAHRE KORD SHAHRE KORD, IRAN OIFS/CQD Trans level: By ATC Trans alt: 13000' .SID. 10-3 .SID. JEPPESEN 17 JUN 16 BOMID N32 59.1 E050 40.5 MSA 14,600' 13,900' 11,700' 090^ 270^ 180^ SKD VOR BOMID 1E [BOMI1E] BOMID 1F [BOMI1F] DEPARTURES Printed from JeppView for Win",d86b5b5e262a775f8e91d28a403f4b163992dbdd1733ca28e1ba6e46ce8a7ab6
292,OIFS,OIFS,SID,SID,10-3A,"BOMID 1G, BOMID 1H",MATCH,independently_consistent,True,False,True,AWAITING_INDIVIDUAL_VISUAL_VERIFICATION,,images/pages_0001_0400/0292.jpg,"Apt Elev 6723' SHAHRE KORD SHAHRE KORD, IRAN OIFS/CQD Trans level: By ATC Trans alt: 13000' .SID. .SID. JEPPESEN 17 JUN 16 BOMID N32 59.1 E050 40.5 10-3A MSA 14,600' 13,900' 11,700' 090^ 270^ 180^ SKD NDB BOMID 1G [BOMI1G] BOMID 1H [BOMI1H] DEPARTURES Printed from JeppView for Wi",d86b5b5e262a775f8e91d28a403f4b163992dbdd1733ca28e1ba6e46ce8a7ab6
293,OIFS,OIFS,SID,SID,10-3B,"ESFAHAN 1A, ESFAHAN 1B",MATCH,independently_consistent,True,False,True,AWAITING_INDIVIDUAL_VISUAL_VERIFICATION,,images/pages_0001_0400/0293.jpg,"Apt Elev 6723' SHAHRE KORD SHAHRE KORD, IRAN OIFS/CQD Trans level: By ATC Trans alt: 13000' .SID. .SID. JEPPESEN 17 JUN 16 10-3B ESFAHAN 113.2 ISN ISN N32 44.8 E051 49.7 D MSA 14,600' 13,900' 11,700' 090^ 270^ 180^ SKD VOR DEPARTURES ESFAHAN 1A [ISN1A] ESFAHAN 1B [ISN1B] Printed ",d86b5b5e262a775f8e91d28a403f4b163992dbdd1733ca28e1ba6e46ce8a7ab6
294,OIFS,OIFS,SID,SID,10-3C,"ESFAHAN 1C, ESFAHAN 1D",MATCH,independently_consistent,True,False,True,AWAITING_INDIVIDUAL_VISUAL_VERIFICATION,,images/pages_0001_0400/0294.jpg,"Apt Elev 6723' SHAHRE KORD SHAHRE KORD, IRAN OIFS/CQD Trans level: By ATC Trans alt: 13000' .SID. .SID. JEPPESEN 17 JUN 16 10-3C ESFAHAN 113.2 ISN ISN N32 44.8 E051 49.7 D MSA 14,600' 13,900' 11,700' 090^ 270^ 180^ SKD NDB DEPARTURES ESFAHAN 1C [ISN1C] ESFAHAN 1D [ISN1D] Printed ",d86b5b5e262a775f8e91d28a403f4b163992dbdd1733ca28e1ba6e46ce8a7ab6
295,OIFS,OIFS,SID,SID,10-3D,"IMKEN 1A, IMKEN 1B",MATCH,independently_consistent,True,False,True,AWAITING_INDIVIDUAL_VISUAL_VERIFICATION,,images/pages_0001_0400/0295.jpg,"Apt Elev 6723' SHAHRE KORD SHAHRE KORD, IRAN OIFS/CQD Trans level: By ATC Trans alt: 13000' .SID. .SID. JEPPESEN 17 JUN 16 10-3D At MSA 14,600' 13,900' 11,700' 090^ 270^ 180^ SKD VOR DEPARTURES IMKEN 1A [IMKE1A] IMKEN 1B [IMKE1B] Printed from JeppView for Windows 5.3.0.0 on 09 Oc",d86b5b5e262a775f8e91d28a403f4b163992dbdd1733ca28e1ba6e46ce8a7ab6
296,OIFS,OIFS,SID,SID,10-3E,"IMKEN 1C, IMKEN 1D",MATCH,independently_consistent,True,False,True,AWAITING_INDIVIDUAL_VISUAL_VERIFICATION,,images/pages_0001_0400/0296.jpg,"Apt Elev 6723' SHAHRE KORD SHAHRE KORD, IRAN OIFS/CQD Trans level: By ATC Trans alt: 13000' .SID. .SID. JEPPESEN 17 JUN 16 10-3E MSA 14,600' 13,900' 11,700' 090^ 270^ 180^ SKD NDB DEPARTURES IMKEN 1C [IMKE1C] IMKEN 1D [IMKE1D] Printed from JeppView for Windows 5.3.0.0 on 09 Oct 2",d86b5b5e262a775f8e91d28a403f4b163992dbdd1733ca28e1ba6e46ce8a7ab6
297,OIFS,OIFS,SID,SID,10-3F,"LOXAK 1A, LOXAK 1B",MATCH,independently_consistent,True,False,True,AWAITING_INDIVIDUAL_VISUAL_VERIFICATION,,images/pages_0001_0400/0297.jpg,"Apt Elev 6723' SHAHRE KORD SHAHRE KORD, IRAN OIFS/CQD Trans level: By ATC Trans alt: 13000' .SID. .SID. JEPPESEN 17 JUN 16 32 10-3F At 8500' LOXAK 1B MSA 14,600' 13,900' 11,700' 090^ 270^ 180^ SKD VOR DEPARTURES LOXAK 1A [LOXA1A] LOXAK 1B [LOXA1B] Printed from JeppView for Window",d86b5b5e262a775f8e91d28a403f4b163992dbdd1733ca28e1ba6e46ce8a7ab6
298,OIFS,OIFS,SID,SID,10-3G,"LOXAK 1C, LOXAK 1D",MATCH,independently_consistent,True,False,True,AWAITING_INDIVIDUAL_VISUAL_VERIFICATION,,images/pages_0001_0400/0298.jpg,"Apt Elev 6723' SHAHRE KORD SHAHRE KORD, IRAN OIFS/CQD Trans level: By ATC Trans alt: 13000' .SID. .SID. JEPPESEN 17 JUN 16 323^ 10-3G SHAHRE KORD SKD At 8500' LOXAK 1D MSA 14,600' 13,900' 11,700' 090^ 270^ 180^ SKD NDB DEPARTURES LOXAK 1C [LOXA1C] LOXAK 1D [LOXA1D] Printed from J",d86b5b5e262a775f8e91d28a403f4b163992dbdd1733ca28e1ba6e46ce8a7ab6
299,OIFS,OIFS,AIRPORT,AIRPORT,10-9,Airport Diagram Chart (ADC),MATCH,independently_consistent,True,False,True,AWAITING_INDIVIDUAL_VISUAL_VERIFICATION,,images/pages_0001_0400/0299.jpg,"Apt Elev 50-49 50-50 50-51 NDB 14 143^ 6723' 10-9 SHAHRE KORD N32 17.8 E050 50.5 118.5 121.7 OIFS/CQD 479' Stopway 146m Elev 6723' *SHAHRE KORD Tower 50-52 SHAHRE KORD, IRAN JEPPESEN 04^E 15 MAR 24 .Eff.21.Mar. Birds in vicinity of airport. Anti-icing & De-icing area located at E",d86b5b5e262a775f8e91d28a403f4b163992dbdd1733ca28e1ba6e46ce8a7ab6
300,OIFS,,APP,APP,13-1,VOR DME RWY 14,MATCH,independently_consistent,True,False,True,AWAITING_INDIVIDUAL_VISUAL_VERIFICATION,,images/pages_0001_0400/0300.jpg,"OI(C)-32 8000 9000 MISSED APCH: BRIEFING STRIP TM SHAHRE KORD, IRAN SHAHRE KORD 13-1 118.5 121.7 VOR SKD 144^ 7930'(1207') 270^ 090^ 180^ MSA SKD VOR Alt Set: hPa Apt Elev: 223 hPa Trans level: By ATC Trans alt: 13000' VOR DME Rwy 14 117.3 324^ 144^ 14 (IAF) D17.0 32-30 OIFS/CQD ",d86b5b5e262a775f8e91d28a403f4b163992dbdd1733ca28e1ba6e46ce8a7ab6
301,OIFS,,APP,APP,13-2,APPROACH 13-2,MATCH,independently_consistent,True,False,True,AWAITING_INDIVIDUAL_VISUAL_VERIFICATION,,images/pages_0001_0400/0301.jpg,OI(C)-32 OI(C)-98 8000 8000 8000 8000 8000 8000 8000 90 8000 MISSED APCH: BRIEFING STRIP TM 13-2 VOR 117.3 SKD Final Apch Crs 324^ 9300' Apt Elev 6723' (2577') OIFS/CQD JEPPESEN *SHAHRE KORD Tower 118.5 121.7 CAT C 180^ 270^ 090^ CIRCLING VOR DME 20 11000'(4277') D9.5 SHAHRE KORD,d86b5b5e262a775f8e91d28a403f4b163992dbdd1733ca28e1ba6e46ce8a7ab6
302,OIFS,,APP,APP,13-3,APPROACH 13-3,MATCH,independently_consistent,True,False,True,AWAITING_INDIVIDUAL_VISUAL_VERIFICATION,,images/pages_0001_0400/0302.jpg,OI(C)-32 OI(C)-72 OI(C)-98 8000 8000 8000 8000 8000 900 8000 8000 MISSED APCH: BRIEFING STRIP TM 13-3 VOR 117.3 SKD Final Apch Crs 324^ 8500' Apt Elev 6723' (1777') OIFS/CQD JEPPESEN *SHAHRE KORD Tower 118.5 121.7 180^ 270^ 090^ CIRCLING VOR DME 20 CAT A & B 11000'(4277') D9.5 SH,d86b5b5e262a775f8e91d28a403f4b163992dbdd1733ca28e1ba6e46ce8a7ab6
303,OIFS,,APP,APP,16-1,APPROACH 16-1,MATCH,independently_consistent,True,False,True,AWAITING_INDIVIDUAL_VISUAL_VERIFICATION,,images/pages_0001_0400/0303.jpg,"OI(C)-32 OI(C)-72 OI(C)-98 8000 8000 MISSED APCH: BRIEFING STRIP TM SHAHRE KORD, IRAN SHAHRE KORD 16-1 118.5 121.7 NDB SKD 376 142^ 9500' Apt Elev 6723' 270^ 090^ 180^ MSA SKD NDB Alt Set: hPa Apt Elev: 223 hPa Trans level: By ATC Trans alt: 13000' Final Apch Crs 10 (MAX 185 KT) ",d86b5b5e262a775f8e91d28a403f4b163992dbdd1733ca28e1ba6e46ce8a7ab6
304,OIFS,,APP,APP,16-2,APPROACH 16-2,MATCH,independently_consistent,True,False,True,AWAITING_INDIVIDUAL_VISUAL_VERIFICATION,,images/pages_0001_0400/0304.jpg,"OI(C)-32 OI(C)-72 OI(C)-98 8000 8000 8000 MISSED APCH: BRIEFING STRIP TM SHAHRE KORD, IRAN SHAHRE KORD 16-2 118.5 121.7 NDB SKD 376 133^ MDA(H) 9500'(2777') Apt Elev 6723' 270^ 090^ 180^ MSA SKD NDB Alt Set: hPa Apt Elev: 223 hPa Trans level: By ATC Final Apch Crs 10 OIFS/CQD No ",d86b5b5e262a775f8e91d28a403f4b163992dbdd1733ca28e1ba6e46ce8a7ab6
305,OIGG,OIGG,AIRPORT,AIRPORT,,AIRPORT INFORMATION,REVIEW,only_old_index_supports_category,True,False,True,AWAITING_INDIVIDUAL_VISUAL_VERIFICATION,,images/pages_0001_0400/0305.jpg,"General Information Location: RASHT IRN ICAO/IATA: OIGG / RAS Lat/Long: N37° 19.4', E049° 37.1' Elevation: -37 ft Airport Use: Public Daylight Savings: Not Observed UTC Conversion: -3:30 = UTC Magnetic Variation: 5.0° E Rasht Tower: 121.900 Rasht Approach: 122.700 General Informa",d86b5b5e262a775f8e91d28a403f4b163992dbdd1733ca28e1ba6e46ce8a7ab6
306,OIGG,OIGG,AIRPORT,AIRPORT,,AIRPORT INFORMATION,MATCH,independently_consistent,True,False,True,AWAITING_INDIVIDUAL_VISUAL_VERIFICATION,,images/pages_0001_0400/0306.jpg,"General Information Location: RASHT IRN ICAO/IATA: OIGG / RAS Lat/Long: N37° 19.4', E049° 37.1' Elevation: -37 ft Airport Use: Public Daylight Savings: Not Observed UTC Conversion: -3:30 = UTC Magnetic Variation: 5.0° E Rasht Tower: 121.900 Rasht Approach: 122.700 Rasht Tower: 12",d86b5b5e262a775f8e91d28a403f4b163992dbdd1733ca28e1ba6e46ce8a7ab6
307,OIGG,OIGG,STAR,STAR,10-2,"KOBUB 1N, KOBUB 1P",MATCH,independently_consistent,True,False,True,AWAITING_INDIVIDUAL_VISUAL_VERIFICATION,,images/pages_0001_0400/0307.jpg,"VO R T S R KOBUB 293^ N, 1P U1N], KOBUB 1P [KOBU1P] ARRIVALS (ALL RWYS) ) Alt Set: hPa Trans level: By ATC Actual descent clearance will be as directed by ATC. 10-2 .STAR. JEPPESEN OIGG/RAS SARDAR-E-JANGAL RASHT, IRAN 25 13 FEB 26 .Eff.19.Feb. 71 Printed from JeppView for Windows",d86b5b5e262a775f8e91d28a403f4b163992dbdd1733ca28e1ba6e46ce8a7ab6
308,OIGG,OIGG,STAR,STAR,10-2A,KOBUB 1Q,MATCH,independently_consistent,True,False,True,AWAITING_INDIVIDUAL_VISUAL_VERIFICATION,,images/pages_0001_0400/0308.jpg,"VO R T S R KOBUB 293^ [KOBU1Q] (ALL RWYS) ) Alt Set: hPa Trans level: By ATC Actual descent clearance will be as directed by ATC. .STAR. JEPPESEN OIGG/RAS SARDAR-E-JANGAL RASHT, IRAN 25 UB 1Q ARRIVAL 10-2A 13 FEB 26 .Eff.19.Feb. 71 Printed from JeppView for Windows 5.3.0.0 on 09 ",d86b5b5e262a775f8e91d28a403f4b163992dbdd1733ca28e1ba6e46ce8a7ab6
309,OIGG,,STAR,STAR,10-2B,"DEDLA 1N, DEDLA 1P, RARTA 1N, RARTA 1P",MATCH,independently_consistent,True,False,True,AWAITING_INDIVIDUAL_VISUAL_VERIFICATION,,images/pages_0001_0400/0309.jpg,DLA Apt Elev -37 *ATIS 126.2 (BELOW SEA LEVEL) Alt Set: hPa Trans level: By ATC Actual descent clearance will be as directed by ATC. RARTA 1P [RART1P] ARRIVALS (ALL RWYS) DEDLA 1N [DEDL1N] DEDLA 1P [DEDL1P] RARTA 1N [RART1N] JEPPESEN .STAR. 13 FEB 26 .Eff.19.Feb. 17 6 71 | JEPPES,d86b5b5e262a775f8e91d28a403f4b163992dbdd1733ca28e1ba6e46ce8a7ab6
310,OIGG,,STAR,STAR,10-2C,"DEDLA 1Q, RARTA 1Q",MATCH,independently_consistent,True,False,True,AWAITING_INDIVIDUAL_VISUAL_VERIFICATION,,images/pages_0001_0400/0310.jpg,"DLA Apt Elev -37 *ATIS 126.2 (BELOW SEA LEVEL) Alt Set: hPa Trans level: By ATC Actual descent clearance will be as directed by ATC. RARTA 1Q [RART1Q] ARRIVALS (ALL RWYS) DEDLA 1Q [DEDL1Q] JEPPESEN .STAR. 3 FEB 26 .Eff.19.Feb. 17 6 71 | JEPPESEN, 2026. ALL RIGHTS RESERVED. 10-2C ",d86b5b5e262a775f8e91d28a403f4b163992dbdd1733ca28e1ba6e46ce8a7ab6
311,OIGG,OIGG,STAR,STAR,10-2D,"EGRUD 1N, EGRUD 1Q",MATCH,independently_consistent,True,False,True,AWAITING_INDIVIDUAL_VISUAL_VERIFICATION,,images/pages_0001_0400/0311.jpg,"R089 3000 270^ U1N], EGRUD 1Q [EGRU1Q] ARRIVALS (ALL RWYS) ) Alt Set: hPa Trans level: By ATC Actual descent clearance will be as directed by ATC. .STAR. JEPPESEN OIGG/RAS SARDAR-E-JANGAL RASHT, IRAN MHA 4000 089^ 269^ D13.0 RST (IAF) 13 FEB 26 .Eff.19.Feb. 10-2D 35 40 45 176 71 ",d86b5b5e262a775f8e91d28a403f4b163992dbdd1733ca28e1ba6e46ce8a7ab6
312,OIGG,OIGG,STAR,STAR,10-2E,EGRUD 1P,MATCH,independently_consistent,True,False,True,AWAITING_INDIVIDUAL_VISUAL_VERIFICATION,,images/pages_0001_0400/0312.jpg,"R093 3000 270^ [EGRU1P] (ALL RWYS) ) Alt Set: hPa Trans level: By ATC Actual descent clearance will be as directed by ATC. .STAR. JEPPESEN OIGG/RAS SARDAR-E-JANGAL RASHT, IRAN 13 FEB 26 .Eff.19.Feb. 10-2E 35 40 45 UD 1P ARRIVAL MHA 3000 093^ 273^ D13.0 RST (IAF) 176 71 50-00 CONT",d86b5b5e262a775f8e91d28a403f4b163992dbdd1733ca28e1ba6e46ce8a7ab6
313,OIGG,OIGG,STAR,STAR,10-2F,"RALGO 1N, RALGO 1P",MATCH,independently_consistent,True,False,True,AWAITING_INDIVIDUAL_VISUAL_VERIFICATION,,images/pages_0001_0400/0313.jpg,"3000 270^ G1N], RALGO 1P [RALG1P] ARRIVALS (ALL RWYS) ) Alt Set: hPa Trans level: By ATC Actual descent clearance will be as directed by ATC. .STAR. JEPPESEN OIGG/RAS SARDAR-E-JANGAL RASHT, IRAN MHA 3000 093^ 273^ D13.0 RST 1P (IAF) 13 FEB 26 .Eff.19.Feb. 35 40 45 10-2F 71 50-00 ",d86b5b5e262a775f8e91d28a403f4b163992dbdd1733ca28e1ba6e46ce8a7ab6
314,OIGG,OIGG,STAR,STAR,10-2G,"MODIL 1N, MODIL 1P",MATCH,independently_consistent,True,False,True,AWAITING_INDIVIDUAL_VISUAL_VERIFICATION,,images/pages_0001_0400/0314.jpg,"MODIL 35 40 45 Apt Elev -37 *ATIS 126.2 MODIL 1N [MODI1N], MODIL 1P [MODI1P] ARRIVALS (ALL RWYS) (BELOW SEA LEVEL) Alt Set: hPa Trans level: By ATC Actual descent clearance will be as directed by ATC. .STAR. JEPPESEN 10-2G OIGG/RAS SARDAR-E-JANGAL RASHT, IRAN 13 FEB 26 .Eff.19.Fe",d86b5b5e262a775f8e91d28a403f4b163992dbdd1733ca28e1ba6e46ce8a7ab6
315,OIGG,OIGG,STAR,STAR,10-2H,MODIL 1Q,MATCH,independently_consistent,True,False,True,AWAITING_INDIVIDUAL_VISUAL_VERIFICATION,,images/pages_0001_0400/0315.jpg,"MODIL 35 40 45 Apt Elev -37 *ATIS 126.2 [MODI1Q] (ALL RWYS) (BELOW SEA LEVEL) Alt Set: hPa Trans level: By ATC Actual descent clearance will be as directed by ATC. .STAR. JEPPESEN 10-2H OIGG/RAS SARDAR-E-JANGAL RASHT, IRAN 13 FEB 26 .Eff.19.Feb. MODIL 1Q ARRIVAL CONTOUR INTERVALS",d86b5b5e262a775f8e91d28a403f4b163992dbdd1733ca28e1ba6e46ce8a7ab6
316,OIGG,OIGG,STAR,STAR,10-2J,"DEDLA 1S, KOBUB 1S, RALGO 1S",MATCH,independently_consistent,True,False,True,AWAITING_INDIVIDUAL_VISUAL_VERIFICATION,,images/pages_0001_0400/0316.jpg,"70^ DEDLA KOBUB 291^ L1S], KOBUB 1S [KOBU1S] ARRIVALS (ALL RWYS) ) Alt Set: hPa Trans level: By ATC Actual descent clearance will be as directed by ATC. .STAR. JEPPESEN OIGG/RAS SARDAR-E-JANGAL RASHT, IRAN 10-2J 50 O 1S [RALG1S] 13 FEB 26 .Eff.19.Feb. 12098 176 71 00 Printed from",d86b5b5e262a775f8e91d28a403f4b163992dbdd1733ca28e1ba6e46ce8a7ab6
317,OIGG,,SID,SID,10-3,"DEDLA 2A, DEDLA 2B, EGRUD 1A, EGRUD 1B",MATCH,independently_consistent,True,False,True,AWAITING_INDIVIDUAL_VISUAL_VERIFICATION,,images/pages_0001_0400/0317.jpg,.Eff.19.Feb. DEDLA 2A [DEDL2A] DEDLA 2B [DEDL2B] EGRUD 1A [EGRU1A] EGRUD 1B [EGRU1B] DEPARTURES (ALL RWYS) (BELOW SEA LEVEL) 13 FEB 26 A JEPPESEN Apt Elev -37 Trans alt: 4000 375 500 750 1000 1250 1500 325 433 650 867 1083 1300 Gnd speed-KT 75 100 150 200 250 300 260 FT/NM 300 FT,d86b5b5e262a775f8e91d28a403f4b163992dbdd1733ca28e1ba6e46ce8a7ab6
318,OIGG,,SID,SID,10-3A,"DEDLA 1C, DEDLA 1D, EGRUD 1C, EGRUD 1D",MATCH,independently_consistent,True,False,True,AWAITING_INDIVIDUAL_VISUAL_VERIFICATION,,images/pages_0001_0400/0318.jpg,.Eff.19.Feb. DEDLA 1C [DEDL1C] DEDLA 1D [DEDL1D] EGRUD 1C [EGRU1C] EGRUD 1D [EGRU1D] DEPARTURES (ALL RWYS) (BELOW SEA LEVEL) 26 LA JEPPESEN Apt Elev -37 Trans alt: 4000 375 500 750 1000 1250 1500 325 433 650 867 1083 1300 Gnd speed-KT 75 100 150 200 250 300 260 FT/NM 300 FT/NM 12,d86b5b5e262a775f8e91d28a403f4b163992dbdd1733ca28e1ba6e46ce8a7ab6
319,OIGG,,SID,SID,10-3B,"GABMI 2A, GABMI 2B, RALGO 3A, RALGO 3B, RARTA 3A, RARTA 3B",MATCH,independently_consistent,True,False,True,AWAITING_INDIVIDUAL_VISUAL_VERIFICATION,,images/pages_0001_0400/0319.jpg,RARTA 3A [RART3A] RARTA 3B [RART3B] RALGO 3A [RALG3A] RALGO 3B [RALG3B] DEPARTURES (ALL RWYS) (BELOW SEA LEVEL) Apt Elev -37 Trans alt: 4000 JEPPESEN GABMI 2A [GABM2A] GABMI 2B [GABM2B] 375 500 750 1000 1250 1500 Gnd speed-KT 75 100 150 200 250 300 300 FT/NM 13 FEB 26 .Eff.19.Feb,d86b5b5e262a775f8e91d28a403f4b163992dbdd1733ca28e1ba6e46ce8a7ab6
320,OIGG,,SID,SID,10-3C,"GABMI 1C, GABMI 1D, RALGO 1C, RALGO 1D",MATCH,independently_consistent,True,False,True,AWAITING_INDIVIDUAL_VISUAL_VERIFICATION,,images/pages_0001_0400/0320.jpg,RALGO 1C [RALG1C] RALGO 1D [RALG1D] DEPARTURES (ALL RWYS) (BELOW SEA LEVEL) Apt Elev -37 Trans alt: 4000 JEPPESEN GABMI 1C [GABM1C] GABMI 1D [GABM1D] 375 500 750 1000 1250 1500 Gnd speed-KT 75 100 150 200 250 300 300 FT/NM 26 .Eff.19.Feb. These SIDs require a minimum climb gradie,d86b5b5e262a775f8e91d28a403f4b163992dbdd1733ca28e1ba6e46ce8a7ab6
321,OIGG,,SID,SID,10-3D,"RSR 1A, RSR 1B",MATCH,independently_consistent,True,False,True,AWAITING_INDIVIDUAL_VISUAL_VERIFICATION,,images/pages_0001_0400/0321.jpg,".Eff.19.Feb. DEPARTURES (ALL RWYS) (BELOW SEA LEVEL) 13 FEB 26 332 RSR RSR JEPPESEN Apt Elev -37 Trans alt: 4000 Turn RIGHT, intercept RST R112 to RSR NDB/DME, climb to cleared FL. Turn RIGHT, intercept RST R112 to RSR NDB/DME, climb to cleared FL. 098 098 (115.5) RSR RAMSAR RSR ",d86b5b5e262a775f8e91d28a403f4b163992dbdd1733ca28e1ba6e46ce8a7ab6
322,OIGG,,SID,SID,10-3E,"RSR 1C, RSR 1D",MATCH,independently_consistent,True,False,True,AWAITING_INDIVIDUAL_VISUAL_VERIFICATION,,images/pages_0001_0400/0322.jpg,"332 RSR RSR .Eff.19.Feb. DEPARTURES (ALL RWYS) (BELOW SEA LEVEL) 26 JEPPESEN Apt Elev -37 Trans alt: 4000 098 098 (115.5) RSR RAMSAR RSR D RSR 1C [RSR1C] RSR 1D [RSR1D] Turn RIGHT, intercept 112^ bearing from RST NDB to RSR NDB/DME, climb to cleared FL. Turn RIGHT, intercept 112^",d86b5b5e262a775f8e91d28a403f4b163992dbdd1733ca28e1ba6e46ce8a7ab6
323,OIGG,OIGG,SID,SID,10-3F,"MODIL 1A, MODIL 1B",MATCH,independently_consistent,True,False,True,AWAITING_INDIVIDUAL_VISUAL_VERIFICATION,,images/pages_0001_0400/0323.jpg,"VO R Apt Elev -37 .Eff.19.Feb. (BELOW SEA LEVEL) 13 FEB 26 MODIL Trans alt: 4000 .SID. JEPPESEN 10-3F OIGG/RAS SARDAR-E-JANGAL RASHT, IRAN 25 DEPARTURES MODIL 1A [MODI1A], MODIL 1B [MODI1B] (ALL RWYS) Printed from JeppView for Windows 5.3.0.0 on 09 Oct 2026; Terminal chart data c",d86b5b5e262a775f8e91d28a403f4b163992dbdd1733ca28e1ba6e46ce8a7ab6
324,OIGG,,AIRPORT,AIRPORT,10-9,Airport Diagram Chart (ADC),MATCH,independently_consistent,True,False,True,AWAITING_INDIVIDUAL_VISUAL_VERIFICATION,,images/pages_0001_0400/0324.jpg,Apt Elev 05^E 37-20 37-20 49-36 49-37 *ATIS 126.2X SARDAR-E-JANGAL JEPPESEN 3 OCT 25 Strolling dogs observed on the movement area. Birds in vicinity of airport. Heavy acft are authorized to make 180^ turn only at the end of rwy in use or at rwy turn pad. Isolated acft parking pos,d86b5b5e262a775f8e91d28a403f4b163992dbdd1733ca28e1ba6e46ce8a7ab6
325,OIGG,,AIRPORT,AIRPORT,10-9S,MINIMUMS,MATCH,independently_consistent,True,False,True,AWAITING_INDIVIDUAL_VISUAL_VERIFICATION,,images/pages_0001_0400/0325.jpg,10-9S JEPPESEN 09 430'(481') 430'(481') 430'(481') 430'(481') 1 27 450'(501') 450'(501') NOT APPLICABLE NOT APPLICABLE (287') (287') (287') 250' 250' 250' (287') 250' ALS out 2 3 3 3 3 .EASA.AIR.OPS. R650m R650m R650m R650m R1400m R1400m R1400m R1400m VOR Z R1500m R1500m R2300m R,d86b5b5e262a775f8e91d28a403f4b163992dbdd1733ca28e1ba6e46ce8a7ab6
326,OIGG,,APP,APP,11-1,ILS Z OR LOC Z RWY 27,MATCH,independently_consistent,True,False,True,AWAITING_INDIVIDUAL_VISUAL_VERIFICATION,,images/pages_0001_0400/0326.jpg,"OI(D)-45 OI(C)-2 MISSED APCH: BRIEFING STRIP TM 10 11-1 RASHT, IRAN 122.7X 121.9X Final Apch Crs ILS DA(H) then turn RIGHT to rejoin holding. Alt Set: hPa Rwy Elev: -1 hPa Trans level: By ATC Trans alt: 4000' LOC IRST 109.9 269^ 250'(287') D5.0 IRST 1555'(1592') Climb on 270^ to ",d86b5b5e262a775f8e91d28a403f4b163992dbdd1733ca28e1ba6e46ce8a7ab6
327,OIGG,,APP,APP,11-2,ILS Y OR LOC Y RWY 27,MATCH,independently_consistent,True,False,True,AWAITING_INDIVIDUAL_VISUAL_VERIFICATION,,images/pages_0001_0400/0327.jpg,"OI(C)-2 OI(D)-45 MISSED APCH: BRIEFING STRIP TM 10 11-2 RASHT, IRAN 122.7X 121.9X Final Apch Crs ILS DA(H) Alt Set: hPa Rwy Elev: -1 hPa Trans level: By ATC Trans alt: 4000' LOC IRST 109.9 269^ 250'(287') D5.0 IRST 1555'(1592') OIGG/RAS *ATIS 126.2X SARDAR-E-JANGAL *RASHT Tower *",d86b5b5e262a775f8e91d28a403f4b163992dbdd1733ca28e1ba6e46ce8a7ab6
328,OIGG,OIGG,APP,APP,13-1,VOR Z RWY 09,MATCH,independently_consistent,True,False,True,AWAITING_INDIVIDUAL_VISUAL_VERIFICATION,,images/pages_0001_0400/0328.jpg,"OI(D)-45 BRIEFING STRIP TM 10 RASHT, IRAN 13-1 VOR 112.6 RST Final Apch Crs 088^ 430'(481') MISSED APCH: Alt Set: hPa Trans level: By ATC Trans alt: 4000' OIGG/RAS Rwy Elev: -1 hPa SARDAR-E-JANGAL D5.0 1200'(1251') JEPPESEN *ATIS 126.2X 122.7X *RASHT Tower (APP) *RASHT Tower 121.",d86b5b5e262a775f8e91d28a403f4b163992dbdd1733ca28e1ba6e46ce8a7ab6
329,OIGG,,APP,APP,13-2,VOR Y RWY 09,MATCH,independently_consistent,True,False,True,AWAITING_INDIVIDUAL_VISUAL_VERIFICATION,,images/pages_0001_0400/0329.jpg,"OI(D)-45 OI(C)-2 BRIEFING STRIP TM 10 RASHT, IRAN 13-2 VOR 112.6 RST Final Apch Crs 086^ No FAF 450'(501') MISSED APCH: Alt Set: hPa Trans level: By ATC Trans alt: 4000' 37-25 Climb on R-086 to 1500', then turn RIGHT to rejoin holding at 3000'. OIGG/RAS Rwy Elev: -1 hPa SARDAR-E-",d86b5b5e262a775f8e91d28a403f4b163992dbdd1733ca28e1ba6e46ce8a7ab6
330,OIGG,OIGG,APP,APP,13-3,VOR Z RWY 27,MATCH,independently_consistent,True,False,True,AWAITING_INDIVIDUAL_VISUAL_VERIFICATION,,images/pages_0001_0400/0330.jpg,"OI(C)-2 OI(D)-45 BRIEFING STRIP TM 10 RASHT, IRAN 13-3 VOR 112.6 RST Final Apch Crs 273^ 450'(487') MISSED APCH: Alt Set: hPa Apt Elev: -1 hPa Trans level: By ATC Trans alt: 4000' Climb STRAIGHT AHEAD to VOR, then climb on R-273 to 1500', then turn RIGHT to rejoin holding at 3000",d86b5b5e262a775f8e91d28a403f4b163992dbdd1733ca28e1ba6e46ce8a7ab6
331,OIGG,,APP,APP,13-4,VOR Y RWY 27,MATCH,independently_consistent,True,False,True,AWAITING_INDIVIDUAL_VISUAL_VERIFICATION,,images/pages_0001_0400/0331.jpg,"OI(C)-2 OI(D)-45 BRIEFING STRIP TM 10 RASHT, IRAN 13-4 VOR 112.6 RST Final Apch Crs 273^ No FAF 450'(487') MISSED APCH: Alt Set: hPa Apt Elev: -1 hPa Trans level: By ATC Trans alt: 4000' Climb on R-273 to 1500', then turn RIGHT to rejoin holding at 3000'. OIGG/RAS SARDAR-E-JANGAL",d86b5b5e262a775f8e91d28a403f4b163992dbdd1733ca28e1ba6e46ce8a7ab6
332,OIGG,OIGG,APP,APP,16-1,CHART PAGE 216,MATCH,independently_consistent,True,False,True,AWAITING_INDIVIDUAL_VISUAL_VERIFICATION,,images/pages_0001_0400/0332.jpg,"OI(D)-45 BRIEFING STRIP TM 10 RASHT, IRAN 16-1 NDB RST Final Apch Crs 094^ 430'(481') MISSED APCH: Alt Set: hPa Trans level: By ATC Trans alt: 4000' OIGG/RAS Rwy Elev: -1 hPa SARDAR-E-JANGAL 1500'(1551') JEPPESEN *ATIS 126.2X 122.7X *RASHT Tower (APP) *RASHT Tower 121.9X 122.7X A",d86b5b5e262a775f8e91d28a403f4b163992dbdd1733ca28e1ba6e46ce8a7ab6
333,OIGG,OIGG,APP,APP,16-2,CHART PAGE 217,MATCH,independently_consistent,True,False,True,AWAITING_INDIVIDUAL_VISUAL_VERIFICATION,,images/pages_0001_0400/0333.jpg,"OI(D)-45 BRIEFING STRIP TM 10 RASHT, IRAN 16-2 RST Final Apch Crs 094^ 430'(481') MISSED APCH: Alt Set: hPa Trans level: By ATC Trans alt: 4000' OIGG/RAS Rwy Elev: -1 hPa SARDAR-E-JANGAL JEPPESEN *ATIS 126.2X 122.7X *RASHT Tower (APP) *RASHT Tower 121.9X 122.7X Apt Elev -37' Rwy ",d86b5b5e262a775f8e91d28a403f4b163992dbdd1733ca28e1ba6e46ce8a7ab6
334,OIGG,OIGG,APP,APP,16-3,CHART PAGE 218,MATCH,independently_consistent,True,False,True,AWAITING_INDIVIDUAL_VISUAL_VERIFICATION,,images/pages_0001_0400/0334.jpg,"OI(C)-2 OI(D)-45 BRIEFING STRIP TM 10 RASHT, IRAN 16-3 NDB RST Final Apch Crs 260^ 430'(467') MISSED APCH: Alt Set: hPa Apt Elev: -1 hPa Trans level: By ATC Trans alt: 4000' OIGG/RAS SARDAR-E-JANGAL JEPPESEN *ATIS 126.2X 122.7X *RASHT Tower (APP) *RASHT Tower 121.9X 122.7X Apt El",d86b5b5e262a775f8e91d28a403f4b163992dbdd1733ca28e1ba6e46ce8a7ab6
335,OIGG,OIGG,APP,APP,16-4,CHART PAGE 219,MATCH,independently_consistent,True,False,True,AWAITING_INDIVIDUAL_VISUAL_VERIFICATION,,images/pages_0001_0400/0335.jpg,"OI(C)-2 OI(D)-45 BRIEFING STRIP TM 10 RASHT, IRAN 16-4 Final Apch Crs 260^ 430'(467') MISSED APCH: Alt Set: hPa Apt Elev: -1 hPa Trans level: By ATC Trans alt: 4000' OIGG/RAS SARDAR-E-JANGAL JEPPESEN *ATIS 126.2X 122.7X *RASHT Tower (APP) *RASHT Tower 121.9X 122.7X Apt Elev -37' ",d86b5b5e262a775f8e91d28a403f4b163992dbdd1733ca28e1ba6e46ce8a7ab6
336,OIHH,OIHH,AIRPORT,AIRPORT,,AIRPORT INFORMATION,MATCH,independently_consistent,True,False,True,AWAITING_INDIVIDUAL_VISUAL_VERIFICATION,,images/pages_0001_0400/0336.jpg,"General Information Location: HAMADAN IRN ICAO/IATA: OIHH / HDM Lat/Long: N34° 52.2', E048° 33.0' Elevation: 5771 ft Airport Use: Public Daylight Savings: Not Observed UTC Conversion: -3:30 = UTC Magnetic Variation: 5.0° E General Information Location: HAMADAN IRN ICAO/IATA: OIHH",d86b5b5e262a775f8e91d28a403f4b163992dbdd1733ca28e1ba6e46ce8a7ab6
337,OIHH,OIHH,STAR,STAR,10-2,"IVELI 1N, IVELI 1P",MATCH,independently_consistent,True,False,True,AWAITING_INDIVIDUAL_VISUAL_VERIFICATION,,images/pages_0001_0400/0337.jpg,"Apt Elev OIHH/HDM 10-2 .STAR. HAMADAN HAMADAN, IRAN 5771' JEPPESEN .Eff.21.Jun. 146^ Alt Set: hPa Trans level: By ATC Trans alt: 13000' Actual descent clearance will be as directed by ATC. 8 JUN 18 MHA 11000 MSA HAM VOR 090^ 270^ 180^ RWYS 10, 28 ARRIVALS IVELI 1N [IVEL1N], IVELI",d86b5b5e262a775f8e91d28a403f4b163992dbdd1733ca28e1ba6e46ce8a7ab6
338,OIHH,OIHH,STAR,STAR,10-2A,"ORLOG 2N, ORLOG 2P",MATCH,independently_consistent,True,False,True,AWAITING_INDIVIDUAL_VISUAL_VERIFICATION,,images/pages_0001_0400/0338.jpg,"ORLOG Apt Elev OIHH/HDM .STAR. HAMADAN HAMADAN, IRAN 5771' JEPPESEN .Eff.21.Jun. 10-2A Alt Set: hPa Trans level: By ATC Trans alt: 13000' Actual descent clearance will be as directed by ATC. 8 JUN 18 MSA HAM VOR RWYS 10, 28 ARRIVALS 090^ 270^ 180^ 18.0 HAM. ORLOG 2N [ORLO2N], ORL",d86b5b5e262a775f8e91d28a403f4b163992dbdd1733ca28e1ba6e46ce8a7ab6
339,OIHH,OIHH,STAR,STAR,10-2B,"ORLOG 1Q, ORLOG 1R",MATCH,independently_consistent,True,False,True,AWAITING_INDIVIDUAL_VISUAL_VERIFICATION,,images/pages_0001_0400/0339.jpg,"ORLOG Apt Elev OIHH/HDM .STAR. HAMADAN HAMADAN, IRAN 5771' JEPPESEN 23 MAR 18 .Eff.29.Mar. 10-2B Alt Set: hPa Trans level: By ATC Trans alt: 13000' Actual descent clearance will be as directed by ATC. MSA HAM VOR RWYS 10, 28 ARRIVALS 090^ 270^ 180^ 12,100 9700 13,800 18.0 HAM. , ",d86b5b5e262a775f8e91d28a403f4b163992dbdd1733ca28e1ba6e46ce8a7ab6
340,OIHH,OIHH,SID,SID,10-3,"IVELI 1A, IVELI 1B",MATCH,independently_consistent,True,False,True,AWAITING_INDIVIDUAL_VISUAL_VERIFICATION,,images/pages_0001_0400/0340.jpg,"HAMADAN D117.9 HAM HAM N34 52.0 E048 33.0 Apt Elev .SID. OIHH/HDM Trans level: By ATC Trans alt: 13000' HAMADAN HAMADAN, IRAN 5769' 24 APR 15 .Eff.30.Apr. JEPPESEN At or above 10-3 MSA HAM VOR 9700' 090^ 270^ 180^ RWYS 28, 10 DEPARTURES [IVEL1A] IVELI 1A IVELI 1B [IVEL1B] 12,100'",d86b5b5e262a775f8e91d28a403f4b163992dbdd1733ca28e1ba6e46ce8a7ab6
341,OIHH,OIHH,SID,SID,10-3A,"ORLOG 1A, ORLOG 1B, ORLOG 1C",MATCH,independently_consistent,True,False,True,AWAITING_INDIVIDUAL_VISUAL_VERIFICATION,,images/pages_0001_0400/0341.jpg,"Apt Elev .SID. OIHH/HDM Trans level: By ATC Trans alt: 13000' HAMADAN HAMADAN, IRAN 5769' 24 APR 15 .Eff.30.Apr. JEPPESEN 10-3A MSA HAM VOR 9700' 090^ 270^ 180^ RWYS 28, 10 DEPARTURES [ORLO1A] ORLOG 1A [ORLO1B] ORLOG 1B ORLOG 1C [ORLO1C] 12,100' 13,800' Printed from JeppView for ",d86b5b5e262a775f8e91d28a403f4b163992dbdd1733ca28e1ba6e46ce8a7ab6
342,OIHH,,AIRPORT,AIRPORT,10-9,Airport Diagram Chart (ADC),MATCH,independently_consistent,True,False,True,AWAITING_INDIVIDUAL_VISUAL_VERIFICATION,,images/pages_0001_0400/0342.jpg,05^E 12 10 100^ Apt Elev 10-9 121.9 JEPPESEN *HAMADAN Tower (Ground) Elev 5703' ARP Stopway 177' 54m 123.5 *HAMADAN Tower 48-33 48-34 HOT SPOT 13 DEC 24 .Eff.26.Dec. A Strolling dogs exist on the movement area. Prior Permission Required for non-scheduled flights at least 72 HR be,d86b5b5e262a775f8e91d28a403f4b163992dbdd1733ca28e1ba6e46ce8a7ab6
343,OIHH,,AIRPORT,AIRPORT,10-9S,MINIMUMS,MATCH,independently_consistent,True,False,True,AWAITING_INDIVIDUAL_VISUAL_VERIFICATION,,images/pages_0001_0400/0343.jpg,".Standard. 10-9S JEPPESEN 1900m 2100m 1 1900m 2100m 2100m 2100m 1900m 1900m 1700m 1700m 1 1700m 1700m 1 7 DEC 18 ALS out 2300m 2300m 2500m 2500m ALS out 2300m 2300m 2500m 2500m ALS out 1500m 1500m 2100m 2100m ALS out 1500m 1500m 2100m 2100m OIHH/HDM HAMADAN, IRAN HAMADAN STRAIGHT",d86b5b5e262a775f8e91d28a403f4b163992dbdd1733ca28e1ba6e46ce8a7ab6
344,OIHH,OIHH,APP,APP,13-1,VOR DME RWY 10,MATCH,independently_consistent,True,False,True,AWAITING_INDIVIDUAL_VISUAL_VERIFICATION,,images/pages_0001_0400/0344.jpg,"3 CHARTED AREA LIES WITHIN OI(R)-32 MISSED APCH: HAMADAN HAMADAN, IRAN VOR HAM Final Apch Crs 105^ Alt Set: hPa Trans level: By ATC Trans alt: 13000' MDA(H) Minimum Alt *HAMADAN Tower OIHH/HDM 35-00 10 BRIEFING STRIP TM 13-1 *Ground 121.9 117.9 D6.0 7700'(1997') JEPPESEN VOR DME ",d86b5b5e262a775f8e91d28a403f4b163992dbdd1733ca28e1ba6e46ce8a7ab6
345,OIHH,OIHH,APP,APP,13-2,VOR DME RWY 28,MATCH,independently_consistent,True,False,True,AWAITING_INDIVIDUAL_VISUAL_VERIFICATION,,images/pages_0001_0400/0345.jpg,"OI(D)-29 7000 MISSED APCH: HAMADAN HAMADAN, IRAN VOR HAM Final Apch Crs 280^ Alt Set: hPa Trans level: By ATC Trans alt: 13000' MDA(H) Minimum Alt *HAMADAN Tower OIHH/HDM 10 BRIEFING STRIP TM 13-2 *Ground 121.9 117.9 D6.0 7400'(1629') JEPPESEN VOR DME Rwy 28 6500'(729') Apt Elev ",d86b5b5e262a775f8e91d28a403f4b163992dbdd1733ca28e1ba6e46ce8a7ab6
346,OIHH,OIHH,APP,APP,16-1,CHART PAGE 230,MATCH,independently_consistent,True,False,True,AWAITING_INDIVIDUAL_VISUAL_VERIFICATION,,images/pages_0001_0400/0346.jpg,"152 CHARTED AREA LIES WITHIN OI(R)-32 MISSED APCH: HAMADAN HAMADAN, IRAN NDB HAM Final Apch Crs 114^ Alt Set: hPa Trans level: By ATC Trans alt: 13000' MDA(H) Minimum Alt *HAMADAN Tower OIHH/HDM 35-00 10 BRIEFING STRIP TM 16-1 *Ground 121.9 D6.0 7500'(1797') JEPPESEN NDB DME Rwy ",d86b5b5e262a775f8e91d28a403f4b163992dbdd1733ca28e1ba6e46ce8a7ab6
347,OIHH,OIHH,APP,APP,16-2,CHART PAGE 231,MATCH,independently_consistent,True,False,True,AWAITING_INDIVIDUAL_VISUAL_VERIFICATION,,images/pages_0001_0400/0347.jpg,"OI(D)-29 OI(R)-32 7000 MISSED APCH: HAMADAN HAMADAN, IRAN NDB HAM Final Apch Crs 275^ Alt Set: hPa Trans level: By ATC Trans alt: 13000' MDA(H) Minimum Alt *HAMADAN Tower OIHH/HDM 10 BRIEFING STRIP TM 16-2 *Ground 121.9 D6.0 7900'(2129') JEPPESEN Apt Elev 5771' Apt Elev: 194 hPa ",d86b5b5e262a775f8e91d28a403f4b163992dbdd1733ca28e1ba6e46ce8a7ab6
348,OIHH,OIHH,APP,APP,16-3,APPROACH 16-3,MATCH,independently_consistent,True,False,True,AWAITING_INDIVIDUAL_VISUAL_VERIFICATION,,images/pages_0001_0400/0348.jpg,"OI(D)-29 OI(R)-32 7000 MISSED APCH: HAMADAN HAMADAN, IRAN NDB HAM Final Apch Crs 280^ Alt Set: hPa Trans level: By ATC Trans alt: 13000' MDA(H) Minimum Alt *HAMADAN Tower OIHH/HDM 10 BRIEFING STRIP TM 16-3 *Ground 121.9 D6.0 7400'(1629') JEPPESEN 16 MAR 18 .Eff.29.Mar. Apt Elev 5",d86b5b5e262a775f8e91d28a403f4b163992dbdd1733ca28e1ba6e46ce8a7ab6
349,OIHR,OIHR,AIRPORT,AIRPORT,,AIRPORT INFORMATION,MATCH,independently_consistent,True,False,True,AWAITING_INDIVIDUAL_VISUAL_VERIFICATION,,images/pages_0001_0400/0349.jpg,"General Information Location: ARAK IRN ICAO/IATA: OIHR / AJK Lat/Long: N34° 08.2', E049° 50.5' Elevation: 5453 ft Airport Use: Public Daylight Savings: Not Observed UTC Conversion: -3:30 = UTC Magnetic Variation: 5.0° E General Information Location: ARAK IRN ICAO/IATA: OIHR / AJK",d86b5b5e262a775f8e91d28a403f4b163992dbdd1733ca28e1ba6e46ce8a7ab6
350,OIHR,OIHR,STAR,STAR,10-2,"DEKBA 1N, DEKBA 1P, DEKBA 1Q",MATCH,independently_consistent,True,False,True,AWAITING_INDIVIDUAL_VISUAL_VERIFICATION,,images/pages_0001_0400/0350.jpg,"10-2 .STAR. JEPPESEN Apt Elev OIHR/AJK ARAK ARAK, IRAN 5453' 25 SEP 26 .Eff.1.Oct. Trans level: FL140 Trans alt: 12000' Alt Set: hPa MSA ARK VOR 090^ 180^ 270^ 360^ 11,800 11,000 12,900 11,800 DEKBA 1N [DEKB1N] DEKBA 1P [DEKB1P] DEKBA 1Q [DEKB1Q] ARRIVALS (RWYS 08, 26) Printed fr",d86b5b5e262a775f8e91d28a403f4b163992dbdd1733ca28e1ba6e46ce8a7ab6
351,OIHR,OIHR,STAR,STAR,10-2A,DEKBA 1T,MATCH,independently_consistent,True,False,True,AWAITING_INDIVIDUAL_VISUAL_VERIFICATION,,images/pages_0001_0400/0351.jpg,".STAR. JEPPESEN Apt Elev OIHR/AJK ARAK ARAK, IRAN 5453' 10-2A 25 SEP 26 .Eff.1.Oct. Alt Set: hPa Trans level: FL140 Trans alt: 12000' MSA ARK NDB 090^ 180^ 270^ 360^ 11,800 11,000 11,800 12,900 [DEKB1T] (RWYS 08, 26) DEKBA 1T ARRIVAL Printed from JeppView for Windows 5.3.0.0 on 0",d86b5b5e262a775f8e91d28a403f4b163992dbdd1733ca28e1ba6e46ce8a7ab6
352,OIHR,OIHR,SID,SID,10-3,"DEKBA 1B, DEKBA 1A",MATCH,independently_consistent,True,False,True,AWAITING_INDIVIDUAL_VISUAL_VERIFICATION,,images/pages_0001_0400/0352.jpg,"JEPPESEN 10-3 Apt Elev OIHR/AJK ARAK ARAK, IRAN 5440' Trans level: FL140 Trans alt: 12000' [DEKB1A] [DEKB1B] .SID. 9000' At 20 MAY 11 MSA ARK VOR 11,800' 11,000' 11,800' 12,900' 090^ 180^ 270^ 360^ DEKBA 1B DEKBA 1A O SCALE RWYS 26, 08 DEPARTURES Printed from JeppView for Windows",d86b5b5e262a775f8e91d28a403f4b163992dbdd1733ca28e1ba6e46ce8a7ab6
353,OIHR,OIHR,SID,SID,10-3A,"DEKBA 1C, DEKBA 1D",MATCH,independently_consistent,True,False,True,AWAITING_INDIVIDUAL_VISUAL_VERIFICATION,,images/pages_0001_0400/0353.jpg,"JEPPESEN Apt Elev OIHR/AJK ARAK ARAK, IRAN 5440' Trans level: FL140 Trans alt: 12000' [DEKB1C] [DEKB1D] .SID. 9000' At 20 MAY 11 10-3A MSA ARK NDB 11,800' 11,000' 11,800' 12,900' 090^ 180^ 270^ 360^ DEKBA 1D DEKBA 1C RWYS 26, 08 DEPARTURES Printed from JeppView for Windows 5.3.0.",d86b5b5e262a775f8e91d28a403f4b163992dbdd1733ca28e1ba6e46ce8a7ab6
354,OIHR,OIHR,AIRPORT,AIRPORT,10-9,Airport Diagram Chart (ADC),MATCH,independently_consistent,True,False,True,AWAITING_INDIVIDUAL_VISUAL_VERIFICATION,,images/pages_0001_0400/0354.jpg,"Apt Elev OIHR/AJK 5453' N34 08.2 E049 50.5 JEPPESEN ARAK, IRAN ARAK 10-9 05^E 26 254^ 34-09 34-09 49-50 49-51 49-52 *ARAK Information (AFIS) Elev 5453' 118.650 *Ground 121.850 25 SEP 26 .Eff.1.Oct. Isolated parking position Birds. Strolling animals exist on movement area. 0.7'/20",d86b5b5e262a775f8e91d28a403f4b163992dbdd1733ca28e1ba6e46ce8a7ab6
355,OIHR,OIHR,APP,APP,13-1,VOR RWY 26,MATCH,independently_consistent,True,False,True,AWAITING_INDIVIDUAL_VISUAL_VERIFICATION,,images/pages_0001_0400/0355.jpg,"OI(C)-20 OI(C)-24 OIHR/AJK ARAK 13-1 MISSED APCH: BRIEFING STRIP TM JEPPESEN ARAK, IRAN VOR ARK Final Apch Crs 250^ 270^ 090^ 180^ 360^ Alt Set: hPa Apt Elev: 184 hPa 10 *Ground MSA ARK VOR 114.8 D6.0 7200'(1747') 5870' (417') 34-20 Apt Elev 5453' 11,800 11,000 12,900 11,800 *ARA",d86b5b5e262a775f8e91d28a403f4b163992dbdd1733ca28e1ba6e46ce8a7ab6
356,OIHR,OIHR,APP,APP,13-2,VOR A,MATCH,independently_consistent,True,False,True,AWAITING_INDIVIDUAL_VISUAL_VERIFICATION,,images/pages_0001_0400/0356.jpg,"340^ D14.0 (IAF) MHA 10500 MAX FL160 OIHR/AJK ARAK 13-2 MISSED APCH: BRIEFING STRIP TM JEPPESEN ARAK, IRAN VOR ARK Final Apch Crs 078^ D6.0 8000'(2547') Apt Elev 5453' 270^ 090^ 180^ 360^ Alt Set: hPa Trans alt: 12000' Apt Elev: 184 hPa Refer to Minimums 10 *Ground MSA ARK VOR 11",d86b5b5e262a775f8e91d28a403f4b163992dbdd1733ca28e1ba6e46ce8a7ab6
357,OIHR,OIHR,APP,APP,16-1,NDB A,MATCH,independently_consistent,True,False,True,AWAITING_INDIVIDUAL_VISUAL_VERIFICATION,,images/pages_0001_0400/0357.jpg,"OI(C)-20 OI(C)-24 OIHR/AJK ARAK 16-1 MISSED APCH: BRIEFING STRIP TM JEPPESEN ARAK, IRAN NDB ARK 280 Final Apch Crs 233^ Apt Elev 5453' 270^ 090^ 180^ 360^ Alt Set: hPa Trans alt: 12000' Apt Elev: 184 hPa 10 *Ground Refer to Minimums 34-20 Turn RIGHT and climb on 330^ to 9000', th",d86b5b5e262a775f8e91d28a403f4b163992dbdd1733ca28e1ba6e46ce8a7ab6
358,OIHR,OIHR,APP,APP,16-2,NDB B,MATCH,independently_consistent,True,False,True,AWAITING_INDIVIDUAL_VISUAL_VERIFICATION,,images/pages_0001_0400/0358.jpg,"OI(C)-24 OI(C)-20 OIHR/AJK ARAK 16-2 MISSED APCH: BRIEFING STRIP TM JEPPESEN ARAK, IRAN NDB ARK 280 Final Apch Crs 233^ Apt Elev 5453' 270^ 090^ 180^ 360^ Alt Set: hPa Trans alt: 12000' Apt Elev: 184 hPa 10 *Ground Refer to Minimums 34-20 Turn RIGHT and climb on 330^ to 9000', th",d86b5b5e262a775f8e91d28a403f4b163992dbdd1733ca28e1ba6e46ce8a7ab6
359,OIIE,OIIE,AIRPORT,AIRPORT,,AIRPORT INFORMATION,REVIEW,only_old_index_supports_category,True,False,True,AWAITING_INDIVIDUAL_VISUAL_VERIFICATION,,images/pages_0001_0400/0359.jpg,"General Information Location: TEHRAN IRN ICAO/IATA: OIIE / IKA Lat/Long: N35° 25.0', E051° 09.1' Elevation: 3305 ft Airport Use: Public Daylight Savings: Not Observed UTC Conversion: -3:30 = UTC Magnetic Variation: 5.0° E Runway: 29R Length x Width: 13773 ft x 148 ft Surface Type",d86b5b5e262a775f8e91d28a403f4b163992dbdd1733ca28e1ba6e46ce8a7ab6
360,OIIE,OIIE,AIRPORT,AIRPORT,,AIRPORT INFORMATION,REVIEW,only_old_index_supports_category,True,False,True,AWAITING_INDIVIDUAL_VISUAL_VERIFICATION,,images/pages_0001_0400/0360.jpg,"General Information Location: TEHRAN IRN ICAO/IATA: OIIE / IKA Lat/Long: N35° 25.0', E051° 09.1' Elevation: 3305 ft Airport Use: Public Daylight Savings: Not Observed UTC Conversion: -3:30 = UTC Magnetic Variation: 5.0° E Runway: 29R Length x Width: 13773 ft x 148 ft Surface Type",d86b5b5e262a775f8e91d28a403f4b163992dbdd1733ca28e1ba6e46ce8a7ab6
361,OIIE,OIIE,AIRPORT,AIRPORT,20-1P,AIRPORT BRIEFING,MATCH,independently_consistent,True,False,True,AWAITING_INDIVIDUAL_VISUAL_VERIFICATION,,images/pages_0001_0400/0361.jpg,"TEHRAN, IRAN OIIE/IKA IMAM KHOMAINI INTL .AIRPORT.BRIEFING. + JEPPESEN 1.1. ATIS ATIS 127.2 1.2. LOW VISIBILITY PROCEDURES (LVP) 1.2.1. ARRIVAL - STANDARD TAXI ROUTES Arrival RWY 11L/R: TWY H or J, or N to A. Arrival RWY 29L/R: TWY Z to A, or C (parallel TWY) to A. 1.2.2. DEPARTU",d86b5b5e262a775f8e91d28a403f4b163992dbdd1733ca28e1ba6e46ce8a7ab6
362,OIIE,OIIE,AIRPORT,AIRPORT,20-1P1,AIRPORT BRIEFING,MATCH,independently_consistent,True,False,True,AWAITING_INDIVIDUAL_VISUAL_VERIFICATION,,images/pages_0001_0400/0362.jpg,"TEHRAN, IRAN OIIE/IKA IMAM KHOMAINI INTL .AIRPORT.BRIEFING. + JEPPESEN 3.1. MINIMUM RWY OCCUPANCY TIME Pilots, when the corresponding clearance is issued, shall be able to taxi to the take-off position in the RWY as soon as the preceding departure ACFT begins the take-off or the ",d86b5b5e262a775f8e91d28a403f4b163992dbdd1733ca28e1ba6e46ce8a7ab6
363,OIIE,OIIE,AIRPORT,AIRPORT,20-1P2,AIRPORT BRIEFING,MATCH,independently_consistent,True,False,True,AWAITING_INDIVIDUAL_VISUAL_VERIFICATION,,images/pages_0001_0400/0363.jpg,"TEHRAN, IRAN OIIE/IKA IMAM KHOMAINI INTL .AIRPORT.BRIEFING. + JEPPESEN 3.2.1.2. SID IKIA 1B RWY 11L/R If two-way communication was not established with MEHRABAD Radar upon departure: 1. Squawk 7600. 2. Continue RWY heading. 3. Climb 6000’ up to 10 DME then climb 9000’ up to 20 DM",d86b5b5e262a775f8e91d28a403f4b163992dbdd1733ca28e1ba6e46ce8a7ab6
364,OIIE,OIIE,STAR,STAR,20-2,"BOXAM 1Q, BOXAM 1R, BOXAM 2V",MATCH,independently_consistent,True,False,True,AWAITING_INDIVIDUAL_VISUAL_VERIFICATION,,images/pages_0001_0400/0364.jpg,"TEHRAN Mehrabad Intl OIII 13,500 150 Apt Elev BOXAM 1Q [BOXA1Q] BOXAM 1R [BOXA1R] BOXAM 2V [BOXA2V] 20-2 .STAR. JEPPESEN OIIE/IKA IMAM KHOMAINI INTL ATIS 127.2 3305 Alt Set: hPa Trans level: FL110 Actual descent clearance will be as directed by ATC TRN TEHRAN, IRAN 13 FEB 26 .Eff",d86b5b5e262a775f8e91d28a403f4b163992dbdd1733ca28e1ba6e46ce8a7ab6
365,OIIE,OIIE,STAR,STAR,20-2A,"MIVAK 3R, MUXOR 1V, NAGMO 2R, NAGMO 1V",MATCH,independently_consistent,True,False,True,AWAITING_INDIVIDUAL_VISUAL_VERIFICATION,,images/pages_0001_0400/0365.jpg,"^ TEH RAN/M EHRABA D CTR 3 7 . 3 M U X O R 1 V OIIE/IKA TEHRAN, IRAN .STAR. 20-2A JEPPESEN IMAM KHOMAINI INTL Apt Elev TIS 7.2 3305 t clearance will be as directed by ATC. MUXOR 2 5 6 ^ NOT TO SCALE F L1 2 0 N35 23.2 E051 56.1 1 1 4 0 0 T 13 FEB 26 Trans level: FL110 .Eff.19.Feb.",d86b5b5e262a775f8e91d28a403f4b163992dbdd1733ca28e1ba6e46ce8a7ab6
366,OIIE,OIII,STAR,STAR,20-2B,"PAVET 2R, PAXID 2R, RUS 1V",REVIEW,header_icao_differs_from_index,True,False,True,AWAITING_INDIVIDUAL_VISUAL_VERIFICATION,,images/pages_0001_0400/0366.jpg,TEHRAN Mehrabad Intl OIII 9400 2 3 0 ^ 270^ 000 320^ 0 6500 JEPPESEN .STAR. Apt Elev ATIS 127.2 3305 Alt Set: hPa Trans level: FL110 Actual descent clearance will be as directed by ATC. .Eff.19.Feb. 13 FEB 26 MHA 9000 1 8 1 ^ 0 0 1 ^ 373 VR VARAMIN VR 36.7 RUS 1V 9000 (IAF) 153 5,d86b5b5e262a775f8e91d28a403f4b163992dbdd1733ca28e1ba6e46ce8a7ab6
367,OIIE,,STAR,STAR,20-2C,"RADAL 2Q, RADAL 2R, RADAL 2V",MATCH,independently_consistent,True,False,True,AWAITING_INDIVIDUAL_VISUAL_VERIFICATION,,images/pages_0001_0400/0367.jpg,TEHRA N TMA RADAL 286^ 291^ 303^ JEPPESEN .STAR. Apt Elev ATIS 127.2 3305 Alt Set: hPa Trans level: FL110 RADAL 2Q [RADA2Q] RADAL 2R [RADA2R] RADAL 2V [RADA2V] Actual descent clearance will be as directed by ATC. .Eff.19.Feb. 26 99 210 52-30 MAX 270 KT WITHIN TMA .SPEED: MAX 230 ,d86b5b5e262a775f8e91d28a403f4b163992dbdd1733ca28e1ba6e46ce8a7ab6
368,OIIE,OIIE,STAR,STAR,20-2D,"SAV 1R, VR 1R",MATCH,independently_consistent,True,False,True,AWAITING_INDIVIDUAL_VISUAL_VERIFICATION,,images/pages_0001_0400/0368.jpg,"ABA D CTR A 9000 7^ .STAR. JEPPESEN Apt Elev scent clearance will be as directed by ATC. ATIS 127.2 3305 Pa Trans level: FL110 OIIE/IKA IMAM KHOMAINI INTL 20-2D TEHRAN, IRAN .Eff.2.Nov. 20 OCT 23 99 153 210 52-00 MAX 270 KT WITHIN TMA D: MAX 230 KT WITHIN CTR TMA ARRIVALS (ALL RW",d86b5b5e262a775f8e91d28a403f4b163992dbdd1733ca28e1ba6e46ce8a7ab6
369,OIIE,OIIE,STAR,STAR,20-2E,"BOXAM 2X, MIVAK 2X",MATCH,independently_consistent,True,False,True,AWAITING_INDIVIDUAL_VISUAL_VERIFICATION,,images/pages_0001_0400/0369.jpg,"13,500 1 OIIE/IKA IMAM KHOMAINI INTL TEHRAN, IRAN 20-2E Apt Elev 127.2 ATIS JEPPESEN .RNAV.STAR. 3305 Alt Set: hPa Trans level: FL110 1. RNAV 1. 2. DME/DME required. 3. Actual descent clearance will be as directed by ATC. ATC will issue an alternative clearance. 4. Compliance wit",d86b5b5e262a775f8e91d28a403f4b163992dbdd1733ca28e1ba6e46ce8a7ab6
370,OIIE,,STAR,STAR,20-2F,"PAXID 2X, RADAL 3X, SAV 2X",MATCH,independently_consistent,True,False,True,AWAITING_INDIVIDUAL_VISUAL_VERIFICATION,,images/pages_0001_0400/0370.jpg,T E H R A N T TEHRAN /MEHR ABAD C TR RADAL Apt Elev 3. Actual descent clearance will be as directed by ATC. 4. Compliance with RNP 1 will be radar monitored. Advise if unable to comply. ATC will issue an alternative clearance. ATIS 127.2 3305 JEPPESEN 292^ 51.3 5400T 7000 RADAL 3,d86b5b5e262a775f8e91d28a403f4b163992dbdd1733ca28e1ba6e46ce8a7ab6
371,OIIE,OIIE,SID,SID,20-3,"DHN 1E, DHN 1F, KAZ 2C, KAZ 1D",MATCH,independently_consistent,True,False,True,AWAITING_INDIVIDUAL_VISUAL_VERIFICATION,,images/pages_0001_0400/0371.jpg,"OIIE/IKA 20-3 IMAM KHOMAINI INTL TEHRAN, IRAN .SID. JEPPESEN Apt Elev Trans alt: 9000 3305 R273 114.5 DHN DEHNAMAK DHN D 30 AUG 24 .Eff.5.Sep. R794 99 210 52-30 DEPARTURES KAZ 2C KAZ 1D DHN 1E DHN 1F (ALL RWYS) Printed from JeppView for Windows 5.3.0.0 on 09 Oct 2026; Terminal ch",d86b5b5e262a775f8e91d28a403f4b163992dbdd1733ca28e1ba6e46ce8a7ab6
372,OIIE,OIIE,SID,SID,20-3A,"EGVEL 4G, EGVEL 4L",MATCH,independently_consistent,True,False,True,AWAITING_INDIVIDUAL_VISUAL_VERIFICATION,,images/pages_0001_0400/0372.jpg,"2 3 0 ^ 270^ 9400 500 OIIE/IKA IMAM KHOMAINI INTL TEHRAN, IRAN .SID. JEPPESEN 20-3A 30 AUG 24 .Eff.5.Sep. 111 153 51-30 ROUTING R, turn LEFT, IKA R275 to RUS VOR, turn leared FL. o IKA VOR, turn LEFT, IKA R275 to RUS climb to cleared FL. CONTOUR INTERVALS 11000 9000 7000 5000 Pri",d86b5b5e262a775f8e91d28a403f4b163992dbdd1733ca28e1ba6e46ce8a7ab6
373,OIIE,,SID,SID,20-3B,"NABAX 1G, NABAX 1L, OBRIX 2G, OBRIX 2L",MATCH,independently_consistent,True,False,True,AWAITING_INDIVIDUAL_VISUAL_VERIFICATION,,images/pages_0001_0400/0373.jpg,"OBRIX JEPPESEN Apt Elev 3305 Trans alt: 9000 20 OCT 23 .Eff.2.Nov. 99 210 52-00 .SID. | JEPPESEN, 2020. ALL RIGHTS RESERVED. 20-3B TEHRAN, IRAN NABAX 1G [NABA1G] NABAX 1L [NABA1L] OBRIX 2G [OBRI2G] OBRIX 2L [OBRI2L] DEPARTURES CONTOUR INTERVALS 19000 17000 15000 13000 11000 9000 ",d86b5b5e262a775f8e91d28a403f4b163992dbdd1733ca28e1ba6e46ce8a7ab6
374,OIIE,OIII,SID,SID,20-3C,"PAROT 3G, PAROT 3H, PAROT 3L",REVIEW,header_icao_differs_from_index,True,False,True,AWAITING_INDIVIDUAL_VISUAL_VERIFICATION,,images/pages_0001_0400/0374.jpg,"304^ TEHRAN Mehrabad Intl OIII 7000 320^ 0 2 0 ^ 13,500 A K I V O R 150^ 6500 D10.0 D15.0 6500 6500 9400 2 3 0 ^ 270^ 285^ PAROT 3L OT 3G PAROT 3H Apt Elev 3305 Trans alt: 9000 JEPPESEN within D15.0 1 1 23 .Eff.2.Nov. 153 16 7 51-00 114.3 IKA IKA D IMAM KHOMAINI PAROT 3L [PARO3L]",d86b5b5e262a775f8e91d28a403f4b163992dbdd1733ca28e1ba6e46ce8a7ab6
375,OIIE,OIIP,SID,SID,20-3D,"PAVET 1G, PAVET 1L, PAXID 2G, PAXID 2L",REVIEW,header_icao_differs_from_index,True,False,True,AWAITING_INDIVIDUAL_VISUAL_VERIFICATION,,images/pages_0001_0400/0375.jpg,"304^ 268^ 6500 7000 320^ 0 7 0 ^ 13,500 A K I V OR 150^ 0 2 0 ^ D10.0 D15.0 2 3 0 ^ 270^ 6500 9400 6500 285^ AXID 2G, 2L PAVET 1G PAXID 2L PAXID 2G JEPPESEN Apt Elev Trans alt: 9000 3305 1 1 .Eff.5.Sep. 30 AUG 24 153 51-00 114.3 IKA IKA D IMAM KHOMAINI within D15.0 TEHRAN Mehraba",d86b5b5e262a775f8e91d28a403f4b163992dbdd1733ca28e1ba6e46ce8a7ab6
376,OIIE,OIIE,SID,SID,20-3E,"RUS 4C, RUS 4D",MATCH,independently_consistent,True,False,True,AWAITING_INDIVIDUAL_VISUAL_VERIFICATION,,images/pages_0001_0400/0376.jpg,"TEHRAN Mehrabad Intl OIII 13,500 MSA IKA VOR 150^ D15. 0 Apt Elev .SID. OIIE/IKA IMAM KHOMAINI INTL TEHRAN, IRAN 20-3E JEPPESEN Trans alt: 9000 3305 25 .Eff.5.Sep. 30 AUG 24 DEPARTURES RUS 4C RUS 4D (ALL RWYS) Printed from JeppView for Windows 5.3.0.0 on 09 Oct 2026; Terminal cha",d86b5b5e262a775f8e91d28a403f4b163992dbdd1733ca28e1ba6e46ce8a7ab6
377,OIIE,,SID,SID,20-3F,"SAV 1G, SAV 1H, SAV 1L",MATCH,independently_consistent,True,False,True,AWAITING_INDIVIDUAL_VISUAL_VERIFICATION,,images/pages_0001_0400/0377.jpg,00 9400 270^ D15.0 Apt Elev Trans alt: 9000 3305 JEPPESEN 20 OCT 23 .Eff.2.Nov. 53 51-30 RWY SID ROUTING 29L/R 11L/R 75 100 150 200 250 300 Gnd speed-KT 375 750 1500 500 1000 1250 313 625 1250 417 833 1042 These SIDs require minimum climb gradients of 300 per NM. 250 per NM. DEPA,d86b5b5e262a775f8e91d28a403f4b163992dbdd1733ca28e1ba6e46ce8a7ab6
378,OIIE,OIIE,SID,SID,20-3G,"VR 2C, VR 2D",MATCH,independently_consistent,True,False,True,AWAITING_INDIVIDUAL_VISUAL_VERIFICATION,,images/pages_0001_0400/0378.jpg,"TEHRAN Mehrabad Intl OIII 13,500 150^ D1 5. 0 6500 Apt Elev .SID. OIIE/IKA IMAM KHOMAINI INTL TEHRAN, IRAN 20-3G JEPPESEN Trans alt: 9000 3305 35 40 45 1 20 OCT 23 .Eff.2.Nov. DEPARTURES VR 2C VR 2D (ALL RWYS) 9000 7000 5000 Printed from JeppView for Windows 5.3.0.0 on 09 Oct 202",d86b5b5e262a775f8e91d28a403f4b163992dbdd1733ca28e1ba6e46ce8a7ab6
379,OIIE,,SID,SID,20-3H,OIIE/IKA 1 MAY 20 20-3H,MATCH,independently_consistent,True,False,True,AWAITING_INDIVIDUAL_VISUAL_VERIFICATION,,images/pages_0001_0400/0379.jpg,"COMMS LOST COMMS LOST C O M M S COMMS LOST LOST LOST COMMS LOST COMMS LOST COMMS LOST LOST 114.5 DHN DEHNAMAK DHN D OBRIX R273 76.1 | JEPPESEN, 2020. ALL RIGHTS RESERVED. JEPPESEN E/IKA M KHOMAINI INTL 20-3H TEHRAN, IRAN Apt Elev EHERABAD Radar (App) 19.7 125.1 3305 Contact MEHER",d86b5b5e262a775f8e91d28a403f4b163992dbdd1733ca28e1ba6e46ce8a7ab6
380,OIIE,OIIE,AIRPORT,AIRPORT,20-9,Airport Diagram Chart (ADC),MATCH,independently_consistent,True,False,True,AWAITING_INDIVIDUAL_VISUAL_VERIFICATION,,images/pages_0001_0400/0380.jpg,"B R6 Apt Elev 118.7 20-9 3305' TEHRAN, IRAN N35 25.0 E051 09.1 OIIE/IKA 121.6 IMAM KHOMAINI INTL IKA Ground Tower 127.2 ATIS 35-24 35-25 35-26 51-11 51-11 R3 R5 0 5 ^ E VOR R1 R2 284^ NDB JEPPESEN 29R Isolated parking area N 2 PRON 121.825 R4 SEE NDS (APRONS 2 AND 3) 2 DEC 22 Pri",d86b5b5e262a775f8e91d28a403f4b163992dbdd1733ca28e1ba6e46ce8a7ab6
381,OIIE,OIIE,AIRPORT,AIRPORT,20-9A,ADDITIONAL RUNWAY INFORMATION,MATCH,independently_consistent,True,False,True,AWAITING_INDIVIDUAL_VISUAL_VERIFICATION,,images/pages_0001_0400/0381.jpg,"RWY ADDITIONAL RUNWAY INFORMATION Threshold LANDING BEYOND USABLE LENGTHS WIDTH TAKE-OFF Glide Slope TEHRAN, IRAN OIIE/IKA 45m 148' IMAM KHOMAINI INTL 3902m 12,801' 20-9A HIRL (60m) (30m) CL HIRL (60m) (30m) CL SFL TDZ HIALS-II 1 PAPI-L (3.0^) RVR RVR JEPPESEN 11L 29R 11R 29L ALS",d86b5b5e262a775f8e91d28a403f4b163992dbdd1733ca28e1ba6e46ce8a7ab6
382,OIIE,OIIE,AIRPORT,AIRPORT,20-9B,51-08.5 51-08.6 51-08.7 51-08.8 51-08.9 51-09 51-09.1 51-09.2 51-09.3 51-09.4 51-09.5 51-09.6,MATCH,independently_consistent,True,False,True,AWAITING_INDIVIDUAL_VISUAL_VERIFICATION,,images/pages_0001_0400/0382.jpg,"TEHRAN, IRAN OIIE/IKA IMAM KHOMAINI INTL 20-9B JEPPESEN 13 DEC 19 J K A J J VIP PAVILLION RWY 11L/29R 51-09.4 51-09.5 51-09.6 51-09.4 51-09.5 51-09.6 35-24.9 35-24.8 35-24.7 35-24.6 35-24.4 100 102 10 108R 108 108L 106R 106L 106 104 104L 104R 136 138 140 142 Printed from JeppView",d86b5b5e262a775f8e91d28a403f4b163992dbdd1733ca28e1ba6e46ce8a7ab6
383,OIIE,OIIE,AIRPORT,AIRPORT,20-9C,51-09.9 51-10 51-10.1 51-10.2 51-10.3 51-10.4 51-10.5 51-10.6 51-10.7 51-10.8 51-10.9 51-11 51-11.1 51-11.2 51-11.3,MATCH,independently_consistent,True,False,True,AWAITING_INDIVIDUAL_VISUAL_VERIFICATION,,images/pages_0001_0400/0383.jpg,"TEHRAN, IRAN OIIE/IKA IMAM KHOMAINI INTL 20-9C JEPPESEN 321 R4 R5 R6 B Isolated parking area 13 DEC 19 51-11 51-11.1 51-11.2 51-11.3 35-24 35-24.1 35-24.2 35-24.3 35-24.4 35-24.5 35-24.6 51-11 51-11.1 51-11.2 51-11.3 Printed from JeppView for Windows 5.3.0.0 on 09 Oct 2026; Termi",d86b5b5e262a775f8e91d28a403f4b163992dbdd1733ca28e1ba6e46ce8a7ab6
384,OIIE,OIIE,AIRPORT,AIRPORT,20-9D,INS COORDINATES,MATCH,independently_consistent,True,False,True,AWAITING_INDIVIDUAL_VISUAL_VERIFICATION,,images/pages_0001_0400/0384.jpg,"TEHRAN, IRAN OIIE/IKA IMAM KHOMAINI INTL 20-9D JEPPESEN 20 FEB 26 COORDINATES COORDINATES INS COORDINATES STAND No. STAND No. 100 102 104L thru 106L 106 thru 110 112L thru 112R 114L 114 114R thru 116R 118 thru 120R 122, 124 301 302 303 304 305, 306 307, 308 309 thru 311 312, 313 ",d86b5b5e262a775f8e91d28a403f4b163992dbdd1733ca28e1ba6e46ce8a7ab6
385,OIIE,OIIE,AIRPORT,AIRPORT,20-9S,MINIMUMS,MATCH,independently_consistent,True,False,True,AWAITING_INDIVIDUAL_VISUAL_VERIFICATION,,images/pages_0001_0400/0385.jpg,"20-9S JEPPESEN 1 3 13 3 1 2 4 2 4 4 4 .EASA.AIR.OPS. 20 DEC 24 .Eff.26.Dec. STRAIGHT-IN RWY D C B A OIIE/IKA TEHRAN, IRAN IMAM KHOMAINI INTL ALS out R1500m R1500m (575') 3880' R1500m R1500m R2400m R1900m R2400m R1900m 11L 11R (200') 3456' R1200m (414') 3670' (203') 3459' R1200m (",d86b5b5e262a775f8e91d28a403f4b163992dbdd1733ca28e1ba6e46ce8a7ab6
386,OIIE,OIIE,APP,APP,,LOC RWY 29R,MATCH,independently_consistent,True,False,True,AWAITING_INDIVIDUAL_VISUAL_VERIFICATION,,images/pages_0001_0400/0386.jpg,"OI(R)-59 Final Apch Crs TEHRAN, IRAN OIIE/IKA IMAM KHOMAINI INTL 2 1 6500 within 15 NM 6500 within 10 NM BRIEFING STRIP TM Apt Elev 3305' 3256' 5230'(1974') LOC IIKA 284^ Trans alt: 9000' Rwy Elev: 114 hPa D6.2 IIKA 110.3 MSA IKA VOR MISSED APCH: Rwy 1 2 1 1 020^ 270^ 320^ 070^ 1",d86b5b5e262a775f8e91d28a403f4b163992dbdd1733ca28e1ba6e46ce8a7ab6
387,OIIE,OIIE,APP,APP,,ILS RWY 29R,MATCH,independently_consistent,True,False,True,AWAITING_INDIVIDUAL_VISUAL_VERIFICATION,,images/pages_0001_0400/0387.jpg,"OI(R)-59 Final Apch Crs TEHRAN, IRAN OIIE/IKA IMAM KHOMAINI INTL 2 1 6500 within 15 NM 6500 within 10 NM BRIEFING STRIP TM Apt Elev 3305' 3256' 5230'(1974') LOC IIKA 284^ Trans alt: 9000' Rwy Elev: 114 hPa D6.2 IIKA 110.3 MISSED APCH: Rwy 127.2 125.1 119.7 MEHRABAD Approach (R) I",d86b5b5e262a775f8e91d28a403f4b163992dbdd1733ca28e1ba6e46ce8a7ab6
388,OIIE,OIIE,APP,APP,,ILS RWY 29R,MATCH,independently_consistent,True,False,True,AWAITING_INDIVIDUAL_VISUAL_VERIFICATION,,images/pages_0001_0400/0388.jpg,"OI(R)-59 Final Apch Crs TEHRAN, IRAN OIIE/IKA IMAM KHOMAINI INTL BRIEFING STRIP TM Apt Elev 3305' 3256' LOC IIKA 284^ 110.3 MSA IKA VOR Rwy 1 2 1 1 020^ 270^ 320^ 070^ 150^ 230^ 127.2 125.1 119.7 MEHRABAD Approach (R) IKA Tower 118.7 121.6 Ground 114.3 IKA DI K A ATIS ILS DME I I",d86b5b5e262a775f8e91d28a403f4b163992dbdd1733ca28e1ba6e46ce8a7ab6
389,OIIE,OIIE,APP,APP,,ILS RWY 29R,MATCH,independently_consistent,True,False,True,AWAITING_INDIVIDUAL_VISUAL_VERIFICATION,,images/pages_0001_0400/0389.jpg,"OI(R)-59 Final Apch Crs TEHRAN, IRAN OIIE/IKA IMAM KHOMAINI INTL 2 1 6500 within 15 NM 6500 within 10 NM BRIEFING STRIP TM Apt Elev 3305' 3256' 5230'(1974') LOC IIKA 284^ Trans alt: 9000' Rwy Elev: 114 hPa D6.2 IIKA 110.3 MISSED APCH: Rwy 127.2 125.1 119.7 MEHRABAD Approach (R) I",d86b5b5e262a775f8e91d28a403f4b163992dbdd1733ca28e1ba6e46ce8a7ab6
390,OIIE,OIIE,APP,APP,,RNP RWY 29R,REVIEW,only_old_index_supports_category,True,False,True,AWAITING_INDIVIDUAL_VISUAL_VERIFICATION,,images/pages_0001_0400/0390.jpg,"4000 20 MISSED APCH: BRIEFING STRIP TM JEPPESEN OIIE/IKA IMAM KHOMAINI INTL 22-1 TEHRAN, IRAN 118.7 121.6 IKA Tower Ground 127.2 125.1 119.7 MEHRABAD Approach (R) ATIS RNAV Final Apch Crs 285^ IE4~3 5100'(1844') Apt Elev 3305' 3256' Rwy IE4~5 to OXAVA, climb to 7000'. Alt Set: hP",d86b5b5e262a775f8e91d28a403f4b163992dbdd1733ca28e1ba6e46ce8a7ab6
391,OIIE,OIIE,APP,APP,,"VOR RWY 11L, VOR RWY 11R",REVIEW,only_old_index_supports_category,True,False,True,AWAITING_INDIVIDUAL_VISUAL_VERIFICATION,,images/pages_0001_0400/0391.jpg,"4000 4000 23-1 TEHRAN, IRAN OIIE/IKA IMAM KHOMAINI INTL 6500 within 15 NM 6500 within 10 NM 10 BRIEFING STRIP TM MISSED APCH: MSA IKA VOR Apt Elev 3305' 3880'(575') 5100'(1795') 114.3 VOR IKA Alt Set: hPa 020^ 270^ 320^ 070^ 150^ 230^ Apt Elev: 115 hPa 127.2 119.7 125.1 MEHRABAD ",d86b5b5e262a775f8e91d28a403f4b163992dbdd1733ca28e1ba6e46ce8a7ab6
392,OIIE,OIIE,APP,APP,,VOR RWY 11R,REVIEW,only_old_index_supports_category,True,False,True,AWAITING_INDIVIDUAL_VISUAL_VERIFICATION,,images/pages_0001_0400/0392.jpg,"4000 4000 23-2 TEHRAN, IRAN OIIE/IKA IMAM KHOMAINI INTL 6500 within 15 NM 6500 within 10 NM 10 BRIEFING STRIP TM MISSED APCH: MSA IKA VOR Apt Elev 3305' 3880'(575') 5100'(1795') 114.3 VOR IKA 104^ Alt Set: hPa 020^ 270^ 320^ 070^ 150^ 230^ Apt Elev: 115 hPa 127.2 119.7 125.1 MEHR",d86b5b5e262a775f8e91d28a403f4b163992dbdd1733ca28e1ba6e46ce8a7ab6
393,OIIE,OIIE,APP,APP,,VOR RWY 29R,REVIEW,only_old_index_supports_category,True,False,True,AWAITING_INDIVIDUAL_VISUAL_VERIFICATION,,images/pages_0001_0400/0393.jpg,"OI(P)-5 OI(R)-35 4000 35-30 23-3 TEHRAN, IRAN OIIE/IKA IMAM KHOMAINI INTL BRIEFING STRIP TM Apt Elev 3305' 3256' 3680'(424') 5100'(1844') 114.3 VOR IKA 285^ Final Apch Crs MISSED APCH: 20 D5.0 Climb STRAIGHT AHEAD to VOR, then turn LEFT to Trans alt: 9000' Rwy Elev: 114 hPa MSA I",d86b5b5e262a775f8e91d28a403f4b163992dbdd1733ca28e1ba6e46ce8a7ab6
394,OIII,OIII,AIRPORT,AIRPORT,,AIRPORT INFORMATION,REVIEW,only_old_index_supports_category,True,False,True,AWAITING_INDIVIDUAL_VISUAL_VERIFICATION,,images/pages_0001_0400/0394.jpg,"General Information Location: TEHRAN IRN ICAO/IATA: OIII / THR Lat/Long: N35° 41.3', E051° 18.9' Elevation: 3962 ft Airport Use: Public Daylight Savings: Not Observed UTC Conversion: -3:30 = UTC Magnetic Variation: 5.0° E Runway: 29R Length x Width: 12717 ft x 148 ft Surface Type",d86b5b5e262a775f8e91d28a403f4b163992dbdd1733ca28e1ba6e46ce8a7ab6
395,OIII,OIII,AIRPORT,AIRPORT,,AIRPORT INFORMATION,REVIEW,only_old_index_supports_category,True,False,True,AWAITING_INDIVIDUAL_VISUAL_VERIFICATION,,images/pages_0001_0400/0395.jpg,"General Information Location: TEHRAN IRN ICAO/IATA: OIII / THR Lat/Long: N35° 41.3', E051° 18.9' Elevation: 3962 ft Airport Use: Public Daylight Savings: Not Observed UTC Conversion: -3:30 = UTC Magnetic Variation: 5.0° E Runway: 29R Length x Width: 12717 ft x 148 ft Surface Type",d86b5b5e262a775f8e91d28a403f4b163992dbdd1733ca28e1ba6e46ce8a7ab6
396,OIII,,AIRPORT,AIRPORT,10-1P,AIRPORT BRIEFING,MATCH,independently_consistent,True,False,True,AWAITING_INDIVIDUAL_VISUAL_VERIFICATION,,images/pages_0001_0400/0396.jpg,JEPPESEN 1. GENERAL 1.1. .Eff.26.Dec. ATIS 1.2. 1.2.1. 20 DEC 24 ATIS 128.0 RWY OPERATIONS FLIGHT PROCEDURES AND REQUIREMENTS FOR USING RWY 11L/29R RWYCC2 or more. 1.2.1.1. RWY 11L ARRIVALS Only usable during RWY 11R closure with following conditions: - Ground VIS 3000m or more: ,d86b5b5e262a775f8e91d28a403f4b163992dbdd1733ca28e1ba6e46ce8a7ab6
397,OIII,OIII,AIRPORT,AIRPORT,10-1P1,AIRPORT BRIEFING,MATCH,independently_consistent,True,False,True,AWAITING_INDIVIDUAL_VISUAL_VERIFICATION,,images/pages_0001_0400/0397.jpg,"JEPPESEN 1. GENERAL 1.3. .Eff.26.Dec. 20 DEC 24 TAXI PROCEDURES In order to prevent RWY incursion and minimize traffic conflict on movement area, the following regulation for taxiing should be taken into account: - When RWY in use is RWY 29: - ACFT shall be facing West while on t",d86b5b5e262a775f8e91d28a403f4b163992dbdd1733ca28e1ba6e46ce8a7ab6
398,OIII,OIII,AIRPORT,AIRPORT,10-1P2,AIRPORT BRIEFING,MATCH,independently_consistent,True,False,True,AWAITING_INDIVIDUAL_VISUAL_VERIFICATION,,images/pages_0001_0400/0398.jpg,"JEPPESEN 1. GENERAL 1.4. .Eff.26.Dec. 1.4.1. 20 DEC 24 OTHER INFORMATION Birds and stray dogs in vicinity of APT. RWYs 11L/R right-hand circuit. CURFEW During restrictions, the following flights can land and take off: - Emergency; - Scramble/SM; - Hospital; - Head/VIP; The curfew",d86b5b5e262a775f8e91d28a403f4b163992dbdd1733ca28e1ba6e46ce8a7ab6
399,OIII,OIII,AIRPORT,AIRPORT,10-1P3,AIRPORT BRIEFING,MATCH,independently_consistent,True,False,True,AWAITING_INDIVIDUAL_VISUAL_VERIFICATION,,images/pages_0001_0400/0399.jpg,"JEPPESEN 2. ARRIVAL .Eff.26.Dec. 20 DEC 24 4. If the ACFT is being radar-vectored and the last acknowledged direction instruction was issued to establish final approach track or the ACFT is on the base leg of the related RWY, continue to establish final approach track of the rela",d86b5b5e262a775f8e91d28a403f4b163992dbdd1733ca28e1ba6e46ce8a7ab6
400,OIII,,AIRPORT,AIRPORT,10-1P4,AIRPORT BRIEFING,MATCH,independently_consistent,True,False,True,AWAITING_INDIVIDUAL_VISUAL_VERIFICATION,,images/pages_0001_0400/0400.jpg,"JEPPESEN 3.1. 3.2. 3.2.1. 3. DEPARTURE ANTI-ICING AND DE-ICING START-UP AND PUSH-BACK PROCEDURES START-UP Engine run-up for light and medium ACFT at TWY B9, for heavy ACFT on military ramp PPR. All departing controlled flights except fighters and helicopters shall contact MEHRABA",d86b5b5e262a775f8e91d28a403f4b163992dbdd1733ca28e1ba6e46ce8a7ab6
401,OIII,,AIRPORT,AIRPORT,10-1P5,AIRPORT BRIEFING,MATCH,independently_consistent,True,False,True,AWAITING_INDIVIDUAL_VISUAL_VERIFICATION,,images/pages_0401_0800/0401.jpg,"JEPPESEN 3. DEPARTURE 25 SEP 26 .Eff.1.Oct. 3.2.3. CROSS-BLEED START-UP PROCEDURES The airline must strictly ensure to all safety precautions related to cross-bleed operations including maintaining standard and secure distance from personnel, equipment and other related hazards a",d86b5b5e262a775f8e91d28a403f4b163992dbdd1733ca28e1ba6e46ce8a7ab6
402,OIII,,AIRPORT,AIRPORT,10-1P6,AIRPORT BRIEFING,MATCH,independently_consistent,True,False,True,AWAITING_INDIVIDUAL_VISUAL_VERIFICATION,,images/pages_0401_0800/0402.jpg,"JEPPESEN 3. DEPARTURE 25 SEP 26 .Eff.1.Oct. Taxi via E9, turn LEFT TWY A to RWY holding position. Taxi via E7, E6, turn LEFT TWY A to RWY holding position. Taxi via E6, turn LEFT TWY A to RWY holding position. Taxi via TWY Y, turn LEFT TWY A to RWY holding position. All ACFT shal",d86b5b5e262a775f8e91d28a403f4b163992dbdd1733ca28e1ba6e46ce8a7ab6
403,OIII,,AIRPORT,AIRPORT,10-1P7,AIRPORT BRIEFING,MATCH,independently_consistent,True,False,True,AWAITING_INDIVIDUAL_VISUAL_VERIFICATION,,images/pages_0401_0800/0403.jpg,"JEPPESEN 3. DEPARTURE 25 SEP 26 .Eff.1.Oct. Table 2: Standard Push-back Procedure, TRP for Cross-Bleed Start and Taxi Procedure (RWY in use 11L/R) (contd) 3 All ACFT shall be pushed back to E4 face Northwest until nose wheel is at the intersection of the ACFT stand lead in line a",d86b5b5e262a775f8e91d28a403f4b163992dbdd1733ca28e1ba6e46ce8a7ab6
404,OIII,,AIRPORT,AIRPORT,10-1P8,AIRPORT BRIEFING,MATCH,independently_consistent,True,False,True,AWAITING_INDIVIDUAL_VISUAL_VERIFICATION,,images/pages_0401_0800/0404.jpg,"JEPPESEN 3. DEPARTURE 25 SEP 26 .Eff.1.Oct. ACFT making push-back should be ready for taxi as soon as the push-back or pull forward and engine start-up have been completed. If ACFT is unable to comply with these procedures, the crew shall immediately inform MEHRABAD Ground. To mi",d86b5b5e262a775f8e91d28a403f4b163992dbdd1733ca28e1ba6e46ce8a7ab6
405,OIII,,AIRPORT,AIRPORT,10-1P9,AIRPORT BRIEFING,MATCH,independently_consistent,True,False,True,AWAITING_INDIVIDUAL_VISUAL_VERIFICATION,,images/pages_0401_0800/0405.jpg,"JEPPESEN 3. DEPARTURE PAVET: DAXIL: SAV: EGVEL: Climb FL200, turn LEFT direct PAVET or establish W8. Climb FL200 and turn LEFT direct DAXIL or establish B411. Climb FL200, turn LEFT direct SAV NDB/DME or establish G667. Climb FL200, turn LEFT to RUS VOR/DME, then proceed direct E",d86b5b5e262a775f8e91d28a403f4b163992dbdd1733ca28e1ba6e46ce8a7ab6
406,OIII,OIII,AIRPORT,AIRPORT,10-1P10,AIRPORT BRIEFING,MATCH,independently_consistent,True,False,True,AWAITING_INDIVIDUAL_VISUAL_VERIFICATION,,images/pages_0401_0800/0406.jpg,JEPPESEN Note : Avoid OIR66 and OIP20 during any direct routing. If communication lost during vector for departure: 1. Squawk 7600. 2. Maintain last acknowledged heading and level for 2 minutes from the time of squawking 7600. 3. Proceed via shortest way to TMA exit point and cli,d86b5b5e262a775f8e91d28a403f4b163992dbdd1733ca28e1ba6e46ce8a7ab6
407,OIII,OIII,AIRPORT,AIRPORT,10-1R,RADAR MINIMUM ALTITUDES,MATCH,independently_consistent,True,False,True,AWAITING_INDIVIDUAL_VISUAL_VERIFICATION,,images/pages_0401_0800/0407.jpg,"UTHERN SECTORS R TO 10-1R1 21000 Apt Elev OIII/THR TEHRAN, IRAN MEHRABAD INTL 10-1R MEHRABAD Radar (APP) .RADAR.MINIMUM.ALTITUDES. 0 0 JEPPESEN Alt Set: hPa Trans level: FL110 Trans alt: 9000 119.7 125.1 11 JAN 19 3965 18358 0 9 0 ^ D 6 0 52-30 D70 R095 R 0 6 0 CONTOUR INTERVALS ",d86b5b5e262a775f8e91d28a403f4b163992dbdd1733ca28e1ba6e46ce8a7ab6
408,OIII,OIII,AIRPORT,AIRPORT,10-1R,RADAR MINIMUM ALTITUDES,MATCH,independently_consistent,True,False,True,AWAITING_INDIVIDUAL_VISUAL_VERIFICATION,,images/pages_0401_0800/0408.jpg,"HERN SECTORS TO 10-1R Apt Elev OIII/THR TEHRAN, IRAN MEHRABAD INTL 10-1R1 13500 MEHRABAD Radar (APP) .RADAR.MINIMUM.ALTITUDES. JEPPESEN Alt Set: hPa Trans level: FL110 Trans alt: 9000 119.7 125.1 11 JAN 19 3965 18358 DHN VOR DME DEHNAMAK 0 9 0 ^ 52-30 D 5 0 D 7 0 R095 R125 CONTOU",d86b5b5e262a775f8e91d28a403f4b163992dbdd1733ca28e1ba6e46ce8a7ab6
409,OIII,OIII,STAR,STAR,10-2,"MIVAK 4N, MIVAK 3R, MIVAK 1Y, MIVAK 2Z",MATCH,independently_consistent,True,False,True,AWAITING_INDIVIDUAL_VISUAL_VERIFICATION,,images/pages_0401_0800/0409.jpg,"16,200 9400 270^ 00 305^ V O R N R T .STAR. JEPPESEN OIII/THR MEHRABAD INTL TEHRAN, IRAN A 8000 276^ 358 KAZ KAHRIZAK KAZ ~I] 00 115.3 TRN TEHRAN TRN D 7 t clearance will be as directed by ATC. Trans level: FL110 N], MIVAK 3R [MIVA3R] Y], MIVAK 2Z [MIVA2Z] .Eff.2.Nov. 10-2 27 OCT",d86b5b5e262a775f8e91d28a403f4b163992dbdd1733ca28e1ba6e46ce8a7ab6
410,OIII,,STAR,STAR,10-2A,"PAVET 2R, RUS 1V, RUS 2Z",MATCH,independently_consistent,True,False,True,AWAITING_INDIVIDUAL_VISUAL_VERIFICATION,,images/pages_0401_0800/0410.jpg,"16,200 9400 270^ 305^ 358 KAZ KAHRIZAK KAZ learance will be as directed by ATC. ans level: FL110 MHA 8000 .STAR. JEPPESEN MEHRABAD INTL 10-2A TEHRAN, IRAN OIII/THR 2R [PAVE2R] 373 VR VARAMIN VR 000 S 1V 6.7 276^ MHA 9000 1 8 1 ^ 0 0 1 ^ .Eff.2.Nov. 27 OCT 23 V [RUS1V] Z [RUS2Z] 1",d86b5b5e262a775f8e91d28a403f4b163992dbdd1733ca28e1ba6e46ce8a7ab6
411,OIII,OIII,STAR,STAR,10-2B,"SAV 2N, SAV 1R, SAV 1Z",MATCH,independently_consistent,True,False,True,AWAITING_INDIVIDUAL_VISUAL_VERIFICATION,,images/pages_0401_0800/0411.jpg,"115.3 TRN TEHRAN TRN D 16,200 1 8 0 ^ 9400 270^ 305^ V O R N R T .STAR. JEPPESEN OIII/THR MEHRABAD INTL 10-2B TEHRAN, IRAN 50 MHA 8000 276^ 096^ 358 KAZ KAHRIZAK KAZ .Eff.20.Apr. 14 APR 23 153 51-30 ROUTING R 1R 1Z 2N On RUS R222 inbound to RUS VOR. On 055^ bearing to KAZ NDB. On",d86b5b5e262a775f8e91d28a403f4b163992dbdd1733ca28e1ba6e46ce8a7ab6
412,OIII,OIII,STAR,STAR,10-2C,"BOXAM 1P, RADAL 2P",MATCH,independently_consistent,True,False,True,AWAITING_INDIVIDUAL_VISUAL_VERIFICATION,,images/pages_0401_0800/0412.jpg,"16,200 180^ 15,300 BOXAM 1P [BOXA1P] RADAL 2P [RADA2P] 3965 Apt Elev 128.0 ATIS Actual descent clearance will be as directed by ATC. Alt Set: hPa Trans level: FL110 .STAR. JEPPESEN 10-2C OIII/THR MEHRABAD INTL TEHRAN, IRAN 13266 .Eff.20.Apr. 14 APR 23 MAX 230 KT WITHIN CTR MAX 27",d86b5b5e262a775f8e91d28a403f4b163992dbdd1733ca28e1ba6e46ce8a7ab6
413,OIII,OIII,STAR,STAR,10-2D,"NAGMO 2R, NAGMO 1V, VR 1R, VR 1Z",MATCH,independently_consistent,True,False,True,AWAITING_INDIVIDUAL_VISUAL_VERIFICATION,,images/pages_0401_0800/0413.jpg,".STAR. JEPPESEN OIII/THR MEHRABAD INTL TEHRAN, IRAN Apt Elev ATIS 128.0 Actual descent clearance will be as directed by ATC. Alt Set: hPa Trans level: FL110 10-2D 50 NAGMO 3965 NAGMO 2R [NAGM2R], NAGMO 1V [NAGM1V] 14260 .Eff.2.Nov. 27 OCT 23 176 167 MAX 230 KT WITHIN CTR MAX 270 ",d86b5b5e262a775f8e91d28a403f4b163992dbdd1733ca28e1ba6e46ce8a7ab6
414,OIII,OIII,STAR,STAR,10-2E,"RADAL 1N, RADAL 2R, RADAL 2V",MATCH,independently_consistent,True,False,True,AWAITING_INDIVIDUAL_VISUAL_VERIFICATION,,images/pages_0401_0800/0414.jpg,"RADAL 303^ 291^ .STAR. JEPPESEN OIII/THR MEHRABAD INTL 10-2E TEHRAN, IRAN Alt Set: hPa Trans level: FL110 RADAL 1N [RADA1N] RADAL 2R [RADA2R] RADAL 2V [RADA2V] Actual descent clearance will be as directed by ATC. 65 Elev .Eff.2.Nov. 27 OCT 23 99 210 52-30 AX 230 KT WITHIN CTR MAX",d86b5b5e262a775f8e91d28a403f4b163992dbdd1733ca28e1ba6e46ce8a7ab6
415,OIII,OIIP,STAR,STAR,10-2F,"BOXAM 2N, BOXAM 1R, BOXAM 2V, BOXAM 1Z",REVIEW,header_icao_differs_from_index,True,False,True,AWAITING_INDIVIDUAL_VISUAL_VERIFICATION,,images/pages_0401_0800/0415.jpg,"KARAJ Payam OIIP 16,200 180^ 270^ 15,300 115.3 TRN TEHRAN TRN D .STAR. JEPPESEN OIII/THR MEHRABAD INTL TEHRAN, IRAN Apt Elev ATIS 128.0 Actual descent clearance will be as directed by ATC. Alt Set: hPa Trans level: FL110 3965 BOXAM 2N [BOXA2N], BOXAM 1R [BOXA1R] 10-2F .Eff.2.Nov.",d86b5b5e262a775f8e91d28a403f4b163992dbdd1733ca28e1ba6e46ce8a7ab6
416,OIII,OIII,STAR,STAR,10-2G,"PAXID 2N, PAXID 2R, PAXID 1Y, PAXID 2Z",MATCH,independently_consistent,True,False,True,AWAITING_INDIVIDUAL_VISUAL_VERIFICATION,,images/pages_0401_0800/0416.jpg,"PAXID Apt Elev ATIS 128.0 Actual descent clearance will be as directed by ATC. Alt Set: hPa Trans level: FL110 PAXID 1Y [PAXI1Y], PAXID 2Z [PAXI2Z] 3965 PAXID 2N [PAXI2N], PAXID 2R [PAXI2R] MHA 9000 273^ .STAR. JEPPESEN OIII/THR MEHRABAD INTL 10-2G TEHRAN, IRAN 15756 .Eff.2.Nov. ",d86b5b5e262a775f8e91d28a403f4b163992dbdd1733ca28e1ba6e46ce8a7ab6
417,OIII,,STAR,STAR,10-2H,"MIVAK 1S, PAVET 1S, PAXID 1S, SAV 1V",MATCH,independently_consistent,True,False,True,AWAITING_INDIVIDUAL_VISUAL_VERIFICATION,,images/pages_0401_0800/0417.jpg,TEHR AN TMA T EHRAN/ MEHRAB AD CTR 400 270^ 305^ Apt Elev ATIS 128.0 3965 PAVET 1S [PAVE1S] MIVAK 1S [MIVA1S] Alt Set: hPa Trans level: FL110 Actual descent clearance will be as directed by ATC. MHA 9000 2 2 7 ^ 0 4 7 ^ MHA 8000 093^ 273^ HOLDINGS OVER RUS VOR KAZ NDB JEPPESEN .S,d86b5b5e262a775f8e91d28a403f4b163992dbdd1733ca28e1ba6e46ce8a7ab6
418,OIII,,STAR,STAR,10-2J,"BOXAM 1S, MUXOR 1S, RADAL 1S",MATCH,independently_consistent,True,False,True,AWAITING_INDIVIDUAL_VISUAL_VERIFICATION,,images/pages_0401_0800/0418.jpg,Apt Elev ATIS 128.0 3965 RADAL MUXOR 303^ 2 5 6 ^ F L1 1 0 M U 3 7 . 3 BOXAM 1S [BOXA1S] Alt Set: hPa Trans level: FL110 Actual descent clearance will be as directed by ATC. JEPPESEN .STAR. 21 .Eff.7.Oct. 99 210 52-30 MAX 230 KT WITHIN CTR MAX 270 KT WITHIN TMA .SPEED: ARRIVALS R,d86b5b5e262a775f8e91d28a403f4b163992dbdd1733ca28e1ba6e46ce8a7ab6
419,OIII,,STAR,STAR,10-2K,"MUXOR 1N, MUXOR 2P, MUXOR 1V, MUXOR 2Z",MATCH,independently_consistent,True,False,True,AWAITING_INDIVIDUAL_VISUAL_VERIFICATION,,images/pages_0401_0800/0419.jpg,"MUXOR 2 5 6 ^ 270^ 267^ Alt Set: hPa Trans level: FL110 MUXOR 1N [MUXO1N] Actual descent clearance will be as directed by ATC. 965 Elev .STAR. JEPPESEN OIII/THR MEHRABAD INTL 10-2K TEHRAN, IRAN .Eff.7.Oct. 1 OCT 21 210 52-30 53-00 AX 230 KT WITHIN CTR MAX 270 KT WITHIN TMA D: (RW",d86b5b5e262a775f8e91d28a403f4b163992dbdd1733ca28e1ba6e46ce8a7ab6
420,OIII,OIII,SID,SID,10-3,"DAXIL 1A, DAXIL 1B, DHN 3A, DHN 3B, DHN 2C",MATCH,independently_consistent,True,False,True,AWAITING_INDIVIDUAL_VISUAL_VERIFICATION,,images/pages_0401_0800/0420.jpg,"R288 114.5 DHN DEHNAMAK DHN D 50 JEPPESEN OIII/THR MEHRABAD INTL TEHRAN, IRAN 10-3 .SID. Apt Elev Trans alt: 9000 3965 DAXIL 1A [DAXI1A] DAXIL 1B [DAXI1B] .Eff.2.Nov. 27 OCT 23 DHN 3A [DHN3A] DHN 3B [DHN3B] DHN 2C [DHN2C] 210 52-00 NOT TO SCALE DEPARTURES (ALL RWYS) Printed from ",d86b5b5e262a775f8e91d28a403f4b163992dbdd1733ca28e1ba6e46ce8a7ab6
421,OIII,OIII,SID,SID,10-3A,"EGVEL 2A, EGVEL 2B",MATCH,independently_consistent,True,False,True,AWAITING_INDIVIDUAL_VISUAL_VERIFICATION,,images/pages_0401_0800/0421.jpg,"KARAJ Payam OIIP 16,200 180^ 15,300 JEPPESEN OIII/THR MEHRABAD INTL TEHRAN, IRAN Apt Elev Trans alt: 9000 3965 .SID. 10-3A EGVEL 2A [EGVE2A] EGVEL 2B [EGVE2B] 115.3 TRN TEHRAN TRN D 12941 .Eff.2.Nov. 27 OCT 23 DEPARTURES (ALL RWYS) 14000 12000 10000 8000 Printed from JeppView for",d86b5b5e262a775f8e91d28a403f4b163992dbdd1733ca28e1ba6e46ce8a7ab6
422,OIII,OIII,SID,SID,10-3B,"ELUSI 1A, ELUSI 1B, ELUSI 1C, ELUSI 1D",MATCH,independently_consistent,True,False,True,AWAITING_INDIVIDUAL_VISUAL_VERIFICATION,,images/pages_0401_0800/0422.jpg,"180^ TEHRAN TRN D JEPPESEN OIII/THR MEHRABAD INTL TEHRAN, IRAN Apt Elev Trans alt: 9000 3965 .SID. ELUSI 1A [ELUS1A] ELUSI 1B [ELUS1B] ELUSI 1C [ELUS1C] ELUSI 1D [ELUS1D] 35 40 45 10-3B 1 OCT 21 .Eff.7.Oct. 8357 DEPARTURES (ALL RWYS) 14000 12000 10000 Printed from JeppView for Wi",d86b5b5e262a775f8e91d28a403f4b163992dbdd1733ca28e1ba6e46ce8a7ab6
423,OIII,OIII,SID,SID,10-3C,"NAGMO 1A, NAGMO 1B",MATCH,independently_consistent,True,False,True,AWAITING_INDIVIDUAL_VISUAL_VERIFICATION,,images/pages_0401_0800/0423.jpg,"180^ N R T V OR JEPPESEN OIII/THR MEHRABAD INTL TEHRAN, IRAN Apt Elev Trans alt: 9000 3965 .SID. NAGMO 1A [NAGM1A] NAGMO 1B [NAGM1B] 35 40 45 DEPARTURES NAGMO 10-3C 1 OCT 21 .Eff.7.Oct. (ALL RWYS) 14260 176 167 36-00 16000 14000 Printed from JeppView for Windows 5.3.0.0 on 09 Oct",d86b5b5e262a775f8e91d28a403f4b163992dbdd1733ca28e1ba6e46ce8a7ab6
424,OIII,OIII,SID,SID,10-3D,"PAROT 3A, PAROT 3B, PAROT 4C, PAVET 2A, PAVET 2B, PAVET 3C",MATCH,independently_consistent,True,False,True,AWAITING_INDIVIDUAL_VISUAL_VERIFICATION,,images/pages_0401_0800/0424.jpg,"0 9400 270^ V OR N R T ^ in turn JEPPESEN OIII/THR MEHRABAD INTL TEHRAN, IRAN .SID. 10-3D 35 40 45 O3A], PAROT 3B [PARO3B] O4C], PAVET 2A [PAVE2A] E2B], PAVET 3C [PAVE3C] 7 JUL 23 .Eff.13.Jul. 153 0 MAX 240 KT DEPARTURES ROT, climb to cleared FL. AROT, climb to cleared FL. (ALL R",d86b5b5e262a775f8e91d28a403f4b163992dbdd1733ca28e1ba6e46ce8a7ab6
425,OIII,OIII,SID,SID,10-3E,"PAXID 3A, PAXID 3B",MATCH,independently_consistent,True,False,True,AWAITING_INDIVIDUAL_VISUAL_VERIFICATION,,images/pages_0401_0800/0425.jpg,"16,200 9400 270^ 305^ JEPPESEN OIII/THR MEHRABAD INTL TEHRAN, IRAN .SID. 10-3E 35 40 45 Apt Elev Trans alt: 9000 3965 PAXID 3A [PAXI3A] PAXID 3B [PAXI3B] 7 JUL 23 .Eff.13.Jul. AXID is usable for arrivals, therefore SIDs o PAXID are not normally used except as structed explicitly ",d86b5b5e262a775f8e91d28a403f4b163992dbdd1733ca28e1ba6e46ce8a7ab6
426,OIII,OIII,SID,SID,10-3F,"OBRIX 2A, OBRIX 2B, OBRIX 2C, RUS 2A, RUS 2B",MATCH,independently_consistent,True,False,True,AWAITING_INDIVIDUAL_VISUAL_VERIFICATION,,images/pages_0401_0800/0426.jpg,"270^ V OR N R T RIX JEPPESEN OIII/THR MEHRABAD INTL TEHRAN, IRAN .SID. 10-3F 35 40 45 Apt Elev Trans alt: 9000 3965 OBRIX 2A [OBRI2A] OBRIX 2B [OBRI2B] OBRIX 2C [OBRI2C] .Eff.2.Nov. 27 OCT 23 RUS 2A [RUS2A] RUS 2B [RUS2B] CALE DEPARTURES (ALL RWYS) Printed from JeppView for Windo",d86b5b5e262a775f8e91d28a403f4b163992dbdd1733ca28e1ba6e46ce8a7ab6
427,OIII,OIII,SID,SID,10-3G,"SAV 2A, SAV 2B, SAV 3C",MATCH,independently_consistent,True,False,True,AWAITING_INDIVIDUAL_VISUAL_VERIFICATION,,images/pages_0401_0800/0427.jpg,"9400 270^ 305^ Trans alt: 9000 in turn .SID. JEPPESEN 25 OIII/THR MEHRABAD INTL 10-3G TEHRAN, IRAN .Eff.2.Nov. 27 OCT 23 SAV 2A [SAV2A] SAV 2B [SAV2B] 153 MAX 240 KT DEPARTURES ROUTING AV NDB/DME, climb to cleared FL. SAV NDB/DME, climb to cleared FL. (ALL RWYS) t 8000, but not b",d86b5b5e262a775f8e91d28a403f4b163992dbdd1733ca28e1ba6e46ce8a7ab6
428,OIII,,SID,SID,10-3H,"VR 1A, VR 1B",MATCH,independently_consistent,True,False,True,AWAITING_INDIVIDUAL_VISUAL_VERIFICATION,,images/pages_0401_0800/0428.jpg,"270^ JEPPESEN Apt Elev 3965 Trans alt: 9000 N R .Eff.2.Nov. 27 OCT 23 .SID. 10-3H TEHRAN, IRAN DEPARTURES | JEPPESEN, 2020, 2023. ALL RIGHTS RESERVED. (ALL RWYS) VR 1A [VR1A] VR 1B [VR1B] Printed from JeppView for Windows 5.3.0.0 on 09 Oct 2026; Terminal chart data cycle 21-2026;",d86b5b5e262a775f8e91d28a403f4b163992dbdd1733ca28e1ba6e46ce8a7ab6
429,OIII,,SID,SID,10-3J,"MEHRABAD 2A, MEHRABAD 1B",MATCH,independently_consistent,True,False,True,AWAITING_INDIVIDUAL_VISUAL_VERIFICATION,,images/pages_0401_0800/0429.jpg,"114.5 DHN DEHNAMAK DHN D 3 VR AMIN VR OBRIX 75.2 JEPPESEN .RADAR.DEPARTURE. MEHRABAD 2A [MEHR2A] MEHRABAD 1B [MEHR1B] 18358 .Eff.2.Nov. 9000 23 DHN shall perform noise abatement procedure. 99 210 154 52-00 52-30 10-3J TEHRAN, IRAN RADAR DEPARTURES (ALL RWYS) | JEPPESEN, 2020, 202",d86b5b5e262a775f8e91d28a403f4b163992dbdd1733ca28e1ba6e46ce8a7ab6
430,OIII,,AIRPORT,AIRPORT,10-9,Airport Diagram Chart (ADC),MATCH,independently_consistent,True,False,True,AWAITING_INDIVIDUAL_VISUAL_VERIFICATION,,images/pages_0401_0800/0430.jpg,"F B1 B2 A A2 C U V 0 5 ^ E C1 A A1 RON 1 ntrol wer Terminal 3 Terminal 6 Terminal 4 ROMIN 10-9 JEPPESEN TEHRAN, IRAN MEHRABAD INTL | JEPPESEN, 1998, 2026. ALL RIGHTS RESERVED. 35-41 35-42 51-20 51-20 51-21 51-21 ING STANDS .Eff.1.Oct. 25 SEP 26 C2 Elev 3800' Elev 3797' 29L 285^ 2",d86b5b5e262a775f8e91d28a403f4b163992dbdd1733ca28e1ba6e46ce8a7ab6
431,OIII,OIII,AIRPORT,AIRPORT,10-9A,AIRPORT BRIEFING,MATCH,independently_consistent,True,False,True,AWAITING_INDIVIDUAL_VISUAL_VERIFICATION,,images/pages_0401_0800/0431.jpg,"MEHRABAD INTL TEHRAN, IRAN OIII/THR JEPPESEN From rwy head RWY 29R: 12,717' (3876m) TAKE-OFF RUN AVAILABLE (60m) (60m) 12,382' (3774m) 2796m twy A2 int 9173' (60m) (60m) 3598m 11,806' For arrival and departure restrictions refer to AIRPORT BRIEFING (GEN), section 1.2. RWY OPERATI",d86b5b5e262a775f8e91d28a403f4b163992dbdd1733ca28e1ba6e46ce8a7ab6
432,OIII,OIII,AIRPORT,AIRPORT,10-9A,HOT SPOTS,MATCH,independently_consistent,True,False,True,AWAITING_INDIVIDUAL_VISUAL_VERIFICATION,,images/pages_0401_0800/0432.jpg,"A A2 E1 TEHRAN, IRAN MEHRABAD INTL OIII/THR A JEPPESEN 4106 108110112 114 103 105 107109111113 E2 B2 Terminal 3 ROMIN 115 116 117 118 119 120 121 123 125 35-41.4 35-41.3 35-41.2 1.5 9.5 51-19.6 51-19.7 51-19.8 9.5 51-19.8 51-19.6 20 DEC 24 .Eff.26.Dec. 41.6 41.7 51-19.7 10-9B 35-",d86b5b5e262a775f8e91d28a403f4b163992dbdd1733ca28e1ba6e46ce8a7ab6
433,OIII,OIII,AIRPORT,AIRPORT,10-9C,INS COORDINATES,MATCH,independently_consistent,True,False,True,AWAITING_INDIVIDUAL_VISUAL_VERIFICATION,,images/pages_0401_0800/0433.jpg,"10-9C OIII/THR JEPPESEN 20 DEC 24 .Eff.26.Dec. TEHRAN, IRAN MEHRABAD INTL INS COORDINATES COORDINATES APRON 1 Wing Span STAND No. ELEV APRON 4 400 401 402 403 404 405 406 407 408 409 COORDINATES Wing Span STAND No. ELEV 3859 3865 3857 3863 3855 3861 3853 3859 3850 3857 36 36 36 3",d86b5b5e262a775f8e91d28a403f4b163992dbdd1733ca28e1ba6e46ce8a7ab6
434,OIII,OIII,AIRPORT,AIRPORT,10-9S,MINIMUMS,MATCH,independently_consistent,True,False,True,AWAITING_INDIVIDUAL_VISUAL_VERIFICATION,,images/pages_0401_0800/0434.jpg,"JEPPESEN 10-9S 1 .EASA.AIR.OPS. 1 1 2 2 2 2 2 2 2 2 25 SEP 26 .Eff.1.Oct. STRAIGHT-IN RWY D C B A OIII/THR TEHRAN, IRAN MEHRABAD INTL 29L (243') (243') (243') (243') 4040' 4040' 4040' 4040' ALS out ALS out (653') (653') (653') (653') 4450' 4450' 4450' 4450' R800m R800m R800m R800",d86b5b5e262a775f8e91d28a403f4b163992dbdd1733ca28e1ba6e46ce8a7ab6
435,OIII,,APP,APP,11-1,ILS Z OR LOC Z RWY 29L,MATCH,independently_consistent,True,False,True,AWAITING_INDIVIDUAL_VISUAL_VERIFICATION,,images/pages_0401_0800/0435.jpg,"OI(D)-26 OI(D)-98 OI(R)-3 OI(R)-56 OI(R)-64 OI(R)-66 OI(R)- 31 OI(C)-40 OI(C)-92 OI(R)-3 OI(R)-3 OI(R)-3 OI(D)-26 MISSED APCH: TEHRAN, IRAN MEHRABAD INTL ATIS MEHRABAD Tower Ground 128.0 121.7 121.9 LOC 109.9 ITHL Final Apch Crs 285^ ILS DA(H) 4040'(243') MEHRABAD Approach (R) 11",d86b5b5e262a775f8e91d28a403f4b163992dbdd1733ca28e1ba6e46ce8a7ab6
436,OIII,,APP,APP,11-2,ILS Y OR LOC Y RWY 29L,MATCH,independently_consistent,True,False,True,AWAITING_INDIVIDUAL_VISUAL_VERIFICATION,,images/pages_0401_0800/0436.jpg,"OI(D)-26 OI(D)-98 OI(R)-3 OI(R)-56 OI(R)-66 OI(R)- 31 OI(C)-40 OI(C)-92 OI(R)-3 OI(R)-3 OI(R)-3 OI(D)-26 OI(R)-3 MISSED APCH: TEHRAN, IRAN MEHRABAD INTL MEHRABAD Tower Ground 128.0 121.7 121.9 LOC 109.9 ITHL Final Apch Crs 285^ 6500' ILS DA(H) 4040'(243') D7.7 ITHL 11-2 OIII/THR ",d86b5b5e262a775f8e91d28a403f4b163992dbdd1733ca28e1ba6e46ce8a7ab6
437,OIII,,APP,APP,11-3,LOC RWY 29R,MATCH,independently_consistent,True,False,True,AWAITING_INDIVIDUAL_VISUAL_VERIFICATION,,images/pages_0401_0800/0437.jpg,"OI(D)-26 OI(D)-98 OI(R)-3 OI(R)-56 OI(R)-64 OI(R)-66 OI(R)- 31 OI(C)-40 OI(R)-3 OI(R)-3 OI(R)-3 OI(D)-26 OI(R)-3 MISSED APCH: TEHRAN, IRAN MEHRABAD INTL Ground 121.7 121.9 LOC 110.7 ITRN Final Apch Crs 285^ 6600' ILS DA(H) 4130'(330') D8.0 ITRN OIII/THR (2800') 20 BRIEFING STRIP ",d86b5b5e262a775f8e91d28a403f4b163992dbdd1733ca28e1ba6e46ce8a7ab6
438,OIII,OIII,APP,APP,13-1,VOR RWY 11R,MATCH,independently_consistent,True,False,True,AWAITING_INDIVIDUAL_VISUAL_VERIFICATION,,images/pages_0401_0800/0438.jpg,"Payam KARAJ OIIP OI(C)- 40 OI(C)-44 OI(R)-31 OI(R)-56 TEHRAN, IRAN MEHRABAD INTL Ground 121.7 121.9 BRIEFING STRIP TM OIII/THR 20 JEPPESEN Final Apch Crs 115.3 VOR TRN 093^ Apt Elev 3962' D8.0 TRN MISSED APCH: JEPPESEN 093^ 273^ 093^ [FD11R] [CD11R] Climbing overhead TRN VOR, the",d86b5b5e262a775f8e91d28a403f4b163992dbdd1733ca28e1ba6e46ce8a7ab6
439,OIII,,APP,APP,13-2,VOR RWY 29L,MATCH,independently_consistent,True,False,True,AWAITING_INDIVIDUAL_VISUAL_VERIFICATION,,images/pages_0401_0800/0439.jpg,"OI(C)-40 OI(C)-92 OI(D)-98 OI(R)-3 OI(R)-3 OI(R)- 31 OI(R)-3 OI(R)-56 OI(R)-64 OI(R)-66 OI(D)-26 OI(R)-3 OI(R)-3 Final Apch Crs 115.3 VOR TRN 286^ MISSED APCH: TEHRAN, IRAN MEHRABAD INTL Ground 121.7 121.9 OIII/THR 20 BRIEFING STRIP TM JEPPESEN D10.0 Climb STRAIGHT AHEAD to TRN V",d86b5b5e262a775f8e91d28a403f4b163992dbdd1733ca28e1ba6e46ce8a7ab6
440,OIII,OIII,APP,APP,13-3,CHART PAGE 314,MATCH,independently_consistent,True,False,True,AWAITING_INDIVIDUAL_VISUAL_VERIFICATION,,images/pages_0401_0800/0440.jpg,"OI(D)-26 OI(D)-98 OI(R)-3 OI(R)-31 OI(R)-56 OI(R)-64 OI(R)-66 OI(C)-92 OI(C)-40 OI(R)-3 OI(R)-3 OI(R)-3 OI(R)-3 TEHRAN, IRAN MEHRABAD INTL Ground OIII/THR BRIEFING STRIP TM 20 121.9 121.7 JEPPESEN MISSED APCH: Final Apch Crs 115.3 VOR TRN 286^ D10.0 MDA(H) Refer to Minimums Apt E",d86b5b5e262a775f8e91d28a403f4b163992dbdd1733ca28e1ba6e46ce8a7ab6
441,OIKB,OIKB,AIRPORT,AIRPORT,,AIRPORT INFORMATION,REVIEW,only_old_index_supports_category,True,False,True,AWAITING_INDIVIDUAL_VISUAL_VERIFICATION,,images/pages_0401_0800/0441.jpg,"General Information Location: BANDAR ABBAS IRN ICAO/IATA: OIKB / BND Lat/Long: N27° 13.1', E056° 22.7' Elevation: 22 ft Airport Use: Public Daylight Savings: Not Observed UTC Conversion: -3:30 = UTC Magnetic Variation: 2.0° E Runway: 21R Length x Width: 11345 ft x 98 ft Surface T",d86b5b5e262a775f8e91d28a403f4b163992dbdd1733ca28e1ba6e46ce8a7ab6
442,OIKB,OIKB,AIRPORT,AIRPORT,,AIRPORT INFORMATION,REVIEW,only_old_index_supports_category,True,False,True,AWAITING_INDIVIDUAL_VISUAL_VERIFICATION,,images/pages_0401_0800/0442.jpg,"General Information Location: BANDAR ABBAS IRN ICAO/IATA: OIKB / BND Lat/Long: N27° 13.1', E056° 22.7' Elevation: 22 ft Airport Use: Public Daylight Savings: Not Observed UTC Conversion: -3:30 = UTC Magnetic Variation: 2.0° E Runway: 21R Length x Width: 11345 ft x 98 ft Surface T",d86b5b5e262a775f8e91d28a403f4b163992dbdd1733ca28e1ba6e46ce8a7ab6
443,OIKB,OIKB,AIRPORT,AIRPORT,10-1P,AIRPORT BRIEFING,MATCH,independently_consistent,True,False,True,AWAITING_INDIVIDUAL_VISUAL_VERIFICATION,,images/pages_0401_0800/0443.jpg,"BANDAR ABBAS, IRAN OIKB/BND BANDAR ABBAS INTL .AIRPORT.BRIEFING. + JEPPESEN 1.1. ATIS *ATIS 128.650 1.2. RWY OPERATIONS The following limitations are applicable: - stop landing operation if ground VIS is less than 1000m; - stop landing and take-off operation if the cross wind is ",d86b5b5e262a775f8e91d28a403f4b163992dbdd1733ca28e1ba6e46ce8a7ab6
444,OIKB,OIKB,STAR,STAR,10-2,"ASMUK 1P, ASMUK 1S, ASMUK 1X",MATCH,independently_consistent,True,False,True,AWAITING_INDIVIDUAL_VISUAL_VERIFICATION,,images/pages_0401_0800/0444.jpg,"ASMUK 163^ 163^ ASMUK 1 FL .STAR. JEPPESEN OIKB/BND BANDAR ABBAS INTL BANDAR ABBAS, IRAN Apt Elev 22 *ATIS 128.650 10-2 35 40 45 Alt Set: hPa Trans level: By ATC Actual descent clearance will be as directed by ATC. 8603 4 FEB 22 ASMUK 1P [ASMU1P] ASMUK 1S [ASMU1S] ASMUK 1X [ASMU1",d86b5b5e262a775f8e91d28a403f4b163992dbdd1733ca28e1ba6e46ce8a7ab6
445,OIKB,OIKB,STAR,STAR,10-2A,"DAVEP 1P, MELMI 1P, MELMI 1X",MATCH,independently_consistent,True,False,True,AWAITING_INDIVIDUAL_VISUAL_VERIFICATION,,images/pages_0401_0800/0445.jpg,".STAR. JEPPESEN OIKB/BND BANDAR ABBAS INTL BANDAR ABBAS, IRAN Apt Elev 22 *ATIS 128.650 10-2A Alt Set: hPa Trans level: By ATC Actual descent clearance will be as directed by ATC. 10592 4 FEB 22 DAVEP 1P [DAVE1P] MELMI 1P [MELM1P] MELMI 1X [MELM1X] ARRIVALS (RWYS 03R/21L) 12000 1",d86b5b5e262a775f8e91d28a403f4b163992dbdd1733ca28e1ba6e46ce8a7ab6
446,OIKB,OIKB,STAR,STAR,10-2B,"DAVEP 1X, TAVNO 1P, TAVNO 1X",MATCH,independently_consistent,True,False,True,AWAITING_INDIVIDUAL_VISUAL_VERIFICATION,,images/pages_0401_0800/0446.jpg,"235^ HOLDING OVER BND R055/D13.0 TAVNO 187^ 1X .STAR. JEPPESEN OIKB/BND BANDAR ABBAS INTL BANDAR ABBAS, IRAN Apt Elev 22 *ATIS 128.650 Alt Set: hPa Trans level: By ATC Actual descent clearance will be as directed by ATC. 10-2B 35 40 45 4 FEB 22 DAVEP 1X [DAVE1X] TAVNO 1P [TAVN1P]",d86b5b5e262a775f8e91d28a403f4b163992dbdd1733ca28e1ba6e46ce8a7ab6
447,OIKB,OIKB,STAR,STAR,10-2C,"GHESHM 1S, GHESHM 1X",MATCH,independently_consistent,True,False,True,AWAITING_INDIVIDUAL_VISUAL_VERIFICATION,,images/pages_0401_0800/0447.jpg,"9700 V O R .STAR. JEPPESEN OIKB/BND BANDAR ABBAS INTL BANDAR ABBAS, IRAN Apt Elev 22 *ATIS 128.650 35 40 45 10-2C Alt Set: hPa Trans level: By ATC Actual descent clearance will be as directed by ATC. 7894 4 FEB 22 GHESHM 1S [KHM1S] GHESHM 1X [KHM1X] ARRIVALS (RWYS 03R/21L) 8000 6",d86b5b5e262a775f8e91d28a403f4b163992dbdd1733ca28e1ba6e46ce8a7ab6
448,OIKB,OIKB,STAR,STAR,10-2D,"MOBON 1P, MOBON 1S, MOBON 1X",MATCH,independently_consistent,True,False,True,AWAITING_INDIVIDUAL_VISUAL_VERIFICATION,,images/pages_0401_0800/0448.jpg,"00 270^ MHA 4000 0 5 5 ^ 2 3 5 ^ .STAR. JEPPESEN OIKB/BND BANDAR ABBAS INTL BANDAR ABBAS, IRAN 10-2D 35 40 45 Apt Elev 22 *ATIS 128.650 Pa Trans level: By ATC scent clearance will be as directed by ATC. 4 FEB 22 ROUTING ntercept BND R299 inbound to BND VOR. ntercept BND R299 inbo",d86b5b5e262a775f8e91d28a403f4b163992dbdd1733ca28e1ba6e46ce8a7ab6
449,OIKB,,SID,SID,10-3,"ASMUK 1A, ASMUK 1B, ASMUK 1C, ASMUK 1D",MATCH,independently_consistent,True,False,True,AWAITING_INDIVIDUAL_VISUAL_VERIFICATION,,images/pages_0401_0800/0449.jpg,FL170 ASMUK ASMUK 1C: JEPPESEN 5 10 15 20 25 30 35 40 45 0 5 Apt Elev 22 Trans alt: 4000 4 FEB 22 10090 121 150 28-00 OIKB/BND 10-3 CHANGES: New format. BANDAR ABBAS INTL ASMUK 1A [ASMU1A] ASMUK 1B [ASMU1B] ASMUK 1C [ASMU1C] ROUTING SID ASMUK 1C ASMUK 1B ASMUK 1A DEPARTURES RWY A,d86b5b5e262a775f8e91d28a403f4b163992dbdd1733ca28e1ba6e46ce8a7ab6
450,OIKB,,SID,SID,10-3A,"ASMUK 1F, ASMUK 1G, ASMUK 1H",MATCH,independently_consistent,True,False,True,AWAITING_INDIVIDUAL_VISUAL_VERIFICATION,,images/pages_0401_0800/0450.jpg,"FL170 5 10 15 20 25 30 35 40 45 0 5 Apt Elev 22 ASMUK Trans alt: 4000 10592 121 150 28-00 ASMUK 1F [ASMU1F] ASMUK 1G [ASMU1G] ASMUK 1H [ASMU1H] ROUTING SID ASMUK 1G ASMUK 1F RWY ASMUK 1H 21L 03R ASMUK 1G This SID requires a minimum climb gradient of Turn LEFT, intercept 015^ bear",d86b5b5e262a775f8e91d28a403f4b163992dbdd1733ca28e1ba6e46ce8a7ab6
451,OIKB,OIKB,SID,SID,10-3B,"DAVEP 1A, DAVEP 1C, MELMI 1A, MELMI 1C",MATCH,independently_consistent,True,False,True,AWAITING_INDIVIDUAL_VISUAL_VERIFICATION,,images/pages_0401_0800/0451.jpg,"ELMI lev 2 .SID. JEPPESEN OIKB/BND BANDAR ABBAS INTL BANDAR ABBAS, IRAN 10-3B Trans alt: 4000 4 FEB 22 94 57-30 DAVEP 1A [DAVE1A] DAVEP 1C [DAVE1C] MELMI 1A [MELM1A] DEPARTURES MELMI 1C [MELM1C] (RWYS 03R/21L) Printed from JeppView for Windows 5.3.0.0 on 09 Oct 2026; Terminal cha",d86b5b5e262a775f8e91d28a403f4b163992dbdd1733ca28e1ba6e46ce8a7ab6
452,OIKB,OIKB,SID,SID,10-3C,"DAVEP 1E, DAVEP 1G, MELMI 1E, MELMI 1G",MATCH,independently_consistent,True,False,True,AWAITING_INDIVIDUAL_VISUAL_VERIFICATION,,images/pages_0401_0800/0452.jpg,"ELMI lev 2 .SID. JEPPESEN OIKB/BND BANDAR ABBAS INTL BANDAR ABBAS, IRAN 10-3C Trans alt: 4000 4 FEB 22 94 57-30 DAVEP 1E [DAVE1E] DAVEP 1G [DAVE1G] MELMI 1E [MELM1E] DEPARTURES MELMI 1G [MELM1G] (RWYS 03R/21L) Printed from JeppView for Windows 5.3.0.0 on 09 Oct 2026; Terminal cha",d86b5b5e262a775f8e91d28a403f4b163992dbdd1733ca28e1ba6e46ce8a7ab6
453,OIKB,OIKB,SID,SID,10-3D,"GHESHM 1K, GHESHM 1L",MATCH,independently_consistent,True,False,True,AWAITING_INDIVIDUAL_VISUAL_VERIFICATION,,images/pages_0401_0800/0453.jpg,"9700 .SID. JEPPESEN 35 40 45 OIKB/BND BANDAR ABBAS INTL BANDAR ABBAS, IRAN 10-3D Apt Elev 22 Trans alt: 4000 7894 4 FEB 22 GHESHM 1K [KHM1K], GHESHM 1L [KHM1L] DEPARTURES (RWYS 03R/21L) 8000 6000 4000 2000 Printed from JeppView for Windows 5.3.0.0 on 09 Oct 2026; Terminal chart d",d86b5b5e262a775f8e91d28a403f4b163992dbdd1733ca28e1ba6e46ce8a7ab6
454,OIKB,OIKB,SID,SID,10-3E,"MOBON 1A, MOBON 1B, MOBON 1D",MATCH,independently_consistent,True,False,True,AWAITING_INDIVIDUAL_VISUAL_VERIFICATION,,images/pages_0401_0800/0454.jpg,"0 5 0 ^ 2000 270^ 3 6 0 ^ 9700 0 3000 lev 2 .SID. JEPPESEN OIKB/BND BANDAR ABBAS INTL BANDAR ABBAS, IRAN 10-3E 35 40 45 Trans alt: 4000 BND ABBAS ND R 0 7 0 R 1 8 8 2 5 0 ^ M O B O N 1 B 1B, 1D: 4 FEB 22 M O B O N 1 D 131 56-30 MOBON 1A [MOBO1A] MOBON 1B [MOBO1B] MOBON 1D [MOBO1D",d86b5b5e262a775f8e91d28a403f4b163992dbdd1733ca28e1ba6e46ce8a7ab6
455,OIKB,OIKB,SID,SID,10-3F,"MOBON 1E, MOBON 1F, MOBON 1H",MATCH,independently_consistent,True,False,True,AWAITING_INDIVIDUAL_VISUAL_VERIFICATION,,images/pages_0401_0800/0455.jpg,"2 3 0 2000 270^ 3 6 0 ^ 700 0 3000 lev 2 .SID. JEPPESEN OIKB/BND BANDAR ABBAS INTL BANDAR ABBAS, IRAN 10-3F 35 40 45 Trans alt: 4000 2 5 0 ^ M O B O N 1 H BND ABBAS ND 0 5 0 ^ M O 4 FEB 22 131 56-30 MOBON 1E [MOBO1E] MOBON 1F [MOBO1F] MOBON 1H [MOBO1H] DEPARTURES (RWYS 03R/21L) P",d86b5b5e262a775f8e91d28a403f4b163992dbdd1733ca28e1ba6e46ce8a7ab6
456,OIKB,OIKB,SID,SID,10-3G,"TAVNO 1B, TAVNO 1C, TAVNO 1D",MATCH,independently_consistent,True,False,True,AWAITING_INDIVIDUAL_VISUAL_VERIFICATION,,images/pages_0401_0800/0456.jpg,"FL170 .SID. JEPPESEN 35 40 45 OIKB/BND BANDAR ABBAS INTL BANDAR ABBAS, IRAN 10-3G Apt Elev 22 Trans alt: 4000 TAVNO 4 FEB 22 TAVNO 1D [TAVN1D] NOT TO SCALE TAVNO 1B [TAVN1B], TAVNO 1C [TAVN1C] DEPARTURES (RWYS 03R/21L) 10000 8000 6000 Printed from JeppView for Windows 5.3.0.0 on ",d86b5b5e262a775f8e91d28a403f4b163992dbdd1733ca28e1ba6e46ce8a7ab6
457,OIKB,OIKB,SID,SID,10-3H,"TAVNO 1F, TAVNO 1G, TAVNO 1H",MATCH,independently_consistent,True,False,True,AWAITING_INDIVIDUAL_VISUAL_VERIFICATION,,images/pages_0401_0800/0457.jpg,"FL170 10-3H TAVNO .SID. JEPPESEN 35 40 45 OIKB/BND BANDAR ABBAS INTL BANDAR ABBAS, IRAN Apt Elev 22 Trans alt: 4000 4 FEB 22 TAVNO 1H [TAVN1H] NOT TO SCALE NOT TO SCALE TAVNO 1F [TAVN1F], TAVNO 1G [TAVN1G] DEPARTURES (RWYS 03R/21L) Printed from JeppView for Windows 5.3.0.0 on 09 ",d86b5b5e262a775f8e91d28a403f4b163992dbdd1733ca28e1ba6e46ce8a7ab6
458,OIKB,,AIRPORT,AIRPORT,10-9,Airport Diagram Chart (ADC),MATCH,independently_consistent,True,False,True,AWAITING_INDIVIDUAL_VISUAL_VERIFICATION,,images/pages_0401_0800/0458.jpg,Military apron F6 G Apt Elev 02^E Tower *124.2 121.9 *ATIS 3458m F5 F4 F3 F2 F1 F H H 27-14 27-14 56-21 56-22 56-23 56-24 JEPPESEN BANDAR ABBAS Tower(GND) 128.650 118.1 HOT SPOT .Eff.17.Apr. 4 APR 25 apron Military 362m Stopway 22' Elev 22' N27 13.1 E056 22.7 BANDAR ABBAS INTL 10,d86b5b5e262a775f8e91d28a403f4b163992dbdd1733ca28e1ba6e46ce8a7ab6
459,OIKB,OIKB,AIRPORT,AIRPORT,10-9A,PARKING STANDS & COORDS,MATCH,independently_consistent,True,False,True,AWAITING_INDIVIDUAL_VISUAL_VERIFICATION,,images/pages_0401_0800/0459.jpg,"JEPPESEN 10-9A 27-12.7 27-12.7 56-22 56-22.1 56-22.2 56-22.3 101 102 C Control Tower INTERNATIONAL TERMINAL 4 APR 25 .Eff.17.Apr. OIKB/BND BANDAR ABBAS, IRAN BANDAR ABBAS INTL Printed from JeppView for Windows 5.3.0.0 on 09 Oct 2026; Terminal chart data cycle 21-2026; Notice: Aft",d86b5b5e262a775f8e91d28a403f4b163992dbdd1733ca28e1ba6e46ce8a7ab6
460,OIKB,OIKB,AIRPORT,AIRPORT,10-9S,MINIMUMS,MATCH,independently_consistent,True,False,True,AWAITING_INDIVIDUAL_VISUAL_VERIFICATION,,images/pages_0401_0800/0460.jpg,10-9S JEPPESEN 1 1 .EASA.AIR.OPS. 17 JUN 22 STRAIGHT-IN RWY D C B A OIKB/BND BANDAR ABBAS INTL 03R 620'(606') VOR ALS out VOR ALS out 620'(606') 620'(606') 620'(606') 620'(606') 620'(606') 620'(606') 620'(606') 620'(606') 620'(606') 620'(606') 620'(606') 620'(606') 620'(606') 620,d86b5b5e262a775f8e91d28a403f4b163992dbdd1733ca28e1ba6e46ce8a7ab6
461,OIKB,OIKB,AIRPORT,AIRPORT,10-9S1,MINIMUMS,MATCH,independently_consistent,True,False,True,AWAITING_INDIVIDUAL_VISUAL_VERIFICATION,,images/pages_0401_0800/0461.jpg,10-9S1 JEPPESEN 1 1 1 1 .EASA.AIR.OPS. Adequate Vis Ref RL & RCLM 17 JUN 22 OIKB/BND BANDAR ABBAS INTL 870'(848') 870'(848') V3600m 100 KT 135 KT 180 KT 205 KT CIRCLE-TO-LAND 770'(748') 770'(748') or higher minimums of preceding straight-in approach. V1500m V1600m V2400m BANDAR A,d86b5b5e262a775f8e91d28a403f4b163992dbdd1733ca28e1ba6e46ce8a7ab6
462,OIKB,OIKB,APP,APP,11-1,ILS RWY 21L,MATCH,independently_consistent,True,False,True,AWAITING_INDIVIDUAL_VISUAL_VERIFICATION,,images/pages_0401_0800/0462.jpg,"OI(C)-83 1000 2000 3000 4000 5000 MISSED APCH: BANDAR ABBAS INTL Final Apch Crs 206^ 11-1 OIKB/BND LOC IBND 109.9 D6.8 IBND 2100' DA(H) ILS 280'(258') Apt Elev 22' Climb to VOR, then climb on R-206 BND to 1600', *ATIS 124.2 *BANDAR ABBAS Approach then turn LEFT to rejoin holding ",d86b5b5e262a775f8e91d28a403f4b163992dbdd1733ca28e1ba6e46ce8a7ab6
463,OIKB,OIKB,APP,APP,11-2,ILS RWY 21L,MATCH,independently_consistent,True,False,True,AWAITING_INDIVIDUAL_VISUAL_VERIFICATION,,images/pages_0401_0800/0463.jpg,"OI(C)-83 1000 2000 3000 4000 5000 MISSED APCH: BANDAR ABBAS INTL Final Apch Crs 206^ 11-2 OIKB/BND ILS DME 206^ 109.9 IBND I B N D LOC IBND 109.9 D5.0 IBND 1600' DA(H) ILS 280'(258') Apt Elev 22' *ATIS (1578') 10 BRIEFING STRIP TM JEPPESEN Climb on 206^ to 1500', then turn RIGHT ",d86b5b5e262a775f8e91d28a403f4b163992dbdd1733ca28e1ba6e46ce8a7ab6
464,OIKB,OIKB,APP,APP,13-1,APPROACH 13-1,MATCH,independently_consistent,True,False,True,AWAITING_INDIVIDUAL_VISUAL_VERIFICATION,,images/pages_0401_0800/0464.jpg,"MISSED APCH: BANDAR ABBAS INTL VOR 117.2 BND Final Apch Crs 026^ D5.0 1500'(1486') 620'(606') *ATIS BRIEFING STRIP TM OIKB/BND 117.2 BND D B N D VOR DME 2 Rwy 03R Ground 13-1 Climb on R-026 to 1000', then turn RIGHT to rejoin holding at 3000'. 22' 14' 026^ Initial approach MAX 21",d86b5b5e262a775f8e91d28a403f4b163992dbdd1733ca28e1ba6e46ce8a7ab6
465,OIKB,OIKB,APP,APP,13-2,VOR RWY 03R,MATCH,independently_consistent,True,False,True,AWAITING_INDIVIDUAL_VISUAL_VERIFICATION,,images/pages_0401_0800/0465.jpg,"1000 2000 2000 MISSED APCH: BANDAR ABBAS INTL VOR Rwy 03R VOR 117.2 BND Final Apch Crs 026^ 620'(606') No FAF 22' 13-2 OIKB/BND *ATIS Ground 27-20 10 BRIEFING STRIP TM 14' Climb on R-026 to 1700', then turn LEFT to rejoin holding at 3000'. JEPPESEN BANDAR ABBAS, IRAN BANDAR ABBAS",d86b5b5e262a775f8e91d28a403f4b163992dbdd1733ca28e1ba6e46ce8a7ab6
466,OIKB,OIKB,APP,APP,13-3,APPROACH 13-3,MATCH,independently_consistent,True,False,True,AWAITING_INDIVIDUAL_VISUAL_VERIFICATION,,images/pages_0401_0800/0466.jpg,"OI(C)-83 1000 2000 3000 4000 5000 MISSED APCH: BANDAR ABBAS INTL VOR 117.2 BND Final Apch Crs 206^ D6.0 1200'(1178') 620'(598') Apt Elev 22' 13-3 VOR DME 1 Rwy 21L *ATIS Ground OIKB/BND Climb to VOR, then climb on R-206 to 1600', then turn LEFT to rejoin holding at 4000'. 235^ 11",d86b5b5e262a775f8e91d28a403f4b163992dbdd1733ca28e1ba6e46ce8a7ab6
467,OIKB,OIKB,APP,APP,13-4,VOR RWY 21L,MATCH,independently_consistent,True,False,True,AWAITING_INDIVIDUAL_VISUAL_VERIFICATION,,images/pages_0401_0800/0467.jpg,"OI(C)-83 1000 2000 3000 MISSED APCH: BANDAR ABBAS INTL VOR Rwy 21L VOR 117.2 BND Final Apch Crs 206^ 680'(658') Apt Elev 22' No FAF 13-4 Climb on R-206 to 1600', then turn LEFT to rejoin holding at 3000'. *ATIS Ground OIKB/BND 27-20 206^ 10 BRIEFING STRIP TM JEPPESEN BANDAR ABBAS",d86b5b5e262a775f8e91d28a403f4b163992dbdd1733ca28e1ba6e46ce8a7ab6
468,OIKB,OIKB,APP,APP,16-1,NDB RWY 03R,MATCH,independently_consistent,True,False,True,AWAITING_INDIVIDUAL_VISUAL_VERIFICATION,,images/pages_0401_0800/0468.jpg,"MISSED APCH: 10 BANDAR ABBAS INTL NDB Rwy 03R NDB 250 BND Final Apch Crs 010^ MDA(H) 700'(686') Apt Elev No FAF Alt Set: hPa Trans level: By ATC Trans alt: 4000' 16-1 BRIEFING STRIP TM *ATIS Ground OIKB/BND JEPPESEN Rwy 22' 14' Climb on 010^ to 1500', then turn RIGHT to NDB and r",d86b5b5e262a775f8e91d28a403f4b163992dbdd1733ca28e1ba6e46ce8a7ab6
469,OIKB,OIKB,APP,APP,16-2,NDB RWY 21L,MATCH,independently_consistent,True,False,True,AWAITING_INDIVIDUAL_VISUAL_VERIFICATION,,images/pages_0401_0800/0469.jpg,OI(C)-83 1000 2000 3000 4000 5000 6000 MISSED APCH: BANDAR ABBAS INTL NDB Rwy 21L NDB 250 BND Final Apch Crs 221^ No FAF MDA(H) 690'(668') Apt Elev 22' 16-2 OIKB/BND *ATIS Ground 10 BRIEFING STRIP TM JEPPESEN ^ LEFT to NDB and rejoin holding at 3000'. Turn LEFT and climb on 215^ ,d86b5b5e262a775f8e91d28a403f4b163992dbdd1733ca28e1ba6e46ce8a7ab6
470,OIIP,OIIP,AIRPORT,AIRPORT,,AIRPORT INFORMATION,MATCH,independently_consistent,True,False,True,AWAITING_INDIVIDUAL_VISUAL_VERIFICATION,,images/pages_0401_0800/0470.jpg,"General Information Location: KARAJ IRN ICAO/IATA: OIIP / PYK Lat/Long: N35° 46.8', E050° 49.4' Elevation: 4170 ft Airport Use: Public Daylight Savings: Not Observed UTC Conversion: -3:30 = UTC Magnetic Variation: 5.0° E General Information Location: KARAJ IRN ICAO/IATA: OIIP / P",d86b5b5e262a775f8e91d28a403f4b163992dbdd1733ca28e1ba6e46ce8a7ab6
471,OIIP,OIIP,STAR,STAR,10-2,"MIVAK 1Q, PAVET 1Q",MATCH,independently_consistent,True,False,True,AWAITING_INDIVIDUAL_VISUAL_VERIFICATION,,images/pages_0401_0800/0471.jpg,"YAM .5 PIM IM E050 51.1 Apt Elev 10-2 .STAR. PAYAM 4170' KARAJ, IRAN Alt Set: hPa Trans level: FL110 Trans alt: 9000' JEPPESEN .SPEED: 127.05 *ATIS OIIP/PYK .Eff.21.Mar. 15 MAR 24 MSA PIM VOR 180^ 270^ 360^ 090^ 12,800 15,500 9000 11,100 MAX 230 KT WITHIN CTR MAX 270 KT WITHIN TM",d86b5b5e262a775f8e91d28a403f4b163992dbdd1733ca28e1ba6e46ce8a7ab6
472,OIIP,OIIP,STAR,STAR,10-2A,"PAXID 1Q, RUS 1N, SAV 1P, SAV 1Q",MATCH,independently_consistent,True,False,True,AWAITING_INDIVIDUAL_VISUAL_VERIFICATION,,images/pages_0401_0800/0472.jpg,"Apt Elev .STAR. PAYAM 10-2A KARAJ, IRAN 127.05 4170' PAXID 22 FL115 PAXID 1Q 138^ JEPPESEN .SPEED: D20.0 PIM Alt Set: hPa Trans level: FL110 Trans alt: 9000' *ATIS OIIP/PYK .Eff.21.Mar. 15 MAR 24 MSA PIM VOR 180^ 270^ 360^ 090^ 12,800 15,500 9000 11,100 MAX 230 KT WITHIN CTR MAX ",d86b5b5e262a775f8e91d28a403f4b163992dbdd1733ca28e1ba6e46ce8a7ab6
473,OIIP,OIIP,STAR,STAR,10-2B,"RADAL 1N, BOXAM 2N, MUXOR 1N",MATCH,independently_consistent,True,False,True,AWAITING_INDIVIDUAL_VISUAL_VERIFICATION,,images/pages_0401_0800/0473.jpg,"XOR Apt Elev .STAR. PAYAM 4170' KARAJ, IRAN Alt Set: hPa Trans level: FL110 Trans alt: 9000' JEPPESEN .SPEED: 127.05 *ATIS OIIP/PYK .Eff.21.Mar. 10-2B 15 MAR 24 180^ 270^ 305^ 075^ 16,200 9400 7900 15,300 MSA TRN VOR MAX 230 KT WITHIN CTR MAX 270 KT WITHIN TMA ARRIVALS MUXOR 1N [",d86b5b5e262a775f8e91d28a403f4b163992dbdd1733ca28e1ba6e46ce8a7ab6
474,OIIP,OIIP,SID,SID,10-3,"DHN 1G, DHN 1H, NAGMO 1E, NAGMO 1F",MATCH,independently_consistent,True,False,True,AWAITING_INDIVIDUAL_VISUAL_VERIFICATION,,images/pages_0401_0800/0474.jpg,"Apt Elev .SID. 10-3 PAYAM KARAJ, IRAN 4170' Trans level: FL110 Trans alt: 9000' NAGMO N36 02.2 E051 20.9 SIDs are subject to Mehrabad APP clearance. JEPPESEN .Eff.28.Dec. OIIP/PYK 22 DEC 23 MSA 180^ 270^ 360^ 090^ PIM VOR 12,800 9000 15,500 11,100 DHN 1G [DHN1G], DHN 1H [DHN1H] N",d86b5b5e262a775f8e91d28a403f4b163992dbdd1733ca28e1ba6e46ce8a7ab6
475,OIIP,OIIP,SID,SID,10-3A,"PAROT 3E, PAROT 3F, PAXID 2E, PAXID 2F",MATCH,independently_consistent,True,False,True,AWAITING_INDIVIDUAL_VISUAL_VERIFICATION,,images/pages_0401_0800/0475.jpg,"Apt Elev .SID. PAYAM KARAJ, IRAN 4170' Trans level: FL110 Trans alt: 9000' 10-3A PAXID N36 17.1 E050 20.4 JEPPESEN .Eff.28.Dec. 1. SIDs are subject to Mehrabad APP clearance. 2. PAXID 2E/2F only to be used when instructed explicitly by ATC. OIIP/PYK 22 DEC 23 MSA 180^ 270^ 360^ 0",d86b5b5e262a775f8e91d28a403f4b163992dbdd1733ca28e1ba6e46ce8a7ab6
476,OIIP,OIIP,SID,SID,10-3B,"RUS 2E, RUS 2F",MATCH,independently_consistent,True,False,True,AWAITING_INDIVIDUAL_VISUAL_VERIFICATION,,images/pages_0401_0800/0476.jpg,"Apt Elev .SID. PAYAM KARAJ, IRAN 4170' Trans level: FL110 Trans alt: 9000' SIDs are subject to Mehrabad APP clearance. 10-3B JEPPESEN .Eff.28.Dec. 22 DEC 23 OIIP/PYK MSA 180^ 270^ 360^ 090^ PIM VOR 12,800 9000 11,100 15,500 DEPARTURES RUS 2E RUS 2F Printed from JeppView for Windo",d86b5b5e262a775f8e91d28a403f4b163992dbdd1733ca28e1ba6e46ce8a7ab6
477,OIIP,OIIP,SID,SID,10-3C,"RUS 1G, RUS 1H",MATCH,independently_consistent,True,False,True,AWAITING_INDIVIDUAL_VISUAL_VERIFICATION,,images/pages_0401_0800/0477.jpg,"Apt Elev .SID. PAYAM KARAJ, IRAN 4170' Trans level: FL110 Trans alt: 9000' 10-3C SIDs are subject to Mehrabad APP clearance. JEPPESEN .Eff.28.Dec. 22 DEC 23 OIIP/PYK MSA 180^ 270^ 360^ 090^ PIM NDB 12,800 15,500 9000 11,100 DEPARTURES RUS 1G RUS 1H Printed from JeppView for Windo",d86b5b5e262a775f8e91d28a403f4b163992dbdd1733ca28e1ba6e46ce8a7ab6
478,OIIP,,AIRPORT,AIRPORT,10-9,Airport Diagram Chart (ADC),MATCH,independently_consistent,True,False,True,AWAITING_INDIVIDUAL_VISUAL_VERIFICATION,,images/pages_0401_0800/0478.jpg,"123^ 12 Apt Elev 35-47 35-47 50-49 50-50 50-51 10-9 118.4 *PAYAM Information JEPPESEN 05^E 121.650 1 127.050 *ATIS 30 DEC 22 ARP 4170' PAYAM KARAJ, IRAN N35 46.8 E050 49.4 Elev 4164' OIIP/PYK 522'159m Stopway Printed from JeppView for Windows 5.3.0.0 on 09 Oct 2026; Terminal char",d86b5b5e262a775f8e91d28a403f4b163992dbdd1733ca28e1ba6e46ce8a7ab6
479,OIIP,,AIRPORT,AIRPORT,10-9S,MINIMUMS,MATCH,independently_consistent,True,False,True,AWAITING_INDIVIDUAL_VISUAL_VERIFICATION,,images/pages_0401_0800/0479.jpg,25 NOV 22 JEPPESEN 1 10-9S 2 2 1 1 1 .EASA.AIR.OPS. .Eff.1.Dec. STRAIGHT-IN RWY D C B A (380') (380') (380') (380') 12 30 (430') 4600' 4550' 4550' 4550' 4550' 4650' 4650' (430') 4600' 4600'(430') 4600'(430') (380') (380') (380') (380') 4550' 4550' 4550' 4550' (430') 4600' (430') ,d86b5b5e262a775f8e91d28a403f4b163992dbdd1733ca28e1ba6e46ce8a7ab6
480,OIIP,,APP,APP,13-1,VOR RWY 30,MATCH,independently_consistent,True,False,True,AWAITING_INDIVIDUAL_VISUAL_VERIFICATION,,images/pages_0401_0800/0480.jpg,"OI(C)-26 OI(C)-82 6000 5000 7000 6000 7000 9000 8000 PAYAM MISSED APCH: KARAJ, IRAN PAYAM 13-1 VOR PIM 117.5 310^ D3.0 5500'(1330') 4550'(380') Climb on R-292 to 6300', then turn LEFT to rejoin holding at 7500'. P I M Final Apch Crs 10 BRIEFING STRIP TM 27 DEC 24 118.4 *PAYAM Inf",d86b5b5e262a775f8e91d28a403f4b163992dbdd1733ca28e1ba6e46ce8a7ab6
481,OIIP,,APP,APP,16-1,NDB RWY 12,MATCH,independently_consistent,True,False,True,AWAITING_INDIVIDUAL_VISUAL_VERIFICATION,,images/pages_0401_0800/0481.jpg,"5000 7000 6000 6000 D15.0 (IAF) 125^ KARAJ, IRAN PAYAM 16-1 NDB 306 PIM Final Apch Crs 125^ 5300'(1130') D6.0 MISSED APCH: Climb STRAIGHT AHEAD to NDB, then turn RIGHT 4600'(430') 10 BRIEFING STRIP TM 118.4 *PAYAM Information JEPPESEN OIIP/PYK Apt Elev 4170' 121.650 to rejoin hol",d86b5b5e262a775f8e91d28a403f4b163992dbdd1733ca28e1ba6e46ce8a7ab6
482,OIIP,,APP,APP,16-2,CHART PAGE 327,MATCH,independently_consistent,True,False,True,AWAITING_INDIVIDUAL_VISUAL_VERIFICATION,,images/pages_0401_0800/0482.jpg,"OI(C)-26 OI(C)- 82 6000 5000 7000 7000 8000 9000 KARAJ, IRAN PAYAM 16-2 NDB 306 PIM Final Apch Crs 303^ MISSED APCH: rejoin holding at 7500'. D3.0 5500'(1330') Climb on track 303^ to 6000', then turn RIGHT to PAYAM P I M BRIEFING STRIP TM 27 DEC 24 118.4 *PAYAM Information 35-50 ",d86b5b5e262a775f8e91d28a403f4b163992dbdd1733ca28e1ba6e46ce8a7ab6
483,OIIP,,APP,APP,16-3,CHART PAGE 328,MATCH,independently_consistent,True,False,True,AWAITING_INDIVIDUAL_VISUAL_VERIFICATION,,images/pages_0401_0800/0483.jpg,"OI(C)-26 OI(C)- 82 5000 6000 6000 7000 8000 7000 9000 KARAJ, IRAN PAYAM 16-3 MISSED APCH: rejoin holding at 7500'. NDB 306 PIM Final Apch Crs 303^ No FAF 4650'(480') Climb on track 303^ to 6000', then turn RIGHT to 10 BRIEFING STRIP TM 118.4 *PAYAM Information Apt Elev 4170' 121.",d86b5b5e262a775f8e91d28a403f4b163992dbdd1733ca28e1ba6e46ce8a7ab6
484,OIIP,,APP,APP,16-4,CHART PAGE 329,MATCH,independently_consistent,True,False,True,AWAITING_INDIVIDUAL_VISUAL_VERIFICATION,,images/pages_0401_0800/0484.jpg,"OI(C)-26 OI(C)- 82 7000 8000 9000 7000 5000 6000 6000 KARAJ, IRAN PAYAM 16-4 MISSED APCH: rejoin holding at 7500'. NDB 306 PIM Final Apch Crs 303^ No FAF 4650'(480') Climb on track 303^ to 6000', then turn RIGHT to 10 BRIEFING STRIP TM 118.4 *PAYAM Information Apt Elev 4170' 121.",d86b5b5e262a775f8e91d28a403f4b163992dbdd1733ca28e1ba6e46ce8a7ab6
485,OIKJ,OIKJ,AIRPORT,AIRPORT,,AIRPORT INFORMATION,MATCH,independently_consistent,True,False,True,AWAITING_INDIVIDUAL_VISUAL_VERIFICATION,,images/pages_0401_0800/0485.jpg,"General Information Location: JIROFT IRN ICAO/IATA: OIKJ / JYR Lat/Long: N28° 43.6', E057° 40.2' Elevation: 2661 ft Airport Use: Public Daylight Savings: Not Observed UTC Conversion: -3:30 = UTC Magnetic Variation: 2.0° E General Information Location: JIROFT IRN ICAO/IATA: OIKJ /",d86b5b5e262a775f8e91d28a403f4b163992dbdd1733ca28e1ba6e46ce8a7ab6
486,OIKJ,OIKJ,STAR,STAR,10-2,"PEDUK 1N, RIGUT 1N",MATCH,independently_consistent,True,False,True,AWAITING_INDIVIDUAL_VISUAL_VERIFICATION,,images/pages_0401_0800/0486.jpg,"170 80^ R A P 10-2 JEPPESEN OIKJ/JYR JIROFT JIROFT, IRAN .Eff.1.Dec. .RNAV.STAR. 11976 35 40 45 25 NOV 22 Alt Set: hPa Trans level: FL120 RNP-1 Apt Elev 2661 PEDUK 1N [PEDU1N] RIGUT 1N [RIGU1N] (ALL RWYS) RNP ARRIVALS Printed from JeppView for Windows 5.3.0.0 on 09 Oct 2026; Term",d86b5b5e262a775f8e91d28a403f4b163992dbdd1733ca28e1ba6e46ce8a7ab6
487,OIKJ,OIKJ,SID,SID,10-3,"PEDUK 1A, RIGUT 1A",MATCH,independently_consistent,True,False,True,AWAITING_INDIVIDUAL_VISUAL_VERIFICATION,,images/pages_0401_0800/0487.jpg,"29-00 170 180^ R A P PEDUK 10-3 JEPPESEN Apt Elev 35 40 45 OIKJ/JYR JIROFT JIROFT, IRAN 2661 .Eff.1.Dec. .RNAV.SID. 11769' 25 NOV 22 Trans alt: 10000 RNP-1 FL180 PEDUK 1A [PEDU1A] RIGUT 1A [RIGU1A] (RWY 13) RNP DEPARTURES 13000 11000 9000 Printed from JeppView for Windows 5.3.0.0",d86b5b5e262a775f8e91d28a403f4b163992dbdd1733ca28e1ba6e46ce8a7ab6
488,OIKJ,OIKJ,AIRPORT,AIRPORT,10-9,Airport Diagram Chart (ADC),MATCH,independently_consistent,True,False,True,AWAITING_INDIVIDUAL_VISUAL_VERIFICATION,,images/pages_0401_0800/0488.jpg,"Apt Elev 2661' N28 43.7 E057 40.2 JEPPESEN 10-9 JIROFT, IRAN JIROFT 02^E 13 126^ Elev 2661' NDB OIKJ/JYR 28-44 28-44 57-40 57-41 ARP Control Tower TERMINAL 118.650 16 SEP 22 *JIROFT Information (AFIS) *Ground 121.8 Printed from JeppView for Windows 5.3.0.0 on 09 Oct 2026; Termina",d86b5b5e262a775f8e91d28a403f4b163992dbdd1733ca28e1ba6e46ce8a7ab6
489,OIKJ,OIKJ,APP,APP,12-1,RNP RWY 31,MATCH,independently_consistent,True,False,True,AWAITING_INDIVIDUAL_VISUAL_VERIFICATION,,images/pages_0401_0800/0489.jpg,"4000 6000 7000 8000 4000 5000 KJ4~4 THR31 OIKJ/JYR JIROFT JIROFT, IRAN RNP Rwy 31 12-1 118.650 180^ 270^ 360^ 090^ 13,900 13,200 10,700 14,000 MSA ARP RNAV Final Apch Crs 306^ KJ4~1 16 SEP 22 5400'(2875') 3030'(505') Apt Elev 2661' Rwy 2525' Climb STRAIGHT AHEAD to KJ4~4, then tu",d86b5b5e262a775f8e91d28a403f4b163992dbdd1733ca28e1ba6e46ce8a7ab6
490,OIKJ,OIKJ,APP,APP,16-1,NDB RWY 31,MATCH,independently_consistent,True,False,True,AWAITING_INDIVIDUAL_VISUAL_VERIFICATION,,images/pages_0401_0800/0490.jpg,"5000 5000 6000 6000 6000 6000 000 6000 11000 11000 5000 6000 7000 8000 9000 4000 OIKJ/JYR JIROFT 16-1 JIROFT, IRAN NDB Rwy 31 CAT C Final Apch Crs 317^ NDB JIR 276 No FAF 3100' (575') 180^ 360^ 090^ 270^ MSA JIR NDB to rejoin holding at 10000'. Climb on 300^ to 8400', then turn L",d86b5b5e262a775f8e91d28a403f4b163992dbdd1733ca28e1ba6e46ce8a7ab6
491,OIKJ,OIKJ,APP,APP,16-2,NDB A,MATCH,independently_consistent,True,False,True,AWAITING_INDIVIDUAL_VISUAL_VERIFICATION,,images/pages_0401_0800/0491.jpg,"5000 5000 6000 6000 6000 6000 6000 6000 11000 11000 4000 5000 6000 7000 8000 9000 OIKJ/JYR JIROFT 16-2 JIROFT, IRAN Final Apch Crs 317^ NDB JIR 276 No FAF MDA(H) 5000' 180^ 360^ 090^ 270^ MSA JIR NDB MISSED APCH: BRIEFING STRIP TM JEPPESEN Alt Set: hPa Trans alt: 10000' 3 20 28-5",d86b5b5e262a775f8e91d28a403f4b163992dbdd1733ca28e1ba6e46ce8a7ab6
492,OIKK,OIKK,AIRPORT,AIRPORT,,AIRPORT INFORMATION,REVIEW,only_old_index_supports_category,True,False,True,AWAITING_INDIVIDUAL_VISUAL_VERIFICATION,,images/pages_0401_0800/0492.jpg,"General Information Location: KERMAN IRN ICAO/IATA: OIKK / KER Lat/Long: N30° 16.5', E056° 57.1' Elevation: 5732 ft Airport Use: Public Daylight Savings: Not Observed UTC Conversion: -3:30 = UTC Magnetic Variation: 3.0° E Runway: 34R Length x Width: 12635 ft x 148 ft Surface Type",d86b5b5e262a775f8e91d28a403f4b163992dbdd1733ca28e1ba6e46ce8a7ab6
493,OIKK,OIKK,AIRPORT,AIRPORT,,AIRPORT INFORMATION,REVIEW,only_old_index_supports_category,True,False,True,AWAITING_INDIVIDUAL_VISUAL_VERIFICATION,,images/pages_0401_0800/0493.jpg,"General Information Location: KERMAN IRN ICAO/IATA: OIKK / KER Lat/Long: N30° 16.5', E056° 57.1' Elevation: 5732 ft Airport Use: Public Daylight Savings: Not Observed UTC Conversion: -3:30 = UTC Magnetic Variation: 3.0° E Runway: 34R Length x Width: 12635 ft x 148 ft Surface Type",d86b5b5e262a775f8e91d28a403f4b163992dbdd1733ca28e1ba6e46ce8a7ab6
494,OIKK,,STAR,STAR,10-2,"ALGUV 1M, ALGUV 1R, ALGUV 1S, ALGUV 1U, ALKES 1M",MATCH,independently_consistent,True,False,True,AWAITING_INDIVIDUAL_VISUAL_VERIFICATION,,images/pages_0401_0800/0494.jpg,"ALGUV 179^ MAX 210 KT 210^ 1S UV , 1U 2 Apt Elev *ATIS 127.25 5739 10-2 .STAR. JEPPESEN 50 OIKK/KER KERMAN KERMAN, IRAN 1 OCT 21 .Eff.7.Oct. Alt Set: hPa Trans level: By ATC Actual descent clearance will be as directed by ATC. 140 121 31-00 ARRIVALS ALKES 1M [ALKE1M] (RWYS 16R/34",d86b5b5e262a775f8e91d28a403f4b163992dbdd1733ca28e1ba6e46ce8a7ab6
495,OIKK,OIKK,STAR,STAR,10-2A,"ALKUL 1M, ALMEK 1M, ALMEK 1R, GETIS 1M, GETIS 1R",MATCH,independently_consistent,True,False,True,AWAITING_INDIVIDUAL_VISUAL_VERIFICATION,,images/pages_0401_0800/0495.jpg,"180^ 12,000 Apt Elev *ATIS 127.25 5739 1 OCT 21 .Eff.7.Oct. .STAR. JEPPESEN 50 OIKK/KER KERMAN 10-2A KERMAN, IRAN Alt Set: hPa Trans level: By ATC Actual descent clearance will be as directed by ATC. 30-30 ALMEK 1M [ALME1M], ALMEK 1R [ALME1R] GETIS 1M [GETI1M], GETIS 1R [GETI1R] ",d86b5b5e262a775f8e91d28a403f4b163992dbdd1733ca28e1ba6e46ce8a7ab6
496,OIKK,,STAR,STAR,10-2B,"ALMOB 1M, ALMOB 1R, ALMOB 1S, ALMOB 1U",MATCH,independently_consistent,True,False,True,AWAITING_INDIVIDUAL_VISUAL_VERIFICATION,,images/pages_0401_0800/0496.jpg,"159^ MAX 210 KT MHA 13000 Apt Elev *ATIS 127.25 5739 1 OCT 21 .Eff.7.Oct. .STAR. JEPPESEN 35 40 45 OIKK/KER KERMAN KERMAN, IRAN 10-2B Alt Set: hPa Trans level: By ATC Actual descent clearance will be as directed by ATC. ALMOB 1S [ALMO1S], ALMOB 1U [ALMO1U] ARRIVALS (RWYS 16R/34L)",d86b5b5e262a775f8e91d28a403f4b163992dbdd1733ca28e1ba6e46ce8a7ab6
497,OIKK,,SID,SID,10-3,"ALGUV 1D, ALGUV 1E, ALGUV 2F, ALGUV 1G",MATCH,independently_consistent,True,False,True,AWAITING_INDIVIDUAL_VISUAL_VERIFICATION,,images/pages_0401_0800/0497.jpg,"R E K VO R ALGUV SID ALGUV 1D ALGUV 1E 34L 16R Apt Elev Trans alt: 15000 5739 Intercept KER R335, at 8500, turn RIGHT, intercept KER R359 to ALGUV, climb to cleared FL. 10-3 .SID. JEPPESEN 25 OIKK/KER KERMAN KERMAN, IRAN Intercept KER R159, at 7400, turn LEFT to KER VOR, 9906 .Ef",d86b5b5e262a775f8e91d28a403f4b163992dbdd1733ca28e1ba6e46ce8a7ab6
498,OIKK,,SID,SID,10-3A,"ALKES 2C, ALKES 1D",MATCH,independently_consistent,True,False,True,AWAITING_INDIVIDUAL_VISUAL_VERIFICATION,,images/pages_0401_0800/0498.jpg,"R E K VO R ALKES 00 .SID. JEPPESEN 413 550 825 1100 1375 1650 288 383 575 767 958 1150 75 100 150 200 250 300 equire minimum climb gradients of: 0 per NM. 0 per NM. 25 OIKK/KER KERMAN KERMAN, IRAN 10-3A 12846 .Eff.1.Dec. 25 NOV 22 57-30 ES 1D [ALKE1D] DEPARTURES KES 2C [ALKE2C] R",d86b5b5e262a775f8e91d28a403f4b163992dbdd1733ca28e1ba6e46ce8a7ab6
499,OIKK,OIKK,SID,SID,10-3B,"ALKUL 2D, ALKUL 1E",MATCH,independently_consistent,True,False,True,AWAITING_INDIVIDUAL_VISUAL_VERIFICATION,,images/pages_0401_0800/0499.jpg,"14,200 180^ 270^ 12,000 090^ 8500 335^ KERMAN KER 25 Apt Elev Trans alt: 15000 5739 .SID. JEPPESEN OIKK/KER KERMAN 10-3B KERMAN, IRAN ALKUL 2D ALKUL D8.0 KER but not before D8.0 KER Turn 1 JUL 22 .Eff.14.Jul. DEPARTURES ALKUL 2D [ALKU2D] ALKUL 1E [ALKU1E] (RWYS 16R/34L) Printed f",d86b5b5e262a775f8e91d28a403f4b163992dbdd1733ca28e1ba6e46ce8a7ab6
500,OIKK,,SID,SID,10-3C,"ALMEK 2C, ALMEK 1F",MATCH,independently_consistent,True,False,True,AWAITING_INDIVIDUAL_VISUAL_VERIFICATION,,images/pages_0401_0800/0500.jpg,"14,200 180^ 270^ 12,000 090^ 12000 8500 335^ 112.0 KER KERMAN KER D 7^ ALMEK 2C 25 Apt Elev Trans alt: 15000 5739 .SID. JEPPESEN ALMEK 2C: OIKK/KER KERMAN 10-3C KERMAN, IRAN D8.0 KER but not before D8.0 KER 9266 Turn 1 JUL 22 .Eff.14.Jul. DEPARTURES ALMEK 2C [ALME2C] ALMEK 1F [AL",d86b5b5e262a775f8e91d28a403f4b163992dbdd1733ca28e1ba6e46ce8a7ab6
501,OIKK,OIKK,SID,SID,10-3D,"ALMOB 1D, ALMOB 1E, ALMOB 2F",MATCH,independently_consistent,True,False,True,AWAITING_INDIVIDUAL_VISUAL_VERIFICATION,,images/pages_0401_0800/0501.jpg,"180^ R E K VO R .SID. JEPPESEN 25 OIKK/KER KERMAN KERMAN, IRAN Apt Elev Trans alt: 15000 5739 10-3D .Eff.2.Nov. 27 OCT 23 ALMOB 1D [ALMO1D] DEPARTURES ALMOB 1E [ALMO1E] ALMOB 2F [ALMO2F] (RWYS 16R/34L) CONTOUR INTERVALS 10000 8000 Printed from JeppView for Windows 5.3.0.0 on 09 O",d86b5b5e262a775f8e91d28a403f4b163992dbdd1733ca28e1ba6e46ce8a7ab6
502,OIKK,,SID,SID,10-3E,"GETIS 2C, GETIS 1E",MATCH,independently_consistent,True,False,True,AWAITING_INDIVIDUAL_VISUAL_VERIFICATION,,images/pages_0401_0800/0502.jpg,"159^ 14,200 1 8 0 ^ 15,800 270^ 3 6 0 ^ 7400 GETIS 1E GETIS 2C 335^ .SID. JEPPESEN 25 OIKK/KER KERMAN KERMAN, IRAN 10-3E 2 5 D8.0 KER T to cross KER VOR at or above 9000, turn climb to cleared FL. .Eff.2.Nov. but not before D8.0 KER turn LEFT to cross T to intercept KER R257 to G",d86b5b5e262a775f8e91d28a403f4b163992dbdd1733ca28e1ba6e46ce8a7ab6
503,OIKK,,AIRPORT,AIRPORT,10-9,Airport Diagram Chart (ADC),MATCH,independently_consistent,True,False,True,AWAITING_INDIVIDUAL_VISUAL_VERIFICATION,,images/pages_0401_0800/0503.jpg,"Apt Elev 10-9 *ATIS KERMAN Tower N30 16.5 E056 57.1 12,635 JEPPESEN 127.250 118.250 121.9 03^E D E APRON MILITARY 1 C6 3 OCT 25 C5 30-17 30-17 56-56 56-57 56-58 56-59 Heavy acft are permitted to make 180^ turn only at the end of rwy in use. On rwy 34R medium acft are permitted to",d86b5b5e262a775f8e91d28a403f4b163992dbdd1733ca28e1ba6e46ce8a7ab6
504,OIKK,OIKK,AIRPORT,AIRPORT,10-9S,MINIMUMS,MATCH,independently_consistent,True,False,True,AWAITING_INDIVIDUAL_VISUAL_VERIFICATION,,images/pages_0401_0800/0504.jpg,"10-9S JEPPESEN 1 .EASA.AIR.OPS. 1 2 2 7 JUL 23 .Eff.13.Jul. STRAIGHT-IN RWY D C B A OIKK/KER KERMAN, IRAN KERMAN 6200'(477) 6200'(468') (477) 6200' 6200'(468') (477) 6200' 6200'(468') (477) 6200' 6200'(468') 16R R1500m R1500m R2200m R2200m 34L R1500m R1500m R2200m R2200m 6200'(47",d86b5b5e262a775f8e91d28a403f4b163992dbdd1733ca28e1ba6e46ce8a7ab6
505,OIKK,,APP,APP,13-1,VOR Z RWY 16R,MATCH,independently_consistent,True,False,True,AWAITING_INDIVIDUAL_VISUAL_VERIFICATION,,images/pages_0401_0800/0505.jpg,"8000 9000 BRIEFING STRIP TM KERMAN, IRAN KERMAN 13-1 MISSED APCH: 121.9 VOR 112.0 KER Final Apch Crs 159^ D7.0 7900'(2177') *ATIS OIKK/KER KERMAN Tower 090^ 270^ 180^ 360^ JEPPESEN Apt Elev 5732' D20.0 127.250 118.250 [D339T] Rwy 5723' At D1.0 climb to overhead VOR, then intercep",d86b5b5e262a775f8e91d28a403f4b163992dbdd1733ca28e1ba6e46ce8a7ab6
506,OIKK,,APP,APP,13-2,VOR Y RWY 16R,MATCH,independently_consistent,True,False,True,AWAITING_INDIVIDUAL_VISUAL_VERIFICATION,,images/pages_0401_0800/0506.jpg,"8000 9000 10000 11000 BRIEFING STRIP TM KERMAN, IRAN KERMAN 13-2 *ATIS MISSED APCH: 121.9 VOR 112.0 KER Final Apch Crs 159^ 7900'(2177') D7.0 OIKK/KER KERMAN Tower JEPPESEN 118.250 127.250 MISSED APCH CLIMB GRADIENT MIN 200'/NM (477') 6200' DA/MDA(H) Apt Elev 5732' Rwy 5723' 090^",d86b5b5e262a775f8e91d28a403f4b163992dbdd1733ca28e1ba6e46ce8a7ab6
507,OIKK,OIKK,APP,APP,13-3,VOR Z RWY 34L,MATCH,independently_consistent,True,False,True,AWAITING_INDIVIDUAL_VISUAL_VERIFICATION,,images/pages_0401_0800/0507.jpg,"7000 7000 8000 8000 9000 MISSED APCH: BRIEFING STRIP TM KERMAN, IRAN KERMAN 13-3 121.9 VOR 112.0 KER Final Apch Crs 333^ Apt Elev 5732' *ATIS OIKK/KER KERMAN Tower JEPPESEN KERMAN 112.0 KER D K E R 090^ 270^ 180^ 360^ 127.250 118.250 D7.0 7500'(1768') 6200'(468') DA/MDA(H) 339^ 3",d86b5b5e262a775f8e91d28a403f4b163992dbdd1733ca28e1ba6e46ce8a7ab6
508,OIKK,,APP,APP,13-4,VOR Y RWY 34L,MATCH,independently_consistent,True,False,True,AWAITING_INDIVIDUAL_VISUAL_VERIFICATION,,images/pages_0401_0800/0508.jpg,"OI(C)-19 7000 8000 8000 8000 MISSED APCH: BRIEFING STRIP TM KERMAN, IRAN KERMAN 13-4 121.9 VOR 112.0 KER Final Apch Crs 333^ Apt Elev 5732' *ATIS OIKK/KER KERMAN Tower JEPPESEN 090^ 270^ 180^ 360^ 127.250 118.250 8300'(2568') 6200'(468') DA/MDA(H) 3 D10.0 ^ At D2.4 climb to overh",d86b5b5e262a775f8e91d28a403f4b163992dbdd1733ca28e1ba6e46ce8a7ab6
509,OIKM,OIKM,AIRPORT,AIRPORT,,AIRPORT INFORMATION,MATCH,independently_consistent,True,False,True,AWAITING_INDIVIDUAL_VISUAL_VERIFICATION,,images/pages_0401_0800/0509.jpg,"General Information Location: BAM IRN ICAO/IATA: OIKM / BXR Lat/Long: N29° 05.0', E058° 27.0' Elevation: 3231 ft Airport Use: Public Daylight Savings: Not Observed UTC Conversion: -3:30 = UTC Magnetic Variation: 2.0° E General Information Location: BAM IRN ICAO/IATA: OIKM / BXR L",d86b5b5e262a775f8e91d28a403f4b163992dbdd1733ca28e1ba6e46ce8a7ab6
510,OIKM,OIKM,STAR,STAR,10-2,ORDAD 1N,MATCH,independently_consistent,True,False,True,AWAITING_INDIVIDUAL_VISUAL_VERIFICATION,,images/pages_0401_0800/0510.jpg,"ORDAD N30 06.1 E057 54.9 153^ Apt Elev OIKM/BXR 10-2 .STAR. BAM 3231' Alt Set: hPa Trans level: FL90 Trans alt: 7000' BAM, IRAN .Eff.30.Apr. JEPPESEN MSA 180^ 270^ 360^ 090^ 9900' 5000' 12,600' 11,000' BAM VOR DME ORDAD 1N 24 APR 15 RWYS 12, 30 ARRIVAL [ORDA1N] Printed from JeppV",d86b5b5e262a775f8e91d28a403f4b163992dbdd1733ca28e1ba6e46ce8a7ab6
511,OIKM,OIKM,STAR,STAR,10-2A,ORDAD 1T,MATCH,independently_consistent,True,False,True,AWAITING_INDIVIDUAL_VISUAL_VERIFICATION,,images/pages_0401_0800/0511.jpg,"ORDAD N30 06.1 E057 54.9 153^ Apt Elev OIKM/BXR .STAR. BAM 3231' Alt Set: hPa Trans level: FL90 Trans alt: 7000' BAM, IRAN 10-2A .Eff.30.Apr. JEPPESEN MSA 180^ 270^ 360^ 090^ 9900' 5000' BAM NDB 12,600' 11,000' ORDAD 1T [ORDA1T] 24 APR 15 RWYS 12, 30 ARRIVAL Printed from JeppView",d86b5b5e262a775f8e91d28a403f4b163992dbdd1733ca28e1ba6e46ce8a7ab6
512,OIKM,OIKM,SID,SID,10-3,"ORDAD 1A, ORDAD 1B, ORDAD 1C",MATCH,independently_consistent,True,False,True,AWAITING_INDIVIDUAL_VISUAL_VERIFICATION,,images/pages_0401_0800/0512.jpg,"ORDAD N30 06.1 E057 54.9 Apt Elev .SID. OIKM/BXR 10-3 BAM BAM, IRAN 3231' Trans level: FL90 Trans alt: 7000' .Eff.30.Apr. JEPPESEN MSA 180^ 270^ 360^ 090^ 9900' 5000' BAM VOR 12,600' 11,000' RWYS 30, 12 DEPARTURES 24 APR 15 ORDAD 1A ORDAD 1B ORDAD 1C [ORDA1B] [ORDA1C] [ORDA1A] Di",d86b5b5e262a775f8e91d28a403f4b163992dbdd1733ca28e1ba6e46ce8a7ab6
513,OIKM,OIKM,SID,SID,10-3A,"ORDAD 1D, ORDAD 1E, ORDAD 1F",MATCH,independently_consistent,True,False,True,AWAITING_INDIVIDUAL_VISUAL_VERIFICATION,,images/pages_0401_0800/0513.jpg,"ORDAD N30 06.1 E057 54.9 Apt Elev .SID. OIKM/BXR BAM BAM, IRAN 3231' Trans level: FL90 Trans alt: 7000' 10-3A .Eff.30.Apr. JEPPESEN MSA 180^ 270^ 360^ 090^ 9900' 5000' BAM NDB 12,600' 11,000' RWYS 30, 12 DEPARTURES 24 APR 15 ORDAD 1D ORDAD 1E ORDAD 1F [ORDA1D] [ORDA1E] [ORDA1F] D",d86b5b5e262a775f8e91d28a403f4b163992dbdd1733ca28e1ba6e46ce8a7ab6
514,OIKK,OIKM,AIRPORT,AIRPORT,10-9,Airport Diagram Chart (ADC),REVIEW,header_icao_differs_from_index,True,False,True,AWAITING_INDIVIDUAL_VISUAL_VERIFICATION,,images/pages_0401_0800/0514.jpg,"3231' BAM, IRAN BAM N29 05.1 E058 27.0 10-9 29-06 29-06 58-26 58-27 58-28 ARP Apt Elev OIKM/BXR 121.9 *BAM Ground Stopway 115'35m Elev 3231' JEPPESEN 124.150 *BAM Information (AFIS) 12 120^ 28 NOV 25 PPR at least 72 hours before EOBT from OIKK. 02^E Printed from JeppView for Wind",d86b5b5e262a775f8e91d28a403f4b163992dbdd1733ca28e1ba6e46ce8a7ab6
515,OIKM,,AIRPORT,AIRPORT,10-9S,MINIMUMS,MATCH,independently_consistent,True,False,True,AWAITING_INDIVIDUAL_VISUAL_VERIFICATION,,images/pages_0401_0800/0515.jpg,10-9S JEPPESEN 30 (319') (319') (319') (319') ALS out (419') (419') 3450' 3450' 3450' 3450' 3550' 3550' .EASA.AIR.OPS. 1 2 ALS out (419') (419') 3550' 3550' 1 3 3 ALS out (369') (369') (369') (369') 3500' 3500' 3500' 3500' 2 1 28 NOV 25 VOR Z VOR Y NDB Z NDB Y NOT APPLICABLE NOT ,d86b5b5e262a775f8e91d28a403f4b163992dbdd1733ca28e1ba6e46ce8a7ab6
516,OIKM,OIKM,APP,APP,13-1,VOR Z RWY 30,MATCH,independently_consistent,True,False,True,AWAITING_INDIVIDUAL_VISUAL_VERIFICATION,,images/pages_0401_0800/0516.jpg,"4000 BAM BAM, IRAN 13-1 MISSED APCH: BRIEFING STRIP TM VOR BAM 297^ 3450' (319') Final Apch Crs Alt Set: hPa Trans level: FL090 Trans alt: 7000' 10 OIKM/BXR 114.9 Climb on R-310 to 5500', then turn LEFT to rejoin holding at 7000'. D4.0 4300'(1169') Rwy Elev: 110 hPa 121.9 *Ground",d86b5b5e262a775f8e91d28a403f4b163992dbdd1733ca28e1ba6e46ce8a7ab6
517,OIKM,,APP,APP,13-2,VOR Y RWY 30,MATCH,independently_consistent,True,False,True,AWAITING_INDIVIDUAL_VISUAL_VERIFICATION,,images/pages_0401_0800/0517.jpg,"4000 BAM BAM, IRAN 13-2 MSA BAM VOR MISSED APCH: BRIEFING STRIP TM VOR BAM 297^ No FAF 3500' (369') 270^ 090^ 180^ 360^ Final Apch Crs Alt Set: hPa Rwy Elev: 110 hPa Trans level: FL090 Trans alt: 7000' 10 OIKM/BXR 121.9 114.9 Climb on R-310 to 5500', then turn LEFT to rejoin hold",d86b5b5e262a775f8e91d28a403f4b163992dbdd1733ca28e1ba6e46ce8a7ab6
518,OIKM,,APP,APP,16-1,NDB Z RWY 30 CAT A & B,MATCH,independently_consistent,True,False,True,AWAITING_INDIVIDUAL_VISUAL_VERIFICATION,,images/pages_0401_0800/0518.jpg,"4000 BAM BAM, IRAN 16-1 MSA BAM NDB MISSED APCH: BRIEFING STRIP TM NDB BAM 379 291^ No FAF 3550' (419') 270^ 090^ 180^ 360^ Final Apch Crs Climb on track 310^ to 5500', then turn LEFT to rejoin holding at 7000'. Alt Set: hPa Rwy Elev: 110 hPa Trans level: FL090 Trans alt: 7000' 1",d86b5b5e262a775f8e91d28a403f4b163992dbdd1733ca28e1ba6e46ce8a7ab6
519,OIKM,,APP,APP,16-2,NDB Y RWY 30 CAT C & D,MATCH,independently_consistent,True,False,True,AWAITING_INDIVIDUAL_VISUAL_VERIFICATION,,images/pages_0401_0800/0519.jpg,"4000 BAM BAM, IRAN 16-2 MSA BAM NDB MISSED APCH: BRIEFING STRIP TM NDB BAM 379 291^ No FAF 3550' (419') 270^ 090^ 180^ 360^ Final Apch Crs Climb on track 310^ to 5500', then turn LEFT to rejoin holding at 7000'. Alt Set: hPa Rwy Elev: 110 hPa Trans level: FL090 Trans alt: 7000' 1",d86b5b5e262a775f8e91d28a403f4b163992dbdd1733ca28e1ba6e46ce8a7ab6
520,OIKQ,OIKQ,AIRPORT,AIRPORT,,AIRPORT INFORMATION,MATCH,independently_consistent,True,False,True,AWAITING_INDIVIDUAL_VISUAL_VERIFICATION,,images/pages_0401_0800/0520.jpg,"General Information Location: GHESHM ISLAND IRN ICAO/IATA: OIKQ / GSM Lat/Long: N26° 45.1', E055° 53.8' Elevation: 45 ft Airport Use: Public Daylight Savings: Not Observed UTC Conversion: -3:30 = UTC Magnetic Variation: 2.0° E General Information Location: GHESHM ISLAND IRN ICAO/",d86b5b5e262a775f8e91d28a403f4b163992dbdd1733ca28e1ba6e46ce8a7ab6
521,OIKQ,OIKQ,STAR,STAR,10-2,"ASMUK 1R, ASMUK 1W",MATCH,independently_consistent,True,False,True,AWAITING_INDIVIDUAL_VISUAL_VERIFICATION,,images/pages_0401_0800/0521.jpg,"ASMUK GHESHM ISLAND, IRAN .STAR. Alt Set: hPa Trans level: FL50 Trans alt: 3000' JEPPESEN OIKQ/GSM GHESHM 10-2 FL130 40 163^ ASMUK 1R, 1 Apt Elev 45' ATIS 127.050 27 OCT 23 .Eff.2.Nov. MSA 090^ 180^ KHM NDB 5000 3000 ARRIVALS ASMUK 1R [ASMU1R] ASMUK 1W [ASMU1W] Printed from JeppV",d86b5b5e262a775f8e91d28a403f4b163992dbdd1733ca28e1ba6e46ce8a7ab6
522,OIKQ,OIKQ,STAR,STAR,10-2A,"BND 1R, BND 1W",MATCH,independently_consistent,True,False,True,AWAITING_INDIVIDUAL_VISUAL_VERIFICATION,,images/pages_0401_0800/0522.jpg,"BANDAR ABBASS 117.2 BND BND N27 11.8 E056 22.0 D Apt Elev 45' GHESHM ISLAND, IRAN .STAR. Alt Set: hPa Trans level: FL50 Trans alt: 3000' JEPPESEN OIKQ/GSM GHESHM 10-2A 127.050 ATIS 27 OCT 23 .Eff.2.Nov. MSA 090^ 180^ KHM NDB 5000 3000 ARRIVALS BND 1R [BND1R] BND 1W [BND1W] Printe",d86b5b5e262a775f8e91d28a403f4b163992dbdd1733ca28e1ba6e46ce8a7ab6
523,OIKQ,OIKQ,STAR,STAR,10-2B,MOBON 1W,MATCH,independently_consistent,True,False,True,AWAITING_INDIVIDUAL_VISUAL_VERIFICATION,,images/pages_0401_0800/0523.jpg,"MOBON 166^ FL MOBO 3 Apt Elev 45' GHESHM ISLAND, IRAN .STAR. 10-2B Alt Set: hPa Trans level: FL50 Trans alt: 3000' JEPPESEN 154^ MOBON 1R FL70 32 OIKQ/GSM GHESHM 127.050 ATIS 27 OCT 23 .Eff.2.Nov. MSA 090^ 180^ KHM NDB 5000 3000 MOBON 1R MOBON 1T ARRIVALS MOBON 1W [MOBO1W] Printe",d86b5b5e262a775f8e91d28a403f4b163992dbdd1733ca28e1ba6e46ce8a7ab6
524,OIKQ,OIKQ,SID,SID,10-3,"BND 1G, BND 1J",MATCH,independently_consistent,True,False,True,AWAITING_INDIVIDUAL_VISUAL_VERIFICATION,,images/pages_0401_0800/0524.jpg,"BANDAR ABBASS BND Apt Elev 45' GHESHM ISLAND, IRAN 10-3 Trans level: FL50 Trans alt: 3000' .SID. JEPPESEN GHESHM OIKQ/GSM 27 OCT 23 .Eff.2.Nov. MSA 090^ 180^ KHM NDB 3000 5000 DEPARTURES BND 1G [BND1G] BND 1J [BND1J] Printed from JeppView for Windows 5.3.0.0 on 09 Oct 2026; Termi",d86b5b5e262a775f8e91d28a403f4b163992dbdd1733ca28e1ba6e46ce8a7ab6
525,OIKQ,OIKQ,SID,SID,10-3A,"MOBON 1G, MOBON 1J",MATCH,independently_consistent,True,False,True,AWAITING_INDIVIDUAL_VISUAL_VERIFICATION,,images/pages_0401_0800/0525.jpg,"155^ MOBON 335^ Apt Elev 45' GHESHM ISLAND, IRAN Trans level: FL50 Trans alt: 3000' .SID. 10-3A JEPPESEN GHESHM OIKQ/GSM 27 OCT 23 .Eff.2.Nov. MSA 090^ 180^ KHM NDB 5000 3000 DEPARTURES MOBON 1G [MOBO1G] MOBON 1J [MOBO1J] Printed from JeppView for Windows 5.3.0.0 on 09 Oct 2026; ",d86b5b5e262a775f8e91d28a403f4b163992dbdd1733ca28e1ba6e46ce8a7ab6
526,OIKQ,OIKQ,AIRPORT,AIRPORT,10-9,Airport Diagram Chart (ADC),MATCH,independently_consistent,True,False,True,AWAITING_INDIVIDUAL_VISUAL_VERIFICATION,,images/pages_0401_0800/0526.jpg,"Elev 45' Apt Elev 10-9 45' GHESHM ISLAND, IRAN N26 45.1 E055 53.8 NDB Stopway 453'138m 228^ 26-46 26-46 55-53 55-54 55-55 02^E JEPPESEN OIKQ/GSM GHESHM 127.050 *ATIS 118.050 121.650 *GHESHM Information (AFIS) Terminal 2 VIP Pavilion 1 MAR 24 23 PPR for non-scheduled flights at le",d86b5b5e262a775f8e91d28a403f4b163992dbdd1733ca28e1ba6e46ce8a7ab6
527,OIKQ,,APP,APP,16-1,NDB Z RWY 05,MATCH,independently_consistent,True,False,True,AWAITING_INDIVIDUAL_VISUAL_VERIFICATION,,images/pages_0401_0800/0527.jpg,"MISSED APCH: BRIEFING STRIP TM 16-1 GHESHM ISLAND, IRAN NDB KHM 335 042^ D7.0 1400'(1386') 450'(436') Apt Elev Rwy 14' 45' 090^ 180^ MSA KHM NDB Alt Set: hPa Trans level: FL050 Rwy Elev: 1 hPa Trans alt: 3000' 26-45 042^ Climb STRAIGHT AHEAD to NDB, then climb on 042^ from NDB to",d86b5b5e262a775f8e91d28a403f4b163992dbdd1733ca28e1ba6e46ce8a7ab6
528,OIKQ,,APP,APP,16-2,NDB Y RWY 05 CAT A & B,MATCH,independently_consistent,True,False,True,AWAITING_INDIVIDUAL_VISUAL_VERIFICATION,,images/pages_0401_0800/0528.jpg,"MISSED APCH: BRIEFING STRIP TM 16-2 GHESHM ISLAND, IRAN NDB KHM 335 042^ 630'(616') Apt Elev Rwy 14' 45' 090^ 180^ MSA KHM NDB Alt Set: hPa Trans level: FL050 Rwy Elev: 1 hPa Trans alt: 3000' Climb on 042^ to 1800', then turn LEFT to rejoin holding at 3000'. Final Apch Crs 10 JEP",d86b5b5e262a775f8e91d28a403f4b163992dbdd1733ca28e1ba6e46ce8a7ab6
529,OIKQ,,APP,APP,16-3,NDB X RWY 05 CAT C & D,MATCH,independently_consistent,True,False,True,AWAITING_INDIVIDUAL_VISUAL_VERIFICATION,,images/pages_0401_0800/0529.jpg,"MISSED APCH: BRIEFING STRIP TM 16-3 GHESHM ISLAND, IRAN NDB KHM 335 042^ 630'(616') Apt Elev Rwy 14' 45' 090^ 180^ MSA KHM NDB Alt Set: hPa Trans level: FL050 Rwy Elev: 1 hPa Trans alt: 3000' Climb on 042^ to 1800', then turn LEFT to rejoin holding at 3000'. Final Apch Crs 10 JEP",d86b5b5e262a775f8e91d28a403f4b163992dbdd1733ca28e1ba6e46ce8a7ab6
530,OIKQ,,APP,APP,16-4,NDB Z RWY 23,MATCH,independently_consistent,True,False,True,AWAITING_INDIVIDUAL_VISUAL_VERIFICATION,,images/pages_0401_0800/0530.jpg,"^ 052^ MISSED APCH: BRIEFING STRIP TM 16-4 GHESHM ISLAND, IRAN NDB KHM 335 Final Apch Crs 232^ D4.0 1200'(1155') 450'(405') Apt Elev 45' 090^ 180^ MSA KHM NDB Alt Set: hPa Apt Elev: 2 hPa Trans level: FL050 Trans alt: 3000' 10 JEPPESEN 127.050 *ATIS OIKQ/GSM GHESHM 118.050 121.65",d86b5b5e262a775f8e91d28a403f4b163992dbdd1733ca28e1ba6e46ce8a7ab6
531,OIKQ,,APP,APP,16-5,NDB Y RWY 23 CAT A & B,MATCH,independently_consistent,True,False,True,AWAITING_INDIVIDUAL_VISUAL_VERIFICATION,,images/pages_0401_0800/0531.jpg,"MISSED APCH: BRIEFING STRIP TM 16-5 GHESHM ISLAND, IRAN NDB KHM 335 Final Apch Crs 236^ 090^ 180^ MSA KHM NDB Alt Set: hPa Trans level: FL050 Apt Elev: 2 hPa Trans alt: 3000' 10 Climb on 236^ to 1800', then turn LEFT to rejoin holding at 3000'. Apt Elev 45' 1200'(1155') 6^ JEPPES",d86b5b5e262a775f8e91d28a403f4b163992dbdd1733ca28e1ba6e46ce8a7ab6
532,OIKQ,,APP,APP,16-6,NDB X RWY 23 CAT C & D,MATCH,independently_consistent,True,False,True,AWAITING_INDIVIDUAL_VISUAL_VERIFICATION,,images/pages_0401_0800/0532.jpg,"MISSED APCH: BRIEFING STRIP TM 16-6 GHESHM ISLAND, IRAN NDB KHM 335 Final Apch Crs 236^ 090^ 180^ MSA KHM NDB Alt Set: hPa Trans level: FL050 Apt Elev: 2 hPa Trans alt: 3000' 10 Climb on 236^ to 1800', then turn LEFT to rejoin holding at 3000'. Apt Elev 45' 1200'(1155') 36^ JEPPE",d86b5b5e262a775f8e91d28a403f4b163992dbdd1733ca28e1ba6e46ce8a7ab6
533,OIKR,OIKR,AIRPORT,AIRPORT,,AIRPORT INFORMATION,MATCH,independently_consistent,True,False,True,AWAITING_INDIVIDUAL_VISUAL_VERIFICATION,,images/pages_0401_0800/0533.jpg,"General Information Location: RAFSANJAN IRN ICAO/IATA: OIKR / RJN Lat/Long: N30° 17.8', E056° 03.0' Elevation: 5290 ft Airport Use: Public Daylight Savings: Not Observed UTC Conversion: -3:30 = UTC Magnetic Variation: 3.0° E General Information Location: RAFSANJAN IRN ICAO/IATA: ",d86b5b5e262a775f8e91d28a403f4b163992dbdd1733ca28e1ba6e46ce8a7ab6
534,OIKR,OIKR,STAR,STAR,10-2,"DAPOX 1N, DAPOX 1T",MATCH,independently_consistent,True,False,True,AWAITING_INDIVIDUAL_VISUAL_VERIFICATION,,images/pages_0401_0800/0534.jpg,"Apt Elev 10-2 .STAR. RAFSANJAN RAFSANJAN, IRAN 5290' OIKR/RJN JEPPESEN 26 JAN 18 Alt Set: hPa Trans level: FL130 Trans alt: 11000' .Eff.1.Feb. MSA 180^ 270^ 090^ RAF NDB/DME 12,300 12,500 12,800 RWYS 11, 29 ARRIVALS [DAPO1T] [DAPO1N] DAPOX 1N DAPOX 1T Printed from JeppView for Wi",d86b5b5e262a775f8e91d28a403f4b163992dbdd1733ca28e1ba6e46ce8a7ab6
535,OIKR,OIKR,STAR,STAR,10-2A,SIRJAN 2T,MATCH,independently_consistent,True,False,True,AWAITING_INDIVIDUAL_VISUAL_VERIFICATION,,images/pages_0401_0800/0535.jpg,"Apt Elev .STAR. RAFSANJAN RAFSANJAN, IRAN 5290' 10-2A 134^ 950 314^ OIKR/RJN Alt Set: hPa Trans level: FL130 Trans alt: 11000' JEPPESEN 26 JAN 18 .Eff.1.Feb. MSA 180^ 270^ 090^ RAF NDB/DME 12,300 12,500 12,800 RWYS 11, 29 ARRIVALS SIRJAN 2N SIRJAN 2T [SRJ2T] Printed from JeppView",d86b5b5e262a775f8e91d28a403f4b163992dbdd1733ca28e1ba6e46ce8a7ab6
536,OIKR,OIKR,SID,SID,10-3,"DAPOX 1A, DAPOX 1B, KERMAN 3A, KERMAN 3B",MATCH,independently_consistent,True,False,True,AWAITING_INDIVIDUAL_VISUAL_VERIFICATION,,images/pages_0401_0800/0536.jpg,"Apt Elev 10-3 Trans level: FL130 Trans alt: 11000' RAFSANJAN RAFSANJAN, IRAN 5290' DAPOX .SID. OIKR/RJN JEPPESEN .Eff.1.Feb. 26 JAN 18 MSA 180^ 270^ 090^ RAF NDB/DME 12,300 12,500 12,800 RWYS 29, 11 DEPARTURES [DAPO1B] [DAPO1A] DAPOX 1A DAPOX 1B KERMAN 3A [KER3A] KERMAN 3B [KER3B",d86b5b5e262a775f8e91d28a403f4b163992dbdd1733ca28e1ba6e46ce8a7ab6
537,OIKR,OIKR,SID,SID,10-3A,"SIRJAN 2A, SIRJAN 2B",MATCH,independently_consistent,True,False,True,AWAITING_INDIVIDUAL_VISUAL_VERIFICATION,,images/pages_0401_0800/0537.jpg,"RAFSANJAN RAFSANJAN, IRAN 10-3A .SID. OIKR/RJN D DME Apt Elev Trans level: FL130 Trans alt: 11000' 5290' JEPPESEN .Eff.1.Feb. 26 JAN 18 MSA 180^ 270^ 090^ RAF NDB/DME 12,300 12,500 12,800 At 7200' RWYS 29, 11 DEPARTURES RAF 260 RAF RAFSANJAN N30 18.2 E056 03.3 RAF N30 18.2 E056 0",d86b5b5e262a775f8e91d28a403f4b163992dbdd1733ca28e1ba6e46ce8a7ab6
538,OIKR,OIKR,AIRPORT,AIRPORT,10-9,Airport Diagram Chart (ADC),MATCH,independently_consistent,True,False,True,AWAITING_INDIVIDUAL_VISUAL_VERIFICATION,,images/pages_0401_0800/0538.jpg,"Apt Elev 03^E 10-9 RAFSANJAN, IRAN RAFSANJAN 5290' N30 17.9 E056 03.1 56-02 56-03 56-04 30-19 30-19 118.7 121.7 Elev 5252' OIKR/RJN 63m 9 JEPPESEN 23 JUL 21 207' 109^ Control Tower *RAFSANJAN Information (AFIS) NDB 11 Printed from JeppView for Windows 5.3.0.0 on 09 Oct 2026; Term",d86b5b5e262a775f8e91d28a403f4b163992dbdd1733ca28e1ba6e46ce8a7ab6
539,OIKR,,AIRPORT,AIRPORT,10-9S,MINIMUMS,MATCH,independently_consistent,True,False,True,AWAITING_INDIVIDUAL_VISUAL_VERIFICATION,,images/pages_0401_0800/0539.jpg,10-9S JEPPESEN 11 R1500m R1500m R1700m R1700m (448') (448') (448') (448') 29 23 JUL 21 R2600m R2600m R2800m R2800m (610') (610') (610') (610') 1 5700' 5700' 5700' 5700' 5900' 5900' 5900' 5900' R1500m R1500m R2400m R2400m (610') (610') (610') (610') 5900' 5900' 5900' 5900' 1 NDB D,d86b5b5e262a775f8e91d28a403f4b163992dbdd1733ca28e1ba6e46ce8a7ab6
540,OIKR,,APP,APP,16-1,APPROACH 16-1,MATCH,independently_consistent,True,False,True,AWAITING_INDIVIDUAL_VISUAL_VERIFICATION,,images/pages_0401_0800/0540.jpg,"6000 MISSED APCH: 16-1 RAFSANJAN, IRAN RAFSANJAN NDB RAF 260 Final Apch Crs 100^ 5700' Apt Elev 5290' 10 BRIEFING STRIP TM 134^ 314^ 30-30 (448') 5252' Rwy Climb STRAIGHT AHEAD to NDB, then climb on D5.0 6800'(1548') OIKR/RJN NDB DME Rwy 11 Alt Set: hPa Rwy Elev: 178 hPa Trans le",d86b5b5e262a775f8e91d28a403f4b163992dbdd1733ca28e1ba6e46ce8a7ab6
541,OIKR,OIKR,APP,APP,16-2,APPROACH 16-2,MATCH,independently_consistent,True,False,True,AWAITING_INDIVIDUAL_VISUAL_VERIFICATION,,images/pages_0401_0800/0541.jpg,"MISSED APCH: 16-2 RAFSANJAN, IRAN RAFSANJAN NDB RAF 260 Final Apch Crs 304^ 5900' 10 BRIEFING STRIP TM (610') D5.0 6700'(1410') OIKR/RJN MSA RAF NDB Trans alt: 11000' Trans level: FL 130 Apt Elev: 179 hPa Alt Set: hPa Climb STRAIGHT AHEAD to NDB, then continue climb on 304^ to 78",d86b5b5e262a775f8e91d28a403f4b163992dbdd1733ca28e1ba6e46ce8a7ab6
542,OIKR,OIKR,APP,APP,16-3,APPROACH 16-3,MATCH,independently_consistent,True,False,True,AWAITING_INDIVIDUAL_VISUAL_VERIFICATION,,images/pages_0401_0800/0542.jpg,"MISSED APCH: 16-3 RAFSANJAN, IRAN RAFSANJAN NDB RAF 260 Final Apch Crs 295^ No FAF MDA(H) 6300'(1010') Climb on track 295^ to 7800', then turn RIGHT to 10 rejoin holding at 9500'. BRIEFING STRIP TM MSA RAF NDB OIKR/RJN Alt Set: hPa Apt Elev: 179 hPa Trans level: FL 130 Trans alt:",d86b5b5e262a775f8e91d28a403f4b163992dbdd1733ca28e1ba6e46ce8a7ab6
543,OIKY,OIKY,AIRPORT,AIRPORT,,AIRPORT INFORMATION,MATCH,independently_consistent,True,False,True,AWAITING_INDIVIDUAL_VISUAL_VERIFICATION,,images/pages_0401_0800/0543.jpg,"General Information Location: SIRJAN IRN ICAO/IATA: OIKY / SYJ Lat/Long: N29° 33.1', E055° 40.3' Elevation: 5847 ft Airport Use: Public Daylight Savings: Not Observed UTC Conversion: -3:30 = UTC Magnetic Variation: 3.0° E General Information Location: SIRJAN IRN ICAO/IATA: OIKY /",d86b5b5e262a775f8e91d28a403f4b163992dbdd1733ca28e1ba6e46ce8a7ab6
544,OIKY,OIKY,STAR,STAR,10-2,"DAVUT 2N, DAVUT 2P, DAVUT 2R",MATCH,independently_consistent,True,False,True,AWAITING_INDIVIDUAL_VISUAL_VERIFICATION,,images/pages_0401_0800/0544.jpg,"OIKY/SYJ 10-2 .STAR. SIRJAN SIRJAN, IRAN 180^ 270^ 090^ MSA SRJ VOR DAVUT 150 JEPPESEN Apt Elev 5847' Alt Set: hPa Trans level: FL130 Trans alt: 11000' 25 SEP 26 .Eff.1.Oct. DA 12 RWYS 13, 31 ARRIVALS DAVUT 2N [DAVU2N] DAVUT 2P [DAVU2P] DAVUT 2R [DAVU2R] 11,400 11,600 12,800 Prin",d86b5b5e262a775f8e91d28a403f4b163992dbdd1733ca28e1ba6e46ce8a7ab6
545,OIKY,OIKY,STAR,STAR,10-2A,"RAF 4N, RAF 4P",MATCH,independently_consistent,True,False,True,AWAITING_INDIVIDUAL_VISUAL_VERIFICATION,,images/pages_0401_0800/0545.jpg,"RAFSANJAN 260 RAF RAF ^ DME OIKY/SYJ .STAR. SIRJAN SIRJAN, IRAN 180^ 270^ 090^ MSA SRJ VOR JEPPESEN 10-2A Apt Elev 5847' Alt Set: hPa Trans level: FL130 Trans alt: 11000' 25 SEP 26 .Eff.1.Oct. DRAF N30 18.2 E056 03.3 (112.3)RAF RWYS 13, 31 ARRIVALS 11,400 12,800 11,600 RAF 4N RAF",d86b5b5e262a775f8e91d28a403f4b163992dbdd1733ca28e1ba6e46ce8a7ab6
546,OIKY,OIKY,STAR,STAR,10-2B,"SOLAK 3N, SOLAK 3P, SOLAK 3Q",MATCH,independently_consistent,True,False,True,AWAITING_INDIVIDUAL_VISUAL_VERIFICATION,,images/pages_0401_0800/0546.jpg,"OIKY/SYJ .STAR. SIRJAN SIRJAN, IRAN 180^ 270^ 090^ MSA SRJ VOR JEPPESEN .Eff.17.Apr. 136^ (IAF) 10-2B D15.0 SRJ MHA 10000 Apt Elev 5847' Alt Set: hPa Trans level: FL130 Trans alt: 11000' 4 APR 25 RWYS 13, 31 ARRIVALS SOLAK 3N [SOLA3N] SOLAK 3P [SOLA3P] SOLAK 3Q [SOLA3Q] 11,400 12",d86b5b5e262a775f8e91d28a403f4b163992dbdd1733ca28e1ba6e46ce8a7ab6
547,OIKY,OIKY,SID,SID,10-3,"DAVUT 2A, DAVUT 2B, RAF 3A, RAF 3B, SOLAK 2A, SOLAK 2B",MATCH,independently_consistent,True,False,True,AWAITING_INDIVIDUAL_VISUAL_VERIFICATION,,images/pages_0401_0800/0547.jpg,"OIKY/SYJ SIRJAN SIRJAN, IRAN 180^ 270^ 090^ MSA SRJ VOR .SID. DAVUT 10-3 JEPPESEN .Eff.17.Apr. RAFSANJAN 260 RAF RAF N30 18.2 E056 03.3 DME Trans level: FL130 Trans alt: 11000' Apt Elev 5847' 4 APR 25 DRAF N30 18.2 E056 03.3 (112.3)RAF 11,600 11,400 12,800 DAVUT 2A [DAVU2A], DAVU",d86b5b5e262a775f8e91d28a403f4b163992dbdd1733ca28e1ba6e46ce8a7ab6
548,OIKK,OIKY,AIRPORT,AIRPORT,10-9,Airport Diagram Chart (ADC),REVIEW,header_icao_differs_from_index,True,False,True,AWAITING_INDIVIDUAL_VISUAL_VERIFICATION,,images/pages_0401_0800/0548.jpg,"3748 13 129^ Elev 5808' 03^E Apt Elev SIRJAN, IRAN 5847' 10-9 SIRJAN 29-34 29-34 55-39 55-40 55-41 VOR Strolling dogs observed on the movement area. N29 33.1 E055 40.3 OIKY/SYJ 12,297' JEPPESEN 121.6 123.250 197' 60m Stopway *SIRJAN Information (AFIS) Category 4C airport. *Ground",d86b5b5e262a775f8e91d28a403f4b163992dbdd1733ca28e1ba6e46ce8a7ab6
549,OIKY,,AIRPORT,AIRPORT,10-9S,MINIMUMS,MATCH,independently_consistent,True,False,True,AWAITING_INDIVIDUAL_VISUAL_VERIFICATION,,images/pages_0401_0800/0549.jpg,10-9S JEPPESEN 13 Continuous Descent Final Approach. 1 R1500m R1500m R2400m R2400m (792') (792') (792') (792') 6600' 6600' 6600' 6600' R1500m R1500m R2300m R2300m (492') (492') (492') (492') 1 6300' 6300' 6300' 6300' 1 .EASA.AIR.OPS. 21 MAR 25 VOR Z VOR Y ALS out ALS out R2400m R,d86b5b5e262a775f8e91d28a403f4b163992dbdd1733ca28e1ba6e46ce8a7ab6
550,OIKY,,APP,APP,13-1,VOR Z RWY 13,MATCH,independently_consistent,True,False,True,AWAITING_INDIVIDUAL_VISUAL_VERIFICATION,,images/pages_0401_0800/0550.jpg,"7000 MISSED APCH: BRIEFING STRIP TM SIRJAN, IRAN 13-1 SIRJAN VOR SRJ 114.6 Final Apch Crs 136^ 6600'(792') Apt Elev Rwy 5847' 5808' MSA SRJ VOR 270^ 090^ 180^ Alt Set: hPa Rwy Elev: 195 hPa 10 OIKY/SYJ JEPPESEN 121.6 Trans alt: 11000' 7400' D5.0 (1592') 123.250 136^ 316 13 D15.0 ",d86b5b5e262a775f8e91d28a403f4b163992dbdd1733ca28e1ba6e46ce8a7ab6
551,OIKY,,APP,APP,13-2,VOR Y RWY 13,MATCH,independently_consistent,True,False,True,AWAITING_INDIVIDUAL_VISUAL_VERIFICATION,,images/pages_0401_0800/0551.jpg,"SIRJAN 135 S R J MISSED APCH: BRIEFING STRIP TM SIRJAN, IRAN 13-2 SIRJAN VOR SRJ 114.6 Final Apch Crs 135^ No FAF 6300'(492') Apt Elev Rwy 5847' 5808' MSA SRJ VOR 270^ 090^ 180^ Alt Set: hPa Rwy Elev: 195 hPa 29-40 10 OIKY/SYJ JEPPESEN 121.6 Trans alt: 11000' (IAF) 123.250 11,400",d86b5b5e262a775f8e91d28a403f4b163992dbdd1733ca28e1ba6e46ce8a7ab6
552,OIKY,,APP,APP,13-3,VOR A,MATCH,independently_consistent,True,False,True,AWAITING_INDIVIDUAL_VISUAL_VERIFICATION,,images/pages_0401_0800/0552.jpg,"SIRJAN 114.6 SRJ DS R J MISSED APCH: BRIEFING STRIP TM SIRJAN, IRAN 13-3 SIRJAN VOR SRJ 114.6 Final Apch Crs 307^ MDA(H) 6600'(753') MSA SRJ VOR 270^ 090^ 180^ Alt Set: hPa Apt Elev: 197 hPa 10 OIKY/SYJ JEPPESEN 121.6 Trans alt: 11000' 7800' D7.0 (1953') 123.250 Climb on R-127 to",d86b5b5e262a775f8e91d28a403f4b163992dbdd1733ca28e1ba6e46ce8a7ab6
553,OIMB,OIMB,AIRPORT,AIRPORT,,AIRPORT INFORMATION,REVIEW,only_old_index_supports_category,True,False,True,AWAITING_INDIVIDUAL_VISUAL_VERIFICATION,,images/pages_0401_0800/0553.jpg,"General Information Location: BIRJAND IRN ICAO/IATA: OIMB / XBJ Lat/Long: N32° 53.9', E059° 16.0' Elevation: 4979 ft Airport Use: Public Daylight Savings: Not Observed UTC Conversion: -3:30 = UTC Magnetic Variation: 3.0° E Length x Width: 12457 ft x 148 ft Surface Type: asphalt T",d86b5b5e262a775f8e91d28a403f4b163992dbdd1733ca28e1ba6e46ce8a7ab6
554,OIMB,OIMB,AIRPORT,AIRPORT,,AIRPORT INFORMATION,REVIEW,only_old_index_supports_category,True,False,True,AWAITING_INDIVIDUAL_VISUAL_VERIFICATION,,images/pages_0401_0800/0554.jpg,"General Information Location: BIRJAND IRN ICAO/IATA: OIMB / XBJ Lat/Long: N32° 53.9', E059° 16.0' Elevation: 4979 ft Airport Use: Public Daylight Savings: Not Observed UTC Conversion: -3:30 = UTC Magnetic Variation: 3.0° E Length x Width: 12457 ft x 148 ft Surface Type: asphalt T",d86b5b5e262a775f8e91d28a403f4b163992dbdd1733ca28e1ba6e46ce8a7ab6
555,OIMB,OIMB,STAR,STAR,10-2,"BOPEB 1N, ODBES 1N, TULKU 1N",MATCH,independently_consistent,True,False,True,AWAITING_INDIVIDUAL_VISUAL_VERIFICATION,,images/pages_0401_0800/0555.jpg,"Apt Elev OIMB/XBJ .STAR. BIRJAND, IRAN BIRJAND 4979' JEPPESEN 13 FEB 26 BOPEB 173^ 10-2 .Eff.19.Feb. Alt Set: hPa Trans level: FL130 Trans alt: 11000' *ATIS 126.050 MSA BRN VOR 090^ 180^ 360^ 10,000 11,500 10,600 RWYS 10, 28 ARRIVALS BOPEB 1N [BOPE1N] ODBES 1N [ODBE1N] TULKU 1N [",d86b5b5e262a775f8e91d28a403f4b163992dbdd1733ca28e1ba6e46ce8a7ab6
556,OIMB,OIMB,STAR,STAR,10-2A,"BOPEB 1P, ODBES 1P, TULKU 1P",MATCH,independently_consistent,True,False,True,AWAITING_INDIVIDUAL_VISUAL_VERIFICATION,,images/pages_0401_0800/0556.jpg,"OIMB/XBJ .STAR. BIRJAND, IRAN BIRJAND JEPPESEN 13 FEB 26 BOPEB 173^ 10-2A .Eff.19.Feb. Apt Elev 4979' Alt Set: hPa Trans level: FL130 Trans alt: 11000' *ATIS 126.050 MSA BRN VOR 090^ 180^ 360^ 10,000 10,600 11,500 BOPEB 1P [BOPE1P] RWYS 10, 28 ARRIVALS ODBES 1P [ODBE1P] TULKU 1P ",d86b5b5e262a775f8e91d28a403f4b163992dbdd1733ca28e1ba6e46ce8a7ab6
557,OIMB,OIMB,STAR,STAR,10-2B,"BOPEB 1T, ODBES 1T, TULKU 1T",MATCH,independently_consistent,True,False,True,AWAITING_INDIVIDUAL_VISUAL_VERIFICATION,,images/pages_0401_0800/0557.jpg,"OIMB/XBJ .STAR. BIRJAND, IRAN BIRJAND 174^ BOPEB JEPPESEN 10-2B 13 FEB 26 .Eff.19.Feb. Apt Elev 4979' Alt Set: hPa Trans level: FL130 Trans alt: 11000' *ATIS 126.050 MSA BRN NDB 090^ 180^ 360^ 10,000 10,600 11,500 RWYS 10, 28 ARRIVALS BOPEB 1T [BOPE1T] ODBES 1T [ODBE1T] TULKU 1T ",d86b5b5e262a775f8e91d28a403f4b163992dbdd1733ca28e1ba6e46ce8a7ab6
558,OIMB,OIMB,SID,SID,10-3,"BOPEB 1B, ODBES 1B, ROSOS 1B, TULKU 1B",MATCH,independently_consistent,True,False,True,AWAITING_INDIVIDUAL_VISUAL_VERIFICATION,,images/pages_0401_0800/0558.jpg,"Apt Elev OIMB/XBJ 10-3 BIRJAND, IRAN BIRJAND 4979' Trans level: FL130 Trans alt: 11000' .SID. JEPPESEN BOPEB 13 FEB 26 .Eff.19.Feb. MSA BRN VOR 090^ 180^ 360^ 10,000 10,600 11,500 BOPEB 1B [BOPE1B] ODBES 1B [ODBE1B] ROSOS 1B [ROSO1B] TULKU 1B [TULK1B] RWY 10 DEPARTURES Printed fr",d86b5b5e262a775f8e91d28a403f4b163992dbdd1733ca28e1ba6e46ce8a7ab6
559,OIMB,OIMB,SID,SID,10-3A,"BOPEB 1C, ODBES 1C, ROSOS 1C, TULKU 1C",MATCH,independently_consistent,True,False,True,AWAITING_INDIVIDUAL_VISUAL_VERIFICATION,,images/pages_0401_0800/0559.jpg,"Apt Elev OIMB/XBJ BIRJAND, IRAN BIRJAND 4979' Trans level: FL130 Trans alt: 11000' .SID. JEPPESEN 26 JAN 18 B BOPEB 10-3A .Eff.1.Feb. MSA BRN VOR 090^ 180^ 360^ 10,000 10,600 11,500 BOPEB 1C [BOPE1C] ODBES 1C [ODBE1C] ROSOS 1C [ROSO1C] TULKU 1C [TULK1C] RWY 28 DEPARTURES Printed ",d86b5b5e262a775f8e91d28a403f4b163992dbdd1733ca28e1ba6e46ce8a7ab6
560,OIMB,OIMB,SID,SID,10-3B,TULKU 2A,MATCH,independently_consistent,True,False,True,AWAITING_INDIVIDUAL_VISUAL_VERIFICATION,,images/pages_0401_0800/0560.jpg,"Apt Elev OIMB/XBJ BIRJAND, IRAN BIRJAND 4979' Trans level: FL130 Trans alt: 11000' .SID. JEPPESEN 26 JAN 18 10-3B .Eff.1.Feb. MSA BRN NDB 090^ 180^ 360^ 10,000 11,500 10,600 RWY 28 DEPARTURE TULKU 2A [TULK2A] Printed from JeppView for Windows 5.3.0.0 on 09 Oct 2026; Terminal char",d86b5b5e262a775f8e91d28a403f4b163992dbdd1733ca28e1ba6e46ce8a7ab6
561,OIMB,OIMB,AIRPORT,AIRPORT,10-9,Airport Diagram Chart (ADC),MATCH,independently_consistent,True,False,True,AWAITING_INDIVIDUAL_VISUAL_VERIFICATION,,images/pages_0401_0800/0561.jpg,"26 256^ 10 096^ Apt Elev BIRJAND, IRAN BIRJAND N32 53.9 E059 16.0 03^E OIMB/XBJ 10-9 JEPPESEN ARP 4979' Elev 4951' 32-54 32-54 32-55 32-55 59-15 59-16 59-17 59-18 59-19 E C D *BIRJAND Information (AFIS) MILITARY APRON M VOR DME Terminal Isolated aircraft parking position 31 OCT 2",d86b5b5e262a775f8e91d28a403f4b163992dbdd1733ca28e1ba6e46ce8a7ab6
562,OIMB,OIMB,AIRPORT,AIRPORT,10-9S,MINIMUMS,MATCH,independently_consistent,True,False,True,AWAITING_INDIVIDUAL_VISUAL_VERIFICATION,,images/pages_0401_0800/0562.jpg,"10-9S JEPPESEN 1 .EASA.AIR.OPS. 1 1 ALS out ALS out 20 FEB 26 OIMB/XBJ BIRJAND, IRAN BIRJAND STRAIGHT-IN RWY D C B A 10 R1500m (730') R2400m 5650' 5650' 5650' 5650' (730') (730') (730') R1500m R2400m 28 (741') 5720' 5720' 5720' 5720' (741') (741') (741') Continuous Descent Final ",d86b5b5e262a775f8e91d28a403f4b163992dbdd1733ca28e1ba6e46ce8a7ab6
563,OIMB,OIMB,APP,APP,13-1,VOR RWY 10,MATCH,independently_consistent,True,False,True,AWAITING_INDIVIDUAL_VISUAL_VERIFICATION,,images/pages_0401_0800/0563.jpg,"6000 6000 7000 7000 6000 6000 6000 OIMB/XBJ BIRJAND 13-1 BIRJAND, IRAN VOR BRN 117.45 Final Apch Crs 090^ D5.0 6500'(1580') 5650'(730') Apt Elev 4979' Rwy 4920' MISSED APCH: BRIEFING STRIP TM JEPPESEN 180^ 360^ 090^ MSA BRN VOR Alt Set: hPa Trans alt: 11000' Rwy Elev: 168 hPa 10 ",d86b5b5e262a775f8e91d28a403f4b163992dbdd1733ca28e1ba6e46ce8a7ab6
564,OIMB,OIMB,APP,APP,13-2,VOR RWY 28,MATCH,independently_consistent,True,False,True,AWAITING_INDIVIDUAL_VISUAL_VERIFICATION,,images/pages_0401_0800/0564.jpg,"6000 6000 7000 7000 6000 6000 6000 OIMB/XBJ BIRJAND 13-2 BIRJAND, IRAN VOR BRN 117.45 Final Apch Crs 280^ D6.5 6800'(1821') 5720'(741') Apt Elev 4979' MISSED APCH: BRIEFING STRIP TM JEPPESEN 180^ 360^ 090^ MSA BRN VOR Alt Set: hPa Trans alt: 11000' Apt Elev: 170 hPa 10 33-00 MAX ",d86b5b5e262a775f8e91d28a403f4b163992dbdd1733ca28e1ba6e46ce8a7ab6
565,OIMB,,APP,APP,16-1,CHART PAGE 359,MATCH,independently_consistent,True,False,True,AWAITING_INDIVIDUAL_VISUAL_VERIFICATION,,images/pages_0401_0800/0565.jpg,"6000 7000 6000 6000 6000 7000 MISSED APCH: BRIEFING STRIP TM 16-1 BIRJAND BIRJAND, IRAN NDB BRN 405 270^ MDA(H) Apt Elev 4979' Climb on track 265^ to 8800', then turn RIGHT and rejoin holding at 10000'. Trans alt: 11000' Alt Set: hPa OIMB/XBJ Apt Elev: 170 hPa Final Apch Crs 10 J",d86b5b5e262a775f8e91d28a403f4b163992dbdd1733ca28e1ba6e46ce8a7ab6
566,OIMB,,APP,APP,16-2,CHART PAGE 360,MATCH,independently_consistent,True,False,True,AWAITING_INDIVIDUAL_VISUAL_VERIFICATION,,images/pages_0401_0800/0566.jpg,"6000 7000 6000 6000 6000 7000 MISSED APCH: BRIEFING STRIP TM 16-2 BIRJAND BIRJAND, IRAN NDB BRN 405 270^ MDA(H) Apt Elev 4979' Climb on track 265^ to 8800', then turn RIGHT and rejoin holding at 10000'. Trans alt: 11000' Alt Set: hPa OIMB/XBJ Apt Elev: 170 hPa Final Apch Crs Refe",d86b5b5e262a775f8e91d28a403f4b163992dbdd1733ca28e1ba6e46ce8a7ab6
567,OIMJ,OIMJ,AIRPORT,AIRPORT,,AIRPORT INFORMATION,MATCH,independently_consistent,True,False,True,AWAITING_INDIVIDUAL_VISUAL_VERIFICATION,,images/pages_0401_0800/0567.jpg,"General Information Location: SHAHROUD IRN ICAO/IATA: OIMJ / RUD Lat/Long: N36° 25.5', E055° 06.2' Elevation: 4215 ft Airport Use: Public Daylight Savings: Not Observed UTC Conversion: -3:30 = UTC Magnetic Variation: 5.0° E General Information Location: SHAHROUD IRN ICAO/IATA: OI",d86b5b5e262a775f8e91d28a403f4b163992dbdd1733ca28e1ba6e46ce8a7ab6
568,OING,OING,STAR,STAR,10-2,"ITMEL 1N, ITMEL 1P",MATCH,independently_consistent,True,False,True,AWAITING_INDIVIDUAL_VISUAL_VERIFICATION,,images/pages_0401_0800/0568.jpg,"GORGAN OING 180^ V O R 10-2 .STAR. JEPPESEN Apt Elev Alt Set: hPa OIMJ/RUD SHAHROUD SHAHROUD, IRAN 4214 Trans level: FL140 50 .Eff.26.Dec. 13 DEC 24 ITMEL 1N [ITME1N], ITMEL 1P [ITME1P] RWYS 07, 25 ARRIVALS 14000 12000 10000 8000 6000 Printed from JeppView for Windows 5.3.0.0 on ",d86b5b5e262a775f8e91d28a403f4b163992dbdd1733ca28e1ba6e46ce8a7ab6
569,OIMJ,OIMJ,SID,SID,10-3,"ITMEL 1A, ITMEL 1B, ITMEL 1C",MATCH,independently_consistent,True,False,True,AWAITING_INDIVIDUAL_VISUAL_VERIFICATION,,images/pages_0401_0800/0569.jpg,"0 5 1 ^ 11,000 1 8 0 ^ 10,000 270^ 3 6 0 ^ 7000 00 10-3 JEPPESEN OIMJ/RUD SHAHROUD SHAHROUD, IRAN .Eff.26.Dec. IT M E L 1 A IT M E L 1 B 2 3 2 563 750 1125 1500 1875 2250 d-KT 75 100 150 200 250 300 M equires a minimum climb gradient of M. 25 .SID. 13 DEC 24 121 ROUTING ITMEL 1C ",d86b5b5e262a775f8e91d28a403f4b163992dbdd1733ca28e1ba6e46ce8a7ab6
570,OIMJ,,AIRPORT,AIRPORT,10-9,Airport Diagram Chart (ADC),MATCH,independently_consistent,True,False,True,AWAITING_INDIVIDUAL_VISUAL_VERIFICATION,,images/pages_0401_0800/0570.jpg,"SHAHROUD, IRAN SHAHROUD N36 25.5 E055 06.3 4215' 124.350X 36-26 36-26 55-05 55-06 55-07 25 246^ 459' Stopway 140m 05^E Apt Elev 10-9 Elev 4215' JEPPESEN OIMJ/RUD ARP MET Control Tower 121.950X *Ground *SHAHROUD Information (AFIS) .Eff.26.Dec. Prior Permission Required for schedul",d86b5b5e262a775f8e91d28a403f4b163992dbdd1733ca28e1ba6e46ce8a7ab6
571,OIMJ,,APP,APP,13-1,VOR RWY 07,MATCH,independently_consistent,True,False,True,AWAITING_INDIVIDUAL_VISUAL_VERIFICATION,,images/pages_0401_0800/0571.jpg,"5000 7000 8000 9000 10000 MSA SHR VOR 13-1 SHAHROUD, IRAN SHAHROUD VOR SHR Final Apch Crs 055^ 4780'(565') Apt Elev: 145 hPa Alt Set: hPa MISSED APCH: BRIEFING STRIP TM *Ground 270^ 180^ 360^ JEPPESEN Trans alt: 12000' CAT A, B & C OIMJ/RUD 124.350X 121.950X 14,000 11,000 10,000 ",d86b5b5e262a775f8e91d28a403f4b163992dbdd1733ca28e1ba6e46ce8a7ab6
572,OIMM,OIMM,AIRPORT,AIRPORT,,AIRPORT INFORMATION,REVIEW,only_old_index_supports_category,True,False,True,AWAITING_INDIVIDUAL_VISUAL_VERIFICATION,,images/pages_0401_0800/0572.jpg,"General Information Location: MASHHAD IRN ICAO/IATA: OIMM / MHD Lat/Long: N36° 14.0', E059° 38.7' Elevation: 3266 ft Airport Use: Public Daylight Savings: Not Observed UTC Conversion: -3:30 = UTC Magnetic Variation: 4.0° E Runway: 31R Length x Width: 12500 ft x 148 ft Surface Typ",d86b5b5e262a775f8e91d28a403f4b163992dbdd1733ca28e1ba6e46ce8a7ab6
573,OIMM,OIMM,AIRPORT,AIRPORT,,AIRPORT INFORMATION,REVIEW,only_old_index_supports_category,True,False,True,AWAITING_INDIVIDUAL_VISUAL_VERIFICATION,,images/pages_0401_0800/0573.jpg,"General Information Location: MASHHAD IRN ICAO/IATA: OIMM / MHD Lat/Long: N36° 14.0', E059° 38.7' Elevation: 3266 ft Airport Use: Public Daylight Savings: Not Observed UTC Conversion: -3:30 = UTC Magnetic Variation: 4.0° E Runway: 31R Length x Width: 12500 ft x 148 ft Surface Typ",d86b5b5e262a775f8e91d28a403f4b163992dbdd1733ca28e1ba6e46ce8a7ab6
574,OIMM,,AIRPORT,AIRPORT,10-1P,AIRPORT BRIEFING,MATCH,independently_consistent,True,False,True,AWAITING_INDIVIDUAL_VISUAL_VERIFICATION,,images/pages_0401_0800/0574.jpg,"JEPPESEN SHAHID HASHEMI NEJAD INTL 1. GENERAL ATIS 1.1. ATIS 126.4 RWY OPERATIONS 1.2. In weather conditions when the tail wind component is not greater than 8 KT on the main RWY 31R, this RWY will normally be used in preference to RWY 13L. TAXI PROCEDURES 1.3. Heavy ACFT is perm",d86b5b5e262a775f8e91d28a403f4b163992dbdd1733ca28e1ba6e46ce8a7ab6
575,OIMM,,AIRPORT,AIRPORT,10-1P1,AIRPORT BRIEFING,MATCH,independently_consistent,True,False,True,AWAITING_INDIVIDUAL_VISUAL_VERIFICATION,,images/pages_0401_0800/0575.jpg,"JEPPESEN SHAHID HASHEMI NEJAD INTL 3. DEPARTURE DE-ICING AND ANTI-ICING 3.1. De-icing/anti-icing is an off-stand service, except: - stands 101 and 103 which are provided by Iran air service provider; - stands 101 and 103 for heavy ACFT; - elsewhere in case of approval by ATC unit",d86b5b5e262a775f8e91d28a403f4b163992dbdd1733ca28e1ba6e46ce8a7ab6
576,OIMM,,AIRPORT,AIRPORT,10-1R,RADAR MINIMUM ALTITUDES,MATCH,independently_consistent,True,False,True,AWAITING_INDIVIDUAL_VISUAL_VERIFICATION,,images/pages_0401_0800/0576.jpg,D 7 0 IRAN A F G H A N IS T A N TURKMANISTAN 114.0 MSD MASHHAD MSD D 11000 11600 8000 11200 7600 6000 D60 Apt Elev MASHHAD Radar (APP) 127.3 3266 Chart only to be used for cross-checking while under RADAR control. Alt Set: hPa Trans level: By ATC Trans alt: 12000 TANBU ALMUX AR P,d86b5b5e262a775f8e91d28a403f4b163992dbdd1733ca28e1ba6e46ce8a7ab6
577,OIMM,OIMM,STAR,STAR,10-2,"BOTEK 2N, BOTEK 1P, BOTEK 2Q",MATCH,independently_consistent,True,False,True,AWAITING_INDIVIDUAL_VISUAL_VERIFICATION,,images/pages_0401_0800/0577.jpg,"8600 V O R D S M 114.0 MSD MASHHAD MSD D 10-2 .STAR. JEPPESEN 50 OIMM/MHD SHAHID HASHEMI NEJAD INTL MASHHAD, IRAN Apt Elev ATIS 126.4 3266 (IAF) 11 APR 25 .Eff.17.Apr. MHA 8000 130^ 310^ .0 MSD (IAF) TEK 1P 0 Pa Trans level: By ATC 119 88 60-00 BOTEK 1P [BOTE1P] BOTEK 2N [BOTE2N]",d86b5b5e262a775f8e91d28a403f4b163992dbdd1733ca28e1ba6e46ce8a7ab6
578,OIMM,OIMM,STAR,STAR,10-2A,"TANBU 1N, TANBU 1P, TANBU 1Q",MATCH,independently_consistent,True,False,True,AWAITING_INDIVIDUAL_VISUAL_VERIFICATION,,images/pages_0401_0800/0578.jpg,"60-30 R130 MSD OI(C)-78 MHA 8000 D16.0 MSD .STAR. JEPPESEN 50 OIMM/MHD SHAHID HASHEMI NEJAD INTL MASHHAD, IRAN Apt Elev ATIS 126.4 3266 10-2A 1 2 11 APR 25 .Eff.17.Apr. NBU Pa Trans level: By ATC 130^ 310^ cedure penetrates OI(C)-78, OI(D)-76 and 5. cedure penetrates OI(D)-35 and",d86b5b5e262a775f8e91d28a403f4b163992dbdd1733ca28e1ba6e46ce8a7ab6
579,OIMM,OIMM,STAR,STAR,10-2B,"EMESA 2N, EMESA 2P, EMESA 2Q",MATCH,independently_consistent,True,False,True,AWAITING_INDIVIDUAL_VISUAL_VERIFICATION,,images/pages_0401_0800/0579.jpg,"R130 8600 OIMM/MHD SHAHID HASHEMI NEJAD INTL JEPPESEN MASHHAD, IRAN .STAR. 35 40 45 10-2B Apt Elev ATIS 126.4 3266 11 APR 25 .Eff.17.Apr. Pa Trans level: By ATC MHA 8000 130^ 310^ .0 MSD (IAF) 0 0 119 88 60-00 ROUTING P Q N EMESA 2N [EMES2N] EMESA 2P [EMES2P] EMESA 2Q [EMES2Q] AR",d86b5b5e262a775f8e91d28a403f4b163992dbdd1733ca28e1ba6e46ce8a7ab6
580,OIMM,OIMM,STAR,STAR,10-2C,"LOSAN 2N, LOSAN 2P, LOSAN 2Q",MATCH,independently_consistent,True,False,True,AWAITING_INDIVIDUAL_VISUAL_VERIFICATION,,images/pages_0401_0800/0580.jpg,"R309 180^ OIMM/MHD SHAHID HASHEMI NEJAD INTL JEPPESEN MASHHAD, IRAN .STAR. 35 40 45 10-2C Apt Elev ATIS 126.4 11 APR 25 3266 .Eff.17.Apr. Alt Set: hPa Trans level: By ATC (IAF) MHA 9500 309^ 129^ D18.0 MSD LOSAN 2N [LOSA2N], LOSAN 2P [LOSA2P] LOSAN 2Q [LOSA2Q] ARRIVALS (RWYS 13L,",d86b5b5e262a775f8e91d28a403f4b163992dbdd1733ca28e1ba6e46ce8a7ab6
581,OIMM,,STAR,STAR,10-2D,"MIDMO 2N, MIDMO 1P, MIDMO 2Q",MATCH,independently_consistent,True,False,True,AWAITING_INDIVIDUAL_VISUAL_VERIFICATION,,images/pages_0401_0800/0581.jpg,"TURKMENISTAN IRAN D V O R JEPPESEN .STAR. Apt Elev ATIS 126.4 3266 11 APR 25 .Eff.17.Apr. 0^ MHA 8000 Alt Set: hPa Trans level: By ATC 119 88 60-00 60-30 MASHHAD, IRAN 10-2D MIDMO 2Q [MIDM2Q] MIDMO 2N [MIDM2N] ARRIVALS ROUTING STAR MIDMO 2N MIDMO 2Q | JEPPESEN, 2021, 2025. ALL RI",d86b5b5e262a775f8e91d28a403f4b163992dbdd1733ca28e1ba6e46ce8a7ab6
582,OIMM,,STAR,STAR,10-2E,"NOTSO 2N, NOTSO 1Q, NOTSO 2R",MATCH,independently_consistent,True,False,True,AWAITING_INDIVIDUAL_VISUAL_VERIFICATION,,images/pages_0401_0800/0582.jpg,"JEPPESEN .STAR. Apt Elev ATIS 126.4 3266 PR 25 .Eff.17.Apr. Alt Set: hPa Trans level: By ATC 119 88 60-30 MASHHAD, IRAN 10-2E NOTSO 1Q [NOTS1Q] NOTSO 2N [NOTS2N] ARRIVALS ROUTING STAR NOTSO 2R [NOTS2R] NOTSO 2R NOTSO 1Q NOTSO 2N At NOTSO intercept MSD R183 inbound to MSD VOR. At ",d86b5b5e262a775f8e91d28a403f4b163992dbdd1733ca28e1ba6e46ce8a7ab6
583,OIMM,OIMM,STAR,STAR,10-2F,"RAMIL 2N, RAMIL 2Q, RAMIL 2R",MATCH,independently_consistent,True,False,True,AWAITING_INDIVIDUAL_VISUAL_VERIFICATION,,images/pages_0401_0800/0583.jpg,"180^ OIMM/MHD SHAHID HASHEMI NEJAD INTL JEPPESEN MASHHAD, IRAN .STAR. 10-2F Apt Elev ATIS 126.4 26 SEP 25 3266 .Eff.2.Oct. Alt Set: hPa Trans level: By ATC MHA 9500 309^ 129^ (IAF) 36-30 RAMIL 2Q [RAMI2Q] ARRIVALS RAMIL 2N [RAMI2N] (RWYS 13L, 31R) RAMIL 2R [RAMI2R] Printed from J",d86b5b5e262a775f8e91d28a403f4b163992dbdd1733ca28e1ba6e46ce8a7ab6
584,OIMM,OIMM,STAR,STAR,10-2G,"RIBUX 2N, RIBUX 2P, RIBUX 3Q",MATCH,independently_consistent,True,False,True,AWAITING_INDIVIDUAL_VISUAL_VERIFICATION,,images/pages_0401_0800/0584.jpg,"R130 8600 OIMM/MHD SHAHID HASHEMI NEJAD INTL JEPPESEN MASHHAD, IRAN .STAR. 35 40 45 10-2G Apt Elev ATIS 126.4 3266 26 SEP 25 .Eff.2.Oct. Pa Trans level: By ATC 8 00 0 MHA 8000 130^ 310^ 16.0 MSD (IAF) 119 88 60-00 ROUTING P Q N RIBUX 2N [RIBU2N] RIBUX 2P [RIBU2P] RIBUX 3Q [RIBU3Q",d86b5b5e262a775f8e91d28a403f4b163992dbdd1733ca28e1ba6e46ce8a7ab6
585,OIMM,OIMM,STAR,STAR,10-2H,PAMTU 1T,MATCH,independently_consistent,True,False,True,AWAITING_INDIVIDUAL_VISUAL_VERIFICATION,,images/pages_0401_0800/0585.jpg,"TURKMENISTAN IRAN 11,800 OIMM/MHD SHAHID HASHEMI NEJAD INTL JEPPESEN MASHHAD, IRAN .STAR. 10-2H Apt Elev ATIS 126.4 3266 11 APR 25 .Eff.17.Apr. NOT AVAILABLE WHEN OI(D)-35, OI(D)-76 & OI(C)-78 ACTIVE Alt Set: hPa Trans level: By ATC [PAMT1T] PAMTU 1T ARRIVAL (ALL RWYS) Printed fr",d86b5b5e262a775f8e91d28a403f4b163992dbdd1733ca28e1ba6e46ce8a7ab6
586,OIMM,OIMM,STAR,STAR,10-2J,"ALMUX 1N, ALMUX 1P, ALMUX 1Q",MATCH,independently_consistent,True,False,True,AWAITING_INDIVIDUAL_VISUAL_VERIFICATION,,images/pages_0401_0800/0586.jpg,"OIMM/MHD SHAHID HASHEMI NEJAD INTL JEPPESEN MASHHAD, IRAN .STAR. 10-2J Apt Elev ATIS 126.4 3266 11 APR 25 .Eff.17.Apr. Pa Trans level: By ATC ALMUX 2 5 3 ^ 50 88 60-30 ROUTING P Q N ALMUX 1N [ALMU1N] ALMUX 1P [ALMU1P] ALMUX 1Q [ALMU1Q] ARRIVALS (RWYS 13L, 31R) At ALMUX intercept ",d86b5b5e262a775f8e91d28a403f4b163992dbdd1733ca28e1ba6e46ce8a7ab6
587,OIMM,OIMM,STAR,STAR,10-2K,TANBU 1T,MATCH,independently_consistent,True,False,True,AWAITING_INDIVIDUAL_VISUAL_VERIFICATION,,images/pages_0401_0800/0587.jpg,"D S M N D B Apt Elev ATIS 126.4 3266 Alt Set: hPa Trans level: By ATC CAUTION: STAR penatrates OI(R)-10, OI(D)-35 & OI(C)-78. OIMM/MHD SHAHID HASHEMI NEJAD INTL JEPPESEN MASHHAD, IRAN .STAR. 10-2K 5 JUN 26 .Eff.11.Jun. IRAN TURKMANISTAN (ALL RWYS) TANBU 1T ARRIVAL [TANB1T] Printe",d86b5b5e262a775f8e91d28a403f4b163992dbdd1733ca28e1ba6e46ce8a7ab6
588,OIMM,OIMM,SID,SID,10-3,"PAMTU 1A, PAMTU 1B, PAMTU 1D",MATCH,independently_consistent,True,False,True,AWAITING_INDIVIDUAL_VISUAL_VERIFICATION,,images/pages_0401_0800/0588.jpg,"10-3 JEPPESEN OIMM/MHD SHAHID HASHEMI NEJAD INTL MASHHAD, IRAN .SID. Trans alt: 12000 25 11 APR 25 .Eff.17.Apr. 338 450 675 900 1125 1350 ed-KT 75 100 150 200 250 300 NM OI(D)-35, OI(D)-76 and/or OI(C)-78 active. OI(C)-78 active. es OI(R)-10. requires a minimum climb gradient of ",d86b5b5e262a775f8e91d28a403f4b163992dbdd1733ca28e1ba6e46ce8a7ab6
589,OIMM,OIMM,SID,SID,10-3A,"NOTSO 2A, NOTSO 1B, RAMIL 2A, RAMIL 1B",MATCH,independently_consistent,True,False,True,AWAITING_INDIVIDUAL_VISUAL_VERIFICATION,,images/pages_0401_0800/0589.jpg,"180^ 11,800 114.0 MSD MASHHAD MSD D OIMM/MHD SHAHID HASHEMI NEJAD INTL JEPPESEN MASHHAD, IRAN 35 40 45 10-3A Apt Elev Trans alt: 12000 3266 .SID. 11 APR 25 .Eff.17.Apr. NOTS R (ALL RWYS) RAMIL 2A [RAMI2A], RAMIL 1B [RAMI1B] DEPARTURES NOTSO 2A [NOTS2A], NOTSO 1B [NOTS1B] Printed ",d86b5b5e262a775f8e91d28a403f4b163992dbdd1733ca28e1ba6e46ce8a7ab6
590,OIMM,OIMM,SID,SID,10-3B,"BOTEK 2A, BOTEK 1B",MATCH,independently_consistent,True,False,True,AWAITING_INDIVIDUAL_VISUAL_VERIFICATION,,images/pages_0401_0800/0590.jpg,"8600 000 JEPPESEN OIMM/MHD SHAHID HASHEMI NEJAD INTL MASHHAD, IRAN .SID. Trans alt: 12000 25 D 10-3B 26 SEP 25 .Eff.2.Oct. BOTEK 1B [BOTE1B] BOTEK 2A [BOTE2A] DEPARTURES (ALL RWYS) Printed from JeppView for Windows 5.3.0.0 on 09 Oct 2026; Terminal chart data cycle 21-2026; Notice",d86b5b5e262a775f8e91d28a403f4b163992dbdd1733ca28e1ba6e46ce8a7ab6
591,OIMM,OIMM,SID,SID,10-3C,"MIDMO 2A, MIDMO 1B",MATCH,independently_consistent,True,False,True,AWAITING_INDIVIDUAL_VISUAL_VERIFICATION,,images/pages_0401_0800/0591.jpg,"TURKMENISTAN IRAN OIMM/MHD SHAHID HASHEMI NEJAD INTL JEPPESEN MASHHAD, IRAN 10-3C Apt Elev Trans alt: 12000 3266 50 MIDMO .SID. 26 SEP 25 .Eff.2.Oct. MIDMO 2A: 125 124 37-00 FL160 (ALL RWYS) MIDMO 2A [MIDM2A], MIDMO 1B [MIDM1B] DEPARTURES Printed from JeppView for Windows 5.3.0.0",d86b5b5e262a775f8e91d28a403f4b163992dbdd1733ca28e1ba6e46ce8a7ab6
592,OIMM,OIMM,SID,SID,10-3D,"EMESA 2A, EMESA 2B, LOSAN 1A, LOSAN 1B",MATCH,independently_consistent,True,False,True,AWAITING_INDIVIDUAL_VISUAL_VERIFICATION,,images/pages_0401_0800/0592.jpg,"180^ 6000 9000 305^ EMESA 2A LOSAN 1A 114.0 MSD MASHHAD MSD D OIMM/MHD SHAHID HASHEMI NEJAD INTL JEPPESEN MASHHAD, IRAN 35 40 45 10-3D Apt Elev Trans alt: 12000 3266 .SID. 11 APR 25 .Eff.17.Apr. EMESA 2A [EMES2A], EMESA 2B [EMES2B] DEPARTURES LOSAN 1A [LOSA1A], LOSAN 1B [LOSA1B] ",d86b5b5e262a775f8e91d28a403f4b163992dbdd1733ca28e1ba6e46ce8a7ab6
593,OIMM,OIMM,SID,SID,10-3E,"ORDOB 1A, ORDOB 1B, ORDOB 1C",MATCH,independently_consistent,True,False,True,AWAITING_INDIVIDUAL_VISUAL_VERIFICATION,,images/pages_0401_0800/0593.jpg,"8600 1 8 0 ^ 3 6 0 ^ 6000 0 9000 JEPPESEN OIMM/MHD SHAHID HASHEMI NEJAD INTL MASHHAD, IRAN .SID. Trans alt: 12000 10-3E 114.0 MSD MASHHAD MSD D 130^ ORDOB 1C 305^ 269^ O R D O B 1 A 50 11 APR 25 .Eff.17.Apr. 117 30 ORDOB 1B [ORDO1B] ORDOB 1A [ORDO1A] DEPARTURES ORDOB 1C [ORDO1C] ",d86b5b5e262a775f8e91d28a403f4b163992dbdd1733ca28e1ba6e46ce8a7ab6
594,OIMM,OIMM,SID,SID,10-3F,"PAMTU 1F, PAMTU 1G, PAMTU 1K, PAMTU 1L",MATCH,independently_consistent,True,False,True,AWAITING_INDIVIDUAL_VISUAL_VERIFICATION,,images/pages_0401_0800/0594.jpg,"JEPPESEN OIMM/MHD SHAHID HASHEMI NEJAD INTL MASHHAD, IRAN .SID. Trans alt: 12000 25 10-3F 11 APR 25 .Eff.17.Apr. OI(D)-35, OI(D)-76 and/or OI(C)-78 active. OI(C)-78 active. 338 450 675 900 1125 1350 ed-KT 75 100 150 200 250 300 NM PAMTU 1G [PAMT1G] PAMTU 1F [PAMT1F] DEPARTURES PA",d86b5b5e262a775f8e91d28a403f4b163992dbdd1733ca28e1ba6e46ce8a7ab6
595,OIMM,OIMM,SID,SID,10-3G,"NOTSO 1F, NOTSO 1G, NOTSO 1H, RAMIL 1F, RAMIL 1G",MATCH,independently_consistent,True,False,True,AWAITING_INDIVIDUAL_VISUAL_VERIFICATION,,images/pages_0401_0800/0595.jpg,"180^ 300 1500 375 500 750 1000 1250 Gnd speed-KT 75 100 150 200 250 300 FT/NM OIMM/MHD SHAHID HASHEMI NEJAD INTL JEPPESEN MASHHAD, IRAN 35 40 45 10-3G Apt Elev Trans alt: 12000 3266 .SID. 11 APR 25 .Eff.17.Apr. This SID requires a minimum climb gradient of 300 FT/NM up to 8000. N",d86b5b5e262a775f8e91d28a403f4b163992dbdd1733ca28e1ba6e46ce8a7ab6
596,OIMM,OIMM,SID,SID,10-3H,"BOTEK 1F, BOTEK 1G",MATCH,independently_consistent,True,False,True,AWAITING_INDIVIDUAL_VISUAL_VERIFICATION,,images/pages_0401_0800/0596.jpg,"8600 00 JEPPESEN OIMM/MHD SHAHID HASHEMI NEJAD INTL MASHHAD, IRAN .SID. Trans alt: 12000 25 10-3H 11 APR 25 .Eff.17.Apr. BOTEK 1G [BOTE1G] BOTEK 1F [BOTE1F] DEPARTURES (ALL RWYS) Printed from JeppView for Windows 5.3.0.0 on 09 Oct 2026; Terminal chart data cycle 21-2026; Notice: ",d86b5b5e262a775f8e91d28a403f4b163992dbdd1733ca28e1ba6e46ce8a7ab6
597,OIMM,OIMM,SID,SID,10-3J,"MIDMO 1F, MIDMO 1G",MATCH,independently_consistent,True,False,True,AWAITING_INDIVIDUAL_VISUAL_VERIFICATION,,images/pages_0401_0800/0597.jpg,"MIDMO MIDMO 1F: OIMM/MHD SHAHID HASHEMI NEJAD INTL JEPPESEN MASHHAD, IRAN 10-3J Apt Elev Trans alt: 12000 3266 35 40 45 8305 .SID. 11 APR 25 .Eff.17.Apr. FL160 (ALL RWYS) NOT TO SCALE MIDMO 1F [MIDM1F], MIDMO 1G [MIDM1G] DEPARTURES Printed from JeppView for Windows 5.3.0.0 on 09 ",d86b5b5e262a775f8e91d28a403f4b163992dbdd1733ca28e1ba6e46ce8a7ab6
598,OIMM,OIMM,SID,SID,10-3K,"ALMUX 1A, ALMUX 1B",MATCH,independently_consistent,True,False,True,AWAITING_INDIVIDUAL_VISUAL_VERIFICATION,,images/pages_0401_0800/0598.jpg,"180^ OIMM/MHD SHAHID HASHEMI NEJAD INTL JEPPESEN MASHHAD, IRAN 10-3K Apt Elev Trans alt: 12000 3266 .SID. 11 APR 25 .Eff.17.Apr. 5253 25 DEPARTURES (ALL RWYS) ALMUX 1A [ALMU1A] ALMUX 1B [ALMU1B] CONTOUR INTERVALS 7000 5000 Printed from JeppView for Windows 5.3.0.0 on 09 Oct 2026;",d86b5b5e262a775f8e91d28a403f4b163992dbdd1733ca28e1ba6e46ce8a7ab6
599,OIMM,OIMM,SID,SID,10-3L,"TANBU 1A, TANBU 1B",MATCH,independently_consistent,True,False,True,AWAITING_INDIVIDUAL_VISUAL_VERIFICATION,,images/pages_0401_0800/0599.jpg,"180^ OIMM/MHD SHAHID HASHEMI NEJAD INTL JEPPESEN MASHHAD, IRAN 10-3L Apt Elev Trans alt: 12000 3266 .SID. 11 APR 25 .Eff.17.Apr. 5253 25 DEPARTURES (ALL RWYS) TANBU 1A [TANB1A] TANBU 1B [TANB1B] CONTOUR INTERVALS 7000 5000 Printed from JeppView for Windows 5.3.0.0 on 09 Oct 2026;",d86b5b5e262a775f8e91d28a403f4b163992dbdd1733ca28e1ba6e46ce8a7ab6
600,OIMM,OIMM,SID,SID,10-3M,"TANBU 1F, TANBU 1K",MATCH,independently_consistent,True,False,True,AWAITING_INDIVIDUAL_VISUAL_VERIFICATION,,images/pages_0401_0800/0600.jpg,"180^ OIMM/MHD SHAHID HASHEMI NEJAD INTL JEPPESEN MASHHAD, IRAN 10-3M Apt Elev Trans alt: 12000 3266 .SID. 25 5 JUN 26 .Eff.11.Jun. CAUTION: SIDs penatrates OI(R)-10, OI(D)-35 & OI(C)-78. 5253 DEPARTURES (ALL RWYS) TANBU 1F [TANB1F] TANBU 1K [TANB1K] Printed from JeppView for Wind",d86b5b5e262a775f8e91d28a403f4b163992dbdd1733ca28e1ba6e46ce8a7ab6
601,OIMM,OIMM,AIRPORT,AIRPORT,10-9,Airport Diagram Chart (ADC),MATCH,independently_consistent,True,False,True,AWAITING_INDIVIDUAL_VISUAL_VERIFICATION,,images/pages_0401_0800/0601.jpg,"Apt Elev 10-9 MASHHAD, IRAN N36 14.1 E059 38.7 3266' 126.4 SHAHID HASHEMI NEJAD INTL OIMM/MHD JEPPESEN Tower 118.1 ATIS 121.7 121.9 *MASHHAD Ground .Eff.17.Apr. 11 APR 25 04^E L M H IRIAF APRON Elev 3228' 36-15 36-15 59-38 59-39 296m Stopway 971' 13R 130^ 13L 130^ 994' 303m Stopw",d86b5b5e262a775f8e91d28a403f4b163992dbdd1733ca28e1ba6e46ce8a7ab6
602,OIMM,OIMM,AIRPORT,AIRPORT,10-9A,ADDITIONAL RUNWAY INFORMATION,MATCH,independently_consistent,True,False,True,AWAITING_INDIVIDUAL_VISUAL_VERIFICATION,,images/pages_0401_0800/0602.jpg,"11,348' 3459m MASHHAD, IRAN SHAHID HASHEMI NEJAD INTL OIMM/MHD JEPPESEN (60m) (60m) 1 2 1 2 .Eff.17.Apr. 11 APR 25 10-9A From rwy head RWY 13L: 12,500' (3810m) TAKE-OFF RUN AVAILABLE From rwy head RWY 31R: 12,500' (3810m) (60m) (60m) 4 4 4 twy E int twy G int 9941' (3030m) 7146' ",d86b5b5e262a775f8e91d28a403f4b163992dbdd1733ca28e1ba6e46ce8a7ab6
603,OIMM,OIMM,AIRPORT,AIRPORT,10-9B,HOT SPOTS,MATCH,independently_consistent,True,False,True,AWAITING_INDIVIDUAL_VISUAL_VERIFICATION,,images/pages_0401_0800/0603.jpg,"OIMM/MHD JEPPESEN MASHHAD, IRAN SHAHID HASHEMI NEJAD INTL 137 130 135 133 131 129 127 122 124 126 128 118 120 125 123 121 International Terminal J F ARP 36-13.9 59-38.7 59-38.6 59-38.4 59-38.1 59-38.8 36-14 59-38 36-14.1 36-13.9 36-14 Q APRON .Eff.28.Dec. 22 DEC 23 RWY 13R/31L RW",d86b5b5e262a775f8e91d28a403f4b163992dbdd1733ca28e1ba6e46ce8a7ab6
604,OIMM,,AIRPORT,AIRPORT,10-9S,MINIMUMS,MATCH,independently_consistent,True,False,True,AWAITING_INDIVIDUAL_VISUAL_VERIFICATION,,images/pages_0401_0800/0604.jpg,"10-9S JEPPESEN 1 2 2 2 2 1 .EASA.AIR.OPS. 5 JUN 26 .Eff.11.Jun. 2 2 NOT APPLICABLE NOT APPLICABLE STRAIGHT-IN RWY D C B A OIMM/MHD MASHHAD, IRAN 3970'(742') 3970' 3970' 3970' SHAHID HASHEMI NEJAD INTL 13L 31L R1500m R1500m R2400m R2400m NDB 4020'(754') 4020' 4020' 4020' 3460'(200",d86b5b5e262a775f8e91d28a403f4b163992dbdd1733ca28e1ba6e46ce8a7ab6
605,OIMM,,APP,APP,11-1,ILS Z OR LOC Z RWY 31R,MATCH,independently_consistent,True,False,True,AWAITING_INDIVIDUAL_VISUAL_VERIFICATION,,images/pages_0401_0800/0605.jpg,"OI(R)-1 OI(R)-13 4000 MISSED APCH: BRIEFING STRIP TM 11-1 126.4 127.3 LOC IMSD 109.9 309^ 5000' ILS DA(H) 3460'(200') Apt Elev 3266' 3260' Rwy MSA MSD VOR (1740') MASHHAD, IRAN D5.2 IMSD Final Apch Crs 10 Alt Set: hPa Rwy Elev: 114 hPa Trans level: By ATC SHAHID HASHEMI NEJAD INT",d86b5b5e262a775f8e91d28a403f4b163992dbdd1733ca28e1ba6e46ce8a7ab6
606,OIMM,,APP,APP,11-2,ILS Y OR LOC Y RWY 31R,MATCH,independently_consistent,True,False,True,AWAITING_INDIVIDUAL_VISUAL_VERIFICATION,,images/pages_0401_0800/0606.jpg,"OI(R)-1 OI(R)-13 MISSED APCH: BRIEFING STRIP TM 11-2 126.4 127.3 LOC IMSD 109.9 309^ 5000' ILS DA(H) 3460'(200') Apt Elev 3266' 3260' Rwy MSA MSD VOR (1740') MASHHAD, IRAN D5.2 IMSD Final Apch Crs 10 Alt Set: hPa Rwy Elev: 114 hPa Trans level: By ATC SHAHID HASHEMI NEJAD INTL OIM",d86b5b5e262a775f8e91d28a403f4b163992dbdd1733ca28e1ba6e46ce8a7ab6
607,OIMM,,APP,APP,11-3,ILS X OR LOC X RWY 31R CAT C & D,MATCH,independently_consistent,True,False,True,AWAITING_INDIVIDUAL_VISUAL_VERIFICATION,,images/pages_0401_0800/0607.jpg,"OI(R)-1 OI(R)-13 310^ MASHHAD MSD MISSED APCH: BRIEFING STRIP TM 11-3 126.4 127.3 LOC IMSD 109.9 309^ 5000' ILS DA(H) 3460'(200') Apt Elev 3266' 3260' Rwy (1740') MASHHAD, IRAN D5.2 IMSD Final Apch Crs 10 Alt Set: hPa Rwy Elev: 114 hPa Trans level: By ATC OIMM/MHD JEPPESEN MASHHA",d86b5b5e262a775f8e91d28a403f4b163992dbdd1733ca28e1ba6e46ce8a7ab6
608,OIMM,OIMM,APP,APP,13-1,VOR Z RWY 13L,MATCH,independently_consistent,True,False,True,AWAITING_INDIVIDUAL_VISUAL_VERIFICATION,,images/pages_0401_0800/0608.jpg,"5000 MISSED APCH: BRIEFING STRIP TM 13-1 MASHHAD, IRAN 126.4 127.3 VOR MSD 114.0 129^ Apt Elev D6.0 4800'(1572') 3266' 3228' 3970'(742') SHAHID HASHEMI NEJAD INTL Alt Set: hPa Rwy Elev: 113 hPa Trans level: By ATC OIMM/MHD JEPPESEN Rwy MASHHAD Tower 118.1 121.7 Final Apch Crs ATI",d86b5b5e262a775f8e91d28a403f4b163992dbdd1733ca28e1ba6e46ce8a7ab6
609,OIMM,,APP,APP,13-2,VOR Y RWY 13L,MATCH,independently_consistent,True,False,True,AWAITING_INDIVIDUAL_VISUAL_VERIFICATION,,images/pages_0401_0800/0609.jpg,"309 4000 5000 MISSED APCH: BRIEFING STRIP TM 13-2 MASHHAD, IRAN 126.4 127.3 VOR MSD 114.0 129^ Apt Elev D6.0 4800'(1572') 3266' 3228' 3970'(742') SHAHID HASHEMI NEJAD INTL Alt Set: hPa Rwy Elev: 113 hPa Trans level: By ATC OIMM/MHD JEPPESEN Rwy MASHHAD Tower 118.1 121.7 Final Apc",d86b5b5e262a775f8e91d28a403f4b163992dbdd1733ca28e1ba6e46ce8a7ab6
610,OIMM,,APP,APP,13-3,VOR Z RWY 31R,MATCH,independently_consistent,True,False,True,AWAITING_INDIVIDUAL_VISUAL_VERIFICATION,,images/pages_0401_0800/0610.jpg,"OI(R)-1 OI(R)-13 4000 13-3 MASHHAD, IRAN MASHHAD Tower MISSED APCH: BRIEFING STRIP TM 126.4 127.3 VOR MSD 114.0 310^ 3810'(544') Apt Elev 3266' MSA MSD VOR D5.0 4900'(1634') Final Apch Crs 0 SHAHID HASHEMI NEJAD INTL Alt Set: hPa Apt Elev: 114 hPa Trans level: By ATC OIMM/MHD JEP",d86b5b5e262a775f8e91d28a403f4b163992dbdd1733ca28e1ba6e46ce8a7ab6
611,OIMM,OIMM,APP,APP,13-4,VOR Y RWY 31R,MATCH,independently_consistent,True,False,True,AWAITING_INDIVIDUAL_VISUAL_VERIFICATION,,images/pages_0401_0800/0611.jpg,"OI(R)-1 OI(R)-13 4000 4000 13-4 MASHHAD, IRAN 126.4 MASHHAD Tower 127.3 BRIEFING STRIP TM 310^ MISSED APCH: 10 VOR MSD 114.0 Apt Elev 3266' SHAHID HASHEMI NEJAD INTL Final Apch Crs OIMM/MHD JEPPESEN 118.1 121.7 ATIS MASHHAD Approach (R) 121.9 3810'(544') D5.0 4900'(1634') DA/MDA(",d86b5b5e262a775f8e91d28a403f4b163992dbdd1733ca28e1ba6e46ce8a7ab6
612,OIMM,,APP,APP,16-1,NDB RWY 31L,MATCH,independently_consistent,True,False,True,AWAITING_INDIVIDUAL_VISUAL_VERIFICATION,,images/pages_0401_0800/0612.jpg,"OI(R)-1 OI(R)-13 4000 000 MISSED APCH: BRIEFING STRIP TM 16-1 MASHHAD, IRAN 126.4 MASHHAD Tower 127.3 NDB MSD 385 295^ No FAF Apt Elev 3266' then turn RIGHT to rejoin holding at 7500'. Turn RIGHT onto track 325^ climbing to 5500', Final Apch Crs 10 4020'(754') SHAHID HASHEMI NEJA",d86b5b5e262a775f8e91d28a403f4b163992dbdd1733ca28e1ba6e46ce8a7ab6
613,OIMM,,APP,APP,16-2,NDB RWY 31R,MATCH,independently_consistent,True,False,True,AWAITING_INDIVIDUAL_VISUAL_VERIFICATION,,images/pages_0401_0800/0613.jpg,"OI(R)-1 OI(R)-13 4000 4000 MISSED APCH: BRIEFING STRIP TM 16-2 MASHHAD, IRAN 126.4 MASHHAD Tower 127.3 NDB MSD 385 295^ No FAF Apt Elev 3266' then turn RIGHT to rejoin holding at 7500'. Turn RIGHT onto track 325^ climbing to 5500', Final Apch Crs 10 4020'(754') SHAHID HASHEMI NEJ",d86b5b5e262a775f8e91d28a403f4b163992dbdd1733ca28e1ba6e46ce8a7ab6
614,OIMM,,APP,APP,16-3,CHART PAGE 403,MATCH,independently_consistent,True,False,True,AWAITING_INDIVIDUAL_VISUAL_VERIFICATION,,images/pages_0401_0800/0614.jpg,"4000 4000 10 MISSED APCH: BRIEFING STRIP TM 16-3 MASHHAD, IRAN MASHHAD Tower 126.4 127.3 NDB MSD 385 MDA(H) Apt Elev 3266' Turn LEFT onto track 120^ climbing to 5500', then turn LEFT to rejoin holding at 7000'. No FAF 4200'(934') 140^ Final Apch Crs SHAHID HASHEMI NEJAD INTL Alt ",d86b5b5e262a775f8e91d28a403f4b163992dbdd1733ca28e1ba6e46ce8a7ab6
615,OIMN,OIMN,AIRPORT,AIRPORT,,AIRPORT INFORMATION,MATCH,independently_consistent,True,False,True,AWAITING_INDIVIDUAL_VISUAL_VERIFICATION,,images/pages_0401_0800/0615.jpg,"General Information Location: BOJNORD IRN ICAO/IATA: OIMN / BJB Lat/Long: N37° 29.3', E057° 18.4' Elevation: 3567 ft Airport Use: Public Daylight Savings: Not Observed UTC Conversion: -3:30 = UTC Magnetic Variation: 5.0° E Bojnord Information: 121.900 AFIS General Information Loc",d86b5b5e262a775f8e91d28a403f4b163992dbdd1733ca28e1ba6e46ce8a7ab6
616,OIMN,OIMN,AIRPORT,AIRPORT,,AIRPORT INFORMATION,MATCH,independently_consistent,True,False,True,AWAITING_INDIVIDUAL_VISUAL_VERIFICATION,,images/pages_0401_0800/0616.jpg,"General Information Location: BOJNORD IRN ICAO/IATA: OIMN / BJB Lat/Long: N37° 29.3', E057° 18.4' Elevation: 3567 ft Airport Use: Public Daylight Savings: Not Observed UTC Conversion: -3:30 = UTC Magnetic Variation: 5.0° E Bojnord Information: 121.900 AFIS Bojnord Information: 12",d86b5b5e262a775f8e91d28a403f4b163992dbdd1733ca28e1ba6e46ce8a7ab6
617,OIMN,OIMN,STAR,STAR,10-2,"SILPO 1N, TULER 1N, EGLUL 1N, RIBOB 1N",MATCH,independently_consistent,True,False,True,AWAITING_INDIVIDUAL_VISUAL_VERIFICATION,,images/pages_0401_0800/0617.jpg,"10-2 .STAR. JEPPESEN Apt Elev OIMN/BJB BOJNORD BOJNORD, IRAN 3567' SILPO 11500 SILPO 1N 300^ [EGLU1N] [RIBO1N] [SILP1N] [TULE1N] Alt Set: hPa Trans level: FL130 Trans alt: 11000' Actual descent clearance will be as directed by ATC 13.9 .Eff.21.Jun. 15 JUN 18 MSA BRD VOR 090^ 180^",d86b5b5e262a775f8e91d28a403f4b163992dbdd1733ca28e1ba6e46ce8a7ab6
618,OIMN,OIMN,SID,SID,10-3,"EGLUL 2A, EGLUL 2B",MATCH,independently_consistent,True,False,True,AWAITING_INDIVIDUAL_VISUAL_VERIFICATION,,images/pages_0401_0800/0618.jpg,"10-3 JEPPESEN Apt Elev OIMN/BJB BOJNORD BOJNORD, IRAN 3567' Trans level: FL130 Trans alt: 11000' .SID. BOJNORD 114.8 BRD BRD N37 29.7 E057 19.4 .Eff.21.Jun. D [EGLU2B] [EGLU2A] 15 JUN 18 MSA BRD VOR 090^ 180^ 270^ 8300' 9500' 11,300' EGLUL 2B EGLUL 2A CAUTION Aerodrome surrounded",d86b5b5e262a775f8e91d28a403f4b163992dbdd1733ca28e1ba6e46ce8a7ab6
619,OIMN,OIMN,SID,SID,10-3A,"RIBOB 2A, RIBOB 2B",MATCH,independently_consistent,True,False,True,AWAITING_INDIVIDUAL_VISUAL_VERIFICATION,,images/pages_0401_0800/0619.jpg,"BOJNORD 114.8 BRD BRD N37 29.7 E057 19.4 D JEPPESEN Apt Elev OIMN/BJB BOJNORD BOJNORD, IRAN 3567' Trans level: FL130 Trans alt: 11000' .SID. .Eff.21.Jun. 10-3A [RIBO2B] [RIBO2A] At or above 6000' RIBOB 2A 15 JUN 18 MSA BRD VOR 090^ 180^ 270^ 8300' 9500' 11,300' RIBOB 2B RIBOB 2A ",d86b5b5e262a775f8e91d28a403f4b163992dbdd1733ca28e1ba6e46ce8a7ab6
620,OIMN,OIMN,SID,SID,10-3B,"SILPO 2A, SILPO 2B",MATCH,independently_consistent,True,False,True,AWAITING_INDIVIDUAL_VISUAL_VERIFICATION,,images/pages_0401_0800/0620.jpg,"JEPPESEN Apt Elev OIMN/BJB BOJNORD BOJNORD, IRAN 3567' Trans level: FL130 Trans alt: 11000' .SID. BOJNORD 114.8 BRD BRD N37 29.7 E057 19.4 .Eff.21.Jun. D 5500' 10-3B At or above 6000' [SILP2A] [SILP2B] 15 JUN 18 MSA BRD VOR 090^ 180^ 270^ 8300' 9500' 11,300' SILPO 2A SILPO 2B DEP",d86b5b5e262a775f8e91d28a403f4b163992dbdd1733ca28e1ba6e46ce8a7ab6
621,OIMN,OIMN,SID,SID,10-3C,"TULER 1A, TULER 1B",MATCH,independently_consistent,True,False,True,AWAITING_INDIVIDUAL_VISUAL_VERIFICATION,,images/pages_0401_0800/0621.jpg,"JEPPESEN Apt Elev OIMN/BJB BOJNORD BOJNORD, IRAN 3567' Trans level: FL130 Trans alt: 11000' .SID. BOJNORD 114.8 BRD BRD N37 29.7 E057 19.4 .Eff.21.Jun. D 10-3C [TULE1A] [TULE1B] At or above 6000' TULER 1A 15 JUN 18 MSA BRD VOR 090^ 180^ 270^ 8300' 9500' 11,300' TULER 1B TULER 1A ",d86b5b5e262a775f8e91d28a403f4b163992dbdd1733ca28e1ba6e46ce8a7ab6
622,OIMN,OIMN,AIRPORT,AIRPORT,10-9,Airport Diagram Chart (ADC),MATCH,independently_consistent,True,False,True,AWAITING_INDIVIDUAL_VISUAL_VERIFICATION,,images/pages_0401_0800/0622.jpg,"Apt Elev BOJNORD, IRAN BOJNORD 05^E 10-9 OIMN/BJB 118.2 121.9 Elev 3457' JEPPESEN 63m 207' Stopway 37-30 37-30 57-17 57-18 57-19 57-20 *BOJNORD Information (AFIS) 10 OCT 25 LEGEND De-icing area Anti-icing and de-icing area located at West part of apron. View of tower controller o",d86b5b5e262a775f8e91d28a403f4b163992dbdd1733ca28e1ba6e46ce8a7ab6
623,OIMN,,APP,APP,11-1,APPROACH 11-1,MATCH,independently_consistent,True,False,True,AWAITING_INDIVIDUAL_VISUAL_VERIFICATION,,images/pages_0401_0800/0623.jpg,"4000 5000 5000 5000 5000 6000 BOJNORD 11-1 BOJNORD, IRAN LOC IBRD 246^ MDA(H) 270^ 090^ 180^ Alt Set: hPa Trans alt: 11000' MISSED APCH: BRIEFING STRIP TM Final Apch Crs 10 OIMN/BJB 118.2 121.9 Apt Elev: 122 hPa JEPPESEN Refer to 6500'(2933') 110.3 MSA BRD VOR CAT A, B & C Minimu",d86b5b5e262a775f8e91d28a403f4b163992dbdd1733ca28e1ba6e46ce8a7ab6
624,OIMN,OIMN,APP,APP,13-1,CHART PAGE 413,MATCH,independently_consistent,True,False,True,AWAITING_INDIVIDUAL_VISUAL_VERIFICATION,,images/pages_0401_0800/0624.jpg,"5000 4000 BOJNORD 13-1 BOJNORD, IRAN VOR BRD 245^ MDA(H) 270^ 090^ 180^ Alt Set: hPa Trans alt: 11000' MISSED APCH: BRIEFING STRIP TM Final Apch Crs 10 OIMN/BJB 118.2 121.9 Apt Elev: 122 hPa JEPPESEN CIRCLING VOR DME D5.0 5800'(2233') 114.8 D10.0 MSA BRD VOR 8300 9500 11,300 Apt ",d86b5b5e262a775f8e91d28a403f4b163992dbdd1733ca28e1ba6e46ce8a7ab6
625,OIMN,OIMN,APP,APP,13-2,CHART PAGE 414,MATCH,independently_consistent,True,False,True,AWAITING_INDIVIDUAL_VISUAL_VERIFICATION,,images/pages_0401_0800/0625.jpg,"5000 4000 BOJNORD 13-2 BOJNORD, IRAN VOR BRD 245^ MDA(H) 270^ 090^ 180^ Alt Set: hPa Trans alt: 11000' MISSED APCH: BRIEFING STRIP TM Final Apch Crs 10 OIMN/BJB 118.2 121.9 Apt Elev: 122 hPa JEPPESEN CIRCLING VOR DME D5.0 5800'(2233') 114.8 D10.0 MSA BRD VOR 8300 9500 11,300 Apt ",d86b5b5e262a775f8e91d28a403f4b163992dbdd1733ca28e1ba6e46ce8a7ab6
626,OIMN,,APP,APP,16-1,CHART PAGE 415,MATCH,independently_consistent,True,False,True,AWAITING_INDIVIDUAL_VISUAL_VERIFICATION,,images/pages_0401_0800/0626.jpg,"6000 400 5000 MISSED APCH CLIMB GRADIENT MIM 4.1% MSA BRD NDB BOJNORD 16-1 BOJNORD, IRAN *BOJNORD Information NDB BRD 346 240^ Minimum Alt MDA(H) 270^ 090^ 180^ No FAF Alt Set: hPa Trans level: FL 130 Trans alt: 11000' MISSED APCH: BRIEFING STRIP TM Final Apch Crs 10 2. Non stand",d86b5b5e262a775f8e91d28a403f4b163992dbdd1733ca28e1ba6e46ce8a7ab6
627,OIMN,,APP,APP,16-2,CHART PAGE 416,MATCH,independently_consistent,True,False,True,AWAITING_INDIVIDUAL_VISUAL_VERIFICATION,,images/pages_0401_0800/0627.jpg,"6000 400 5000 MISSED APCH CLIMB GRADIENT MIM 4.1% 40^ BOJNORD 16-2 BOJNORD, IRAN *BOJNORD Information NDB BRD 346 240^ Minimum Alt MDA(H) 270^ 090^ 180^ No FAF Alt Set: hPa Trans level: FL 130 Trans alt: 11000' MISSED APCH: BRIEFING STRIP TM Final Apch Crs 10 Non standard descent",d86b5b5e262a775f8e91d28a403f4b163992dbdd1733ca28e1ba6e46ce8a7ab6
628,OIMS,OIMS,AIRPORT,AIRPORT,,AIRPORT INFORMATION,MATCH,independently_consistent,True,False,True,AWAITING_INDIVIDUAL_VISUAL_VERIFICATION,,images/pages_0401_0800/0628.jpg,"General Information Location: SABZEVAR IRN ICAO/IATA: OIMS / AFZ Lat/Long: N36° 10.1', E057° 35.8' Elevation: 3010 ft Airport Use: Public Daylight Savings: Not Observed UTC Conversion: -3:30 = UTC Magnetic Variation: 4.0° E General Information Location: SABZEVAR IRN ICAO/IATA: OI",d86b5b5e262a775f8e91d28a403f4b163992dbdd1733ca28e1ba6e46ce8a7ab6
629,OIMS,OIMS,STAR,STAR,10-2,"BONEM 1A, BONEM 1B",MATCH,independently_consistent,True,False,True,AWAITING_INDIVIDUAL_VISUAL_VERIFICATION,,images/pages_0401_0800/0629.jpg,"Apt Elev 10-2 SABZEVAR SABZEVAR, IRAN 3010' .STAR. OIMS/AFZ JEPPESEN .Eff.4.Nov. Alt Set: hPa Trans level: FL100 Trans alt: 8000' Actual descent clearance will be as directed by ATC. 29 OCT 21 0 MSA 090^ 180^ 310^ SBZ VOR 10,400 8000 10,300 ^ BONEM 1A [BONE1A] BONEM 1B [BONE1B] A",d86b5b5e262a775f8e91d28a403f4b163992dbdd1733ca28e1ba6e46ce8a7ab6
630,OIMS,OIMS,STAR,STAR,10-2A,BONEM 1C,MATCH,independently_consistent,True,False,True,AWAITING_INDIVIDUAL_VISUAL_VERIFICATION,,images/pages_0401_0800/0630.jpg,"Apt Elev SABZEVAR SABZEVAR, IRAN 3010' .STAR. 10-2A JEPPESEN .Eff.4.Nov. OIMS/AFZ Actual descent clearance will be as directed by ATC. Alt Set: hPa Trans level: FL100 Trans alt: 8000' 29 OCT 21 MSA 090^ 180^ 310^ SBZ NDB 10,400 10,300 8000 BONEM 1C [BONE1C] ARRIVALS (RWYS 09, 27)",d86b5b5e262a775f8e91d28a403f4b163992dbdd1733ca28e1ba6e46ce8a7ab6
631,OIMS,OIMS,SID,SID,10-3,"BONEM 1A, BONEM 1B",MATCH,independently_consistent,True,False,True,AWAITING_INDIVIDUAL_VISUAL_VERIFICATION,,images/pages_0401_0800/0631.jpg,"BONEM Apt Elev .SID. 10-3 SABZEVAR SABZEVAR, IRAN Trans level: FL100 Trans alt: 8000' 3010' JEPPESEN OIMS/AFZ 29 OCT 21 .Eff.4.Nov. MSA 090^ 180^ 310^ SBZ VOR 10,400 8000 10,300 BONEM 1A [BONE1A] BONEM 1B [BONE1B] DEPARTURES (ALL RWYS) Printed from JeppView for Windows 5.3.0.0 on",d86b5b5e262a775f8e91d28a403f4b163992dbdd1733ca28e1ba6e46ce8a7ab6
632,OIMS,,AIRPORT,AIRPORT,10-9,Airport Diagram Chart (ADC),MATCH,independently_consistent,True,False,True,AWAITING_INDIVIDUAL_VISUAL_VERIFICATION,,images/pages_0401_0800/0632.jpg,"Apt Elev 3010' N36 10.1 E057 35.8 SABZEVAR, IRAN SABZEVAR 10-9 04^E 36-11 36-11 57-35 57-36 57-37 NDB 121.9 JEPPESEN MET 19 AUG 22 118.150 OIMS/AFZ Strolling dogs on movement area. Birds on airport. Terminal Control Tower *SABZEVAR Information (AFIS) Printed from JeppView for Win",d86b5b5e262a775f8e91d28a403f4b163992dbdd1733ca28e1ba6e46ce8a7ab6
633,OIMS,OIMS,AIRPORT,AIRPORT,10-9S,MINIMUMS,MATCH,independently_consistent,True,False,True,AWAITING_INDIVIDUAL_VISUAL_VERIFICATION,,images/pages_0401_0800/0633.jpg,"10-9S JEPPESEN 1 1 .EASA.AIR.OPS. 7 OCT 22 STRAIGHT-IN RWY D C B A OIMS/AFZ (345') VOR DME (345') (345') (345') SABZEVAR, IRAN SABZEVAR 09 3320' 3320' 3320' 3320' ALS out (385') (385') (385') (385') 3360' 3360' 3360' 3360' ALS out NDB (385') (385') (385') (385') 3360' 3360' 3360'",d86b5b5e262a775f8e91d28a403f4b163992dbdd1733ca28e1ba6e46ce8a7ab6
634,OIMS,,APP,APP,13-1,VOR DME RWY 09,MATCH,independently_consistent,True,False,True,AWAITING_INDIVIDUAL_VISUAL_VERIFICATION,,images/pages_0401_0800/0634.jpg,"4000 5000 5000 4000 MISSED APCH: BRIEFING STRIP TM SABZEVAR 13-1 SABZEVAR, IRAN VOR DME Rwy 09 121.9 VOR SBZ 117.0 S B Z Final Apch Crs 091^ D4.0 4400'(1425') 3320'(345') 310^ 090^ 180^ MSA SBZ VOR Alt Set: hPa Rwy Elev: 104 hPa Trans alt: 8000' 10 36-15 JEPPESEN Apt Elev 3010' R",d86b5b5e262a775f8e91d28a403f4b163992dbdd1733ca28e1ba6e46ce8a7ab6
635,OIMS,,APP,APP,13-2,VOR DME RWY 27,MATCH,independently_consistent,True,False,True,AWAITING_INDIVIDUAL_VISUAL_VERIFICATION,,images/pages_0401_0800/0635.jpg,"4000 5000 5000 5000 4000 4000 MISSED APCH: BRIEFING STRIP TM SABZEVAR 13-2 SABZEVAR, IRAN VOR DME Rwy 27 121.9 VOR SBZ 117.0 Final Apch Crs 271^ D8.0 5000'(2002') 3520'(522') 310^ 090^ 180^ MSA SBZ VOR Alt Set: hPa Trans alt: 8000' 10 Rwy Elev: 105 hPa JEPPESEN Apt Elev 3010' Rwy",d86b5b5e262a775f8e91d28a403f4b163992dbdd1733ca28e1ba6e46ce8a7ab6
636,OIMS,,APP,APP,16-1,NDB RWY 09,MATCH,independently_consistent,True,False,True,AWAITING_INDIVIDUAL_VISUAL_VERIFICATION,,images/pages_0401_0800/0636.jpg,"4000 5000 5000 5000 5000 4000 MISSED APCH: BRIEFING STRIP TM SABZEVAR 16-1 SABZEVAR, IRAN 121.9 NDB SBZ Final Apch Crs 084^ 3360'(385') Apt Elev Rwy 3010' 2975' 310^ 090^ 180^ MSA SBZ NDB Alt Set: hPa Rwy Elev: 104 hPa Trans alt: 8000' 10 36-15 NDB Rwy 09 255 No FAF SBZ JEPPESEN ",d86b5b5e262a775f8e91d28a403f4b163992dbdd1733ca28e1ba6e46ce8a7ab6
637,OIMS,,APP,APP,16-2,NDB RWY 27,MATCH,independently_consistent,True,False,True,AWAITING_INDIVIDUAL_VISUAL_VERIFICATION,,images/pages_0401_0800/0637.jpg,"4000 5000 5000 5000 5000 4000 MISSED APCH: BRIEFING STRIP TM SABZEVAR 16-2 SABZEVAR, IRAN 121.9 NDB SBZ Final Apch Crs 277^ 3950'(952') Apt Elev Rwy 3010' 2998' 310^ 090^ 180^ MSA SBZ NDB Alt Set: hPa Rwy Elev: 105 hPa Trans alt: 8000' 10 36-15 NDB Rwy 27 255 No FAF S B Z JEPPESE",d86b5b5e262a775f8e91d28a403f4b163992dbdd1733ca28e1ba6e46ce8a7ab6
638,OIMT,OIMT,AIRPORT,AIRPORT,,AIRPORT INFORMATION,MATCH,independently_consistent,True,False,True,AWAITING_INDIVIDUAL_VISUAL_VERIFICATION,,images/pages_0401_0800/0638.jpg,"General Information Location: TABAS IRN ICAO/IATA: OIMT / TCX Lat/Long: N33° 40.1', E056° 53.6' Elevation: 2251 ft Airport Use: Public Daylight Savings: Not Observed UTC Conversion: -3:30 = UTC Magnetic Variation: 4.0° E General Information Location: TABAS IRN ICAO/IATA: OIMT / T",d86b5b5e262a775f8e91d28a403f4b163992dbdd1733ca28e1ba6e46ce8a7ab6
639,OIMT,OIMT,STAR,STAR,10-2,"ALMUD 1N, PATEN 1N",MATCH,independently_consistent,True,False,True,AWAITING_INDIVIDUAL_VISUAL_VERIFICATION,,images/pages_0401_0800/0639.jpg,".STAR. JEPPESEN Apt Elev OIMT/TCX TABAS, IRAN 2251' TABAS Actual descent clearance will be as directed by ATC. PATEN N34 08.4 E057 23.6 10-2 .Eff.15.Oct. 2 OCT 15 [PATE1N] [ALMU1N] Alt Set: hPa Trans level: FL120 Trans alt: 10000' 8^ MSA TBS VOR 090^ 180^ 9000' 270^ 10,100' 11,60",d86b5b5e262a775f8e91d28a403f4b163992dbdd1733ca28e1ba6e46ce8a7ab6
640,OIMT,OIMT,SID,SID,10-3,"ALMUD 1A, ALMUD 1B, PATEN 1A, PATEN 1B",MATCH,independently_consistent,True,False,True,AWAITING_INDIVIDUAL_VISUAL_VERIFICATION,,images/pages_0401_0800/0640.jpg,"PATEN N34 08.4 E057 23.6 Apt Elev .SID. OIMT/TCX 2251' TABAS, IRAN TABAS JEPPESEN .Eff.15.Oct. 10-3 2 OCT 15 Trans level: FL120 Trans alt: 10000' MSA 180^ 270^ 360^ 090^ 9000' 10,100' 11,600' 8300' TBS VOR RWYS 33, 15 DEPARTURES PATEN 1B [PATE1B] [PATE1A], PATEN 1A ALMUD 1A [ALMU",d86b5b5e262a775f8e91d28a403f4b163992dbdd1733ca28e1ba6e46ce8a7ab6
641,OIMT,OIMT,SID,SID,10-3A,"ALMUD 1C, ALMUD 1D, PATEN 1C, PATEN 1D",MATCH,independently_consistent,True,False,True,AWAITING_INDIVIDUAL_VISUAL_VERIFICATION,,images/pages_0401_0800/0641.jpg,"PATEN N34 08.4 E057 23.6 Apt Elev .SID. OIMT/TCX 2251' TABAS, IRAN TABAS JEPPESEN .Eff.15.Oct. 2 OCT 15 Trans level: FL120 Trans alt: 10000' 10-3A MSA 180^ 270^ 360^ 090^ 9000' 10,100' 11,600' 8300' TBS NDB RWYS 33, 15 DEPARTURES PATEN 1D [PATE1D] [PATE1C], PATEN 1C ALMUD 1C [ALM",d86b5b5e262a775f8e91d28a403f4b163992dbdd1733ca28e1ba6e46ce8a7ab6
642,OIMB,OIMB,AIRPORT,AIRPORT,10-9,Airport Diagram Chart (ADC),MATCH,independently_consistent,True,False,True,AWAITING_INDIVIDUAL_VISUAL_VERIFICATION,,images/pages_0401_0800/0642.jpg,"Apt Elev 04^E 33-41 33-41 56-52 56-53 56-54 56-55 15 147^ JEPPESEN VOR Domestic Terminal 3 MAR 23 PPR at least 72H before EOBT from OIMB APT. Strolling animals exist on the movement area. Rwy 15 right-hand circuit. 10-9 TABAS, IRAN TABAS N33 40.1 E056 53.6 2251' Elev 2250' Stopwa",d86b5b5e262a775f8e91d28a403f4b163992dbdd1733ca28e1ba6e46ce8a7ab6
643,OIMT,,AIRPORT,AIRPORT,10-9S,MINIMUMS,MATCH,independently_consistent,True,False,True,AWAITING_INDIVIDUAL_VISUAL_VERIFICATION,,images/pages_0401_0800/0643.jpg,10-9S JEPPESEN 33 3 MAR 23 1 NDB NOT APPLICABLE NOT APPLICABLE 3260' R4900m (1009') 3260'(1009') R4900m R1500m R1500m R1600m R1600m (439') (439') (439') (439') 2690' 2690' 2690' 2690' 1 2 NDB NOT APPLICABLE NOT APPLICABLE 3260' R4800m (1009') 3260'(1009') R4800m .EASA.AIR.OPS. R1,d86b5b5e262a775f8e91d28a403f4b163992dbdd1733ca28e1ba6e46ce8a7ab6
644,OIMT,OIMT,APP,APP,13-1,VOR DME RWY 33 CAT C & D,MATCH,independently_consistent,True,False,True,AWAITING_INDIVIDUAL_VISUAL_VERIFICATION,,images/pages_0401_0800/0644.jpg,"3000 7000 7000 13-1 TABAS, IRAN TABAS TBS Final Apch Crs 331^ D5.0 3600'(1349') VOR MISSED APCH: OIMT/TCX BRIEFING STRIP TM 2690'(439') Alt Set: hPa Apt Elev: 80 hPa *Ground 121.6 JEPPESEN 113.0 10 VOR DME Rwy 33 122.550 Apt Elev 2251' Climb on R-322 to 5300', then turn LEFT to r",d86b5b5e262a775f8e91d28a403f4b163992dbdd1733ca28e1ba6e46ce8a7ab6
645,OIMT,OIMT,APP,APP,13-2,VOR DME RWY 33 CAT A & B,MATCH,independently_consistent,True,False,True,AWAITING_INDIVIDUAL_VISUAL_VERIFICATION,,images/pages_0401_0800/0645.jpg,"7000 7000 3000 13-2 TABAS, IRAN TABAS TBS Final Apch Crs 331^ D5.0 3600'(1349') VOR MISSED APCH: OIMT/TCX BRIEFING STRIP TM 2690'(439') Alt Set: hPa Apt Elev: 80 hPa *Ground 121.6 JEPPESEN 113.0 10 VOR DME Rwy 33 122.550 Apt Elev 2251' Climb on R-322 to 5300', then turn LEFT to r",d86b5b5e262a775f8e91d28a403f4b163992dbdd1733ca28e1ba6e46ce8a7ab6
646,OIMT,OIMT,APP,APP,13-3,APPROACH 13-3,MATCH,independently_consistent,True,False,True,AWAITING_INDIVIDUAL_VISUAL_VERIFICATION,,images/pages_0401_0800/0646.jpg,"4000 7000 3000 13-3 TABAS, IRAN TABAS TBS Final Apch Crs 136^ D5.0 4000'(1749') VOR MISSED APCH: OIMT/TCX BRIEFING STRIP TM MDA(H) Alt Set: hPa Apt Elev: 80 hPa *Ground 121.6 JEPPESEN 113.0 10 122.550 Apt Elev 2251' Climb on R-180 to 6500', then turn RIGHT to rejoin holding at 10",d86b5b5e262a775f8e91d28a403f4b163992dbdd1733ca28e1ba6e46ce8a7ab6
647,OIMT,OIMT,APP,APP,13-4,APPROACH 13-4,MATCH,independently_consistent,True,False,True,AWAITING_INDIVIDUAL_VISUAL_VERIFICATION,,images/pages_0401_0800/0647.jpg,"4000 7000 3000 13-4 TABAS, IRAN TABAS TBS Final Apch Crs 136^ D5.0 4000'(1749') VOR MISSED APCH: OIMT/TCX BRIEFING STRIP TM MDA(H) Alt Set: hPa Apt Elev: 80 hPa *Ground 121.6 JEPPESEN 113.0 10 122.550 Apt Elev 2251' Climb on R-180 to 6500', then turn RIGHT to rejoin holding at 10",d86b5b5e262a775f8e91d28a403f4b163992dbdd1733ca28e1ba6e46ce8a7ab6
648,OIMT,OIMT,APP,APP,16-1,NDB RWY 33 CAT C & D,MATCH,independently_consistent,True,False,True,AWAITING_INDIVIDUAL_VISUAL_VERIFICATION,,images/pages_0401_0800/0648.jpg,"7000 3000 4000 MISSED APCH: BRIEFING STRIP TM OIMT/TCX NDB TBS 395 337^ 3260' TABAS T B S *Ground 121.6 (1009') Turn LEFT on 270^ climbing to 5500', then turn LEFT and rejoin holding at 8000'. 173 Final Apch Crs 10 JEPPESEN 122.550 Apt Elev 2251' 180^ 270^ 360^ 090^ MSA TBS NDB 3",d86b5b5e262a775f8e91d28a403f4b163992dbdd1733ca28e1ba6e46ce8a7ab6
649,OIMT,OIMT,APP,APP,16-2,APPROACH 16-2,MATCH,independently_consistent,True,False,True,AWAITING_INDIVIDUAL_VISUAL_VERIFICATION,,images/pages_0401_0800/0649.jpg,"6000 7000 3000 MISSED APCH: BRIEFING STRIP TM OIMT/TCX NDB TBS 395 Final Apch Crs 337^ No FAF 10 MDA(H) 4120'(1869') *Ground 121.6 Turn LEFT on 270^ climbing to 6000', then turn LEFT and rejoin holding at 8000'. JEPPESEN CAT A & B 122.550 Apt Elev 2251' 180^ 270^ 360^ 090^ MSA TB",d86b5b5e262a775f8e91d28a403f4b163992dbdd1733ca28e1ba6e46ce8a7ab6
650,OINE,OINE,AIRPORT,AIRPORT,,AIRPORT INFORMATION,MATCH,independently_consistent,True,False,True,AWAITING_INDIVIDUAL_VISUAL_VERIFICATION,,images/pages_0401_0800/0650.jpg,"General Information Location: KALALEH IRN ICAO/IATA: OINE / KLM Lat/Long: N37° 22.5', E055° 27.1' Elevation: 433 ft Airport Use: Public Daylight Savings: Not Observed UTC Conversion: -3:30 = UTC Magnetic Variation: 5.0° E General Information Location: KALALEH IRN ICAO/IATA: OINE ",d86b5b5e262a775f8e91d28a403f4b163992dbdd1733ca28e1ba6e46ce8a7ab6
651,OING,OINE,AIRPORT,AIRPORT,10-9,Airport Diagram Chart (ADC),REVIEW,header_icao_differs_from_index,True,False,True,AWAITING_INDIVIDUAL_VISUAL_VERIFICATION,,images/pages_0401_0800/0651.jpg,"55-26 55-27 55-28 KALALEH, IRAN KALALEH 10-9 Apt Elev 72 433' NDB 10 10 OINE/KLM Elev 392' Control Tower Terminal JEPPESEN 124.150 121.9 6 SEP 24 05^E PPR at least 72 hours before EOBT from OING. Intensive bird accumulation exists in the vicinity of airport. Strolling dogs exist ",d86b5b5e262a775f8e91d28a403f4b163992dbdd1733ca28e1ba6e46ce8a7ab6
652,OINE,OINE,APP,APP,16-1,NDB A,MATCH,independently_consistent,True,False,True,AWAITING_INDIVIDUAL_VISUAL_VERIFICATION,,images/pages_0401_0800/0652.jpg,"OI(D)-99 1000 NDB KLH *325 Turn LEFT, climb on 280^ from NDB to 4500', then climbing turn LEFT and rejoin holding at 6500'. 088^ 16-1 MISSED APCH: BRIEFING STRIP TM Final Apch Crs MDA(H) 10 OINE/KLM 2630'(2197') JEPPESEN 124.150 Apt Elev 433' 121.9 *Ground 6 SEP 24 Minimum rate o",d86b5b5e262a775f8e91d28a403f4b163992dbdd1733ca28e1ba6e46ce8a7ab6
653,OING,OING,AIRPORT,AIRPORT,,AIRPORT INFORMATION,MATCH,independently_consistent,True,False,True,AWAITING_INDIVIDUAL_VISUAL_VERIFICATION,,images/pages_0401_0800/0653.jpg,"General Information Location: GORGAN IRN ICAO/IATA: OING / GBT Lat/Long: N36° 54.7', E054° 23.9' Elevation: -28 ft Airport Use: Public Daylight Savings: Not Observed UTC Conversion: -3:30 = UTC Magnetic Variation: 5.0° E Gorgan Approach: 118.750 General Information Location: GORG",d86b5b5e262a775f8e91d28a403f4b163992dbdd1733ca28e1ba6e46ce8a7ab6
654,OING,OING,AIRPORT,AIRPORT,,AIRPORT INFORMATION,MATCH,independently_consistent,True,False,True,AWAITING_INDIVIDUAL_VISUAL_VERIFICATION,,images/pages_0401_0800/0654.jpg,"General Information Location: GORGAN IRN ICAO/IATA: OING / GBT Lat/Long: N36° 54.7', E054° 23.9' Elevation: -28 ft Airport Use: Public Daylight Savings: Not Observed UTC Conversion: -3:30 = UTC Magnetic Variation: 5.0° E Gorgan Approach: 118.750 Gorgan Approach: 118.750 Airport I",d86b5b5e262a775f8e91d28a403f4b163992dbdd1733ca28e1ba6e46ce8a7ab6
655,OING,OING,STAR,STAR,10-2,"ALNIT 1R, ALNIT 2S, BONUL 2S, IMPIR 2R, IMPIR 1S, RUDEX 2R, RUDEX 2S",MATCH,independently_consistent,True,False,True,AWAITING_INDIVIDUAL_VISUAL_VERIFICATION,,images/pages_0401_0800/0655.jpg,"OING/GBT .STAR. GORGAN GORGAN, IRAN 10-2 JEPPESEN Alt Set: hPa Trans level: By ATC 35 40 45 23 AUG 19 Actual descent clearance will be as directed by ATC. -28 Apt Elev 121 55-00 ROUTING R S S R S Intercept GGN R071 inbound to GGN VOR. Intercept GGN R127 inbound to GGN VOR. Interc",d86b5b5e262a775f8e91d28a403f4b163992dbdd1733ca28e1ba6e46ce8a7ab6
656,OING,OING,STAR,STAR,10-2A,"IMPIR 1N, RUDEX 1N",MATCH,independently_consistent,True,False,True,AWAITING_INDIVIDUAL_VISUAL_VERIFICATION,,images/pages_0401_0800/0656.jpg,"2600 OING/GBT .STAR. GORGAN GORGAN, IRAN JEPPESEN 23 AUG 19 10-2A 25 Apt Elev *ATIS 128.8 -28 Alt Set: hPa Trans level: By ATC Actual descent clearance will be as directed by ATC. 14 19 IMPIR 1N [IMPI1N] RUDEX 1N [RUDE1N] ARRIVALS (RWY 13) Printed from JeppView for Windows 5.3.0.",d86b5b5e262a775f8e91d28a403f4b163992dbdd1733ca28e1ba6e46ce8a7ab6
657,OING,OING,SID,SID,10-3,"ALNIT 1B, ALNIT 1C, BONUL 1B, BONUL 1C, RUDEX 1B, RUDEX 1C",MATCH,independently_consistent,True,False,True,AWAITING_INDIVIDUAL_VISUAL_VERIFICATION,,images/pages_0401_0800/0657.jpg,"OING/GBT GORGAN GORGAN, IRAN 10-3 JEPPESEN 35 40 45 500 667 1000 1333 1667 2000 438 583 875 1167 1458 1750 T 75 100 150 200 250 300 quire minimum climb gradients of: NIT 1C, BONUL 1B, BONUL 1C: UDEX 1C: 11 DEC 20 .SID. NIT, climb to cleared FL. NUL, climb to cleared FL. DEX, clim",d86b5b5e262a775f8e91d28a403f4b163992dbdd1733ca28e1ba6e46ce8a7ab6
658,OING,OING,SID,SID,10-3A,"IMPIR 1B, IMPIR 1D, IMPIR 1F",MATCH,independently_consistent,True,False,True,AWAITING_INDIVIDUAL_VISUAL_VERIFICATION,,images/pages_0401_0800/0658.jpg,"0 2 5 0 ^ 1500 D13.0 GGN OING/GBT GORGAN GORGAN, IRAN JEPPESEN 11 DEC 20 10-3A 25 .SID. LEFT (within D13.0 GGN) to GGN VOR, red FL. mb to cleared FL. GGN VOR, intercept GGN R249 to IMPIR, NG MPI1D], IMPIR 1F [IMPI1F] ES CONTOUR INTERVALS 10000 8000 6000 4000 2000 Printed from Jep",d86b5b5e262a775f8e91d28a403f4b163992dbdd1733ca28e1ba6e46ce8a7ab6
659,OING,OING,AIRPORT,AIRPORT,10-9,Airport Diagram Chart (ADC),MATCH,independently_consistent,True,False,True,AWAITING_INDIVIDUAL_VISUAL_VERIFICATION,,images/pages_0401_0800/0659.jpg,"05^E 129^ 13 Elev -59' Apt Elev GORGAN, IRAN N36 54.7 E054 23.9 10-9 GORGAN OING/GBT -28' 36-55 36-55 54-23 54-24 54-25 JEPPESEN 121.850X 10,82 128.8X *GORGAN Tower (GND) *ATIS 128' 39m Stopway 8 JUL 22 .Eff.14.Jul. VOR (BELOW SEA LEVEL) Printed from JeppView for Windows 5.3.0.0 ",d86b5b5e262a775f8e91d28a403f4b163992dbdd1733ca28e1ba6e46ce8a7ab6
660,OING,OING,APP,APP,11-1,ILS Z OR LOC Z RWY 13,MATCH,independently_consistent,True,False,True,AWAITING_INDIVIDUAL_VISUAL_VERIFICATION,,images/pages_0401_0800/0660.jpg,"MISSED APCH: BRIEFING STRIP TM GORGAN, IRAN 11-1 GORGAN LOC IGGN Final Apch Crs 129^ 200'(259') 250^ 070^ 020^ MSA GGN VOR Alt Set: hPa 109.9 OING/GBT 2300'(2359') Rwy Elev: -2 hPa Trans level: By ATC JEPPESEN 118.750X 121.850X Apt Elev -28' Rwy -59' 128.8X 2600 15,000 11,500 *GO",d86b5b5e262a775f8e91d28a403f4b163992dbdd1733ca28e1ba6e46ce8a7ab6
661,OING,OING,APP,APP,11-2,"ILS Y OR LOC Y RWY 13, ILS Z OR LOC Z RWY 13",MATCH,independently_consistent,True,False,True,AWAITING_INDIVIDUAL_VISUAL_VERIFICATION,,images/pages_0401_0800/0661.jpg,"MISSED APCH: BRIEFING STRIP TM GORGAN, IRAN 11-2 GORGAN LOC IGGN Final Apch Crs 129^ 200'(259') 250^ 070^ 020^ MSA GGN VOR Alt Set: hPa 109.9 OING/GBT 2300'(2359') Rwy Elev: -2 hPa Trans level: By ATC JEPPESEN 118.750X 121.850X Apt Elev -28' Rwy -59' 128.8X 2600 15,000 11,500 *GO",d86b5b5e262a775f8e91d28a403f4b163992dbdd1733ca28e1ba6e46ce8a7ab6
662,OING,OING,APP,APP,11-3,ILS X OR LOC X RWY 13,MATCH,independently_consistent,True,False,True,AWAITING_INDIVIDUAL_VISUAL_VERIFICATION,,images/pages_0401_0800/0662.jpg,"MISSED APCH: BRIEFING STRIP TM GORGAN, IRAN 11-3 GORGAN LOC IGGN Final Apch Crs 129^ 200'(259') 250^ 070^ 020^ MSA GGN VOR Alt Set: hPa 109.9 OING/GBT 2300'(2359') Rwy Elev: -2 hPa Trans level: By ATC JEPPESEN 118.750X 121.850X Apt Elev -28' Rwy -59' 128.8X 2600 15,000 11,500 *GO",d86b5b5e262a775f8e91d28a403f4b163992dbdd1733ca28e1ba6e46ce8a7ab6
663,OING,OING,APP,APP,13-1,VOR Z RWY 13,MATCH,independently_consistent,True,False,True,AWAITING_INDIVIDUAL_VISUAL_VERIFICATION,,images/pages_0401_0800/0663.jpg,"MISSED APCH: BRIEFING STRIP TM GORGAN, IRAN 13-1 GORGAN VOR GGN Final Apch Crs 129^ 300'(359') 250^ 070^ 020^ MSA GGN VOR Alt Set: hPa 10 117.6 OING/GBT D7.0 2300'(2359') Rwy Elev: -2 hPa Trans level: By ATC JEPPESEN 118.750X 121.850X 128.8X 2600 15,000 11,500 *GORGAN Tower (APP)",d86b5b5e262a775f8e91d28a403f4b163992dbdd1733ca28e1ba6e46ce8a7ab6
664,OING,OING,APP,APP,13-2,"VOR Y RWY 13, VOR Z RWY 13",MATCH,independently_consistent,True,False,True,AWAITING_INDIVIDUAL_VISUAL_VERIFICATION,,images/pages_0401_0800/0664.jpg,"MISSED APCH: BRIEFING STRIP TM GORGAN, IRAN 13-2 GORGAN VOR GGN Final Apch Crs 129^ 300'(359') 250^ 070^ 020^ MSA GGN VOR Alt Set: hPa 10 117.6 OING/GBT D7.0 2300'(2359') Rwy Elev: -2 hPa Trans level: By ATC JEPPESEN 118.750X 121.850X 128.8X 2600 15,000 11,500 *GORGAN Tower (APP)",d86b5b5e262a775f8e91d28a403f4b163992dbdd1733ca28e1ba6e46ce8a7ab6
665,OING,OING,APP,APP,13-3,VOR X RWY 13,MATCH,independently_consistent,True,False,True,AWAITING_INDIVIDUAL_VISUAL_VERIFICATION,,images/pages_0401_0800/0665.jpg,"MISSED APCH: BRIEFING STRIP TM GORGAN, IRAN 13-3 GORGAN VOR GGN Final Apch Crs 129^ 300'(359') 250^ 070^ 020^ MSA GGN VOR Alt Set: hPa 10 117.6 OING/GBT D5.0 1600'(1659') Rwy Elev: -2 hPa Trans level: By ATC JEPPESEN 118.750X 121.850X 128.8X 2600 15,000 11,500 *GORGAN Tower (APP)",d86b5b5e262a775f8e91d28a403f4b163992dbdd1733ca28e1ba6e46ce8a7ab6
666,OINN,OINN,AIRPORT,AIRPORT,,AIRPORT INFORMATION,REVIEW,only_old_index_supports_category,True,False,True,AWAITING_INDIVIDUAL_VISUAL_VERIFICATION,,images/pages_0401_0800/0666.jpg,"General Information Location: NOSHAHR IRN ICAO/IATA: OINN / NSH Lat/Long: N36° 39.8', E051° 27.9' Elevation: -61 ft Airport Use: Public Daylight Savings: Not Observed UTC Conversion: -3:30 = UTC Magnetic Variation: 5.0° E Noshahr Tower: 121.700 Noshahr Tower: 118.250 General Info",d86b5b5e262a775f8e91d28a403f4b163992dbdd1733ca28e1ba6e46ce8a7ab6
667,OINN,OINN,AIRPORT,AIRPORT,,AIRPORT INFORMATION,MATCH,independently_consistent,True,False,True,AWAITING_INDIVIDUAL_VISUAL_VERIFICATION,,images/pages_0401_0800/0667.jpg,"General Information Location: NOSHAHR IRN ICAO/IATA: OINN / NSH Lat/Long: N36° 39.8', E051° 27.9' Elevation: -61 ft Airport Use: Public Daylight Savings: Not Observed UTC Conversion: -3:30 = UTC Magnetic Variation: 5.0° E Noshahr Tower: 121.700 Noshahr Tower: 118.250 Noshahr Towe",d86b5b5e262a775f8e91d28a403f4b163992dbdd1733ca28e1ba6e46ce8a7ab6
668,OINN,,STAR,STAR,10-2,"DANEB 1N, DANEB 1P, IMKER 1N, IMKER 1P",MATCH,independently_consistent,True,False,True,AWAITING_INDIVIDUAL_VISUAL_VERIFICATION,,images/pages_0401_0800/0668.jpg,"270^ IMKER 266^ Apt Elev -61 (BELOW SEA LEVEL) Alt Set: hPa Trans level: By ATC JEPPESEN .STAR. NOSHAHR, IRAN 18 SEP 26 .Eff.1.Oct. *ATIS 126.450 52-00 ROUTING STAR DANEB 1N DANEB 1P IMKER 1N IMKER 1P From DANEB on 005^ bearing to NSR NDB. From IMKER on 266^ bearing to NSR NDB. F",d86b5b5e262a775f8e91d28a403f4b163992dbdd1733ca28e1ba6e46ce8a7ab6
669,OINN,,SID,SID,10-3,"IMKER 2A, IMKER 2B",MATCH,independently_consistent,True,False,True,AWAITING_INDIVIDUAL_VISUAL_VERIFICATION,,images/pages_0401_0800/0669.jpg,"270^ 10000 IMKER cept 290^ bearing from NSR NDB to D12.0 NSR, turn RIGHT, Arc, intercept 182^ bearing to NSR NDB at or above FL120, DANEB, climb to cleared FL. ept 070^ bearing from NSR NDB to D12.0 NSR, turn LEFT, Arc, intercept 170^ bearing to NSR NDB at or above FL120, DANEB, ",d86b5b5e262a775f8e91d28a403f4b163992dbdd1733ca28e1ba6e46ce8a7ab6
670,OINN,OINN,AIRPORT,AIRPORT,10-9,Airport Diagram Chart (ADC),MATCH,independently_consistent,True,False,True,AWAITING_INDIVIDUAL_VISUAL_VERIFICATION,,images/pages_0401_0800/0670.jpg,"NOSHAHR, IRAN NOSHAHR -61' N36 39.8 E051 27.9 *NOSHAHR Tower (BELOW SEA LEVEL) 05^E Apt Elev 10-9 1 10 Elev -61 51-27 51-28 51-29 JEPPESEN OINN/NSH 118.250 121.7 Out of 0330-1100 PPR at least 48 hours before Estimated Off Block Time (EOBT) from OINN. Strolling animals on movement",d86b5b5e262a775f8e91d28a403f4b163992dbdd1733ca28e1ba6e46ce8a7ab6
671,OINN,,APP,APP,16-1,NDB A,MATCH,independently_consistent,True,False,True,AWAITING_INDIVIDUAL_VISUAL_VERIFICATION,,images/pages_0401_0800/0671.jpg,"Alt Set: hPa Apt Elev: -2 hPa Trans level: By ATC MISSED APCH: NOSHAHR, IRAN NOSHAHR NDB 260 NSR Final Apch Crs 276^ Apt Elev -61' 16-1 D9.0 850'(911') 3300'(3361') CAT A, B & C 10 BRIEFING STRIP TM JEPPESEN Trans alt: 11500' OINN/NSH 090^ 270^ 180^ 360^ 8000 17,300 16,300 5200 M",d86b5b5e262a775f8e91d28a403f4b163992dbdd1733ca28e1ba6e46ce8a7ab6
672,OINN,,APP,APP,16-2,NDB B,MATCH,independently_consistent,True,False,True,AWAITING_INDIVIDUAL_VISUAL_VERIFICATION,,images/pages_0401_0800/0672.jpg,"Alt Set: hPa Apt Elev: -2 hPa Trans level: By ATC MISSED APCH: NOSHAHR, IRAN NOSHAHR NDB 260 NSR Final Apch Crs 111^ Apt Elev 16-2 -61' D6.0 2000'(2061') CAT A, B & C 10 BRIEFING STRIP TM 850'(911') 090^ 270^ 180^ 360^ JEPPESEN Trans alt: 11500' 8000 5200 17,300 16,300 OINN/NSH M",d86b5b5e262a775f8e91d28a403f4b163992dbdd1733ca28e1ba6e46ce8a7ab6
673,OINR,OINR,AIRPORT,AIRPORT,,AIRPORT INFORMATION,REVIEW,only_old_index_supports_category,True,False,True,AWAITING_INDIVIDUAL_VISUAL_VERIFICATION,,images/pages_0401_0800/0673.jpg,"General Information Location: RAMSAR IRN ICAO/IATA: OINR / RZR Lat/Long: N36° 54.5', E050° 40.8' Elevation: -66 ft Airport Use: Public Daylight Savings: Not Observed UTC Conversion: -3:30 = UTC Magnetic Variation: 5.0° E Displaced Threshold: 1017 ft Runway: 31 Length x Width: 491",d86b5b5e262a775f8e91d28a403f4b163992dbdd1733ca28e1ba6e46ce8a7ab6
674,OINR,OINR,AIRPORT,AIRPORT,,AIRPORT INFORMATION,REVIEW,only_old_index_supports_category,True,False,True,AWAITING_INDIVIDUAL_VISUAL_VERIFICATION,,images/pages_0401_0800/0674.jpg,"General Information Location: RAMSAR IRN ICAO/IATA: OINR / RZR Lat/Long: N36° 54.5', E050° 40.8' Elevation: -66 ft Airport Use: Public Daylight Savings: Not Observed UTC Conversion: -3:30 = UTC Magnetic Variation: 5.0° E Displaced Threshold: 1017 ft Runway: 31 Length x Width: 491",d86b5b5e262a775f8e91d28a403f4b163992dbdd1733ca28e1ba6e46ce8a7ab6
675,OINR,,STAR,STAR,10-2,"ALKUP 1S, ALKUP 1T",MATCH,independently_consistent,True,False,True,AWAITING_INDIVIDUAL_VISUAL_VERIFICATION,,images/pages_0401_0800/0675.jpg,"RSR 294^ D17.0 115.5/ 332 290^ Alt Set: hPa Trans level: By ATC ALKUP (IAF) D17.0 RSR 5 5 0 0 3 . 8 A LK U P 1 S 286^ 2 5 2 ^ MAX 185 KT MHA 5500 D17.0 RSR 25 10-2 .STAR. JEPPESEN OINR/RZR RAMSAR, IRAN RAMSAR 18 SEP 26 .Eff.1.Oct. LEVEL) Actual descent clearance will be as direct",d86b5b5e262a775f8e91d28a403f4b163992dbdd1733ca28e1ba6e46ce8a7ab6
676,OINR,OINR,STAR,STAR,10-2A,"EGMAN 1S, EGMAN 1T",MATCH,independently_consistent,True,False,True,AWAITING_INDIVIDUAL_VISUAL_VERIFICATION,,images/pages_0401_0800/0676.jpg,"290^ R SR N DB / DM E MAX 185 KT MHA 5500 294^ 35 40 45 .STAR. JEPPESEN OINR/RZR RAMSAR, IRAN RAMSAR 10-2A 114^ 18 SEP 26 .Eff.1.Oct. A LEVEL) 6 lev Actual descent clearance will be as directed by ATC. Alt Set: hPa Trans level: By ATC 167 10 51-00 GMAN 1S [EGMA1S] GMAN 1T [EGMA1T",d86b5b5e262a775f8e91d28a403f4b163992dbdd1733ca28e1ba6e46ce8a7ab6
677,OINR,OINR,STAR,STAR,10-2B,"ALKUP 1U, BONUP 1U, EGMAN 1U",MATCH,independently_consistent,True,False,True,AWAITING_INDIVIDUAL_VISUAL_VERIFICATION,,images/pages_0401_0800/0677.jpg,"140^ Actual descent clearance will be as directed by ATC. Alt Set: hPa Trans level: By ATC 35 40 45 .STAR. JEPPESEN OINR/RZR RAMSAR, IRAN RAMSAR 10-2B 18 SEP 26 .Eff.1.Oct. Apt Elev -66 (BELOW SEA LEVEL) 128.4 *ATIS 71 10 EGMAN 1U [EGMA1U] ARRIVALS (RWY 30) ALKUP 1U [ALKU1U], BON",d86b5b5e262a775f8e91d28a403f4b163992dbdd1733ca28e1ba6e46ce8a7ab6
678,OINR,OINR,SID,SID,10-3,ALKUP 1A,MATCH,independently_consistent,True,False,True,AWAITING_INDIVIDUAL_VISUAL_VERIFICATION,,images/pages_0401_0800/0678.jpg,"290^ RSR NDB/ DME 4000 ALKUP Elev 6 Trans alt: 16000 D15.0 RSR 25 OINR/RZR RAMSAR RAMSAR, IRAN .SID. JEPPESEN 7 JUL 23 10-3 .Eff.13.Jul. 167 51-00 ALKUP 1B ALKUP 1A [ALKU1A] DEPARTURES (RWYS 13, 31) Printed from JeppView for Windows 5.3.0.0 on 09 Oct 2026; Terminal chart data cyc",d86b5b5e262a775f8e91d28a403f4b163992dbdd1733ca28e1ba6e46ce8a7ab6
679,OINR,OINR,SID,SID,10-3A,"EGMAN 2A, EGMAN 2B",MATCH,independently_consistent,True,False,True,AWAITING_INDIVIDUAL_VISUAL_VERIFICATION,,images/pages_0401_0800/0679.jpg,"6,000 290^ 00 4500 Apt Elev -66 Trans alt: 16000 OINR/RZR RAMSAR RAMSAR, IRAN .SID. 10-3A JEPPESEN 7 JUL 23 25 ^ EGMAN 2B .Eff.13.Jul. DEPARTURES EGMAN 2B [EGMA2B] EGMAN 2A [EGMA2A] (RWYS 13, 31) Printed from JeppView for Windows 5.3.0.0 on 09 Oct 2026; Terminal chart data cycle ",d86b5b5e262a775f8e91d28a403f4b163992dbdd1733ca28e1ba6e46ce8a7ab6
680,OINR,OINR,SID,SID,10-3B,"BONUP 1A, EGMAN 1C",MATCH,independently_consistent,True,False,True,AWAITING_INDIVIDUAL_VISUAL_VERIFICATION,,images/pages_0401_0800/0680.jpg,"8500 140^ 13000 Trans alt: 16000 OINR/RZR RAMSAR RAMSAR, IRAN .SID. JEPPESEN 8 MAR 24 .Eff.21.Mar. 10-3B 25 EGMAN EGMAN Apt Elev -66 (BELOW SEA LEVEL) 71 37-00 (RWY 12) NOT TO SCALE BONUP 1A [BONU1A], EGMAN 1C [EGMA1C] DEPARTURES Printed from JeppView for Windows 5.3.0.0 on 09 Oc",d86b5b5e262a775f8e91d28a403f4b163992dbdd1733ca28e1ba6e46ce8a7ab6
681,OINR,OINR,AIRPORT,AIRPORT,10-9,Airport Diagram Chart (ADC),MATCH,independently_consistent,True,False,True,AWAITING_INDIVIDUAL_VISUAL_VERIFICATION,,images/pages_0401_0800/0681.jpg,". . . . 4918' 1499m Apt Elev N36 54.6 E050 40.8 -66'(BELOW SEA LEVEL) RAMSAR RAMSAR, IRAN 10-9 Elev -70' OINR/RZR JEPPESEN 12 118^ Elev -66' 7448' 22 13 126^ 05^E 36-55 36-55 50-41 50-42 *RAMSAR Tower (GND) 121.9X 122.9X *Tower Stopway 80m 262' Prior permission required for non-s",d86b5b5e262a775f8e91d28a403f4b163992dbdd1733ca28e1ba6e46ce8a7ab6
682,OINR,OINR,APP,APP,16-1,NDB Z RWY 30,MATCH,independently_consistent,True,False,True,AWAITING_INDIVIDUAL_VISUAL_VERIFICATION,,images/pages_0401_0800/0682.jpg,"MISSED APCH: BRIEFING STRIP TM 16-1 RAMSAR, IRAN RAMSAR NDB RSR 332 283^ 1250'(1316') OINR/RZR Alt Set: hPa Apt Elev: -2 hPa Trans level: By ATC Trans alt: 16000' 290^ 035^ 140^ CAT A, B & C D5.0 1500'(1566') Final Apch Crs 10 JEPPESEN 8500 16,000 14,000 Apt Elev -66' DA/MDA(H) M",d86b5b5e262a775f8e91d28a403f4b163992dbdd1733ca28e1ba6e46ce8a7ab6
683,OINR,OINR,APP,APP,16-2,NDB Y RWY 30,MATCH,independently_consistent,True,False,True,AWAITING_INDIVIDUAL_VISUAL_VERIFICATION,,images/pages_0401_0800/0683.jpg,"10 MISSED APCH: BRIEFING STRIP TM 16-2 RAMSAR, IRAN RAMSAR NDB RSR 332 283^ 1250'(1316') OINR/RZR Alt Set: hPa Apt Elev: -2 hPa Trans level: By ATC Trans alt: 16000' 290^ 035^ 140^ CAT A, B & C D5.0 1500'(1566') Final Apch Crs JEPPESEN 8500 16,000 14,000 Apt Elev -66' DA/MDA(H) M",d86b5b5e262a775f8e91d28a403f4b163992dbdd1733ca28e1ba6e46ce8a7ab6
684,OINR,OINR,APP,APP,16-3,NDB Z RWY 31,MATCH,independently_consistent,True,False,True,AWAITING_INDIVIDUAL_VISUAL_VERIFICATION,,images/pages_0401_0800/0684.jpg,"1000 2000 MISSED APCH: BRIEFING STRIP TM 16-3 RAMSAR, IRAN RAMSAR NDB RSR 332 294^ 1450'(1516') OINR/RZR Alt Set: hPa Apt Elev: -2 hPa Trans level: By ATC Trans alt: 16000' 290^ 035^ 140^ CAT A, B & C RIGHT to proceed on track 114^ and rejoin the holding at 5500'. Climb on track ",d86b5b5e262a775f8e91d28a403f4b163992dbdd1733ca28e1ba6e46ce8a7ab6
685,OINR,OINR,APP,APP,16-4,NDB A,MATCH,independently_consistent,True,False,True,AWAITING_INDIVIDUAL_VISUAL_VERIFICATION,,images/pages_0401_0800/0685.jpg,"MISSED APCH: BRIEFING STRIP TM 16-4 RAMSAR, IRAN RAMSAR NDB RSR 332 155^ MDA(H) OINR/RZR Alt Set: hPa Apt Elev: -2 hPa Trans level: By ATC Trans alt: 16000' 290^ 035^ 140^ D6.0 1500'(1566') 155^ 33 Turn LEFT and proceed on track 335^ to rejoin holding at 3000'. Final Apch Crs 10 ",d86b5b5e262a775f8e91d28a403f4b163992dbdd1733ca28e1ba6e46ce8a7ab6
686,OINZ,OINZ,AIRPORT,AIRPORT,,AIRPORT INFORMATION,REVIEW,only_old_index_supports_category,True,False,True,AWAITING_INDIVIDUAL_VISUAL_VERIFICATION,,images/pages_0401_0800/0686.jpg,"General Information Location: SARI IRN ICAO/IATA: OINZ / SRY Lat/Long: N36° 38.1', E053° 11.6' Elevation: 37 ft Airport Use: Public Daylight Savings: Not Observed UTC Conversion: -3:30 = UTC Magnetic Variation: 5.0° E Dasht-E-Naz Tower: 122.100 Secondary Dasht-E-Naz Approach: 118",d86b5b5e262a775f8e91d28a403f4b163992dbdd1733ca28e1ba6e46ce8a7ab6
687,OINZ,OINZ,AIRPORT,AIRPORT,,AIRPORT INFORMATION,MATCH,independently_consistent,True,False,True,AWAITING_INDIVIDUAL_VISUAL_VERIFICATION,,images/pages_0401_0800/0687.jpg,"General Information Location: SARI IRN ICAO/IATA: OINZ / SRY Lat/Long: N36° 38.1', E053° 11.6' Elevation: 37 ft Airport Use: Public Daylight Savings: Not Observed UTC Conversion: -3:30 = UTC Magnetic Variation: 5.0° E Dasht-E-Naz Tower: 122.100 Secondary Dasht-E-Naz Approach: 118",d86b5b5e262a775f8e91d28a403f4b163992dbdd1733ca28e1ba6e46ce8a7ab6
688,OINZ,,STAR,STAR,10-2,"DATOL 1N, DATOL 1P, LABET 1P, LABET 1Q, PUSAL 1N, PUSAL 1P",MATCH,independently_consistent,True,False,True,AWAITING_INDIVIDUAL_VISUAL_VERIFICATION,,images/pages_0401_0800/0688.jpg,"L PUSAL 67^ Apt Elev 126.850X Alt Set: hPa Trans level: By ATC 37 JEPPESEN .STAR. 22 DEC 23 .Eff.28.Dec. 10592 *ATIS 153 54-00 ARRIVALS (ALL RWYS) DATOL 1N [DATO1N] DATOL 1P [DATO1P] LABET 1P [LABE1P] LABET 1Q [LABE1Q] PUSAL 1N [PUSA1N] PUSAL 1P [PUSA1P] ROUTING 10-2 | JEPPESEN, ",d86b5b5e262a775f8e91d28a403f4b163992dbdd1733ca28e1ba6e46ce8a7ab6
689,OINZ,,STAR,STAR,10-2A,"MODEK 1N, MODEK 1P, RAPSU 1N, RAPSU 1P, RAPSU 1Q",MATCH,independently_consistent,True,False,True,AWAITING_INDIVIDUAL_VISUAL_VERIFICATION,,images/pages_0401_0800/0689.jpg,"350^ 2 3 0 ^ 10,500 113.1 DNZ DASHT-E-NAZ DNZ D JEPPESEN .STAR. Apt Elev 126.850X Alt Set: hPa Trans level: By ATC 37 23 .Eff.28.Dec. *ATIS 130 53-30 ARRIVALS (ALL RWYS) RAPSU 1N [RAPS1N] RAPSU 1P [RAPS1P] RAPSU 1Q [RAPS1Q] MODEK 1N [MODE1N] MODEK 1P [MODE1P] ROUTING | JEPPESEN, ",d86b5b5e262a775f8e91d28a403f4b163992dbdd1733ca28e1ba6e46ce8a7ab6
690,OINZ,,SID,SID,10-3,"DATOL 1F, PUSAL 1E, PUSAL 1F",MATCH,independently_consistent,True,False,True,AWAITING_INDIVIDUAL_VISUAL_VERIFICATION,,images/pages_0401_0800/0690.jpg,PUSAL DATOL Apt Elev 37 Trans alt: 15000 540 (FT/NM) 675 900 1350 1800 2250 2700 250 (FT/NM) 313 417 625 833 1042 1250 Gnd speed-KT 75 100 150 200 250 300 PUSAL 1F: DATOL 1F: These SIDs require minimum climb gradients of 540 FT/NM. 250 FT/NM. JEPPESEN .Eff.21.Mar. 8 MAR 24 DATOL ,d86b5b5e262a775f8e91d28a403f4b163992dbdd1733ca28e1ba6e46ce8a7ab6
691,OINZ,,SID,SID,10-3A,"LABET 1E, MODEK 1E, MODEK 1F",MATCH,independently_consistent,True,False,True,AWAITING_INDIVIDUAL_VISUAL_VERIFICATION,,images/pages_0401_0800/0691.jpg,V OR Z N D 2 3 Apt Elev 37 Trans alt: 15000 MODEK 1F: This SID requires a minimum climb gradient of 340 FT/NM. 425 567 850 1133 1417 1700 Gnd speed-KT 75 100 150 200 250 300 340 FT/NM JEPPESEN .Eff.21.Mar. 24 130 53-30 LABET 1E [LABE1E] MODEK 1E [MODE1E] MODEK 1F [MODE1F] (RWY 34,d86b5b5e262a775f8e91d28a403f4b163992dbdd1733ca28e1ba6e46ce8a7ab6
692,OINZ,OINZ,AIRPORT,AIRPORT,10-9,Airport Diagram Chart (ADC),MATCH,independently_consistent,True,False,True,AWAITING_INDIVIDUAL_VISUAL_VERIFICATION,,images/pages_0401_0800/0692.jpg,"Apt Elev 10-9 05^E 36-39 36-39 53-10 53-11 53-12 *ATIS JEPPESEN 126.850X 16 MAY 25 156^ VOR Elev 5' Prior permission required CAUTION: Birds in vicinity of airport. Strolling dogs on the movement area. 37' N36 38.2 E053 11.6 SARI, IRAN DASHT-E-NAZ OINZ/SRY *DASHT-E-NAZ Tower 122.",d86b5b5e262a775f8e91d28a403f4b163992dbdd1733ca28e1ba6e46ce8a7ab6
693,OINZ,,AIRPORT,AIRPORT,10-9S,MINIMUMS,MATCH,independently_consistent,True,False,True,AWAITING_INDIVIDUAL_VISUAL_VERIFICATION,,images/pages_0401_0800/0693.jpg,10-9S JEPPESEN 16 R1500m R1500m R2200m R2200m 470'(465') 470'(465') 470'(465') 470'(465') 16 MAY 25 1 1 .EASA.AIR.OPS. VOR R1200m R1200m R1200m R1200m 220'(215') 220'(215') 220'(215') 220'(215') ILS R1500m R1500m R2200m R2200m 470'(465') 470'(465') 470'(465') 470'(465') 1LOC STRA,d86b5b5e262a775f8e91d28a403f4b163992dbdd1733ca28e1ba6e46ce8a7ab6
694,OINZ,OINZ,APP,APP,11-1,CHART PAGE 448,MATCH,independently_consistent,True,False,True,AWAITING_INDIVIDUAL_VISUAL_VERIFICATION,,images/pages_0401_0800/0694.jpg,"MISSED APCH: BRIEFING STRIP TM DASHT-E-NAZ 11-1 SARI, IRAN LOC IDNZ 110.5 Final Apch Crs 156^ DA(H) (215') 220' 1900'(1895') OINZ/SRY Trans level: By ATC Alt Set: hPa Rwy Elev: 0 hPa *ATIS JEPPESEN 126.850X ILS or LOC Rwy 16 (IAF) 155^ 3000 MA (IF) D10.5 D14.0 D11.0 Trans alt: 15",d86b5b5e262a775f8e91d28a403f4b163992dbdd1733ca28e1ba6e46ce8a7ab6
695,OINZ,,APP,APP,13-1,VOR RWY 16,MATCH,independently_consistent,True,False,True,AWAITING_INDIVIDUAL_VISUAL_VERIFICATION,,images/pages_0401_0800/0695.jpg,"MISSED APCH: VOR DNZ 113.1 Final Apch Crs 155^ (465') 470' D6.0 1900'(1895') Trans level: By ATC Alt Set: hPa Rwy Elev: 0 hPa 1 (IAF) 3000 MAX (IF) Trans alt: 15000' 3000 (MAX 185 KT during turn), then turn LEFT to join holding at 5000'. 1. Missed Approach procedure penetrates OI",d86b5b5e262a775f8e91d28a403f4b163992dbdd1733ca28e1ba6e46ce8a7ab6
696,OISF,OISF,AIRPORT,AIRPORT,,AIRPORT INFORMATION,MATCH,independently_consistent,True,False,True,AWAITING_INDIVIDUAL_VISUAL_VERIFICATION,,images/pages_0401_0800/0696.jpg,"General Information Location: FASA IRN ICAO/IATA: OISF / FAZ Lat/Long: N28° 53.6', E053° 43.4' Elevation: 4293 ft Airport Use: Public Daylight Savings: Not Observed UTC Conversion: -3:30 = UTC Magnetic Variation: 2.0° E General Information Location: FASA IRN ICAO/IATA: OISF / FAZ",d86b5b5e262a775f8e91d28a403f4b163992dbdd1733ca28e1ba6e46ce8a7ab6
697,OISF,OISF,AIRPORT,AIRPORT,10-9,Airport Diagram Chart (ADC),MATCH,independently_consistent,True,False,True,AWAITING_INDIVIDUAL_VISUAL_VERIFICATION,,images/pages_0401_0800/0697.jpg,"FASA, IRAN FASA 10-9 4293' *FASA Information 02^E NDB 137^ 14 28-54 28-54 53-43 53-44 OISF/FAZ Apt Elev Elev 4293' Stopway 203' 62m N28 53.6 E053 43.4 JEPPESEN 6 APR 18 118.950 Control Tower MET TERMINAL Printed from JeppView for Windows 5.3.0.0 on 09 Oct 2026; Terminal chart dat",d86b5b5e262a775f8e91d28a403f4b163992dbdd1733ca28e1ba6e46ce8a7ab6
698,OISF,,APP,APP,16-1,NDB RWY 32,MATCH,independently_consistent,True,False,True,AWAITING_INDIVIDUAL_VISUAL_VERIFICATION,,images/pages_0401_0800/0698.jpg,"5000 5000 6000 6000 6000 7000 7000 7000 6000 16-1 FASA, IRAN FASA NDB Rwy 32 *FASA Information NDB FSA *216 Minimum Alt Final Apch Crs No FAF MDA(H) 4900'(654') 320^ 11,000 11,500 MSA FSA NDB OISF/FAZ 10 MISSED APCH: BRIEFING STRIP TM 270^ 090^ 180^ 360^ 29-00 MISSED APCH CLIMB G",d86b5b5e262a775f8e91d28a403f4b163992dbdd1733ca28e1ba6e46ce8a7ab6
699,OISL,OISL,AIRPORT,AIRPORT,,AIRPORT INFORMATION,MATCH,independently_consistent,True,False,True,AWAITING_INDIVIDUAL_VISUAL_VERIFICATION,,images/pages_0401_0800/0699.jpg,"General Information Location: LAR IRN ICAO/IATA: OISL / LRR Lat/Long: N27° 40.4', E054° 23.2' Elevation: 2643 ft Airport Use: Public Daylight Savings: Not Observed UTC Conversion: -3:30 = UTC Magnetic Variation: 3.0° E Lar Tower: 127.350 General Information Location: LAR IRN ICAO",d86b5b5e262a775f8e91d28a403f4b163992dbdd1733ca28e1ba6e46ce8a7ab6
700,OISL,OISL,AIRPORT,AIRPORT,,AIRPORT INFORMATION,MATCH,independently_consistent,True,False,True,AWAITING_INDIVIDUAL_VISUAL_VERIFICATION,,images/pages_0401_0800/0700.jpg,"General Information Location: LAR IRN ICAO/IATA: OISL / LRR Lat/Long: N27° 40.4', E054° 23.2' Elevation: 2643 ft Airport Use: Public Daylight Savings: Not Observed UTC Conversion: -3:30 = UTC Magnetic Variation: 3.0° E Lar Tower: 127.350 Lar Tower: 127.350 Airport Information For",d86b5b5e262a775f8e91d28a403f4b163992dbdd1733ca28e1ba6e46ce8a7ab6
701,OISL,OISL,STAR,STAR,10-2,"NABEX 1R, NABEX 2S, NABEX 1T, ROTAL 2Q, ROTAL 2R, ROTAL 2S",MATCH,independently_consistent,True,False,True,AWAITING_INDIVIDUAL_VISUAL_VERIFICATION,,images/pages_0401_0800/0701.jpg,"10-2 .STAR. JEPPESEN OISL/LRR LAR LAR, IRAN 50 Alt Set: hPa Trans level: By ATC Actual descent clearance will be as directed by ATC. 8790 11 SEP 26 5 2643 Apt Elev 111 55-00 ARRIVALS (ALL RWYS) NABEX 1R [NABE1R] NABEX 2S [NABE2S] NABEX 1T [NABE1T] ROTAL 2Q [ROTA2Q] ROTAL 2R [ROTA",d86b5b5e262a775f8e91d28a403f4b163992dbdd1733ca28e1ba6e46ce8a7ab6
702,OISL,OISL,SID,SID,10-3,"NABEX 3C, ROTAL 3A",MATCH,independently_consistent,True,False,True,AWAITING_INDIVIDUAL_VISUAL_VERIFICATION,,images/pages_0401_0800/0702.jpg,"180^ 9000 10-3 .SID. JEPPESEN OISL/LRR LAR LAR, IRAN 35 40 45 Apt Elev 2643 Trans alt: 9000 11 SEP 26 NABEX 3C [NABE3C] ROTAL 3A [ROTA3A] DEPARTURES (RWY 27) Printed from JeppView for Windows 5.3.0.0 on 09 Oct 2026; Terminal chart data cycle 21-2026; Notice: After 21 Oct 2026, 00",d86b5b5e262a775f8e91d28a403f4b163992dbdd1733ca28e1ba6e46ce8a7ab6
703,OISL,,AIRPORT,AIRPORT,10-9,Airport Diagram Chart (ADC),MATCH,independently_consistent,True,False,True,AWAITING_INDIVIDUAL_VISUAL_VERIFICATION,,images/pages_0401_0800/0703.jpg,"Apt Elev 2643' 10-9 LAR, IRAN LAR N27 40.4 E054 23.2 27-41 27-41 54-22 54-23 54-24 03^E *LAR Tower JEPPESEN OISL/LRR APT available 0330-1330, other times O/R, PPR at least 72H before EOBT from OISL APT. 11 SEP 26 127.350X 121.9X 126.475X *ATIS Printed from JeppView for Windows 5.",d86b5b5e262a775f8e91d28a403f4b163992dbdd1733ca28e1ba6e46ce8a7ab6
704,OISL,,AIRPORT,AIRPORT,10-9S,MINIMUMS,MATCH,independently_consistent,True,False,True,AWAITING_INDIVIDUAL_VISUAL_VERIFICATION,,images/pages_0401_0800/0704.jpg,"10-9S JEPPESEN ALS out R1500m R1500m R2400m R2400m ALS out R1500m R1500m R4900m R4900m 1 2 2 DEC 22 .EASA.AIR.OPS. ALS out R3700m R3700m R3900m R3900m 1 2 STRAIGHT-IN RWY D C B A (747') R1500m 09 R1500m R2400m R2400m 3390' LAR, IRAN LAR (747') 3390' (747') 3390' (747') 3390' R150",d86b5b5e262a775f8e91d28a403f4b163992dbdd1733ca28e1ba6e46ce8a7ab6
705,OISL,,APP,APP,13-1,VOR RWY 09,MATCH,independently_consistent,True,False,True,AWAITING_INDIVIDUAL_VISUAL_VERIFICATION,,images/pages_0401_0800/0705.jpg,"4000 LAR 13-1 LAR, IRAN VOR LAR 117.9 088^ 4400'(1757') Apt Elev 2643' 090^ 180^ MSA LAR VOR 3390'(747') MISSED APCH: BRIEFING STRIP TM Alt Set: hPa Trans level: By ATC Trans alt: 9000' D7.0 Apt Elev: 93 hPa Climb STRAIGHT AHEAD to VOR, then climb on Final Apch Crs 10 Procedure r",d86b5b5e262a775f8e91d28a403f4b163992dbdd1733ca28e1ba6e46ce8a7ab6
706,OISL,,APP,APP,13-2,VOR Z RWY 27,MATCH,independently_consistent,True,False,True,AWAITING_INDIVIDUAL_VISUAL_VERIFICATION,,images/pages_0401_0800/0706.jpg,"4000 4000 5000 7000 4000 LAR 13-2 LAR, IRAN VOR LAR 117.9 268^ D10.0 Apt Elev Rwy 2643' 2624' 090^ 180^ MSA LAR VOR 3500'(876') Climb on R-270 to 5000', then turn RIGHT to MISSED APCH: BRIEFING STRIP TM overhead VOR and proceed on R-088 to rejoin holding at 8500'. Alt Set: hPa Rw",d86b5b5e262a775f8e91d28a403f4b163992dbdd1733ca28e1ba6e46ce8a7ab6
707,OISL,,APP,APP,13-3,VOR Y RWY 27,MATCH,independently_consistent,True,False,True,AWAITING_INDIVIDUAL_VISUAL_VERIFICATION,,images/pages_0401_0800/0707.jpg,"4000 5000 7000 4000 LAR 13-3 LAR, IRAN VOR LAR 117.9 268^ D10.0 Apt Elev Rwy 2643' 2624' 090^ 180^ MSA LAR VOR 3500'(876') MISSED APCH: BRIEFING STRIP TM Alt Set: hPa Rwy Elev: 92 hPa Trans level: By ATC Trans alt: 9000' Climb on R-270 to 6000', then turn RIGHT to rejoin holding ",d86b5b5e262a775f8e91d28a403f4b163992dbdd1733ca28e1ba6e46ce8a7ab6
708,OISL,,APP,APP,16-1,NDB RWY 09,MATCH,independently_consistent,True,False,True,AWAITING_INDIVIDUAL_VISUAL_VERIFICATION,,images/pages_0401_0800/0708.jpg,"4000 00 4000 4000 5000 5000 5000 LAR 16-1 LAR, IRAN NDB LAR 099^ 4500'(1857') Apt Elev 2643' 090^ 180^ MSA LAR VOR 3690' MISSED APCH: BRIEFING STRIP TM Alt Set: hPa Trans level: By ATC Trans alt: 9000' D8.0 Apt Elev: 93 hPa Climb STRAIGHT AHEAD to NDB, then climb on Final Apch Cr",d86b5b5e262a775f8e91d28a403f4b163992dbdd1733ca28e1ba6e46ce8a7ab6
709,OISL,,APP,APP,16-2,NDB A,MATCH,independently_consistent,True,False,True,AWAITING_INDIVIDUAL_VISUAL_VERIFICATION,,images/pages_0401_0800/0709.jpg,"4000 4000 4000 4000 5000 5000 5000 LAR 16-2 LAR, IRAN NDB LAR 266^ 6300'(3657') MDA(H) Apt Elev 2643' 090^ 180^ MSA LAR VOR MISSED APCH: BRIEFING STRIP TM Alt Set: hPa Trans level: By ATC Trans alt: 9000' D8.0 Apt Elev: 93 hPa Final Apch Crs *LAR Tower JEPPESEN 224 20 Refer to Mi",d86b5b5e262a775f8e91d28a403f4b163992dbdd1733ca28e1ba6e46ce8a7ab6
710,OISR,OISR,AIRPORT,AIRPORT,,AIRPORT INFORMATION,MATCH,independently_consistent,True,False,True,AWAITING_INDIVIDUAL_VISUAL_VERIFICATION,,images/pages_0401_0800/0710.jpg,"General Information Location: LAMERD IRN ICAO/IATA: OISR / LFM Lat/Long: N27° 22.4', E053° 11.3' Elevation: 1336 ft Airport Use: Public Daylight Savings: Not Observed UTC Conversion: -3:30 = UTC Magnetic Variation: 2.0° E General Information Location: LAMERD IRN ICAO/IATA: OISR /",d86b5b5e262a775f8e91d28a403f4b163992dbdd1733ca28e1ba6e46ce8a7ab6
711,OISR,OISR,STAR,STAR,10-2,"LAMERD 1U, LAVAN 1N, ROTAL 1N",MATCH,independently_consistent,True,False,True,AWAITING_INDIVIDUAL_VISUAL_VERIFICATION,,images/pages_0401_0800/0711.jpg,"LAMERD LAM N27 22.4 E053 11.0 Apt Elev OISR/LFM 10-2 .STAR. LAMERD LAMERD, IRAN 1336' ROTAL N27 32.7 E053 53.3 233^ D 16 0 1N Alt Set: hPa Trans level: FL105 Trans alt: 8500' Actual descent clearance will be as directed by ATC. JEPPESEN (H)117.0 LAM .Eff.21.Aug. 15 AUG 14 MSA 760",d86b5b5e262a775f8e91d28a403f4b163992dbdd1733ca28e1ba6e46ce8a7ab6
712,OISR,OISR,STAR,STAR,10-2A,"LAMERD 1V, LAVAN 1P, ROTAL 1P",MATCH,independently_consistent,True,False,True,AWAITING_INDIVIDUAL_VISUAL_VERIFICATION,,images/pages_0401_0800/0712.jpg,"Apt Elev OISR/LFM .STAR. LAMERD LAMERD, IRAN 1336' ROTAL N27 32.7 E053 53.3 232^ 15 L90 1P 10-2A Alt Set: hPa Trans level: FL105 Trans alt: 8500' Actual descent clearance will be as directed by ATC. .Eff.21.Aug. 15 AUG 14 JEPPESEN LAMERD LAM N27 22.4 E053 11.0 117.0 LAM D (H) MSA",d86b5b5e262a775f8e91d28a403f4b163992dbdd1733ca28e1ba6e46ce8a7ab6
713,OISR,OISR,SID,SID,10-3,KUPTO 1D,MATCH,independently_consistent,True,False,True,AWAITING_INDIVIDUAL_VISUAL_VERIFICATION,,images/pages_0401_0800/0713.jpg,"Apt Elev OISR/LFM 10-3 LAMERD LAMERD, IRAN 1336' Trans level: FL105 Trans alt: 8500' .SID. KUPTO N28 24.3 E052 54.5 JEPPESEN 19 SEP 14 MSA 7600' 6500' LAM VOR 090^ 360^ KUPTO 1D [KUPT1D] RWY 11 DEPARTURE Printed from JeppView for Windows 5.3.0.0 on 09 Oct 2026; Terminal chart dat",d86b5b5e262a775f8e91d28a403f4b163992dbdd1733ca28e1ba6e46ce8a7ab6
714,OISR,OISR,AIRPORT,AIRPORT,10-9,Airport Diagram Chart (ADC),MATCH,independently_consistent,True,False,True,AWAITING_INDIVIDUAL_VISUAL_VERIFICATION,,images/pages_0401_0800/0714.jpg,"Apt Elev 02^E 1336' 10-9 LAMERD, IRAN LAMERD N27 22.4 E053 11.3 OISR/LFM 112^ 27-23 27-23 53-10 53-11 53-12 10,0 Elev 1336' JEPPESEN 122.650 *Ground 121.7 *LAMERD Information (AFIS) 14 JUL 23 PPR at least 72 hours before EOBT from OISR. Strolling animals observed on the movement ",d86b5b5e262a775f8e91d28a403f4b163992dbdd1733ca28e1ba6e46ce8a7ab6
715,OISR,,APP,APP,13-1,APPROACH 13-1,MATCH,independently_consistent,True,False,True,AWAITING_INDIVIDUAL_VISUAL_VERIFICATION,,images/pages_0401_0800/0715.jpg,"2000 2000 3000 3000 4000 4000 2000 2000 MISSED APCH: BRIEFING STRIP TM 13-1 LAMERD LAMERD, IRAN VOR LAM 289^ MDA(H) 090^ 360^ MSA LAM VOR Alt Set: hPa Trans alt: 8500' Apt Elev 1329' 2010'(681') D5.0 2850'(1521') Final Apch Crs 10 VOR DME 1 Rwy 29 OISR/LFM 117.0 Rwy 1336' Rwy Ele",d86b5b5e262a775f8e91d28a403f4b163992dbdd1733ca28e1ba6e46ce8a7ab6
716,OISR,,APP,APP,16-1,APPROACH 16-1,MATCH,independently_consistent,True,False,True,AWAITING_INDIVIDUAL_VISUAL_VERIFICATION,,images/pages_0401_0800/0716.jpg,"2000 2000 2000 3000 3000 4000 4000 2000 MISSED APCH: BRIEFING STRIP TM 16-1 LAMERD LAMERD, IRAN NDB LAM 287^ MDA(H) 090^ 360^ Alt Set: hPa Trans alt: 8500' Apt Elev 1329' 2010'(681') D5.0 2800'(1471') Final Apch Crs NDB DME 1 Rwy 29 OISR/LFM Rwy 1336' Rwy Elev: 48 hPa MSA LAM NDB",d86b5b5e262a775f8e91d28a403f4b163992dbdd1733ca28e1ba6e46ce8a7ab6
717,OISR,,APP,APP,16-2,APPROACH 16-2,MATCH,independently_consistent,True,False,True,AWAITING_INDIVIDUAL_VISUAL_VERIFICATION,,images/pages_0401_0800/0717.jpg,"2000 2000 3000 4000 5000 2000 MISSED APCH: BRIEFING STRIP TM 16-2 LAMERD LAMERD, IRAN NDB LAM 346 288^ MDA(H) 090^ 360^ MSA LAM NDB Climb on track 300^ to 4500', then turn LEFT and rejoin holding at 6500'. Alt Set: hPa Apt Elev: 48 hPa Trans alt: 8500' Apt Elev 1336' No FAF 27-30",d86b5b5e262a775f8e91d28a403f4b163992dbdd1733ca28e1ba6e46ce8a7ab6
718,OISS,OISS,AIRPORT,AIRPORT,,AIRPORT INFORMATION,REVIEW,only_old_index_supports_category,True,False,True,AWAITING_INDIVIDUAL_VISUAL_VERIFICATION,,images/pages_0401_0800/0718.jpg,"General Information Location: SHIRAZ IRN ICAO/IATA: OISS / SYZ Lat/Long: N29° 32.4', E052° 35.3' Elevation: 4917 ft Airport Use: Public Daylight Savings: Not Observed UTC Conversion: -3:30 = UTC Magnetic Variation: 3.0° E Runway: 29R Length x Width: 14219 ft x 148 ft Surface Type",d86b5b5e262a775f8e91d28a403f4b163992dbdd1733ca28e1ba6e46ce8a7ab6
719,OISS,OISS,AIRPORT,AIRPORT,,AIRPORT INFORMATION,REVIEW,only_old_index_supports_category,True,False,True,AWAITING_INDIVIDUAL_VISUAL_VERIFICATION,,images/pages_0401_0800/0719.jpg,"General Information Location: SHIRAZ IRN ICAO/IATA: OISS / SYZ Lat/Long: N29° 32.4', E052° 35.3' Elevation: 4917 ft Airport Use: Public Daylight Savings: Not Observed UTC Conversion: -3:30 = UTC Magnetic Variation: 3.0° E Runway: 29R Length x Width: 14219 ft x 148 ft Surface Type",d86b5b5e262a775f8e91d28a403f4b163992dbdd1733ca28e1ba6e46ce8a7ab6
720,OISS,OISS,AIRPORT,AIRPORT,10-1P,AIRPORT BRIEFING,MATCH,independently_consistent,True,False,True,AWAITING_INDIVIDUAL_VISUAL_VERIFICATION,,images/pages_0401_0800/0720.jpg,"JEPPESEN 1. GENERAL 1.1. ATIS ATIS 127.0 1.2. RWY OPERATIONS Normally, RWY 29L assigned for arrivals and RWY 29R for departures. 1.3. TAXI PROCEDURES 180^ turns are permitted for heavy ACFT at the end of RWY in use only. 3 OCT 25 - Due to non-standard distance between RWY edge li",d86b5b5e262a775f8e91d28a403f4b163992dbdd1733ca28e1ba6e46ce8a7ab6
721,OISS,OISS,AIRPORT,AIRPORT,10-1P1,AIRPORT BRIEFING,MATCH,independently_consistent,True,False,True,AWAITING_INDIVIDUAL_VISUAL_VERIFICATION,,images/pages_0401_0800/0721.jpg,"JEPPESEN 3.3. 3.2.2. 3. DEPARTURE TAXI PROCEDURES In order to maximize RWY capacity, ACFT shall minimize RWY occupancy time. Departing ACFT on receipt of the line-up clearance, shall taxi to position as soon as possible. Cockpit checks shall be completed prior to line up. ACFT th",d86b5b5e262a775f8e91d28a403f4b163992dbdd1733ca28e1ba6e46ce8a7ab6
722,OISS,OISS,AIRPORT,AIRPORT,10-1R,RADAR MINIMUM ALTITUDES,MATCH,independently_consistent,True,False,True,AWAITING_INDIVIDUAL_VISUAL_VERIFICATION,,images/pages_0401_0800/0722.jpg,"D70 Apt Elev OISS/SYZ SHIRAZ, IRAN 4927' Alt Set: hPa Trans level: By ATC Trans alt: 13000' *SHIRAZ Radar SHAHID DASTGHAIB INTL .RADAR.MINIMUM.ALTITUDES. 10-1R 31-00 R-360 119.0 125.4 JEPPESEN 21 NOV 14 D90 D60 0^ 7000 9000 15000 11000 13000 CONTOUR INTERVALS 14465' Printed from ",d86b5b5e262a775f8e91d28a403f4b163992dbdd1733ca28e1ba6e46ce8a7ab6
723,OISS,OISS,AIRPORT,AIRPORT,10-1R1,RADAR MINIMUM ALTITUDES,MATCH,independently_consistent,True,False,True,AWAITING_INDIVIDUAL_VISUAL_VERIFICATION,,images/pages_0401_0800/0723.jpg,"D30 OI(P)-7 Apt Elev OISS/SYZ .RADAR.MINIMUM.ALTITUDES. 10-1R1 SHIRAZ, IRAN 4927' Alt Set: hPa Trans level: By ATC Trans alt: 13000' *SHIRAZ Radar SHAHID DASTGHAIB INTL 119.0 125.4 JEPPESEN 21 NOV 14 0 R-340 R-360 D25 50 30-00 Printed from JeppView for Windows 5.3.0.0 on 09 Oct 2",d86b5b5e262a775f8e91d28a403f4b163992dbdd1733ca28e1ba6e46ce8a7ab6
724,OISS,,STAR,STAR,10-2,"ASNIT 1P, KAVOT 1P, KINOT 1P, NALBI 1P",MATCH,independently_consistent,True,False,True,AWAITING_INDIVIDUAL_VISUAL_VERIFICATION,,images/pages_0401_0800/0724.jpg,COMMS LOST LOST C O M M S COMMS LOST COMMS COMMS LOST COMMS LOST LOST COMMS COMMS LOST COMMS LOST COMMS LOST C O M M S LO ST LOST LO ST C O M M S C O M M S SHIRAZ TMA NALBI 2 5 5 ^ F L 4 0 Alt Set: hPa Trans level: By ATC Actual descent clearance will be as directed by ATC. NALBI,d86b5b5e262a775f8e91d28a403f4b163992dbdd1733ca28e1ba6e46ce8a7ab6
725,OISS,OISF,STAR,STAR,10-2B,"DASDO 2R, KASOL 1R, KUPTO 1R, LAGSA 2R, TAGTA 1R",REVIEW,header_icao_differs_from_index,True,False,True,AWAITING_INDIVIDUAL_VISUAL_VERIFICATION,,images/pages_0401_0800/0725.jpg,FASA OISF COMMS LOST LOST C O M M S COMMS LOST COMMS COMMS LOST COMMS LOST LOST COMMS COMMS LOST COMMS LOST COMMS LOST C O M M S LO ST LOST LO ST C O M M S C O M M S SHIRAZ TMA Alt Set: hPa Trans level: By ATC TAGTA 328^ 298^ Actual descent clearance will be as directed by ATC. A,d86b5b5e262a775f8e91d28a403f4b163992dbdd1733ca28e1ba6e46ce8a7ab6
726,OISS,,STAR,STAR,10-2C,"KATUR 1R, KUGVU 1R",MATCH,independently_consistent,True,False,True,AWAITING_INDIVIDUAL_VISUAL_VERIFICATION,,images/pages_0401_0800/0726.jpg,"R148 LOST C O M M S COMMS COMMS LOST COMMS LOST LOST COMMS LOST COMMS LOST COMMS LOST C O M M S LO ST LOST 10,800 1 8 0 ^ 11,800 270^ 3 6 0 ^ 1 3 00 0 c r A 0 . 7 1 D 328^ HAFEZ (IAF) MHA 13000 117.8 SYZ SHIRAZ SYZ D .STAR. JEPPESEN OISS/SYZ SHAHID DASTGHAIB INTL 10-2C SHIRAZ, IR",d86b5b5e262a775f8e91d28a403f4b163992dbdd1733ca28e1ba6e46ce8a7ab6
727,OISS,,STAR,STAR,10-2D,"KAVIL 1S, KISED 1S",MATCH,independently_consistent,True,False,True,AWAITING_INDIVIDUAL_VISUAL_VERIFICATION,,images/pages_0401_0800/0727.jpg,"I(D)-48 10,800 1 8 0 ^ 11,800 270^ 3 6 0 ^ SYZ VOR hPa descent clearance will be as directed by ATC. vel: By ATC 17.0 R280 117.8 SYZ SHIRAZ SYZ D 270^ 090^ MAX 230 KT 11500 17.0 SYZ 17.0 11500 R308 .STAR. JEPPESEN OISS/SYZ SHAHID DASTGHAIB INTL 10-2D SHIRAZ, IRAN 50 .Eff.26.Dec. ",d86b5b5e262a775f8e91d28a403f4b163992dbdd1733ca28e1ba6e46ce8a7ab6
728,OISS,,STAR,STAR,10-2E,VAVAS 1S,MATCH,independently_consistent,True,False,True,AWAITING_INDIVIDUAL_VISUAL_VERIFICATION,,images/pages_0401_0800/0728.jpg,"LOST C O M M S COMMS COMMS LOST COMMS LOST LOST COMMS LOST COMMS LOST COMMS LOST C O M M S LO ST LOST OI(D)-28 SHIRAZ TMA a ent clearance will be as directed by ATC. VAVAS 281^ .STAR. JEPPESEN OISS/SYZ SHAHID DASTGHAIB INTL SHIRAZ, IRAN 10-2E By ATC .Eff.26.Dec. 9722 wk 7600, NTA",d86b5b5e262a775f8e91d28a403f4b163992dbdd1733ca28e1ba6e46ce8a7ab6
729,OISS,,STAR,STAR,10-2F,IVERA 1T,MATCH,independently_consistent,True,False,True,AWAITING_INDIVIDUAL_VISUAL_VERIFICATION,,images/pages_0401_0800/0729.jpg,"COMMS LOST LOST C O M M S COMMS LOST COMMS COMMS LOST COMMS LOST LOST COMMS COMMS LOST COMMS LOST COMMS LOST C O M M S LO ST LOST LO ST C O M M S C O M M S 10,800 1 8 0 ^ 11,800 270^ V O R Z Y S 3 6 0 ^ 20.0 HA 11500 270^ 117.8 SYZ SHIRAZ SYZ D R308 11500 090^ Alt Set: hPa Trans ",d86b5b5e262a775f8e91d28a403f4b163992dbdd1733ca28e1ba6e46ce8a7ab6
730,OISS,,STAR,STAR,10-2G,"ASNIT 1X, IVERA 1X, KAVIL 1X, KUGVU 1X, KISED 2X",MATCH,independently_consistent,True,False,True,AWAITING_INDIVIDUAL_VISUAL_VERIFICATION,,images/pages_0401_0800/0730.jpg,"287 .0 SYZ COMMS LOST LOST C O M M S COMMS LOST COMMS COMMS LOST COMMS LOST LOST COMMS COMMS LOST COMMS LOST COMMS LOST C O M M S LO ST LOST LO ST C O M M S C O M M S 10,800 11,800 270^ Z Y S V O R Alt Set: hPa Trans level: By ATC YZ Z D20.0 Actual descent clearance will be as di",d86b5b5e262a775f8e91d28a403f4b163992dbdd1733ca28e1ba6e46ce8a7ab6
731,OISS,,SID,SID,10-3,"ASNIT 1A, ASNIT 1B, KAVOT 1A, KAVOT 1B, KAVOT 1C",MATCH,independently_consistent,True,False,True,AWAITING_INDIVIDUAL_VISUAL_VERIFICATION,,images/pages_0401_0800/0731.jpg,"LOST COMMS COMMS LOST COMMS COMMS COMMS LOST LOST COMMS LOST COMMS COMMS LOST COMMS LOST COMMS LOST COMMS LOST COMMS COMMS COMMS Apt Elev .SID. JEPPESEN OISS/SYZ SHAHID DASTGHAIB INTL SHIRAZ, IRAN 4927 Trans alt: 13000 35 40 45 ASNIT KAVOT 10-3 .Eff.13.Jun. 7 JUN 24 - Squawk 7600",d86b5b5e262a775f8e91d28a403f4b163992dbdd1733ca28e1ba6e46ce8a7ab6
732,OISS,,SID,SID,10-3A,"ASNIT 1E, ASNIT 1F, KAVOT 1E, KAVOT 1F",MATCH,independently_consistent,True,False,True,AWAITING_INDIVIDUAL_VISUAL_VERIFICATION,,images/pages_0401_0800/0732.jpg,"LOST COMMS COMMS LOST COMMS COMMS COMMS LOST LOST COMMS LOST COMMS COMMS LOST COMMS LOST COMMS LOST COMMS LOST COMMS COMMS COMMS Apt Elev .SID. JEPPESEN OISS/SYZ SHAHID DASTGHAIB INTL 10-3A SHIRAZ, IRAN 4927 Trans alt: 13000 35 40 45 ASNIT KAVOT KAVOT 1F .Eff.13.Jun. 7 JUN 24 - S",d86b5b5e262a775f8e91d28a403f4b163992dbdd1733ca28e1ba6e46ce8a7ab6
733,OISS,OISS,SID,SID,10-3B,"KINOT 1A, KINOT 1B, NALBI 1A, NALBI 1B",MATCH,independently_consistent,True,False,True,AWAITING_INDIVIDUAL_VISUAL_VERIFICATION,,images/pages_0401_0800/0733.jpg,"COMMS LO ST MMS LOST COMMS LOST COMMS COMMS LOST C O M M S LO ST NALBI .SID. JEPPESEN OISS/SYZ SHAHID DASTGHAIB INTL 10-3B SHIRAZ, IRAN 35 40 45 13000 .Eff.13.Jun. 7 JUN 24 ned heading or track for e according to current d level or 12000, d level or applicable MFA, r 7 minutes, t",d86b5b5e262a775f8e91d28a403f4b163992dbdd1733ca28e1ba6e46ce8a7ab6
734,OISS,OMMS,SID,SID,10-3C,"KINOT 1E, KINOT 1F, NALBI 1E, NALBI 1F",REVIEW,header_icao_differs_from_index,True,False,True,AWAITING_INDIVIDUAL_VISUAL_VERIFICATION,,images/pages_0401_0800/0734.jpg,"COMMS LO ST OMMS COMMS LOST LOST COMMS LOST COMMS T COMMS LOST COMMS LOST C O M M S LO ST NALBI .SID. JEPPESEN OISS/SYZ SHAHID DASTGHAIB INTL 10-3C SHIRAZ, IRAN 35 40 45 13000 .Eff.13.Jun. 7 JUN 24 7600, AIN last assigned heading or track for , then continue according to current ",d86b5b5e262a775f8e91d28a403f4b163992dbdd1733ca28e1ba6e46ce8a7ab6
735,OISS,OISS,SID,SID,10-3D,"KASOL 1A, KASOL 1B, TAGTA 1A, TAGTA 1B",MATCH,independently_consistent,True,False,True,AWAITING_INDIVIDUAL_VISUAL_VERIFICATION,,images/pages_0401_0800/0735.jpg,"280^ 10,800 180^ 270^ Apt Elev KASOL 1A TAGTA 1A 112^ KA 35 40 45 .SID. JEPPESEN OISS/SYZ SHAHID DASTGHAIB INTL SHIRAZ, IRAN 10-3D 4927 14 Trans alt: 13000 SYZ VOR up to 117.8 SYZ SHIRAZ SYZ D .Eff.13.Jun. 7 JUN 24 D4.0 SYZ MAX 230 KT 9000 6300 KASOL 1A [KASO1A], KASOL 1B [KASO1B",d86b5b5e262a775f8e91d28a403f4b163992dbdd1733ca28e1ba6e46ce8a7ab6
736,OISS,OISS,SID,SID,10-3E,"KASOL 1E, KASOL 1F, TAGTA 1E, TAGTA 1F",MATCH,independently_consistent,True,False,True,AWAITING_INDIVIDUAL_VISUAL_VERIFICATION,,images/pages_0401_0800/0736.jpg,"10,800 180^ Apt Elev 290 SR NDB up to KASOL 1E TAGTA 1E 35 40 45 .SID. JEPPESEN OISS/SYZ SHAHID DASTGHAIB INTL SHIRAZ, IRAN 10-3E 4927 Trans alt: 13000 117.8 SYZ SHIRAZ SYZ D .Eff.13.Jun. 7 JUN 24 D4.0 SYZ MAX 230 KT 6300 KASOL 1E [KASO1E], KASOL 1F [KASO1F] TAGTA 1E [TAGT1E], TA",d86b5b5e262a775f8e91d28a403f4b163992dbdd1733ca28e1ba6e46ce8a7ab6
737,OISS,OMMS,SID,SID,10-3F,"KATAG 1A, KATAG 1B, KUPTO 1A, KUPTO 1B",REVIEW,header_icao_differs_from_index,True,False,True,AWAITING_INDIVIDUAL_VISUAL_VERIFICATION,,images/pages_0401_0800/0737.jpg,"COMMS COMMS COMMS LOST LOST COMMS LOST COMMS LOST COMMS COMMS 10,800 0^ Apt Elev 35 40 45 .SID. JEPPESEN OISS/SYZ SHAHID DASTGHAIB INTL SHIRAZ, IRAN 10-3F 4927 Trans alt: 13000 KATAG 1A KUPTO 1A SYZ VOR up to SHIRAZ SYZ .Eff.13.Jun. 7 JUN 24 - Squawk 7600, - MAINTAIN last assigne",d86b5b5e262a775f8e91d28a403f4b163992dbdd1733ca28e1ba6e46ce8a7ab6
738,OISS,,SID,SID,10-3G,"KATAG 1E, KATAG 1F, KUPTO 1E, KUPTO 1F",MATCH,independently_consistent,True,False,True,AWAITING_INDIVIDUAL_VISUAL_VERIFICATION,,images/pages_0401_0800/0738.jpg,"T COMMS COMMS COMMS LOST LOST COMMS LOST COMMS LOST COMMS COMMS 10,800 80^ Apt Elev SR NDB up to KATAG 1E KUPTO 1E 35 40 45 .SID. JEPPESEN OISS/SYZ SHAHID DASTGHAIB INTL SHIRAZ, IRAN 10-3G 4927 Trans alt: 13000 117.8 SYZ SHIRAZ SYZ D .Eff.13.Jun. 7 JUN 24 - Squawk 7600, - MAINTAI",d86b5b5e262a775f8e91d28a403f4b163992dbdd1733ca28e1ba6e46ce8a7ab6
739,OISS,,SID,SID,10-3H,"DEPSU 1A, DEPSU 1B, DEPSU 1C, DEPSU 1D",MATCH,independently_consistent,True,False,True,AWAITING_INDIVIDUAL_VISUAL_VERIFICATION,,images/pages_0401_0800/0739.jpg,"LO ST COMMS LO ST COMMS COMMS LOST LOST COMMS LOST COMMS LOST COMMS LOST COMMS LOST C O M M S LO ST C O M M S C O M M S C O M M S 1 Not usable when OI(D)-48 active. 1 1 Apt Elev 4927 Trans alt: 13000 JEPPESEN Intercept SYZ R112 climbing to 10000 or above within D15.0 SYZ, at D15.",d86b5b5e262a775f8e91d28a403f4b163992dbdd1733ca28e1ba6e46ce8a7ab6
740,OISS,,SID,SID,10-3J,"DEPSU 1E, DEPSU 1F, DEPSU 1G, DEPSU 1H",MATCH,independently_consistent,True,False,True,AWAITING_INDIVIDUAL_VISUAL_VERIFICATION,,images/pages_0401_0800/0740.jpg,"LO ST COMMS LO ST COMMS COMMS LOST LOST COMMS LOST COMMS LOST COMMS LOST COMMS LOST C O M M S LO ST C O M M S C O M M S C O M M S 0^ B e. pt Elev JEPPESEN SHIRAZ, IRAN 10-3J 4927 Trans alt: 13000 from SR NDB climbing to 10000 or above, turn RIGHT ercept 212^ bearing from SR NDB t",d86b5b5e262a775f8e91d28a403f4b163992dbdd1733ca28e1ba6e46ce8a7ab6
741,OISS,,SID,SID,10-3K,"KATUR 1A, KATUR 1B, KATUR 1C, KATUR 1D",MATCH,independently_consistent,True,False,True,AWAITING_INDIVIDUAL_VISUAL_VERIFICATION,,images/pages_0401_0800/0741.jpg,"280^ 10,800 1 8 0 ^ 11,800 270^ V OR Z Y S 3 6 0 ^ 10000 Apt Elev 4927 Trans alt: 13000 112^ D15.0 SYZ 117.8 SYZ SHIRAZ SYZ D D20.0 SYZ 1A, 1C KATUR 1B, 1D JEPPESEN 1 8 0 ^ 2 3 7 ^ K A T U R 1 C K A T U R 1 B K A T U R 1 D above within D15.0 SYZ, at D15.0 SYZ turn RIGHT, intercep",d86b5b5e262a775f8e91d28a403f4b163992dbdd1733ca28e1ba6e46ce8a7ab6
742,OISS,,SID,SID,10-3L,"KATUR 1E, KATUR 1F, KATUR 1G, KATUR 1H",MATCH,independently_consistent,True,False,True,AWAITING_INDIVIDUAL_VISUAL_VERIFICATION,,images/pages_0401_0800/0742.jpg,"10,800 1 8 0 ^ 11,800 270^ N DB R S 3 6 0 ^ 10000 Apt Elev active. 205 SR SHIRAZ SR 290^ B KATUR 1E KATUR 1G 112^ D15.0 SYZ within D15.0 SYZ KATUR 1F, 1H 117.8 SYZ SHIRAZ SYZ D 1 8 0 ^ 2 3 7 ^ K A T U R 1 G 1 9 K A T U R 1 H D20.0 SYZ JEPPESEN 4927 Trans alt: 13000 112^ bearing f",d86b5b5e262a775f8e91d28a403f4b163992dbdd1733ca28e1ba6e46ce8a7ab6
743,OISS,,SID,SID,10-3M,"KUGVU 1A, KUGVU 1B, KUGVU 1C, KUGVU 1D",MATCH,independently_consistent,True,False,True,AWAITING_INDIVIDUAL_VISUAL_VERIFICATION,,images/pages_0401_0800/0743.jpg,"280^ 10,800 1 8 0 ^ 11,800 270^ 3 6 0 ^ 10000 Apt Elev 4927 Trans alt: 13000 112^ D15.0 SYZ 117.8 SYZ SHIRAZ SYZ D D20.0 SYZ U 1A, 1C KUGVU 1B, 1D JEPPESEN 1 8 0 ^ 2 4 7 ^ K U G V U 1 C K U G V U 1 B KUGVU 1D These SIDs require a minimum climb gradient of above within D15.0 SYZ, ",d86b5b5e262a775f8e91d28a403f4b163992dbdd1733ca28e1ba6e46ce8a7ab6
744,OISS,,SID,SID,10-3N,"KUGVU 1E, KUGVU 1F, KUGVU 1G, KUGVU 1H",MATCH,independently_consistent,True,False,True,AWAITING_INDIVIDUAL_VISUAL_VERIFICATION,,images/pages_0401_0800/0744.jpg,"10,800 1 8 0 ^ 11,800 270^ N DB R S 3 6 0 ^ 10000 Apt Elev active. 205 SR SHIRAZ SR 290^ B KUGVU 1E KUGVU 1G 112^ D15.0 SYZ within D15.0 SYZ KUGVU 1F, 1H 117.8 SYZ SHIRAZ SYZ D 1 8 0 ^ 2 4 7 ^ K U G V U 1 G 1 9 K U G V U 1 H D20.0 SYZ JEPPESEN 4927 Trans alt: 13000 KUGVU 1F 112^ ",d86b5b5e262a775f8e91d28a403f4b163992dbdd1733ca28e1ba6e46ce8a7ab6
745,OISS,OMMS,SID,SID,10-3P,"IVERA 1A, IVERA 1B",REVIEW,header_icao_differs_from_index,True,False,True,AWAITING_INDIVIDUAL_VISUAL_VERIFICATION,,images/pages_0401_0800/0745.jpg,"COMMS LO ST OMMS COMMS LOST LOST COMMS LOST COMMS T COMMS LOST COMMS LOST C O M M S LO ST 10,800 1 8 0 ^ 11,800 270^ 10000 112^ D15.0 SYZ 117.8 SYZ SHIRAZ SYZ D .SID. JEPPESEN 35 40 45 OISS/SYZ SHAHID DASTGHAIB INTL 10-3P SHIRAZ, IRAN IVERA 1B IVERA 1A: .Eff.13.Jun. 7 JUN 24 7600",d86b5b5e262a775f8e91d28a403f4b163992dbdd1733ca28e1ba6e46ce8a7ab6
746,OISS,,SID,SID,10-3Q,"IVERA 1C, IVERA 1D",MATCH,independently_consistent,True,False,True,AWAITING_INDIVIDUAL_VISUAL_VERIFICATION,,images/pages_0401_0800/0746.jpg,"10,800 1 8 0 ^ 11,800 270^ 10000 112^ D15.0 SYZ 117.8 SYZ SHIRAZ SYZ D 1 8 0 ^ .SID. JEPPESEN 35 40 45 OISS/SYZ SHAHID DASTGHAIB INTL 10-3Q SHIRAZ, IRAN IVERA 1D .Eff.13.Jun. of 7 JUN 24 9000 300 1750 8 Printed from JeppView for Windows 5.3.0.0 on 09 Oct 2026; Terminal chart data",d86b5b5e262a775f8e91d28a403f4b163992dbdd1733ca28e1ba6e46ce8a7ab6
747,OISS,,SID,SID,10-3S,"KAVIL 1A, KISED 1A",MATCH,independently_consistent,True,False,True,AWAITING_INDIVIDUAL_VISUAL_VERIFICATION,,images/pages_0401_0800/0747.jpg,"COMMS LO ST MMS COMMS LOST LOST COMMS LOST OMMS COMMS LOST COMMS LOST C O M M S LO ST 10,800 11,800 270^ 117.8 SYZ SHIRAZ SYZ D Trans alt: 13000 35 40 45 .SID. JEPPESEN OISS/SYZ SHAHID DASTGHAIB INTL 10-3S SHIRAZ, IRAN .Eff.13.Jun. 7 JUN 24 k 7600, TAIN last assigned heading or t",d86b5b5e262a775f8e91d28a403f4b163992dbdd1733ca28e1ba6e46ce8a7ab6
748,OISS,,SID,SID,10-3T,"KAVIL 1B, KISED 1B",MATCH,independently_consistent,True,False,True,AWAITING_INDIVIDUAL_VISUAL_VERIFICATION,,images/pages_0401_0800/0748.jpg,"LO ST COMMS COMMS LOST LOST COMMS LOST COMMS LOST COMMS LOST COMMS LOST C O M M S LO ST 10,800 1,800 270^ 10000 D15.0 SYZ 117.8 SYZ SHIRAZ SYZ Trans alt: 13000 35 40 45 .SID. JEPPESEN OISS/SYZ SHAHID DASTGHAIB INTL 10-3T SHIRAZ, IRAN .Eff.13.Jun. 7 JUN 24 k 7600, TAIN last assign",d86b5b5e262a775f8e91d28a403f4b163992dbdd1733ca28e1ba6e46ce8a7ab6
749,OISS,,SID,SID,10-3U,"KAVIL 1E, KISED 1E",MATCH,independently_consistent,True,False,True,AWAITING_INDIVIDUAL_VISUAL_VERIFICATION,,images/pages_0401_0800/0749.jpg,"10,800 1 8 0 ^ 11,800 270^ 3 6 0 ^ 205 SR SHIRAZ SR 90^ 117.8 SYZ SHIRAZ SYZ D 0 KISED 1E .SID. JEPPESEN 35 40 45 OISS/SYZ SHAHID DASTGHAIB INTL 10-3U SHIRAZ, IRAN SIDs require a minimum climb gradient of .Eff.13.Jun. ercept 290^ bearing from SR NDB climbing to , at D4.0 SYZ turn",d86b5b5e262a775f8e91d28a403f4b163992dbdd1733ca28e1ba6e46ce8a7ab6
750,OISS,,SID,SID,10-3V,"KAVIL 1F, KISED 1F",MATCH,independently_consistent,True,False,True,AWAITING_INDIVIDUAL_VISUAL_VERIFICATION,,images/pages_0401_0800/0750.jpg,"10,800 11,800 270^ 10000 2^ D15.0 SYZ within D15.0 SYZ 117.8 SYZ SHIRAZ SYZ D .SID. 117.8 SYZ SHIRAZ SYZ D 00 JEPPESEN 35 40 45 OISS/SYZ SHAHID DASTGHAIB INTL 10-3V SHIRAZ, IRAN SIDs require a minimum climb gradient of ^ bearing from SR NDB climbing to 10000 or EFT (within D15.0 ",d86b5b5e262a775f8e91d28a403f4b163992dbdd1733ca28e1ba6e46ce8a7ab6
751,OISS,,AIRPORT,AIRPORT,10-9,Airport Diagram Chart (ADC),MATCH,independently_consistent,True,False,True,AWAITING_INDIVIDUAL_VISUAL_VERIFICATION,,images/pages_0401_0800/0751.jpg,"VOR 11R 111^ 14,012' 4271m 11L 111^ 14,219' 4334m A2 A A3 B5 B4 A6 F1 C C6 C7 C8 29-33 29-33 52-34 52-35 52-36 52-37 A A A5 A4 Control Tower A7 B8 ARP A MET A8 F5 F4 F3 F2 B7 B8 G3 G4 03^E C5 C6 Apt Elev SHIRAZ, IRAN SHAHID DASTGHAIB INTL N29 32.4 E052 35.3 ATIS 127.0 4917' OISS/",d86b5b5e262a775f8e91d28a403f4b163992dbdd1733ca28e1ba6e46ce8a7ab6
752,OISS,OISS,AIRPORT,AIRPORT,10-9A,HOT SPOTS,MATCH,independently_consistent,True,False,True,AWAITING_INDIVIDUAL_VISUAL_VERIFICATION,,images/pages_0401_0800/0752.jpg,"SHIRAZ, IRAN SHAHID DASTGHAIB INTL OISS/SYZ JEPPESEN A4 G4 A 110 101102 103104 105 106 107 108 109 111 Control Tower 10-9A 29-32.6 29-32.7 52-35.9 52-35.8 52-35.7 52-35.6 52-35.5 52-35.3 29-32.7 29-32.6 13 DEC 24 VIP .Eff.26.Dec. Terminal 112 HS1 Printed from JeppView for Windows",d86b5b5e262a775f8e91d28a403f4b163992dbdd1733ca28e1ba6e46ce8a7ab6
753,OISS,,AIRPORT,AIRPORT,10-9S,MINIMUMS,MATCH,independently_consistent,True,False,True,AWAITING_INDIVIDUAL_VISUAL_VERIFICATION,,images/pages_0401_0800/0753.jpg,"10-9S 1 4 4 JEPPESEN 5 5 ALS out R1500m R1500m R1500m R1500m R2400m R1700m R2400m R1700m (540') (540') (540') (540') 4 5400' 5400' 5400' 5400' 2 12 3 3 3 3 .EASA.AIR.OPS. LOC Z, Y or X 3 OCT 25 STRAIGHT-IN RWY D C B A OISS/SYZ SHIRAZ, IRAN SHAHID DASTGHAIB INTL 29L ALS out (295')",d86b5b5e262a775f8e91d28a403f4b163992dbdd1733ca28e1ba6e46ce8a7ab6
754,OISS,OISS,APP,APP,11-1,ILS Z OR LOC Z RWY 29L,MATCH,independently_consistent,True,False,True,AWAITING_INDIVIDUAL_VISUAL_VERIFICATION,,images/pages_0401_0800/0754.jpg,"OI(R)-36 6000 6000 6000 6000 7000 7000 7000 7000 7000 MISSED APCH: BRIEFING STRIP TM OISS/SYZ SHAHID DASTGHAIB INTL 11-1 SHIRAZ, IRAN LOC ISYZ 109.9 292^ D8.0 ISYZ 7400'(2540') Apt Elev Rwy 4860' 4917' Alt Set: hPa Rwy Elev: 166 hPa Trans level: By ATC Trans alt: 13000' Final Apc",d86b5b5e262a775f8e91d28a403f4b163992dbdd1733ca28e1ba6e46ce8a7ab6
755,OISS,OISS,APP,APP,11-2,ILS Y OR LOC Y RWY 29L,MATCH,independently_consistent,True,False,True,AWAITING_INDIVIDUAL_VISUAL_VERIFICATION,,images/pages_0401_0800/0755.jpg,"OI(R)-36 6000 6000 7000 7000 7000 7000 8000 MSA SYZ VOR MISSED APCH: BRIEFING STRIP TM OISS/SYZ SHAHID DASTGHAIB INTL 11-2 SHIRAZ, IRAN LOC ISYZ 109.9 292^ D8.0 ISYZ 7400'(2540') Apt Elev Rwy 4860' 4917' Alt Set: hPa Rwy Elev: 166 hPa Trans level: By ATC Trans alt: 13000' 270^ 18",d86b5b5e262a775f8e91d28a403f4b163992dbdd1733ca28e1ba6e46ce8a7ab6
756,OISS,OISS,APP,APP,11-3,ILS X OR LOC X RWY 29L,MATCH,independently_consistent,True,False,True,AWAITING_INDIVIDUAL_VISUAL_VERIFICATION,,images/pages_0401_0800/0756.jpg,"OI(R)-36 6000 7000 7000 7000 8000 MISSED APCH: BRIEFING STRIP TM OISS/SYZ SHAHID DASTGHAIB INTL 11-3 SHIRAZ, IRAN LOC ISYZ 109.9 292^ D8.0 ISYZ 7400'(2540') Apt Elev Rwy 4860' 4917' Alt Set: hPa Rwy Elev: 166 hPa Trans level: By ATC Trans alt: 13000' 270^ 180^ 360^ Final Apch Crs",d86b5b5e262a775f8e91d28a403f4b163992dbdd1733ca28e1ba6e46ce8a7ab6
757,OISS,,APP,APP,13-1,VOR RWY 29L,MATCH,independently_consistent,True,False,True,AWAITING_INDIVIDUAL_VISUAL_VERIFICATION,,images/pages_0401_0800/0757.jpg,"075^ OI(R)-36 6000 6000 6000 6000 7000 7000 7000 7000 7000 7000 8000 8000 255^ 075^ MAX 230 KT MHA 13000 29-40 MSA SYZ VOR MISSED APCH: BRIEFING STRIP TM OISS/SYZ SHAHID DASTGHAIB INTL 13-1 SHIRAZ, IRAN ATIS 127.0 SHIRAZ Tower VOR SYZ 117.8 294^ 7200'(2340') Apt Elev Rwy 4860' 49",d86b5b5e262a775f8e91d28a403f4b163992dbdd1733ca28e1ba6e46ce8a7ab6
758,OISS,,APP,APP,13-2,VOR RWY 29R,MATCH,independently_consistent,True,False,True,AWAITING_INDIVIDUAL_VISUAL_VERIFICATION,,images/pages_0401_0800/0758.jpg,"OI(R)-36 6000 6000 6000 6000 7000 7000 7000 7000 7000 7000 8000 8000 255^ 075^ MAX 230 KT MHA 13000 29-40 MSA SYZ VOR MISSED APCH: BRIEFING STRIP TM OISS/SYZ SHAHID DASTGHAIB INTL 13-2 SHIRAZ, IRAN ATIS 127.0 SHIRAZ Tower VOR SYZ 117.8 291^ 7200'(2336') Apt Elev Rwy 4864' 4917' A",d86b5b5e262a775f8e91d28a403f4b163992dbdd1733ca28e1ba6e46ce8a7ab6
759,OISS,,APP,APP,13-3,CHART PAGE 491,MATCH,independently_consistent,True,False,True,AWAITING_INDIVIDUAL_VISUAL_VERIFICATION,,images/pages_0401_0800/0759.jpg,"OI(R)-36 6000 6000 6000 7000 7000 7000 MISSED APCH: BRIEFING STRIP TM 13-3 SHAHID DASTGHAIB INTL SHIRAZ, IRAN 294^ MDA(H) Apt Elev 4917' Final Apch Crs D8.0 7200' Alt Set: hPa Trans level: By ATC Trans alt: 13000' OISS/SYZ (2283') JEPPESEN ATIS 127.0 SHIRAZ Tower 119.0 118.1 121.",d86b5b5e262a775f8e91d28a403f4b163992dbdd1733ca28e1ba6e46ce8a7ab6
760,OISS,,APP,APP,13-4,VOR B,MATCH,independently_consistent,True,False,True,AWAITING_INDIVIDUAL_VISUAL_VERIFICATION,,images/pages_0401_0800/0760.jpg,"OI(R)-36 6000 6000 7000 7000 7000 8000 8000 9000 9000 BRIEFING STRIP TM JEPPESEN OISS/SYZ SHAHID DASTGHAIB INTL SHIRAZ, IRAN ATIS 127.0 SHIRAZ Tower 121.9 118.1 119.0 Ground SHIRAZ Approach/Radar 125.4 MSA SYZ VOR MISSED APCH: VOR SYZ 117.8 107^ 9000'(4083') Apt Elev 4917' Alt Se",d86b5b5e262a775f8e91d28a403f4b163992dbdd1733ca28e1ba6e46ce8a7ab6
761,OISS,,APP,APP,16-1,NDB A,MATCH,independently_consistent,True,False,True,AWAITING_INDIVIDUAL_VISUAL_VERIFICATION,,images/pages_0401_0800/0761.jpg,"OI(R)-36 6000 600 7000 7000 7000 7000 8000 6000 MISSED APCH: BRIEFING STRIP TM 16-1 SHAHID DASTGHAIB INTL SHIRAZ, IRAN NDB SR 205 285^ MDA(H) Final Apch Crs Alt Set: hPa Apt Elev: 168 hPa Trans level: By ATC Trans alt: 13000' OISS/SYZ JEPPESEN ATIS 127.0 SHIRAZ Tower 119.0 118.1 ",d86b5b5e262a775f8e91d28a403f4b163992dbdd1733ca28e1ba6e46ce8a7ab6
762,OISY,OISY,AIRPORT,AIRPORT,,AIRPORT INFORMATION,MATCH,independently_consistent,True,False,True,AWAITING_INDIVIDUAL_VISUAL_VERIFICATION,,images/pages_0401_0800/0762.jpg,"General Information Location: YASOUJ IRN ICAO/IATA: OISY / YES Lat/Long: N30° 41.8', E051° 33.0' Elevation: 5939 ft Airport Use: Public Daylight Savings: Not Observed UTC Conversion: -3:30 = UTC Magnetic Variation: 4.0° E General Information Location: YASOUJ IRN ICAO/IATA: OISY /",d86b5b5e262a775f8e91d28a403f4b163992dbdd1733ca28e1ba6e46ce8a7ab6
763,OISY,OISY,STAR,STAR,10-2,"MIPUL 1N, RADID 1N",MATCH,independently_consistent,True,False,True,AWAITING_INDIVIDUAL_VISUAL_VERIFICATION,,images/pages_0401_0800/0763.jpg,"J S Y V O R 10-2 .STAR. JEPPESEN Apt Elev Alt Set: hPa OISY/YES YASOUJ YASOUJ, IRAN 5939 199^ Trans level: FL170 35 40 45 .Eff.17.Apr. MIPUL 4 APR 25 14486 165 31-00 MIPUL 1N [MIPU1N], RADID 1N [RADI1N] ARRIVALS (RWY 13) Printed from JeppView for Windows 5.3.0.0 on 09 Oct 2026; T",d86b5b5e262a775f8e91d28a403f4b163992dbdd1733ca28e1ba6e46ce8a7ab6
764,OISY,OISY,SID,SID,10-3,"MIPUL 1A, RADID 1A",MATCH,independently_consistent,True,False,True,AWAITING_INDIVIDUAL_VISUAL_VERIFICATION,,images/pages_0401_0800/0764.jpg,"J S Y V OR 10-3 JEPPESEN Apt Elev OISY/YES YASOUJ YASOUJ, IRAN 5939 35 40 45 Trans alt: 15000 .SID. .Eff.17.Apr. MIPUL 4 APR 25 14486 165 31-00 MIPUL 1A [MIPU1A], RADID 1A [RADI1A] DEPARTURES (RWY 31) Printed from JeppView for Windows 5.3.0.0 on 09 Oct 2026; Terminal chart data c",d86b5b5e262a775f8e91d28a403f4b163992dbdd1733ca28e1ba6e46ce8a7ab6
765,OISY,OISY,AIRPORT,AIRPORT,10-9,Airport Diagram Chart (ADC),MATCH,independently_consistent,True,False,True,AWAITING_INDIVIDUAL_VISUAL_VERIFICATION,,images/pages_0401_0800/0765.jpg,"13 Apt Elev 30-43 30-43 51-32 51-33 51-34 10-9 5939' YASOUJ, IRAN YASOUJ N30 41.8 E051 33.0 04^E 299' Stopway 91m OISY/YES JEPPESEN Isolated acft parking position 123.750 121.8 Control Elev 5837' Traffic circuit not authorized on right-hand pattern RWY 31 or left-hand pattern RWY",d86b5b5e262a775f8e91d28a403f4b163992dbdd1733ca28e1ba6e46ce8a7ab6
766,OISY,,APP,APP,13-1,VOR RWY 13,MATCH,independently_consistent,True,False,True,AWAITING_INDIVIDUAL_VISUAL_VERIFICATION,,images/pages_0401_0800/0766.jpg,"295^ 7000 7000 8000 9000 7000 8000 12000 11000 13000 13000 BRIEFING STRIP TM YASOUJ 13-1 YASOUJ, IRAN VOR YSJ 125^ 7550'(1713') Final Apch Crs 10 OISY/YES JEPPESEN Apt Elev 5939' 270^ 360^ 090^ MSA YSJ VOR 15,600 12,400 14,100 121.8 *Ground 123.750 116.55 8500'(2663') D9.0 Rwy 58",d86b5b5e262a775f8e91d28a403f4b163992dbdd1733ca28e1ba6e46ce8a7ab6
767,OISY,,APP,APP,13-2,VOR A,MATCH,independently_consistent,True,False,True,AWAITING_INDIVIDUAL_VISUAL_VERIFICATION,,images/pages_0401_0800/0767.jpg,"100 11000 10000 11000 12000 10000 11000 9000 8000 7000 7000 7000 309^ BRIEFING STRIP TM YASOUJ 13-2 YASOUJ, IRAN VOR YSJ 319^ MDA(H) 8500'(2561') Final Apch Crs 10 OISY/YES JEPPESEN Apt Elev 5939' 270^ 360^ 090^ MSA YSJ VOR 15,600 12,400 14,100 121.8 *Ground 123.750 *YASOUJ Infor",d86b5b5e262a775f8e91d28a403f4b163992dbdd1733ca28e1ba6e46ce8a7ab6
768,OISY,,APP,APP,16-1,NDB A,MATCH,independently_consistent,True,False,True,AWAITING_INDIVIDUAL_VISUAL_VERIFICATION,,images/pages_0401_0800/0768.jpg,"12000 13000 110 100 90 9000 10000 7000 MISSED APCH: BRIEFING STRIP TM YASOUJ 16-1 YASOUJ, IRAN NDB YSJ 235 333^ MDA(H) 10100'(4161') Turn LEFT climb on 310^ to 12500', then turn LEFT Alt Set: hPa Apt Elev: 199 hPa Trans alt: 15000' Final Apch Crs 10 to rejoin holding at 15000'. O",d86b5b5e262a775f8e91d28a403f4b163992dbdd1733ca28e1ba6e46ce8a7ab6
769,OISY,OISY,APP,APP,16-2,NDB B,MATCH,independently_consistent,True,False,True,AWAITING_INDIVIDUAL_VISUAL_VERIFICATION,,images/pages_0401_0800/0769.jpg,"13000 12000 7000 90 100 110 9000 10000 YASOUJ 16-2 YASOUJ, IRAN OISY/YES JEPPESEN .Eff.17.Apr. NDB B MISSED APCH: BRIEFING STRIP TM NDB YSJ 235 333^ MDA(H) 10100'(4161') Turn LEFT climb on 310^ to 12500', then turn LEFT Alt Set: hPa Apt Elev: 199 hPa Trans alt: 15000' Final Apch ",d86b5b5e262a775f8e91d28a403f4b163992dbdd1733ca28e1ba6e46ce8a7ab6
770,OITK,OITK,AIRPORT,AIRPORT,,AIRPORT INFORMATION,MATCH,independently_consistent,True,False,True,AWAITING_INDIVIDUAL_VISUAL_VERIFICATION,,images/pages_0401_0800/0770.jpg,"General Information Location: KHOY IRN ICAO/IATA: OITK / KHY Lat/Long: N38° 25.3', E044° 58.6' Elevation: 3964 ft Airport Use: Public Daylight Savings: Not Observed UTC Conversion: -3:30 = UTC Magnetic Variation: 6.0° E General Information Location: KHOY IRN ICAO/IATA: OITK / KHY",d86b5b5e262a775f8e91d28a403f4b163992dbdd1733ca28e1ba6e46ce8a7ab6
771,OITK,OITK,STAR,STAR,10-2,BORES 2Q,MATCH,independently_consistent,True,False,True,AWAITING_INDIVIDUAL_VISUAL_VERIFICATION,,images/pages_0401_0800/0771.jpg,"10-2 .STAR. JEPPESEN OITK/KHY KHOY KHOY, IRAN Apt Elev 3964 Alt Set: hPa Trans level: FL120 Actual descent clearance will be as directed by ATC. 25 12 MAR 21 .Eff.25.Mar. BORES 2Q ARRIVAL [BORE2Q] (ALL RWYS) Printed from JeppView for Windows 5.3.0.0 on 09 Oct 2026; Terminal chart",d86b5b5e262a775f8e91d28a403f4b163992dbdd1733ca28e1ba6e46ce8a7ab6
772,OITT,OITT,SID,SID,10-3,"TBZ 1C, TBZ 1D",MATCH,independently_consistent,True,False,True,AWAITING_INDIVIDUAL_VISUAL_VERIFICATION,,images/pages_0401_0800/0772.jpg,"TABRIZ OITT -Intl 117.7 TBZ TABRIZ TBZ D R282 10-3 .SID. JEPPESEN : 10000 313 417 625 833 1042 1250 75 100 150 200 250 300 uire a minimum climb gradient of: OITK/KHY KHOY KHOY, IRAN 50 12 MAR 21 .Eff.25.Mar. 131 46-00 TBZ 1C [TBZ1C] TBZ 1D [TBZ1D] DEPARTURES (ALL RWYS) ROUTING mb",d86b5b5e262a775f8e91d28a403f4b163992dbdd1733ca28e1ba6e46ce8a7ab6
773,OITK,OITK,AIRPORT,AIRPORT,10-9,Airport Diagram Chart (ADC),MATCH,independently_consistent,True,False,True,AWAITING_INDIVIDUAL_VISUAL_VERIFICATION,,images/pages_0401_0800/0773.jpg,"NDB 06^E 9 15 151^ Elev 3825' 38-26 38-26 44-57 44-58 44-59 45-00 Apt Elev 10-9 JEPPESEN 3964' N38 25.3 E044 58.6 KHOY, IRAN KHOY OITK/KHY VOR 4 DEC 20 122.250 121.850 *KHOY Information (AFIS) Birds in vicinity of airport. Strolling animals on movement area. Feet 0 1000 2000 3000",d86b5b5e262a775f8e91d28a403f4b163992dbdd1733ca28e1ba6e46ce8a7ab6
774,OITK,,APP,APP,13-1,VOR DME RWY 15,MATCH,independently_consistent,True,False,True,AWAITING_INDIVIDUAL_VISUAL_VERIFICATION,,images/pages_0401_0800/0774.jpg,"5000 6000 7000 7000 8000 8000 9000 7000 5000 MHA 10000 MAX 210 KT (IAF) D18.0 D15.0 KHOY KHOY, IRAN VOR DME Rwy 15 13-1 VOR KHY 114.9 Final Apch Crs 160^ 6700'(2875') 4900'(1075') MSA KHY VOR 260^ 145^ 290^ 1 1 MISSED APCH: BRIEFING STRIP TM JEPPESEN Alt Set: hPa Trans level: FL ",d86b5b5e262a775f8e91d28a403f4b163992dbdd1733ca28e1ba6e46ce8a7ab6
775,OITK,,APP,APP,13-2,VOR DME RWY 33,MATCH,independently_consistent,True,False,True,AWAITING_INDIVIDUAL_VISUAL_VERIFICATION,,images/pages_0401_0800/0775.jpg,"OI(D)-65 5000 5000 7000 8000 9000 10000 11000 6000 KHOY K H Y KHOY KHOY, IRAN VOR DME Rwy 33 13-2 VOR KHY 114.9 Final Apch Crs 330^ 6900'(2936') 5400'(1436') 1 Alt Set: hPa Trans level: FL 120 Trans alt: 10000' MISSED APCH: BRIEFING STRIP TM JEPPESEN D9.0 1 Apt Elev: 137 hPa 20 3",d86b5b5e262a775f8e91d28a403f4b163992dbdd1733ca28e1ba6e46ce8a7ab6
776,OITK,,APP,APP,16-1,APPROACH 16-1,MATCH,independently_consistent,True,False,True,AWAITING_INDIVIDUAL_VISUAL_VERIFICATION,,images/pages_0401_0800/0776.jpg,"OI(D)-65 5000 5000 5000 6000 7000 195^ KHOY 16-1 KHOY, IRAN CIRCLING NDB CAT C & D 1 MSA KHY NDB 260^ 145^ 290^ 1 NDB KHY 288 Final Apch Crs 150^ No FAF MDA(H) 7290'(3326') Apt Elev 3964' MISSED APCH: BRIEFING STRIP TM JEPPESEN Alt Set: hPa Apt Elev: 137 hPa Trans level: FL 120 T",d86b5b5e262a775f8e91d28a403f4b163992dbdd1733ca28e1ba6e46ce8a7ab6
777,OITK,,APP,APP,16-2,APPROACH 16-2,MATCH,independently_consistent,True,False,True,AWAITING_INDIVIDUAL_VISUAL_VERIFICATION,,images/pages_0401_0800/0777.jpg,"5000 5000 5000 6000 7000 KHOY 16-2 KHOY, IRAN CIRCLING NDB MSA KHY NDB 260^ 145^ 290^ 2 NDB KHY 288 Final Apch Crs 182^ No FAF MDA(H) 4900' MISSED APCH: BRIEFING STRIP TM JEPPESEN Alt Set: hPa Apt Elev: 137 hPa Trans level: FL 120 Trans alt: 10000' 10 CAT A & B (936') 227^ OITK/K",d86b5b5e262a775f8e91d28a403f4b163992dbdd1733ca28e1ba6e46ce8a7ab6
778,OITL,OITL,AIRPORT,AIRPORT,,AIRPORT INFORMATION,REVIEW,only_old_index_supports_category,True,False,True,AWAITING_INDIVIDUAL_VISUAL_VERIFICATION,,images/pages_0401_0800/0778.jpg,"General Information Location: ARDABIL IRN ICAO/IATA: OITL / ADU Lat/Long: N38° 19.6', E048° 25.4' Elevation: 4319 ft Airport Use: Public Daylight Savings: Not Observed UTC Conversion: -3:30 = UTC Magnetic Variation: 6.0° E Runway: 33 Length x Width: 10820 ft x 148 ft Surface Type",d86b5b5e262a775f8e91d28a403f4b163992dbdd1733ca28e1ba6e46ce8a7ab6
779,OITL,OITL,AIRPORT,AIRPORT,,AIRPORT INFORMATION,REVIEW,only_old_index_supports_category,True,False,True,AWAITING_INDIVIDUAL_VISUAL_VERIFICATION,,images/pages_0401_0800/0779.jpg,"General Information Location: ARDABIL IRN ICAO/IATA: OITL / ADU Lat/Long: N38° 19.6', E048° 25.4' Elevation: 4319 ft Airport Use: Public Daylight Savings: Not Observed UTC Conversion: -3:30 = UTC Magnetic Variation: 6.0° E Runway: 33 Length x Width: 10820 ft x 148 ft Surface Type",d86b5b5e262a775f8e91d28a403f4b163992dbdd1733ca28e1ba6e46ce8a7ab6
780,OITL,OITL,STAR,STAR,10-2,"EGVON 1N, EGVON 1P, EGVON 1Q",MATCH,independently_consistent,True,False,True,AWAITING_INDIVIDUAL_VISUAL_VERIFICATION,,images/pages_0401_0800/0780.jpg,"DABIL .7 ARB RB 9 E048 26.1 Apt Elev OITL/ADU ARDABIL ARDABIL, IRAN 4319' .STAR. *ATIS Actual descent clearance will be as directed by ATC. JEPPESEN 10-2 20 DEC 24 Alt Set: hPa Trans level: By ATC Trans alt: 12000' .Eff.26.Dec. 126.650 MSA 180^ 360^ 270^ ARB VOR 17,800 10,000 12,",d86b5b5e262a775f8e91d28a403f4b163992dbdd1733ca28e1ba6e46ce8a7ab6
781,OITL,OITL,STAR,STAR,10-2A,"GIVTA 1N, GIVTA 1P, GIVTA 1Q",MATCH,independently_consistent,True,False,True,AWAITING_INDIVIDUAL_VISUAL_VERIFICATION,,images/pages_0401_0800/0781.jpg,"TA Apt Elev OITL/ADU ARDABIL ARDABIL, IRAN 4319' .STAR. *ATIS Actual descent clearance will be as directed by ATC. JEPPESEN 10-2A 20 DEC 24 Alt Set: hPa Trans level: By ATC Trans alt: 12000' .Eff.26.Dec. 126.650 MSA 180^ 360^ 270^ ARB VOR 17,800 10,000 12,500 GIVTA 1N [GIVT1N] GI",d86b5b5e262a775f8e91d28a403f4b163992dbdd1733ca28e1ba6e46ce8a7ab6
782,OITL,OITL,STAR,STAR,10-2A1,GIVTA 1R,MATCH,independently_consistent,True,False,True,AWAITING_INDIVIDUAL_VISUAL_VERIFICATION,,images/pages_0401_0800/0782.jpg,"Apt Elev OITL/ADU ARDABIL ARDABIL, IRAN 4319' .STAR. *ATIS JEPPESEN Actual descent clearance will be as directed by ATC. Alt Set: hPa Trans level: By ATC Trans alt: 12000' .Eff.26.Dec. 126.650 10-2A1 20 DEC 24 MSA 180^ 360^ 270^ ARB VOR 10,000 12,500 17,800 [GIVT1R] (RWY 07) GIVT",d86b5b5e262a775f8e91d28a403f4b163992dbdd1733ca28e1ba6e46ce8a7ab6
783,OITL,OITL,STAR,STAR,10-2B,"ITUPA 1N, ITUPA 1P, ITUPA 1Q",MATCH,independently_consistent,True,False,True,AWAITING_INDIVIDUAL_VISUAL_VERIFICATION,,images/pages_0401_0800/0783.jpg,"Apt Elev OITL/ADU ARDABIL ARDABIL, IRAN 4319' .STAR. *ATIS 10-2B JEPPESEN Actual descent clearance will be as directed by ATC. ITUPA 126^ 1 20 DEC 24 Alt Set: hPa Trans level: By ATC Trans alt: 12000' .Eff.26.Dec. 126.650 MSA 180^ 360^ 270^ ARB VOR 17,800 10,000 12,500 ITUPA 1N [",d86b5b5e262a775f8e91d28a403f4b163992dbdd1733ca28e1ba6e46ce8a7ab6
784,OITL,OITL,STAR,STAR,10-2C,"GIVTA 1S, GIVTA 1T, GIVTA 1V",MATCH,independently_consistent,True,False,True,AWAITING_INDIVIDUAL_VISUAL_VERIFICATION,,images/pages_0401_0800/0784.jpg,"ARDABIL 115.7 ARB ARB N38 18.9 E048 26.1 D ARDABIL 355 ARB ARB N38 19.8 E048 24.9 Apt Elev OITL/ADU ARDABIL ARDABIL, IRAN 4319' .STAR. *ATIS 10-2C JEPPESEN Actual descent clearance will be as directed by ATC. 20 DEC 24 Alt Set: hPa Trans level: By ATC Trans alt: 12000' .Eff.26.De",d86b5b5e262a775f8e91d28a403f4b163992dbdd1733ca28e1ba6e46ce8a7ab6
785,OITL,OITL,SID,SID,10-3,"EGVON 1J, EGVON 1L",MATCH,independently_consistent,True,False,True,AWAITING_INDIVIDUAL_VISUAL_VERIFICATION,,images/pages_0401_0800/0785.jpg,"ARDABIL 115.7 ARB ARB D Apt Elev .SID. OITL/ADU ARDABIL ARDABIL, IRAN 4319' Do not proceed beyond ARB R-290 due to high terrain. 1 JEPPESEN 10-3 20 DEC 24 Trans level: By ATC Trans alt: 12000' .Eff.26.Dec. MSA 180^ 270^ 360^ ARB VOR 17,800 10,000 12,500 EGVON 1J [EGVO1J] EGVON 1L",d86b5b5e262a775f8e91d28a403f4b163992dbdd1733ca28e1ba6e46ce8a7ab6
786,OITL,OITL,SID,SID,10-3A,"EGVON 1D, EGVON 1E",MATCH,independently_consistent,True,False,True,AWAITING_INDIVIDUAL_VISUAL_VERIFICATION,,images/pages_0401_0800/0786.jpg,"Apt Elev .SID. OITL/ADU ARDABIL ARDABIL, IRAN 4319' JEPPESEN ARDABIL 115.7 ARB ARB D 10-3A 20 DEC 24 Trans level: By ATC Trans alt: 12000' .Eff.26.Dec. MSA 180^ 270^ 360^ ARB VOR 10,000 17,800 12,500 EGVON 1D [EGVO1D] EGVON 1E [EGVO1E] DEPARTURES (RWYS 07, 25) Printed from JeppVi",d86b5b5e262a775f8e91d28a403f4b163992dbdd1733ca28e1ba6e46ce8a7ab6
787,OITL,OITL,SID,SID,10-3B,"GIVTA 1J, GIVTA 1L, GIVTA 1M",MATCH,independently_consistent,True,False,True,AWAITING_INDIVIDUAL_VISUAL_VERIFICATION,,images/pages_0401_0800/0787.jpg,"At 6000' Apt Elev .SID. OITL/ADU ARDABIL ARDABIL, IRAN 4319' JEPPESEN 10-3B 20 DEC 24 Trans level: By ATC Trans alt: 12000' .Eff.26.Dec. MSA 180^ 270^ 360^ ARB VOR 10,000 17,800 12,500 GIVTA 1J [GIVT1J] GIVTA 1L [GIVT1L] GIVTA 1M [GIVT1M] DEPARTURES (RWYS 15, 33) Printed from Jep",d86b5b5e262a775f8e91d28a403f4b163992dbdd1733ca28e1ba6e46ce8a7ab6
788,OITL,OITL,SID,SID,10-3C,"GIVTA 1D, GIVTA 1E",MATCH,independently_consistent,True,False,True,AWAITING_INDIVIDUAL_VISUAL_VERIFICATION,,images/pages_0401_0800/0788.jpg,"Apt Elev .SID. OITL/ADU ARDABIL ARDABIL, IRAN 4319' 10-3C JEPPESEN 20 DEC 24 Trans level: By ATC Trans alt: 12000' .Eff.26.Dec. MSA 180^ 270^ 360^ ARB VOR 10,000 17,800 12,500 GIVTA 1D [GIVT1D] GIVTA 1E [GIVT1E] DEPARTURES (RWYS 07, 25) Printed from JeppView for Windows 5.3.0.0 o",d86b5b5e262a775f8e91d28a403f4b163992dbdd1733ca28e1ba6e46ce8a7ab6
789,OITL,OITL,SID,SID,10-3D,"ITUPA 1J, ITUPA 1L",MATCH,independently_consistent,True,False,True,AWAITING_INDIVIDUAL_VISUAL_VERIFICATION,,images/pages_0401_0800/0789.jpg,"Apt Elev .SID. OITL/ADU ARDABIL ARDABIL, IRAN 4319' JEPPESEN 10-3D ITUPA 20 DEC 24 .Eff.26.Dec. Trans level: By ATC Trans alt: 12000' MSA 180^ 270^ 360^ ARB VOR 10,000 17,800 12,500 ITUPA 1J [ITUP1J] ITUPA 1L [ITUP1L] DEPARTURES (RWYS 15, 33) Printed from JeppView for Windows 5.3",d86b5b5e262a775f8e91d28a403f4b163992dbdd1733ca28e1ba6e46ce8a7ab6
790,OITL,OITL,SID,SID,10-3E,"ITUPA 1D, ITUPA 1E",MATCH,independently_consistent,True,False,True,AWAITING_INDIVIDUAL_VISUAL_VERIFICATION,,images/pages_0401_0800/0790.jpg,"Apt Elev .SID. OITL/ADU ARDABIL ARDABIL, IRAN 4319' JEPPESEN 10-3E ITUPA 20 DEC 24 .Eff.26.Dec. Trans level: By ATC Trans alt: 12000' MSA 180^ 270^ 360^ ARB VOR 10,000 17,800 12,500 ITUPA 1D [ITUP1D] ITUPA 1E [ITUP1E] DEPARTURES (RWYS 07, 25) Printed from JeppView for Windows 5.3",d86b5b5e262a775f8e91d28a403f4b163992dbdd1733ca28e1ba6e46ce8a7ab6
791,OITL,OITL,SID,SID,10-3F,"EGVON 1G, EGVON 1H",MATCH,independently_consistent,True,False,True,AWAITING_INDIVIDUAL_VISUAL_VERIFICATION,,images/pages_0401_0800/0791.jpg,"Apt Elev .SID. OITL/ADU ARDABIL ARDABIL, IRAN 4319' JEPPESEN 10-3F 20 DEC 24 Trans level: By ATC Trans alt: 12000' .Eff.26.Dec. MSA 180^ 270^ 360^ ARB NDB 17,800 10,000 12,500 EGVON 1G [EGVO1G] EGVON 1H [EGVO1H] DEPARTURES (RWYS 07, 25) Printed from JeppView for Windows 5.3.0.0 o",d86b5b5e262a775f8e91d28a403f4b163992dbdd1733ca28e1ba6e46ce8a7ab6
792,OITL,OITL,SID,SID,10-3G,"GIVTA 1A, GIVTA 1B, GIVTA 1C",MATCH,independently_consistent,True,False,True,AWAITING_INDIVIDUAL_VISUAL_VERIFICATION,,images/pages_0401_0800/0792.jpg,"At 6000' Apt Elev .SID. OITL/ADU ARDABIL ARDABIL, IRAN 4319' 10-3G JEPPESEN 20 DEC 24 Trans level: By ATC Trans alt: 12000' .Eff.26.Dec. MSA 180^ 270^ 360^ ARB NDB 10,000 17,800 12,500 GIVTA 1A [GIVT1A] GIVTA 1B [GIVT1B] GIVTA 1C [GIVT1C] (RWYS 15, 33) DEPARTURES Printed from Jep",d86b5b5e262a775f8e91d28a403f4b163992dbdd1733ca28e1ba6e46ce8a7ab6
793,OITL,OITL,SID,SID,10-3H,"ITUPA 1G, ITUPA 1H",MATCH,independently_consistent,True,False,True,AWAITING_INDIVIDUAL_VISUAL_VERIFICATION,,images/pages_0401_0800/0793.jpg,"Apt Elev .SID. OITL/ADU ARDABIL ARDABIL, IRAN 4319' ITUPA 10-3H JEPPESEN 20 DEC 24 Trans level: By ATC Trans alt: 12000' .Eff.26.Dec. MSA 180^ 270^ 360^ ARB NDB 10,000 17,800 12,500 ITUPA 1G [ITUP1G] ITUPA 1H [ITUP1H] DEPARTURES (RWYS 07, 25) Printed from JeppView for Windows 5.3",d86b5b5e262a775f8e91d28a403f4b163992dbdd1733ca28e1ba6e46ce8a7ab6
794,OITL,OITL,AIRPORT,AIRPORT,10-9,Airport Diagram Chart (ADC),MATCH,independently_consistent,True,False,True,AWAITING_INDIVIDUAL_VISUAL_VERIFICATION,,images/pages_0401_0800/0794.jpg,"Apt Elev 10-9 ARDABIL, IRAN ARDABIL NDB OITL/ADU *ATIS 48-27 MET 38-20 38-20 48-24 48-25 48-26 JEPPESEN Birds in vicinity of apt. Strolling dogs on movement area. Intersection of rwy 33 and 25 is bumpy. 05^E 121.9 *ARDABIL Tower 126.650 118.150 15 APR 22 .Eff.21.Apr. 48-25.3 48-2",d86b5b5e262a775f8e91d28a403f4b163992dbdd1733ca28e1ba6e46ce8a7ab6
795,OITL,,APP,APP,11-1,LOC RWY 15,MATCH,independently_consistent,True,False,True,AWAITING_INDIVIDUAL_VISUAL_VERIFICATION,,images/pages_0401_0800/0795.jpg,"AZERBAIJAN REPUBLIC 5000 5000 6000 6 7000 5000 MISSED APCH: BRIEFING STRIP TM 10 ARDABIL, IRAN ARDABIL LOC IARD 110.3 144^ 6600' Alt Set: hPa Trans level: By ATC 270^ 180^ 360^ MSA ARB VOR Rwy Elev: 148 hPa (2304') OITL/ADU DA(H) 4500' (204') *ATIS 11-1 Final Apch Crs 10 NM NE of",d86b5b5e262a775f8e91d28a403f4b163992dbdd1733ca28e1ba6e46ce8a7ab6
796,OITL,,APP,APP,11-2,ILS Z OR LOC Z RWY 33,MATCH,independently_consistent,True,False,True,AWAITING_INDIVIDUAL_VISUAL_VERIFICATION,,images/pages_0401_0800/0796.jpg,"270^ 180^ 360^ MISSED APCH: LOC 109.9 IARB Final Apch Crs 325^ Alt Set: hPa Rwy Elev: 148 hPa Trans level: By ATC 6800' 4530'(227') DA(H) ILS ARDABIL, IRAN ARDABIL 11-2 BRIEFING STRIP TM 10 D6.7 IARB (2497') OITL/ADU *ATIS 38-20 JEPPESEN Apt Elev 4319' Rwy 4303' 126.650 121.9 *AR",d86b5b5e262a775f8e91d28a403f4b163992dbdd1733ca28e1ba6e46ce8a7ab6
797,OITL,,APP,APP,11-3,ILS Y OR LOC Y RWY 33,MATCH,independently_consistent,True,False,True,AWAITING_INDIVIDUAL_VISUAL_VERIFICATION,,images/pages_0401_0800/0797.jpg,"270^ 180^ 360^ MISSED APCH: LOC 109.9 IARB Final Apch Crs 325^ Alt Set: hPa Rwy Elev: 148 hPa Trans level: By ATC 6800' 4565'(262') DA(H) ILS ARDABIL, IRAN ARDABIL BRIEFING STRIP TM 10 D6.7 IARB (2497') OITL/ADU *ATIS 38-20 JEPPESEN ARDABIL 355 ARB A R B Apt Elev 4319' Rwy 4303' ",d86b5b5e262a775f8e91d28a403f4b163992dbdd1733ca28e1ba6e46ce8a7ab6
798,OITL,,APP,APP,13-1,VOR Z RWY 07,MATCH,independently_consistent,True,False,True,AWAITING_INDIVIDUAL_VISUAL_VERIFICATION,,images/pages_0401_0800/0798.jpg,IRAN OF REPUBLIC AZERBAIJAN 5000 5000 A R B ARDABIL VOR ARB 115.7 Final Apch Crs 071^ 270^ 180^ 360^ MSA ARB VOR 4780'(461') Alt Set: hPa Trans level: By ATC Apt Elev: 149 hPa 10 D8.0 6900'(2581') *ATIS 10 NM NE of airport. border approximately CAUTION: Azerbaijanian 13-1 MISSED ,d86b5b5e262a775f8e91d28a403f4b163992dbdd1733ca28e1ba6e46ce8a7ab6
799,OITL,,APP,APP,13-2,VOR Y RWY 07,MATCH,independently_consistent,True,False,True,AWAITING_INDIVIDUAL_VISUAL_VERIFICATION,,images/pages_0401_0800/0799.jpg,AZERBAIJAN IRAN REPUBLIC OF 5000 5000 A R B ARDABIL VOR ARB 115.7 Final Apch Crs 071^ 270^ 180^ 360^ MSA ARB VOR 4780'(461') Alt Set: hPa Trans level: By ATC Apt Elev: 149 hPa 10 D8.0 6900'(2581') *ATIS 10 NM NE of airport. border approximately CAUTION: Azerbaijanian 13-2 MISSED ,d86b5b5e262a775f8e91d28a403f4b163992dbdd1733ca28e1ba6e46ce8a7ab6
800,OITL,,APP,APP,13-3,VOR Z RWY 15,MATCH,independently_consistent,True,False,True,AWAITING_INDIVIDUAL_VISUAL_VERIFICATION,,images/pages_0401_0800/0800.jpg,"311^ OF IRAN REPUBLIC AZERBAIJAN 5000 5000 D5.0 MISSED APCH: BRIEFING STRIP TM 10 ARDABIL, IRAN ARDABIL VOR ARB 115.7 142^ 5500' Alt Set: hPa Trans level: By ATC 270^ 180^ 360^ MSA ARB VOR Rwy Elev: 148 hPa (1204') D5.0 OITL/ADU 4850'(554') *ATIS 13-3 Initial approach MAX 185 KT.",d86b5b5e262a775f8e91d28a403f4b163992dbdd1733ca28e1ba6e46ce8a7ab6
801,OITL,OITL,APP,APP,13-4,VOR Y RWY 15,MATCH,independently_consistent,True,False,True,AWAITING_INDIVIDUAL_VISUAL_VERIFICATION,,images/pages_0801_1200/0801.jpg,"AZERBAIJAN REPUBLIC OF IRAN 5000 5000 D7.0 MISSED APCH: BRIEFING STRIP TM ARDABIL, IRAN ARDABIL VOR ARB 115.7 Final Apch Crs 142^ 270^ 180^ 360^ MSA ARB VOR OITL/ADU 4850'(554') Alt Set: hPa Trans level: By ATC Rwy Elev: 148 hPa 10 D7.0 6100'(1804') *ATIS 13-4 Procedure restricte",d86b5b5e262a775f8e91d28a403f4b163992dbdd1733ca28e1ba6e46ce8a7ab6
802,OITL,,APP,APP,13-5,VOR RWY 33,MATCH,independently_consistent,True,False,True,AWAITING_INDIVIDUAL_VISUAL_VERIFICATION,,images/pages_0801_1200/0802.jpg,"5000 border approximately 10 NM NE of airport. CAUTION: Azerbaijanian 270^ 180^ 360^ MISSED APCH: 10 ARDABIL, IRAN ARDABIL VOR 115.7 ARB Final Apch Crs 329^ Alt Set: hPa Rwy Elev: 148 hPa Trans level: By ATC Trans alt: 12000' 5300'(997') D3.0 BRIEFING STRIP TM OITL/ADU 4800'(497'",d86b5b5e262a775f8e91d28a403f4b163992dbdd1733ca28e1ba6e46ce8a7ab6
803,OITL,,APP,APP,16-1,NDB RWY 15,MATCH,independently_consistent,True,False,True,AWAITING_INDIVIDUAL_VISUAL_VERIFICATION,,images/pages_0801_1200/0803.jpg,"AZERBAIJAN IRAN OF REPUBLIC 5000 5000 D5.0 MISSED APCH: BRIEFING STRIP TM ARDABIL, IRAN ARDABIL NDB ARB 132^ 5300' Alt Set: hPa Trans level: By ATC 270^ 180^ 360^ MSA ARB NDB Rwy Elev: 148 hPa (1004') D5.0 OITL/ADU 4800'(504') *ATIS 16-1 D10.0 Final Apch Crs (IF) 10 NM NE of airp",d86b5b5e262a775f8e91d28a403f4b163992dbdd1733ca28e1ba6e46ce8a7ab6
804,OITL,,APP,APP,16-2,NDB RWY 33,MATCH,independently_consistent,True,False,True,AWAITING_INDIVIDUAL_VISUAL_VERIFICATION,,images/pages_0801_1200/0804.jpg,"border approximately 10 NM NE of airport. CAUTION: Azerbaijanian 270^ 180^ 360^ MISSED APCH: ARDABIL, IRAN ARDABIL NDB ARB Final Apch Crs 321^ Alt Set: hPa Rwy Elev: 148 hPa Trans level: By ATC Trans alt: 12000' 5300'(997') D3.0 BRIEFING STRIP TM OITL/ADU 4800'(497') *ATIS 16-2 3",d86b5b5e262a775f8e91d28a403f4b163992dbdd1733ca28e1ba6e46ce8a7ab6
805,OITL,,APP,APP,16-3,CHART PAGE 521,MATCH,independently_consistent,True,False,True,AWAITING_INDIVIDUAL_VISUAL_VERIFICATION,,images/pages_0801_1200/0805.jpg,"5000 6000 MISSED APCH: 10 ARDABIL, IRAN ARDABIL 16-3 NDB 355 Final Apch Crs 312^ No FAF MDA(H) Turn LEFT on track 220^, climb to 6300' Alt Set: hPa Apt Elev: 148 hPa Trans level: By ATC ARB Refer to Minimums (CAT A & B: 5600'), then turn LEFT and rejoin holding. MSA ARB NDB BRIEF",d86b5b5e262a775f8e91d28a403f4b163992dbdd1733ca28e1ba6e46ce8a7ab6
806,OITM,OITM,AIRPORT,AIRPORT,,AIRPORT INFORMATION,MATCH,independently_consistent,True,False,True,AWAITING_INDIVIDUAL_VISUAL_VERIFICATION,,images/pages_0801_1200/0806.jpg,"General Information Location: SAHAND IRN ICAO/IATA: OITM / ACP Lat/Long: N37° 20.9', E046° 08.0' Elevation: 4397 ft Airport Use: Public Daylight Savings: Not Observed UTC Conversion: -3:30 = UTC Magnetic Variation: 5.0° E General Information Location: SAHAND IRN ICAO/IATA: OITM /",d86b5b5e262a775f8e91d28a403f4b163992dbdd1733ca28e1ba6e46ce8a7ab6
807,OITM,OITM,STAR,STAR,10-2,GETOB 1D,MATCH,independently_consistent,True,False,True,AWAITING_INDIVIDUAL_VISUAL_VERIFICATION,,images/pages_0801_1200/0807.jpg,"Apt Elev OITM/ACP 10-2 .STAR. SAHAND 4397' JEPPESEN Alt Set: hPa Trans level: FL110 Trans alt: 9000' Actual descent clearance will be as directed by ATC. .Eff.2.Oct. 26 SEP 25 SAHAND, IRAN MSA 090^ 180^ 270^ 360^ SHD NDB 12,400 14,200 8500 10,000 GETOB 1C USABLE ONLY IN VMC GETOB",d86b5b5e262a775f8e91d28a403f4b163992dbdd1733ca28e1ba6e46ce8a7ab6
808,OITT,OITM,AIRPORT,AIRPORT,10-9,Airport Diagram Chart (ADC),REVIEW,header_icao_differs_from_index,True,False,True,AWAITING_INDIVIDUAL_VISUAL_VERIFICATION,,images/pages_0801_1200/0808.jpg,"10-9 SAHAND N37 20.9 E046 08.0 4397' Apt Elev 05^E OITM/ACP 37-22 37-22 46-06 46-07 46-08 46-09 JEPPESEN 3 OCT 25 PPR at least 72 hours before EOBT from OITT. Birds. Strolling dogs exist on movement area. SAHAND, IRAN *SAHAND Information (AFIS) 127.450 Printed from JeppView for W",d86b5b5e262a775f8e91d28a403f4b163992dbdd1733ca28e1ba6e46ce8a7ab6
809,OITM,,APP,APP,16-1,NDB A,MATCH,independently_consistent,True,False,True,AWAITING_INDIVIDUAL_VISUAL_VERIFICATION,,images/pages_0801_1200/0809.jpg,"7000 7000 6000 5000 6000 SAHAND 16-1 8500' MSA SHD NDB MISSED APCH: BRIEFING STRIP TM 270^ 090^ 180^ 360^ NDB SHD 363 Final Apch Crs 252^ D5.0 6200'(1803') Alt Set: hPa Trans alt: 9000' Apt Elev: 151 hPa 10 14,200' 12,400' 10,000' Climb to NDB, then on track 252^ to 6000', then t",d86b5b5e262a775f8e91d28a403f4b163992dbdd1733ca28e1ba6e46ce8a7ab6
810,OITM,,APP,APP,16-2,NDB B,MATCH,independently_consistent,True,False,True,AWAITING_INDIVIDUAL_VISUAL_VERIFICATION,,images/pages_0801_1200/0810.jpg,"6000 6000 5000 SAHAND 363 SHD SAHAND D MISSED APCH: BRIEFING STRIP TM SAHAND 16-2 8500' MSA SHD NDB (116.0) SHD 270^ 090^ 180^ 360^ NDB SHD Final Apch Crs 087^ 363 Apt Elev turn RIGHT to rejoin holding at 9000'. Alt Set: hPa Trans alt: 9000' 10 S H D S H D 12,400' 14,200' 10,000'",d86b5b5e262a775f8e91d28a403f4b163992dbdd1733ca28e1ba6e46ce8a7ab6
811,OITR,OITR,AIRPORT,AIRPORT,,AIRPORT INFORMATION,MATCH,independently_consistent,True,False,True,AWAITING_INDIVIDUAL_VISUAL_VERIFICATION,,images/pages_0801_1200/0811.jpg,"General Information Location: UROMIYEH IRN ICAO/IATA: OITR / OMH Lat/Long: N37° 40.3', E045° 04.1' Elevation: 4342 ft Airport Use: Public Daylight Savings: Not Observed UTC Conversion: -3:30 = UTC Magnetic Variation: 4.0° E General Information Location: UROMIYEH IRN ICAO/IATA: OI",d86b5b5e262a775f8e91d28a403f4b163992dbdd1733ca28e1ba6e46ce8a7ab6
812,OITR,OITR,STAR,STAR,10-2,"ALRAM 1N, ALRAM 1P, ALRAM 1Q, RABEM 1N, RABEM 1P, RABEM 1Q, TOTBO 1N, TOTBO 1P, TOTBO 1Q",MATCH,independently_consistent,True,False,True,AWAITING_INDIVIDUAL_VISUAL_VERIFICATION,,images/pages_0801_1200/0812.jpg,"090^ 270^ 180^ 360^ 10-2 .STAR. UROMIYEH UROMIYEH, IRAN 2 Apt Elev 4342' *ATIS Alt Set: hPa Trans level: By ATC Trans alt: 10000' Actual descent clearance will be as directed by ATC. JEPPESEN 12,300 13,900 10,500 9400 127.250 OITR/OMH 16 APR 21 MSA UMH VOR TOTBO M ALRAM 1N [ALRA1",d86b5b5e262a775f8e91d28a403f4b163992dbdd1733ca28e1ba6e46ce8a7ab6
813,OITR,OITR,STAR,STAR,10-2A,"ALRAM 1R, RABEM 1R, TOTBO 1R, TUBAR 1R",MATCH,independently_consistent,True,False,True,AWAITING_INDIVIDUAL_VISUAL_VERIFICATION,,images/pages_0801_1200/0813.jpg,"090^ 270^ 180^ 360^ .STAR. UROMIYEH UROMIYEH, IRAN 243^ 282^ 95^ Apt Elev 4342' *ATIS 16 APR 21 JEPPESEN OITR/OMH Alt Set: hPa Trans level: By ATC Trans alt: 10000' Actual descent clearance will be as directed by ATC. 127.250 10-2A 12,300 9400 13,900 10,500 MSA UMH NDB TOTBO UBAR",d86b5b5e262a775f8e91d28a403f4b163992dbdd1733ca28e1ba6e46ce8a7ab6
814,OITR,OITR,STAR,STAR,10-2B,"TUBAR 1N, TUBAR 1P, TUBAR 1Q",MATCH,independently_consistent,True,False,True,AWAITING_INDIVIDUAL_VISUAL_VERIFICATION,,images/pages_0801_1200/0814.jpg,"090^ 270^ 180^ 360^ .STAR. UROMIYEH UROMIYEH, IRAN Apt Elev *ATIS Alt Set: hPa Trans level: By ATC Trans alt: 10000' 10-2B Actual descent clearance will be as directed by ATC. 12,300 9400 13,900 10,500 JEPPESEN 4342' 127.250 OITR/OMH 16 APR 21 MSA UMH VOR TUBAR 1Q [TUBA1Q] TUBAR ",d86b5b5e262a775f8e91d28a403f4b163992dbdd1733ca28e1ba6e46ce8a7ab6
815,OITR,OITR,STAR,STAR,10-2C,"TUDNU 1N, TUDNU 1P, TUDNU 1Q",MATCH,independently_consistent,True,False,True,AWAITING_INDIVIDUAL_VISUAL_VERIFICATION,,images/pages_0801_1200/0815.jpg,"090^ 270^ 180^ 360^ .STAR. UROMIYEH UROMIYEH, IRAN 10-2C Apt Elev 4342' *ATIS 16 APR 21 JEPPESEN 12,300 9400 13,900 10,500 000 127.250 OITR/OMH Alt Set: hPa Trans level: By ATC Trans alt: 10000' Actual descent clearance will be as directed by ATC. MSA UMH VOR TUDNU 1N [TUDN1N], T",d86b5b5e262a775f8e91d28a403f4b163992dbdd1733ca28e1ba6e46ce8a7ab6
816,OITR,OITR,SID,SID,10-3,"ALRAM 1J, ALRAM 1K",MATCH,independently_consistent,True,False,True,AWAITING_INDIVIDUAL_VISUAL_VERIFICATION,,images/pages_0801_1200/0816.jpg,"Apt Elev .SID. Trans level: By ATC Trans alt: 10000' UROMIYEH UROMIYEH, IRAN 4342' JEPPESEN OITR/OMH 10-3 2 JUL 21 .Eff.15.Jul. MSA 180^ 270^ 360^ 090^ UMH VOR 12,300 9400 13,900 10,500 ALRAM 1J [ALRA1J] ALRAM 1K [ALRA1K] DEPARTURES (RWYS 03, 21) Printed from JeppView for Windows",d86b5b5e262a775f8e91d28a403f4b163992dbdd1733ca28e1ba6e46ce8a7ab6
817,OITR,OITR,SID,SID,10-3A,"BONAM 1A, BONAM 1B, RABEM 1A, RABEM 1B",MATCH,independently_consistent,True,False,True,AWAITING_INDIVIDUAL_VISUAL_VERIFICATION,,images/pages_0801_1200/0817.jpg,"Apt Elev .SID. Trans level: By ATC Trans alt: 10000' UROMIYEH UROMIYEH, IRAN 4342' 10-3A JEPPESEN OITR/OMH 2 JUL 21 .Eff.15.Jul. MSA 180^ 270^ 360^ 090^ UMH VOR 12,300 9400 13,900 10,500 BONAM DEPARTURES BONAM 1A [BONA1A], BONAM 1B [BONA1B] RABEM 1A [RABE1A], RABEM 1B [RABE1B] (R",d86b5b5e262a775f8e91d28a403f4b163992dbdd1733ca28e1ba6e46ce8a7ab6
818,OITR,OITR,SID,SID,10-3B,"BONAM 1C, BONAM 1D, RABEM 1C, RABEM 1D",MATCH,independently_consistent,True,False,True,AWAITING_INDIVIDUAL_VISUAL_VERIFICATION,,images/pages_0801_1200/0818.jpg,"Apt Elev .SID. Trans level: By ATC Trans alt: 10000' UROMIYEH UROMIYEH, IRAN 4342' 16 APR 21 JEPPESEN 10-3B OITR/OMH MSA 180^ 270^ 360^ 090^ UMH NDB 9400 12,300 13,900 10,500 RABEM BONAM BONAM 1C [BONA1C], BONAM 1D [BONA1D] RABEM 1C [RABE1C], RABEM 1D [RABE1D] (RWYS 03, 21) DEPAR",d86b5b5e262a775f8e91d28a403f4b163992dbdd1733ca28e1ba6e46ce8a7ab6
819,OITR,OITR,SID,SID,10-3C,"ROVON 1A, ROVON 1B, ROVON 1E, ROVON 1F",MATCH,independently_consistent,True,False,True,AWAITING_INDIVIDUAL_VISUAL_VERIFICATION,,images/pages_0801_1200/0819.jpg,"Apt Elev .SID. Trans level: By ATC Trans alt: 10000' UROMIYEH UROMIYEH, IRAN 10-3C JEPPESEN 16 APR 21 4342' OITR/OMH MSA 180^ 270^ 360^ 090^ UMH VOR 12,300 9400 13,900 10,500 D UROMIYEH 113.5 UMH UMH At 7000' ROVON 1A [ROVO1A], ROVON 1B [ROVO1B] ROVON 1E [ROVO1E] , ROVON 1F [ROVO",d86b5b5e262a775f8e91d28a403f4b163992dbdd1733ca28e1ba6e46ce8a7ab6
820,OITR,OITR,SID,SID,10-3D,"ROVON 1C, ROVON 1D, ROVON 1G, ROVON 1H",MATCH,independently_consistent,True,False,True,AWAITING_INDIVIDUAL_VISUAL_VERIFICATION,,images/pages_0801_1200/0820.jpg,"Apt Elev .SID. Trans level: By ATC Trans alt: 10000' UROMIYEH UROMIYEH, IRAN 4342' 10-3D JEPPESEN 1G 16 APR 21 OITR/OMH MSA 180^ 270^ 360^ 090^ UMH NDB 12,300 9400 13,900 10,500 At 7000' ROVON 1C [ROVO1C], ROVON 1D [ROVO1D] ROVON 1G [ROVO1G], ROVON 1H [ROVO1H] (RWYS 03, 21) DEPAR",d86b5b5e262a775f8e91d28a403f4b163992dbdd1733ca28e1ba6e46ce8a7ab6
821,OITR,OITR,AIRPORT,AIRPORT,10-9,Airport Diagram Chart (ADC),MATCH,independently_consistent,True,False,True,AWAITING_INDIVIDUAL_VISUAL_VERIFICATION,,images/pages_0801_1200/0821.jpg,10-9 *UROMIYEH Tower 121.9 04^E Apt Elev *ATIS 21 209^ JEPPESEN ARP OITR/OMH 127.250 118.250 37-41 37-41 45-03 45-04 45-05 45-06 Birds in vicinity of airport. De-icing available at the North of apron. Exercise caution due to strolling animals on the movement area. Heavy and mediu,d86b5b5e262a775f8e91d28a403f4b163992dbdd1733ca28e1ba6e46ce8a7ab6
822,OITR,,AIRPORT,AIRPORT,10-9S,MINIMUMS,MATCH,independently_consistent,True,False,True,AWAITING_INDIVIDUAL_VISUAL_VERIFICATION,,images/pages_0801_1200/0822.jpg,10-9S 03 JEPPESEN 1 ALS out 4800'(458') 4800'(458') 4800'(458') 4800'(458') 21 2 ALS out 4500'(228') 4500'(228') 4500'(228') 4500'(228') 3 3 3 3 ILS Z 4 ALS out 4500'(228') 4500'(228') 4500'(228') 4500'(228') 3 3 3 3 ILS Y 5 ALS out 4500'(228') 4500'(228') 4500'(228') 4500'(228'),d86b5b5e262a775f8e91d28a403f4b163992dbdd1733ca28e1ba6e46ce8a7ab6
823,OITR,,AIRPORT,AIRPORT,10-9S1,MINIMUMS,MATCH,independently_consistent,True,False,True,AWAITING_INDIVIDUAL_VISUAL_VERIFICATION,,images/pages_0801_1200/0823.jpg,10-9S1 JEPPESEN 5280'(938') 4850'(508') 5390'(1048') 1 5000'(658') 5000'(658') 5280'(938') 5390'(1048') 5 5120'(778') 5120'(778') 4760'(418') 4850'(508') 4760'(418') 5390'(1048') 5280'(938') 5280'(938') 5390'(1048') 1 5280'(938') 5000'(658') 5000'(658') (1048') 5390' 1 1 20 FEB 2,d86b5b5e262a775f8e91d28a403f4b163992dbdd1733ca28e1ba6e46ce8a7ab6
824,OITR,,APP,APP,11-1,ILS Z OR LOC Z RWY 21,MATCH,independently_consistent,True,False,True,AWAITING_INDIVIDUAL_VISUAL_VERIFICATION,,images/pages_0801_1200/0824.jpg,"OI(C)-65 45^ MISSED APCH: UROMIYEH UROMIYEH, IRAN *UROMIYEH Tower 11-1 LOC IUMH 108.9 Final Apch Crs 209^ 7300'(3028') 4500'(228') Apt Elev Rwy 4272' 4342' 270^ 090^ 180^ 360^ BRIEFING STRIP TM *ATIS Alt Set: hPa Rwy Elev: 147 hPa Trans level: By ATC Trans alt: 10000' 37-50 209^ ",d86b5b5e262a775f8e91d28a403f4b163992dbdd1733ca28e1ba6e46ce8a7ab6
825,OITR,,APP,APP,11-2,ILS Y OR LOC Y RWY 21,MATCH,independently_consistent,True,False,True,AWAITING_INDIVIDUAL_VISUAL_VERIFICATION,,images/pages_0801_1200/0825.jpg,"OI(C)-65 MISSED APCH: UROMIYEH UROMIYEH, IRAN *UROMIYEH Tower 11-2 LOC IUMH 108.9 Final Apch Crs 209^ 6700'(2428') 4500'(228') Apt Elev Rwy 4272' 4342' 270^ 090^ 180^ 360^ BRIEFING STRIP TM *ATIS Alt Set: hPa Rwy Elev: 147 hPa Trans level: By ATC Trans alt: 10000' 209^ ILS DA(H) ",d86b5b5e262a775f8e91d28a403f4b163992dbdd1733ca28e1ba6e46ce8a7ab6
826,OITR,,APP,APP,11-3,ILS X OR LOC X RWY 21,MATCH,independently_consistent,True,False,True,AWAITING_INDIVIDUAL_VISUAL_VERIFICATION,,images/pages_0801_1200/0826.jpg,"OI(D)-47 OI(C)-65 6000 7000 7000 ILS DA(H) MSA UMH NDB MISSED APCH: UROMIYEH UROMIYEH, IRAN *UROMIYEH Tower 11-3 LOC IUMH 108.9 209^ 6506'(2234') 4500'(228') Apt Elev Rwy 4272' 4342' *ATIS Alt Set: hPa Rwy Elev: 147 hPa Trans level: By ATC Trans alt: 10000' 209^ D7.0 IUMH 164^ 34",d86b5b5e262a775f8e91d28a403f4b163992dbdd1733ca28e1ba6e46ce8a7ab6
827,OITR,,APP,APP,13-1,VOR RWY 03,MATCH,independently_consistent,True,False,True,AWAITING_INDIVIDUAL_VISUAL_VERIFICATION,,images/pages_0801_1200/0827.jpg,"D3.0 MISSED APCH: UROMIYEH UROMIYEH, IRAN *UROMIYEH Tower VOR UMH 113.5 030^ 7100' D9.0 4800'(458') Climb STRAIGHT AHEAD to VOR, then climb on MSA UMH VOR 37-40 Final Apch Crs 270^ 090^ 180^ 360^ 10 (2758') R-030. At 6000' turn RIGHT to VOR. Over VOR proceed on R-160 and rejoin h",d86b5b5e262a775f8e91d28a403f4b163992dbdd1733ca28e1ba6e46ce8a7ab6
828,OITR,,APP,APP,13-2,VOR Z RWY 21,MATCH,independently_consistent,True,False,True,AWAITING_INDIVIDUAL_VISUAL_VERIFICATION,,images/pages_0801_1200/0828.jpg,"OI(C)-65 045^ 029^ MISSED APCH: UROMIYEH UROMIYEH, IRAN *UROMIYEH Tower 121.9 13-2 VOR UMH 113.5 Final Apch Crs 209^ D5.0 6000'(1728') 4690'(418') 270^ 090^ 180^ 360^ MSA UMH VOR Turn LEFT to intercept R-150 climbing to 7000', then climbing turn LEFT to rejoin the holding at 9000",d86b5b5e262a775f8e91d28a403f4b163992dbdd1733ca28e1ba6e46ce8a7ab6
829,OITR,,APP,APP,13-3,VOR Y RWY 21,MATCH,independently_consistent,True,False,True,AWAITING_INDIVIDUAL_VISUAL_VERIFICATION,,images/pages_0801_1200/0829.jpg,"OI(C)-65 5000 7000 7000 MISSED APCH: UROMIYEH UROMIYEH, IRAN *UROMIYEH Tower VOR UMH 113.5 Final Apch Crs 209^ 4930'(658') Apt Elev Rwy 4272' 4342' 270^ 090^ 180^ 360^ Turn LEFT to intercept R-150 climbing to 7200', then climbing turn LEFT to rejoin the holding at 9000'. [FS21] 2",d86b5b5e262a775f8e91d28a403f4b163992dbdd1733ca28e1ba6e46ce8a7ab6
830,OITR,,APP,APP,16-1,NDB Z RWY 21 CAT A & B,MATCH,independently_consistent,True,False,True,AWAITING_INDIVIDUAL_VISUAL_VERIFICATION,,images/pages_0801_1200/0830.jpg,"OI(C)-65 5000 6000 7000 7000 MISSED APCH: UROMIYEH UROMIYEH, IRAN *UROMIYEH Tower 16-1 NDB UMH 213^ 5120'(848') Apt Elev Rwy 4272' 4342' MSA UMH NDB 370 Turn LEFT on track 145^ climbing to 7000', then turn LEFT to rejoin the holding at 9000'. Alt Set: hPa Rwy Elev: 147 hPa Trans ",d86b5b5e262a775f8e91d28a403f4b163992dbdd1733ca28e1ba6e46ce8a7ab6
831,OITR,,APP,APP,16-2,NDB Y RWY 21 CAT C & D,MATCH,independently_consistent,True,False,True,AWAITING_INDIVIDUAL_VISUAL_VERIFICATION,,images/pages_0801_1200/0831.jpg,"OI(C)-65 MISSED APCH: UROMIYEH UROMIYEH, IRAN *UROMIYEH Tower 16-2 NDB UMH 213^ 5120'(848') Apt Elev Rwy 4272' 4342' MSA UMH NDB [FN21] 370 Turn LEFT on track 145^ climbing to 7000', then turn LEFT to rejoin the holding at 9000'. Alt Set: hPa Rwy Elev: 147 hPa Trans level: By ATC",d86b5b5e262a775f8e91d28a403f4b163992dbdd1733ca28e1ba6e46ce8a7ab6
832,OITT,OITT,AIRPORT,AIRPORT,,AIRPORT INFORMATION,REVIEW,only_old_index_supports_category,True,False,True,AWAITING_INDIVIDUAL_VISUAL_VERIFICATION,,images/pages_0801_1200/0832.jpg,"General Information Location: TABRIZ IRN ICAO/IATA: OITT / TBZ Lat/Long: N38° 08.0', E046° 14.1' Elevation: 4449 ft Airport Use: Public Daylight Savings: Not Observed UTC Conversion: -3:30 = UTC Magnetic Variation: 5.0° E Runway: 30R Length x Width: 11995 ft x 148 ft Surface Type",d86b5b5e262a775f8e91d28a403f4b163992dbdd1733ca28e1ba6e46ce8a7ab6
833,OITT,OITT,AIRPORT,AIRPORT,,AIRPORT INFORMATION,REVIEW,only_old_index_supports_category,True,False,True,AWAITING_INDIVIDUAL_VISUAL_VERIFICATION,,images/pages_0801_1200/0833.jpg,"General Information Location: TABRIZ IRN ICAO/IATA: OITT / TBZ Lat/Long: N38° 08.0', E046° 14.1' Elevation: 4449 ft Airport Use: Public Daylight Savings: Not Observed UTC Conversion: -3:30 = UTC Magnetic Variation: 5.0° E Runway: 30R Length x Width: 11995 ft x 148 ft Surface Type",d86b5b5e262a775f8e91d28a403f4b163992dbdd1733ca28e1ba6e46ce8a7ab6
834,OITT,OITT,STAR,STAR,10-2,"BORES 1N, BORES 1P, DASDA 1N, DASDA 1P",MATCH,independently_consistent,True,False,True,AWAITING_INDIVIDUAL_VISUAL_VERIFICATION,,images/pages_0801_1200/0834.jpg,".STAR. Apt Elev OITT/TBZ 10-2 4459' TABRIZ INTL TABRIZ, IRAN *ATIS 127.0 Actual descent clearance will be as directed by ATC. ASDA 046 52.2 JEPPESEN [BORE1N], [BORE1P] [DASD1N], [DASD1P] Alt Set: hPa Trans level: By ATC Trans alt: 12000' 219^ 198^ D 2 OCT 15 .Eff.15.Oct. MSA TBZ ",d86b5b5e262a775f8e91d28a403f4b163992dbdd1733ca28e1ba6e46ce8a7ab6
835,OITT,OITT,STAR,STAR,10-2A,"PAPOK 1N, PAPOK 1P, RABDI 1N, RABDI 1P",MATCH,independently_consistent,True,False,True,AWAITING_INDIVIDUAL_VISUAL_VERIFICATION,,images/pages_0801_1200/0835.jpg,"RABDI N38 48.1 E045 44.5 PAPOK .STAR. Apt Elev OITT/TBZ 4459' TABRIZ INTL TABRIZ, IRAN *ATIS 127.0 Actual descent clearance will be as directed by ATC. JEPPESEN Alt Set: hPa Trans level: By ATC Trans alt: 12000' [RABD1N], [RABD1P] [PAPO1N], [PAPO1P] 10-2A 129^ 14 2 OCT 15 .Eff.15",d86b5b5e262a775f8e91d28a403f4b163992dbdd1733ca28e1ba6e46ce8a7ab6
836,OITT,OITT,STAR,STAR,10-2B,"RAKED 2N, RAKED 1P, RUDAD 1N, RUDAD 1P",MATCH,independently_consistent,True,False,True,AWAITING_INDIVIDUAL_VISUAL_VERIFICATION,,images/pages_0801_1200/0836.jpg,".STAR. Apt Elev OITT/TBZ 4459' TABRIZ INTL TABRIZ, IRAN *ATIS 127.0 Actual descent clearance will be as directed by ATC. JEPPESEN Alt Set: hPa Trans level: By ATC Trans alt: 12000' 10-2B .Eff.27.Apr. 21 APR 17 MSA TBZ VOR RWYS 12L, 30R ARRIVALS 180^ 270^ 360^ 090^ 12,700 11,700 1",d86b5b5e262a775f8e91d28a403f4b163992dbdd1733ca28e1ba6e46ce8a7ab6
837,OITT,OITT,STAR,STAR,10-2C,"SETNA 1N, SETNA 1P",MATCH,independently_consistent,True,False,True,AWAITING_INDIVIDUAL_VISUAL_VERIFICATION,,images/pages_0801_1200/0837.jpg,".STAR. Apt Elev OITT/TBZ 4459' TABRIZ INTL TABRIZ, IRAN *ATIS 127.0 Actual descent clearance will be as directed by ATC. JEPPESEN Alt Set: hPa Trans level: By ATC Trans alt: 12000' 10-2C .Eff.27.Apr. 21 APR 17 MSA TBZ VOR RWYS 12L, 30R ARRIVALS 180^ 270^ 360^ 090^ SETNA 1N [SETN1",d86b5b5e262a775f8e91d28a403f4b163992dbdd1733ca28e1ba6e46ce8a7ab6
838,OITT,OITT,SID,SID,10-3,"BORES 1A, DASDA 1A, PAPOK 1A, RABDI 1A",MATCH,independently_consistent,True,False,True,AWAITING_INDIVIDUAL_VISUAL_VERIFICATION,,images/pages_0801_1200/0838.jpg,"Apt Elev OITT/TBZ 10-3 4459' TABRIZ INTL TABRIZ, IRAN Trans level: By ATC Trans alt: 12000' .SID. JEPPESEN RABDI N38 48.1 E045 44.5 PAPOK N38 44.7 E046 19.4 DASDA N38 41.6 E046 52.2 [RABD1A] [PAPO1A], [DASD1A] [BORE1A], 2 OCT 15 .Eff.15.Oct. MSA TBZ VOR 180^ 270^ 360^ 090^ 12,700",d86b5b5e262a775f8e91d28a403f4b163992dbdd1733ca28e1ba6e46ce8a7ab6
839,OITT,OITT,SID,SID,10-3A,"RAKED 1A, RAKED 1B",MATCH,independently_consistent,True,False,True,AWAITING_INDIVIDUAL_VISUAL_VERIFICATION,,images/pages_0801_1200/0839.jpg,"[RAKE1A] [RAKE1B] Apt Elev OITT/TBZ 4459' TABRIZ INTL TABRIZ, IRAN Trans level: By ATC Trans alt: 12000' .SID. JEPPESEN 10-3A 2 OCT 15 .Eff.15.Oct. MSA TBZ VOR RAKED 1A RAKED 1B 180^ 270^ 360^ 090^ 12,700' 11,700' 14,200' 13,200' RWY 30R DEPARTURES Printed from JeppView for Windo",d86b5b5e262a775f8e91d28a403f4b163992dbdd1733ca28e1ba6e46ce8a7ab6
840,OITT,OITT,SID,SID,10-3B,"RUDAD 1A, RUDAD 1B, UMH 1A, UMH 1B",MATCH,independently_consistent,True,False,True,AWAITING_INDIVIDUAL_VISUAL_VERIFICATION,,images/pages_0801_1200/0840.jpg,"Apt Elev OITT/TBZ 4449' TABRIZ INTL TABRIZ, IRAN D Trans level: By ATC Trans alt: 12000' 10-3B .SID. JEPPESEN 21 JAN 22 .Eff.27.Jan. MSA TBZ VOR 180^ 270^ 360^ 090^ TABRIZ TBZ 117.7 TBZ 12,700 11,700 13,200 14,200 DEPARTURES RUDAD 1A [RUDA1A] RUDAD 1B [RUDA1B] UMH 1A [UMH1A] UMH ",d86b5b5e262a775f8e91d28a403f4b163992dbdd1733ca28e1ba6e46ce8a7ab6
841,OITT,OITT,AIRPORT,AIRPORT,10-9,Airport Diagram Chart (ADC),MATCH,independently_consistent,True,False,True,AWAITING_INDIVIDUAL_VISUAL_VERIFICATION,,images/pages_0801_1200/0841.jpg,"4449' N38 08.0 E046 14.1 Apt Elev *ATIS 127.0 10-9 TABRIZ, IRAN TABRIZ INTL G F OITT/TBZ 05^E 124.1 121.9 Tower 121.7 JEPPESEN TABRIZ Tower (GND) HOT SPOTS 38-08 38-08 38-09 46-13 46-14 46-15 TACAN 25 SEP 26 .Eff.1.Oct. 984' Stopway ARP VOR Elev 4438' 11,995'3656m 300m Elev 4431'",d86b5b5e262a775f8e91d28a403f4b163992dbdd1733ca28e1ba6e46ce8a7ab6
842,OITT,OITT,AIRPORT,AIRPORT,10-9A,PARKING STANDS & COORDS,MATCH,independently_consistent,True,False,True,AWAITING_INDIVIDUAL_VISUAL_VERIFICATION,,images/pages_0801_1200/0842.jpg,"TABRIZ, IRAN OITT/TBZ JEPPESEN 10-9A TABRIZ INTL A Isolated Parking Position RWY 12R/30L 37-07.5 37-07.6 37-07.7 37-07.4 37-07.5 37-07.7 46-15 46-15.1 46-14.9 46-14.5 46-14.3 46-14.2 46-14.8 209208 207 206 205 204 203202 201 K J D M N 37-07.6 B 25 SEP 26 .Eff.1.Oct. 101 102 103 3",d86b5b5e262a775f8e91d28a403f4b163992dbdd1733ca28e1ba6e46ce8a7ab6
843,OITT,,AIRPORT,AIRPORT,10-9S,MINIMUMS,MATCH,independently_consistent,True,False,True,AWAITING_INDIVIDUAL_VISUAL_VERIFICATION,,images/pages_0801_1200/0843.jpg,"10-9S JEPPESEN 1 1 2 .Eff.1.Dec. .EASA.AIR.OPS. NOT APPLICABLE NOT APPLICABLE NOT APPLICABLE NOT APPLICABLE NOT APPLICABLE NOT APPLICABLE NOT APPLICABLE NOT APPLICABLE Missed apch climb gradient MIN 220'/NM. 25 NOV 22 1 2 2 2 2 OITT/TBZ TABRIZ, IRAN TABRIZ INTL STRAIGHT-IN RWY D ",d86b5b5e262a775f8e91d28a403f4b163992dbdd1733ca28e1ba6e46ce8a7ab6
844,OITT,,APP,APP,11-1,ILS RWY 30L,MATCH,independently_consistent,True,False,True,AWAITING_INDIVIDUAL_VISUAL_VERIFICATION,,images/pages_0801_1200/0844.jpg,"TABRIZ, IRAN TABRIZ INTL 127.0 122.5 LOC ITBL 110.3 304^ Apt Elev 4449' MSA TBZ VOR 7500' Alt Set: hPa Trans level: By ATC Trans alt: 12000' MISSED APCH: 38-20 DA(H) *ATIS TABRIZ Approach TABRIZ Tower Final Apch Crs 270^ 090^ 180^ 360^ 20 BRIEFING STRIP TM OITT/TBZ (3059') 4750'(",d86b5b5e262a775f8e91d28a403f4b163992dbdd1733ca28e1ba6e46ce8a7ab6
845,OITT,,APP,APP,11-2,ILS RWY 30R,MATCH,independently_consistent,True,False,True,AWAITING_INDIVIDUAL_VISUAL_VERIFICATION,,images/pages_0801_1200/0845.jpg,"TABRIZ, IRAN TABRIZ INTL 11-2 127.0 122.5 LOC ITBZ 109.9 304^ Apt Elev 4449' MSA TBZ VOR 8100' Alt Set: hPa Rwy Elev: 153 hPa Trans level: By ATC Trans alt: 12000' MISSED APCH: 38-20 DA(H) *ATIS TABRIZ Approach TABRIZ Tower Final Apch Crs 270^ 090^ 180^ 360^ 20 BRIEFING STRIP TM ",d86b5b5e262a775f8e91d28a403f4b163992dbdd1733ca28e1ba6e46ce8a7ab6
846,OITT,,APP,APP,13-1,VOR A,MATCH,independently_consistent,True,False,True,AWAITING_INDIVIDUAL_VISUAL_VERIFICATION,,images/pages_0801_1200/0846.jpg,"MISSED APCH: TABRIZ, IRAN TABRIZ INTL 127.0 122.5 VOR TBZ 117.7 304^ D8.0 7200' Apt Elev 4449' Alt Set: hPa Trans level: By ATC Trans alt: 12000' MDA(H) MSA TBZ VOR Apt Elev: 153 hPa *ATIS TABRIZ Approach TABRIZ Tower 10 Final Apch Crs 270^ 090^ 180^ 360^ BRIEFING STRIP TM OITT/T",d86b5b5e262a775f8e91d28a403f4b163992dbdd1733ca28e1ba6e46ce8a7ab6
847,OITT,,APP,APP,13-2,VOR B,MATCH,independently_consistent,True,False,True,AWAITING_INDIVIDUAL_VISUAL_VERIFICATION,,images/pages_0801_1200/0847.jpg,"TABRIZ, IRAN TABRIZ INTL 13-2 VOR TBZ 117.7 304^ Apt Elev 4449' MSA TBZ VOR D9.0 6600' Alt Set: hPa Apt Elev: 153 hPa Trans level: By ATC Trans alt: 12000' MISSED APCH: 38-20 MDA(H) Final Apch Crs 270^ 090^ 180^ 360^ 20 BRIEFING STRIP TM OITT/TBZ (2151') MISSED APCH CLIMB 5980'(1",d86b5b5e262a775f8e91d28a403f4b163992dbdd1733ca28e1ba6e46ce8a7ab6
848,OITT,,APP,APP,13-3,VOR C,MATCH,independently_consistent,True,False,True,AWAITING_INDIVIDUAL_VISUAL_VERIFICATION,,images/pages_0801_1200/0848.jpg,"TABRIZ, IRAN TABRIZ INTL 13-3 VOR TBZ 117.7 307^ Apt Elev 4449' MSA TBZ VOR 6500' Alt Set: hPa Apt Elev: 153 hPa Trans level: By ATC Trans alt: 12000' MISSED APCH: 38-20 Final Apch Crs 270^ 090^ 180^ 360^ 20 BRIEFING STRIP TM OITT/TBZ (2051') MISSED APCH CLIMB JEPPESEN D10.0 127.",d86b5b5e262a775f8e91d28a403f4b163992dbdd1733ca28e1ba6e46ce8a7ab6
849,OITT,OITT,APP,APP,13-4,VOR D,MATCH,independently_consistent,True,False,True,AWAITING_INDIVIDUAL_VISUAL_VERIFICATION,,images/pages_0801_1200/0849.jpg,"MISSED APCH: TABRIZ, IRAN TABRIZ INTL 13-4 127.0 122.5 VOR 117.7 TBZ Final Apch Crs 105^ MDA(H) Apt Elev 4449' Alt Set: hPa Trans level: By ATC Trans alt: 12000' No FAF Apt Elev: 153 hPa *ATIS TABRIZ Approach TABRIZ Tower OITT/TBZ 5980'(1531') 10 BRIEFING STRIP TM 270^ 090^ 180^ ",d86b5b5e262a775f8e91d28a403f4b163992dbdd1733ca28e1ba6e46ce8a7ab6
850,OITU,OITU,AIRPORT,AIRPORT,,AIRPORT INFORMATION,MATCH,independently_consistent,True,False,True,AWAITING_INDIVIDUAL_VISUAL_VERIFICATION,,images/pages_0801_1200/0850.jpg,"General Information Location: MAKU IRN ICAO/IATA: OITU / IMQ Lat/Long: N39° 11.5', E044° 55.5' Elevation: 3169 ft Airport Use: Public Daylight Savings: Not Observed UTC Conversion: -3:30 = UTC Magnetic Variation: 6.0° E General Information Location: MAKU IRN ICAO/IATA: OITU / IMQ",d86b5b5e262a775f8e91d28a403f4b163992dbdd1733ca28e1ba6e46ce8a7ab6
851,OITT,OITU,STAR,STAR,10-2,TBZ 1N,REVIEW,header_icao_differs_from_index,True,False,True,AWAITING_INDIVIDUAL_VISUAL_VERIFICATION,,images/pages_0801_1200/0851.jpg,"10,600 Apt Elev 3169 .STAR. JEPPESEN OITU/IMQ MAKU MAKU, IRAN Alt Set: hPa Trans level: By ATC Actual descent clearance will be as directed by ATC. 10-2 12 MAR 21 .Eff.25.Mar. 150 152 39-30 AZERBAIJAN AZ ARMEN ARMENIA [TBZ1N] TBZ 1N ARRIVAL (ALL RWYS) 13000 11000 9000 7000 Printe",d86b5b5e262a775f8e91d28a403f4b163992dbdd1733ca28e1ba6e46ce8a7ab6
852,OITT,OITU,STAR,STAR,10-2A,TBZ 1P,REVIEW,header_icao_differs_from_index,True,False,True,AWAITING_INDIVIDUAL_VISUAL_VERIFICATION,,images/pages_0801_1200/0852.jpg,"10,600 Apt Elev 3169 .STAR. JEPPESEN OITU/IMQ MAKU MAKU, IRAN 10-2A Alt Set: hPa Trans level: By ATC Actual descent clearance will be as directed by ATC. 12 MAR 21 .Eff.25.Mar. 150 152 39-30 AZERBAIJAN AZ ARMEN ARMENIA [TBZ1P] TBZ 1P ARRIVAL (ALL RWYS) 13000 11000 9000 7000 Print",d86b5b5e262a775f8e91d28a403f4b163992dbdd1733ca28e1ba6e46ce8a7ab6
853,OITT,OITU,SID,SID,10-3,TBZ 1A,REVIEW,header_icao_differs_from_index,True,False,True,AWAITING_INDIVIDUAL_VISUAL_VERIFICATION,,images/pages_0801_1200/0853.jpg,"240^ 10,600 Apt Elev 3169 Trans alt: 11000 10-3 .SID. JEPPESEN OITU/IMQ MAKU MAKU, IRAN 12 MAR 21 .Eff.25.Mar. 204 150 152 39-30 AZERBAIJAN ARMENIA ARMENIA AZERBAIJAN (RWY 11) TBZ 1A DEPARTURE [TBZ1A] CONTOUR 13000 11000 9000 7000 5000 Printed from JeppView for Windows 5.3.0.0 on",d86b5b5e262a775f8e91d28a403f4b163992dbdd1733ca28e1ba6e46ce8a7ab6
854,OITU,OITU,AIRPORT,AIRPORT,10-9,Airport Diagram Chart (ADC),MATCH,independently_consistent,True,False,True,AWAITING_INDIVIDUAL_VISUAL_VERIFICATION,,images/pages_0801_1200/0854.jpg,"Apt Elev 10-9 JEPPESEN 3169' N39 11.6 E044 55.5 MAKU, IRAN MAKU 120.125 121.675 *MAKU Information 06^E Elev 3169' ARP 109^ 11 10,33 *MAKU Information (GND) OITU/IMQ 39-12 39-12 44-55 44-56 44-57 5 FEB 21 60m 197' Stopway Printed from JeppView for Windows 5.3.0.0 on 09 Oct 2026; T",d86b5b5e262a775f8e91d28a403f4b163992dbdd1733ca28e1ba6e46ce8a7ab6
855,OITU,OITU,APP,APP,13-1,VOR DME RWY 29,MATCH,independently_consistent,True,False,True,AWAITING_INDIVIDUAL_VISUAL_VERIFICATION,,images/pages_0801_1200/0855.jpg,"AZERBAIJAN IRAN 112.4 MAK MAKU MAK D 295^ MISSED APCH: BRIEFING STRIP TM JEPPESEN 13-1 MAKU, IRAN MAKU OITU/IMQ *MAKU Information *Ground VOR DME Rwy 29 120.125 121.675 VOR MAK 112.4 Final Apch Crs 295^ D5.0 4800'(1697') 3570'(467') Apt Elev Rwy 3169' 3103' 240^ 010^ 9700 10,600 ",d86b5b5e262a775f8e91d28a403f4b163992dbdd1733ca28e1ba6e46ce8a7ab6
856,OITZ,OITZ,AIRPORT,AIRPORT,,AIRPORT INFORMATION,MATCH,independently_consistent,True,False,True,AWAITING_INDIVIDUAL_VISUAL_VERIFICATION,,images/pages_0801_1200/0856.jpg,"General Information Location: ZANJAN IRN ICAO/IATA: OITZ / JWN Lat/Long: N36° 46.5', E048° 21.5' Elevation: 5380 ft Airport Use: Public Daylight Savings: Not Observed UTC Conversion: -3:30 = UTC Magnetic Variation: 5.0° E General Information Location: ZANJAN IRN ICAO/IATA: OITZ /",d86b5b5e262a775f8e91d28a403f4b163992dbdd1733ca28e1ba6e46ce8a7ab6
857,OITZ,OITZ,STAR,STAR,10-2,"LOXUB 1N, LOXUB 1P, SUTBU 1N, SUTBU 1P, TULGU 1N, TULGU 1P",MATCH,independently_consistent,True,False,True,AWAITING_INDIVIDUAL_VISUAL_VERIFICATION,,images/pages_0801_1200/0857.jpg,"XUB Apt Elev OITZ/JWN 10-2 .STAR. ZANJAN ZANJAN, IRAN 5380' Alt Set: hPa Trans level: FL135 Trans alt: 11500' Actual descent clearance will be as directed by ATC. JEPPESEN 30 NOV 18 .Eff.6.Dec. MSA ZAJ VOR 11,500 RWYS 12, 30 ARRIVALS O SCALE LOXUB 1P [LOXU1P] LOXUB 1N [LOXU1N], S",d86b5b5e262a775f8e91d28a403f4b163992dbdd1733ca28e1ba6e46ce8a7ab6
858,OITZ,OITZ,SID,SID,10-3,"LOXUB 1A, SUTBU 1A, SUTBU 1B, TULGU 1A, TULGU 1B",MATCH,independently_consistent,True,False,True,AWAITING_INDIVIDUAL_VISUAL_VERIFICATION,,images/pages_0801_1200/0858.jpg,"LOXUB Apt Elev OITZ/JWN 10-3 ZANJAN ZANJAN, IRAN 5380' Trans level: FL135 Trans alt: 11500' .SID. UTBU 30 NOV 18 .Eff.6.Dec. JEPPESEN MSA ZAJ VOR 11,500 LOXUB 1A [LOXU1A] SUTBU 1B [SUTB1B] SUTBU 1A [SUTB1A], TULGU 1B [TULG1B] TULGU 1A [TULG1A], DEPARTURES Printed from JeppView fo",d86b5b5e262a775f8e91d28a403f4b163992dbdd1733ca28e1ba6e46ce8a7ab6
859,OITZ,OITZ,AIRPORT,AIRPORT,10-9,Airport Diagram Chart (ADC),MATCH,independently_consistent,True,False,True,AWAITING_INDIVIDUAL_VISUAL_VERIFICATION,,images/pages_0801_1200/0859.jpg,"Elev 5308' 05^E Apt Elev OITZ/JWN 5380' 10-9 ZANJAN, IRAN ZANJAN N36 46.5 E048 21.6 36-47 36-47 48-21 48-22 48-23 Stopway 364' 111m JEPPESEN 12 122^ B *ZANJAN Information (AFIS) Isolated parking position VOR DME PPR at least 72H before EOBT from OITZ. Strolling animals on movemen",d86b5b5e262a775f8e91d28a403f4b163992dbdd1733ca28e1ba6e46ce8a7ab6
860,OITZ,OITZ,APP,APP,13-1,VOR DME RWY 12 CAT C & D,MATCH,independently_consistent,True,False,True,AWAITING_INDIVIDUAL_VISUAL_VERIFICATION,,images/pages_0801_1200/0860.jpg,"9000 9000 9000 6000 8000 7000 OITZ/JWN 13-1 ZANJAN, IRAN ZANJAN VOR ZAJ Final Apch Crs 116^ 5800' (492') MSA ZAJ VOR Alt Set: hPa Trans alt: 11500' MISSED APCH: BRIEFING STRIP TM Rwy Elev: 180 hPa 10 114.4 D6.0 7300'(1992') D11.0 D11.0 (IF) 1 Climb STRAIGHT AHEAD to VOR, then tur",d86b5b5e262a775f8e91d28a403f4b163992dbdd1733ca28e1ba6e46ce8a7ab6
861,OITZ,OITZ,APP,APP,13-2,VOR DME RWY 12 CAT A & B,MATCH,independently_consistent,True,False,True,AWAITING_INDIVIDUAL_VISUAL_VERIFICATION,,images/pages_0801_1200/0861.jpg,"9000 9000 9000 8000 7000 6000 OITZ/JWN 13-2 ZANJAN, IRAN ZANJAN VOR ZAJ Final Apch Crs 116^ 5800' (492') MSA ZAJ VOR Alt Set: hPa Trans alt: 11500' MISSED APCH: BRIEFING STRIP TM Rwy Elev: 180 hPa 10 114.4 D6.0 7300'(1992') D11.0 D11.0 (IF) 1 Climb STRAIGHT AHEAD to VOR, then tur",d86b5b5e262a775f8e91d28a403f4b163992dbdd1733ca28e1ba6e46ce8a7ab6
862,OITZ,OITZ,APP,APP,13-3,VOR DME RWY 30,MATCH,independently_consistent,True,False,True,AWAITING_INDIVIDUAL_VISUAL_VERIFICATION,,images/pages_0801_1200/0862.jpg,"280^ 8000 9000 6000 7000 8000 ZANJAN 114.4 ZAJ DZ A J OITZ/JWN 13-3 ZANJAN, IRAN ZANJAN VOR ZAJ Final Apch Crs 305^ 6100' (720') Alt Set: hPa Trans alt: 11500' MISSED APCH: BRIEFING STRIP TM 10 114.4 D7.0 7600'(2220') MSA ZAJ VOR 320^ Apt Elev: 182 hPa 36-50 Climb STRAIGHT AHEAD ",d86b5b5e262a775f8e91d28a403f4b163992dbdd1733ca28e1ba6e46ce8a7ab6
863,OITZ,OITZ,APP,APP,16-1,NDB RWY 12,MATCH,independently_consistent,True,False,True,AWAITING_INDIVIDUAL_VISUAL_VERIFICATION,,images/pages_0801_1200/0863.jpg,"9000 9000 900 8000 7000 6000 OITZ/JWN 16-1 ZANJAN, IRAN ZANJAN NDB Rwy 12 NDB ZAJ 321 Final Apch Crs 120^ 5660' (352') MSA ZAJ NDB Alt Set: hPa Trans alt: 11500' MISSED APCH: BRIEFING STRIP TM Rwy Elev: 180 hPa 10 Climb on track 131^ to 7900', then turn RIGHT to rejoin holding at",d86b5b5e262a775f8e91d28a403f4b163992dbdd1733ca28e1ba6e46ce8a7ab6
864,OITZ,OITZ,APP,APP,16-2,NDB RWY 30 CAT C & D,MATCH,independently_consistent,True,False,True,AWAITING_INDIVIDUAL_VISUAL_VERIFICATION,,images/pages_0801_1200/0864.jpg,"9000 9000 8000 7000 6000 OITZ/JWN 16-2 ZANJAN, IRAN ZANJAN NDB Rwy 30 NDB ZAJ 321 Final Apch Crs 307^ 6300' (920') MSA ZAJ NDB Alt Set: hPa Apt Elev: 182 hPa Trans alt: 11500' MISSED APCH: BRIEFING STRIP TM 10 CAT C & D rejoin holding at 10000'. Climb on track 307^ to 8200', then",d86b5b5e262a775f8e91d28a403f4b163992dbdd1733ca28e1ba6e46ce8a7ab6
865,OITZ,OITZ,APP,APP,16-3,APPROACH 16-3,MATCH,independently_consistent,True,False,True,AWAITING_INDIVIDUAL_VISUAL_VERIFICATION,,images/pages_0801_1200/0865.jpg,"9000 9000 8000 7000 6000 OITZ/JWN 16-3 ZANJAN, IRAN ZANJAN NDB ZAJ 321 Final Apch Crs 307^ MDA(H) 6300'(920') MSA ZAJ NDB Alt Set: hPa Apt Elev: 182 hPa Trans alt: 11500' MISSED APCH: BRIEFING STRIP TM 10 CAT A & B rejoin holding at 10000'. Climb on track 307^ to 8200', then turn",d86b5b5e262a775f8e91d28a403f4b163992dbdd1733ca28e1ba6e46ce8a7ab6
866,OIYY,OIYY,AIRPORT,AIRPORT,,AIRPORT INFORMATION,REVIEW,only_old_index_supports_category,True,False,True,AWAITING_INDIVIDUAL_VISUAL_VERIFICATION,,images/pages_0801_1200/0866.jpg,"General Information Location: YAZD IRN ICAO/IATA: OIYY / AZD Lat/Long: N31° 54.4', E054° 16.6' Elevation: 4054 ft Airport Use: Public Daylight Savings: Not Observed UTC Conversion: -3:30 = UTC Magnetic Variation: 3.0° E Yazd Ground: 121.900 Yazd Approach: 122.700 General Informat",d86b5b5e262a775f8e91d28a403f4b163992dbdd1733ca28e1ba6e46ce8a7ab6
867,OIYY,OIYY,AIRPORT,AIRPORT,,AIRPORT INFORMATION,MATCH,independently_consistent,True,False,True,AWAITING_INDIVIDUAL_VISUAL_VERIFICATION,,images/pages_0801_1200/0867.jpg,"General Information Location: YAZD IRN ICAO/IATA: OIYY / AZD Lat/Long: N31° 54.4', E054° 16.6' Elevation: 4054 ft Airport Use: Public Daylight Savings: Not Observed UTC Conversion: -3:30 = UTC Magnetic Variation: 3.0° E Yazd Ground: 121.900 Yazd Approach: 122.700 Yazd Ground: 121",d86b5b5e262a775f8e91d28a403f4b163992dbdd1733ca28e1ba6e46ce8a7ab6
868,OIYY,OIYY,STAR,STAR,10-2,"BOMIT 1N, BOMIT 1P, BOMIT 1Q, BOMUN 1N, BOMUN 1P, BOMUN 1Q",MATCH,independently_consistent,True,False,True,AWAITING_INDIVIDUAL_VISUAL_VERIFICATION,,images/pages_0801_1200/0868.jpg,"Apt Elev *ATIS 126.250 4054 Actual descent clearance will be as directed by ATC. Alt Set: hPa Trans level: By ATC 50 OIYY/AZD 10-2 .STAR. YAZD, IRAN JEPPESEN .Eff.25.Mar. SHAHID SADOOGHI INTL 12 MAR 21 115 BOMIT 1N [BOMI1N], BOMIT 1P [BOMI1P] BOMIT 1Q [BOMI1Q], BOMUN 1N [BOMU1N] ",d86b5b5e262a775f8e91d28a403f4b163992dbdd1733ca28e1ba6e46ce8a7ab6
869,OIYY,,STAR,STAR,10-2A,"BONEG 1N, BONEG 1P, BONEG 1Q, BONOL 1N, BONOL 1P, BONOL 1Q",MATCH,independently_consistent,True,False,True,AWAITING_INDIVIDUAL_VISUAL_VERIFICATION,,images/pages_0801_1200/0869.jpg,"180^ V O R BONOL 164^ Apt Elev *ATIS 126.250 Alt Set: hPa Trans level: By ATC Actual descent clearance will be as directed by ATC. BONOL 1N, 1P, 1Q 10000 5500T 15 4054 OIYY/AZD .STAR. YAZD, IRAN 10-2A JEPPESEN .Eff.25.Mar. SHAHID SADOOGHI INTL 12 MAR 21 50 115 127 BONEG 1P [BONE1",d86b5b5e262a775f8e91d28a403f4b163992dbdd1733ca28e1ba6e46ce8a7ab6
870,OIYY,,STAR,STAR,10-2B,"GADPU 1N, GADPU 1P, GADPU 1Q, TOVTA 1N, TOVTA 1P, TOVTA 1Q, VEDOP 1N, VEDOP 1P, VEDOP 1Q",MATCH,independently_consistent,True,False,True,AWAITING_INDIVIDUAL_VISUAL_VERIFICATION,,images/pages_0801_1200/0870.jpg,"00 DPU 305^ D VEDOP 311^ 320^ pt Elev 4054 Alt Set: hPa Trans level: By ATC Actual descent clearance will be as directed by ATC. 9500 VEDOP 1P 15.2 6700T MHA 9500 9100T 50 OIYY/AZD .STAR. YAZD, IRAN 10-2B JEPPESEN .Eff.25.Mar. SHAHID SADOOGHI INTL 12 MAR 21 157 55-00 DP1N], GADPU",d86b5b5e262a775f8e91d28a403f4b163992dbdd1733ca28e1ba6e46ce8a7ab6
871,OIYY,OIYY,STAR,STAR,10-2C,BOMUN 1D,MATCH,independently_consistent,True,False,True,AWAITING_INDIVIDUAL_VISUAL_VERIFICATION,,images/pages_0801_1200/0871.jpg,"Apt Elev *ATIS 126.250 4054 Actual descent clearance will be as directed by ATC. Alt Set: hPa Trans level: By ATC 50 OIYY/AZD .STAR. YAZD, IRAN 10-2C JEPPESEN .Eff.25.Mar. SHAHID SADOOGHI INTL 12 MAR 21 (RWYS 13, 31) [BOMU1D] BOMUN 1D ARRIVAL Printed from JeppView for Windows 5.3",d86b5b5e262a775f8e91d28a403f4b163992dbdd1733ca28e1ba6e46ce8a7ab6
872,OIYY,OIYY,STAR,STAR,10-2D,"BONEG 1D, BONOL 1D",MATCH,independently_consistent,True,False,True,AWAITING_INDIVIDUAL_VISUAL_VERIFICATION,,images/pages_0801_1200/0872.jpg,"Apt Elev *ATIS 126.250 Actual descent clearance will be as directed by ATC. Alt Set: hPa Trans level: By ATC 4054 BONOL 161^ 50 OIYY/AZD .STAR. YAZD, IRAN 10-2D JEPPESEN .Eff.25.Mar. SHAHID SADOOGHI INTL 12 MAR 21 BONEG 1D [BONE1D] BONOL 1D [BONO1D] ARRIVALS (RWYS 13, 31) Printed",d86b5b5e262a775f8e91d28a403f4b163992dbdd1733ca28e1ba6e46ce8a7ab6
873,OIYY,OIYY,STAR,STAR,10-2E,"GADPU 1D, TOVTA 1D, VEDOP 1D",MATCH,independently_consistent,True,False,True,AWAITING_INDIVIDUAL_VISUAL_VERIFICATION,,images/pages_0801_1200/0873.jpg,"PU VEDOP 314^ Apt Elev Alt Set: hPa Trans level: By ATC Actual descent clearance will be as directed by ATC. 4054 OIYY/AZD .STAR. YAZD, IRAN 10-2E JEPPESEN .Eff.25.Mar. SHAHID SADOOGHI INTL 12 MAR 21 50 55-00 GADPU 1D [GADP1D] TOVTA 1D [TOVT1D] VEDOP 1D [VEDO1D] ARRIVALS (RWYS 13",d86b5b5e262a775f8e91d28a403f4b163992dbdd1733ca28e1ba6e46ce8a7ab6
874,OIYY,OIYY,SID,SID,10-3,"BOMIT 1A, BOMIT 1B, BOMUN 3A, BOMUN 3B",MATCH,independently_consistent,True,False,True,AWAITING_INDIVIDUAL_VISUAL_VERIFICATION,,images/pages_0801_1200/0874.jpg,"180^ BOMIT Apt Elev Trans alt: 12000 4054 35 40 45 OIYY/AZD 10-3 YAZD, IRAN .SID. JEPPESEN .Eff.25.Mar. SHAHID SADOOGHI INTL 12 MAR 21 BOMIT 1A [BOMI1A], BOMIT 1B [BOMI1B] BOMUN 3A [BOMU3A], BOMUN 3B [BOMU3B] DEPARTURES Printed from JeppView for Windows 5.3.0.0 on 09 Oct 2026; Te",d86b5b5e262a775f8e91d28a403f4b163992dbdd1733ca28e1ba6e46ce8a7ab6
875,OIYY,OIYY,SID,SID,10-3A,"BOMUN 2C, BOMUN 2D",MATCH,independently_consistent,True,False,True,AWAITING_INDIVIDUAL_VISUAL_VERIFICATION,,images/pages_0801_1200/0875.jpg,"180^ 10,700 Apt Elev Trans alt: 12000 4054 35 40 45 OIYY/AZD YAZD, IRAN .SID. 10-3A JEPPESEN .Eff.25.Mar. SHAHID SADOOGHI INTL 12 MAR 21 127 BOMUN 2C [BOMU2C], BOMUN 2D [BOMU2D] DEPARTURES Printed from JeppView for Windows 5.3.0.0 on 09 Oct 2026; Terminal chart data cycle 21-2026",d86b5b5e262a775f8e91d28a403f4b163992dbdd1733ca28e1ba6e46ce8a7ab6
876,OIYY,OIYY,SID,SID,10-3B,"GADPU 2B, GADPU 2C, VEDOP 2A, VEDOP 2B",MATCH,independently_consistent,True,False,True,AWAITING_INDIVIDUAL_VISUAL_VERIFICATION,,images/pages_0801_1200/0876.jpg,"180^ Apt Elev Trans alt: 12000 4054 25 OIYY/AZD YAZD, IRAN .SID. 10-3B JEPPESEN SHAHID SADOOGHI INTL 12 MAR 21 .Eff.25.Mar. 127 32-00 VEDOP 2A [VEDO2A], VEDOP 2B [VEDO2B] GADPU 2B [GADP2B], GADPU 2C [GADP2C] DEPARTURES Printed from JeppView for Windows 5.3.0.0 on 09 Oct 2026; Ter",d86b5b5e262a775f8e91d28a403f4b163992dbdd1733ca28e1ba6e46ce8a7ab6
877,OIYY,OIYY,SID,SID,10-3C,"GADPU 1D, VEDOP 1C",MATCH,independently_consistent,True,False,True,AWAITING_INDIVIDUAL_VISUAL_VERIFICATION,,images/pages_0801_1200/0877.jpg,"31 314^ 180^ 10,700 090^ 7000 Apt Elev 402 YZD YAZD YZD GADPU 1D Trans alt: 12000 4054 25 OIYY/AZD YAZD, IRAN .SID. 10-3C JEPPESEN SHAHID SADOOGHI INTL 12 MAR 21 .Eff.25.Mar. 1 1 DEPARTURES (RWY 13) GADPU 1D [GADP1D], VEDOP 1C [VEDO1C] Printed from JeppView for Windows 5.3.0.0 on",d86b5b5e262a775f8e91d28a403f4b163992dbdd1733ca28e1ba6e46ce8a7ab6
878,OIYY,,SID,SID,10-3D,"BONEG 5A, BONEG 5B, BONOL 3A, BONOL 3B, TOVTA 2A, TOVTA 2B",MATCH,independently_consistent,True,False,True,AWAITING_INDIVIDUAL_VISUAL_VERIFICATION,,images/pages_0801_1200/0878.jpg,"Apt Elev Trans alt: 12000 4054 JEPPESEN YAZD, IRAN 10-3D .Eff.25.Mar. 12 MAR 21 55-00 DEPARTURES BONEG 5A [BONE5A] BONEG 5B [BONE5B] BONOL 3A [BONO3A] BONOL 3B [BONO3B] TOVTA 2A [TOVT2A] TOVTA 2B [TOVT2B] RWY 31 SID ROUTING 13 31 13 31 13 BONEG 5A BONEG 5B TOVTA 2A TOVTA 2B BONOL",d86b5b5e262a775f8e91d28a403f4b163992dbdd1733ca28e1ba6e46ce8a7ab6
879,OIYY,,SID,SID,10-3E,"BONEG 3C, BONEG 3D, BONOL 1C, BONOL 1D, TOVTA 1C, TOVTA 1D",MATCH,independently_consistent,True,False,True,AWAITING_INDIVIDUAL_VISUAL_VERIFICATION,,images/pages_0801_1200/0879.jpg,"Apt Elev BONOL 1C, 1D, TOVTA 1C, 1D: 350 per NM. These SIDs require a minimum climb gradient of Trans alt: 12000 4054 Turn RIGHT, intercept 342^ bearing from YZD NDB to BONOL, climb to cleared FL. Turn LEFT, intercept 289^ bearing from YZD NDB to TOVTA, climb to cleared FL. JEPPE",d86b5b5e262a775f8e91d28a403f4b163992dbdd1733ca28e1ba6e46ce8a7ab6
880,OIYY,,AIRPORT,AIRPORT,10-9,Airport Diagram Chart (ADC),MATCH,independently_consistent,True,False,True,AWAITING_INDIVIDUAL_VISUAL_VERIFICATION,,images/pages_0801_1200/0880.jpg,"Apt Elev 03^E P5 P6 JEPPESEN 31-55 31-55 54-15 54-16 54-17 54-18 20 FEB 26 13 130^ 4054' N31 54.4 E054 16.6 YAZD, IRAN 10-9 Elev 3984' Stopway 659' 201m OIYY/AZD SHAHID SADOOGHI INTL 126.250 121.9 YAZD Tower (GND) All ACFT arriving to Apron shall contact Apron management unit at ",d86b5b5e262a775f8e91d28a403f4b163992dbdd1733ca28e1ba6e46ce8a7ab6
881,OIYY,OIYY,AIRPORT,AIRPORT,10-9A,PARKING STANDS & COORDS,MATCH,independently_consistent,True,False,True,AWAITING_INDIVIDUAL_VISUAL_VERIFICATION,,images/pages_0801_1200/0881.jpg,"OIYY/AZD JEPPESEN 54-17 31-54.2 31-54.3 31-54.2 31-54.3 54-16.8 54-17.1 C Control Tower TERMINAL 2 APRON 2 D 101 102 103 104 Isolated parking position 20 FEB 26 54-16.9 10-9A SHAHID SADOOGHI INTL YAZD, IRAN Printed from JeppView for Windows 5.3.0.0 on 09 Oct 2026; Terminal chart ",d86b5b5e262a775f8e91d28a403f4b163992dbdd1733ca28e1ba6e46ce8a7ab6
882,OIYY,,AIRPORT,AIRPORT,10-9S,MINIMUMS,MATCH,independently_consistent,True,False,True,AWAITING_INDIVIDUAL_VISUAL_VERIFICATION,,images/pages_0801_1200/0882.jpg,10-9S JEPPESEN 13 ALS out (436') (436') (436') (436') 4420' 4420' 4420' 4420' ALS out (516') (516') 1 4500' 4500' ALS out (516') (516') 4500' 4500' 1 .EASA.AIR.OPS. ALS out (436') (436') (436') (436') 4420' 4420' 4420' 4420' 31 MAY 24 R/V1600m R/V1600m R/V1600m R/V1600m R/V2000m ,d86b5b5e262a775f8e91d28a403f4b163992dbdd1733ca28e1ba6e46ce8a7ab6
883,OIYY,OIYY,APP,APP,11-1,CHART PAGE 578,MATCH,independently_consistent,True,False,True,AWAITING_INDIVIDUAL_VISUAL_VERIFICATION,,images/pages_0801_1200/0883.jpg,"5000 6000 10 MISSED APCH: BRIEFING STRIP TM YAZD, IRAN 11-1 LOC 108.9 Final Apch Crs 310^ 5900' DA(H) IYZD OIYY/AZD JEPPESEN SHAHID SADOOGHI INTL 122.7 YAZD Tower (APP) 121.9 Ground 126.250 *ATIS Rwy 4054' Apt Elev 4054' 117.7 YZD YAZD YZD D D5.8 IYZD (1846') 4317'(263') NOT CROS",d86b5b5e262a775f8e91d28a403f4b163992dbdd1733ca28e1ba6e46ce8a7ab6
884,OIYY,OIYY,APP,APP,13-1,VOR Z RWY 13,MATCH,independently_consistent,True,False,True,AWAITING_INDIVIDUAL_VISUAL_VERIFICATION,,images/pages_0801_1200/0884.jpg,"5000 MISSED APCH: BRIEFING STRIP TM YAZD, IRAN 13-1 VOR 117.7 Final Apch Crs 132^ D5.0 5100' YZD OIYY/AZD R-125 to 5500', then turn LEFT to VOR and proceed on R-312 to JEPPESEN SHAHID SADOOGHI INTL 122.7 YAZD Tower (APP) 121.9 Ground 126.250 *ATIS MHA 8000 MAX 230 KT Rwy 3984' Ap",d86b5b5e262a775f8e91d28a403f4b163992dbdd1733ca28e1ba6e46ce8a7ab6
885,OIYY,OIYY,APP,APP,13-2,VOR Y RWY 13,MATCH,independently_consistent,True,False,True,AWAITING_INDIVIDUAL_VISUAL_VERIFICATION,,images/pages_0801_1200/0885.jpg,"MISSED APCH: BRIEFING STRIP TM YAZD, IRAN 13-2 VOR 117.7 Final Apch Crs 132^ D5.0 5100' YZD 10 OIYY/AZD JEPPESEN SHAHID SADOOGHI INTL 122.7 YAZD Tower (APP) 121.9 Ground 126.250 *ATIS Rwy 3984' Apt Elev 4054' (1116') 4420'(436') DA/MDA(H) MAX 185 KT 127^ 307^ HOLDING FIX MHA 1000",d86b5b5e262a775f8e91d28a403f4b163992dbdd1733ca28e1ba6e46ce8a7ab6
886,OIYY,,APP,APP,13-3,VOR X RWY 13 CAT C & D,MATCH,independently_consistent,True,False,True,AWAITING_INDIVIDUAL_VISUAL_VERIFICATION,,images/pages_0801_1200/0886.jpg,"600 7000 8000 MISSED APCH: BRIEFING STRIP TM YAZD, IRAN 13-3 122.7 VOR 117.7 Final Apch Crs 132^ 4500' (516') Apt Elev 4054' Rwy 3984' YZD No FAF Climb on R-128 to 7300', then turn LEFT to rejoin OIYY/AZD JEPPESEN SHAHID SADOOGHI INTL 121.9 YAZD Tower (APP) Ground *ATIS 126.250 h",d86b5b5e262a775f8e91d28a403f4b163992dbdd1733ca28e1ba6e46ce8a7ab6
887,OIYY,OIYY,APP,APP,13-4,VOR Z RWY 31,MATCH,independently_consistent,True,False,True,AWAITING_INDIVIDUAL_VISUAL_VERIFICATION,,images/pages_0801_1200/0887.jpg,"5000 6000 MISSED APCH: BRIEFING STRIP TM YAZD, IRAN 13-4 VOR 117.7 Final Apch Crs 305^ D5.0 5500'(1446') 4520' Apt Elev 4054' YZD Climb STRAIGHT AHEAD to VOR, then climb on OIYY/AZD JEPPESEN 122.7 121.9 YAZD Tower (APP) Ground SHAHID SADOOGHI INTL *ATIS 126.250 BEYOND R-010 DO NO",d86b5b5e262a775f8e91d28a403f4b163992dbdd1733ca28e1ba6e46ce8a7ab6
888,OIYY,OIYY,APP,APP,13-5,VOR Y RWY 31,MATCH,independently_consistent,True,False,True,AWAITING_INDIVIDUAL_VISUAL_VERIFICATION,,images/pages_0801_1200/0888.jpg,"YAZD Pardis Yazd OIYP 5000 MISSED APCH: BRIEFING STRIP TM YAZD, IRAN 13-5 VOR 117.7 Final Apch Crs 305^ 4520' (466') Apt Elev 4054' YZD OIYY/AZD JEPPESEN SHAHID SADOOGHI INTL 122.7 121.9 YAZD Tower (APP) Ground *ATIS 126.250 MAX 210 KT D5.0 5500'(1446') Climb STRAIGHT AHEAD to VO",d86b5b5e262a775f8e91d28a403f4b163992dbdd1733ca28e1ba6e46ce8a7ab6
889,OIYY,OIYY,APP,APP,13-6,CHART PAGE 584,MATCH,independently_consistent,True,False,True,AWAITING_INDIVIDUAL_VISUAL_VERIFICATION,,images/pages_0801_1200/0889.jpg,"7000 8000 MISSED APCH: BRIEFING STRIP TM YAZD, IRAN 13-6 122.7 VOR 117.7 Final Apch Crs 132^ Apt Elev 4054' YZD No FAF Climb on R-128 to 7300', then turn LEFT to rejoin OIYY/AZD JEPPESEN SHAHID SADOOGHI INTL 121.9 YAZD Tower (APP) Ground *ATIS 126.250 holding at 10000'. CAT A & B",d86b5b5e262a775f8e91d28a403f4b163992dbdd1733ca28e1ba6e46ce8a7ab6
890,OIYY,OIYY,APP,APP,13-7,CHART PAGE 585,MATCH,independently_consistent,True,False,True,AWAITING_INDIVIDUAL_VISUAL_VERIFICATION,,images/pages_0801_1200/0890.jpg,"YAZD Pardis Yazd OIYP 5000 MISSED APCH: BRIEFING STRIP TM YAZD, IRAN 13-7 VOR 117.7 Final Apch Crs 305^ Apt Elev 4054' YZD OIYY/AZD JEPPESEN SHAHID SADOOGHI INTL 122.7 121.9 YAZD Tower (APP) Ground *ATIS 126.250 MAX 230 KT 128^ 308^ HOLDING FIX MHA 10000 YZD VOR 32-00 MDA(H) Refe",d86b5b5e262a775f8e91d28a403f4b163992dbdd1733ca28e1ba6e46ce8a7ab6
891,OIYY,OIYP,APP,APP,16-1,NDB A,REVIEW,header_icao_differs_from_index,True,False,True,AWAITING_INDIVIDUAL_VISUAL_VERIFICATION,,images/pages_0801_1200/0891.jpg,"6000 7000 8000 MISSED APCH: BRIEFING STRIP TM YAZD, IRAN 16-1 NDB Final Apch Crs 306^ MDA(H) 5000'(946') Apt Elev 4054' YZD No FAF 402 Climb on 306^ to 6500', then turn RIGHT to rejoin holding at 8500'. OIYY/AZD JEPPESEN SHAHID SADOOGHI INTL 122.7 121.9 YAZD Tower (APP) Ground *A",d86b5b5e262a775f8e91d28a403f4b163992dbdd1733ca28e1ba6e46ce8a7ab6
892,OIZB,OIZB,AIRPORT,AIRPORT,,AIRPORT INFORMATION,MATCH,independently_consistent,True,False,True,AWAITING_INDIVIDUAL_VISUAL_VERIFICATION,,images/pages_0801_1200/0892.jpg,"General Information Location: ZABOL IRN ICAO/IATA: OIZB / ACZ Lat/Long: N31° 05.9', E061° 32.6' Elevation: 1577 ft Airport Use: Public Daylight Savings: Not Observed UTC Conversion: -3:30 = UTC Magnetic Variation: 3.0° E General Information Location: ZABOL IRN ICAO/IATA: OIZB / A",d86b5b5e262a775f8e91d28a403f4b163992dbdd1733ca28e1ba6e46ce8a7ab6
893,OIZB,OIZB,STAR,STAR,10-2,"ELOKA 1N, ELOKA 1P, ELOKA 1Q",MATCH,independently_consistent,True,False,True,AWAITING_INDIVIDUAL_VISUAL_VERIFICATION,,images/pages_0801_1200/0893.jpg,"10^ R200^ Apt Elev OIZB/ACZ 10-2 ZABOL ZABOL, IRAN 1572' JEPPESEN .STAR. ZABOL 113.1 ZAL ZAL N31 05.7 E061 32.5 D AL R280^ 22 DEC 23 .Eff.28.Dec. Alt Set: hPa Trans level: FL70 Trans alt: 5000' MSA 3600' ZAL VOR TO SCALE RWYS 16, 34 ARRIVALS 4 0 0 0 ELOKA 1N [ELOK1N] ELOKA 1P [EL",d86b5b5e262a775f8e91d28a403f4b163992dbdd1733ca28e1ba6e46ce8a7ab6
894,OIZB,OIZB,SID,SID,10-3,"ELOKA 2A, ELOKA 2B",MATCH,independently_consistent,True,False,True,AWAITING_INDIVIDUAL_VISUAL_VERIFICATION,,images/pages_0801_1200/0894.jpg,"Apt Elev .SID. OIZB/ACZ ZABOL ZABOL, IRAN 1572' Trans level: FL70 Trans alt: 5000' JEPPESEN BASED ON NDB 10-3 1 MAY 15 MSA 3600' ZAL NDB ELOKA 2A ELOKA 2B RWYS 34, 16 DEPARTURES [ELOK2B] [ELOK2A] Printed from JeppView for Windows 5.3.0.0 on 09 Oct 2026; Terminal chart data cycle ",d86b5b5e262a775f8e91d28a403f4b163992dbdd1733ca28e1ba6e46ce8a7ab6
895,OIZB,OIZB,SID,SID,10-3A,"ELOKA 2C, ELOKA 2D",MATCH,independently_consistent,True,False,True,AWAITING_INDIVIDUAL_VISUAL_VERIFICATION,,images/pages_0801_1200/0895.jpg,"Apt Elev .SID. OIZB/ACZ ZABOL ZABOL, IRAN 1572' Trans level: FL70 Trans alt: 5000' JEPPESEN BASED ON VOR 10-3A 1 MAY 15 MSA 3600' ZAL VOR ELOKA 2C [ELOK2C] ELOKA 2D [ELOK2D] RWYS 34, 16 DEPARTURES Printed from JeppView for Windows 5.3.0.0 on 09 Oct 2026; Terminal chart data cycle",d86b5b5e262a775f8e91d28a403f4b163992dbdd1733ca28e1ba6e46ce8a7ab6
896,OIZH,OIZH,AIRPORT,AIRPORT,10-9,Airport Diagram Chart (ADC),MATCH,independently_consistent,True,False,True,AWAITING_INDIVIDUAL_VISUAL_VERIFICATION,,images/pages_0801_1200/0896.jpg,"Apt Elev 164^ 02^E 61-32 61-33 61-34 Elev 1567' JEPPESEN Birds in vicinity of airport. 18 AUG 23 Strolling animals exist on the movement area. PPR at least 72 hours before EOBT from OIZH. 1572' ZABOL 10-9 ZABOL, IRAN Stopway 833'254m *ZABOL Information 16 118.350 121.7 N31 05.9 E",d86b5b5e262a775f8e91d28a403f4b163992dbdd1733ca28e1ba6e46ce8a7ab6
897,OIZB,OIZB,APP,APP,13-1,VOR Z RWY 16,MATCH,independently_consistent,True,False,True,AWAITING_INDIVIDUAL_VISUAL_VERIFICATION,,images/pages_0801_1200/0897.jpg,"MISSED APCH: ZABOL, IRAN ZABOL 13-1 VOR ZAL Final Apch Crs 170^ 2000'(423') Apt Elev 1577' OIZB/ACZ Apt Elev: 56 hPa 113.1 D6.0 2900'(1323') Climb STRAIGHT AHEAD to VOR, then turn RIGHT on R-310 to rejoin holding at 4000'. 130^ D M E Ar c 9 00 D12.0 D11.0 (IAF) (IF) 17 10 BRIEFIN",d86b5b5e262a775f8e91d28a403f4b163992dbdd1733ca28e1ba6e46ce8a7ab6
898,OIZB,OIZB,APP,APP,13-2,VOR Y RWY 16,MATCH,independently_consistent,True,False,True,AWAITING_INDIVIDUAL_VISUAL_VERIFICATION,,images/pages_0801_1200/0898.jpg,"IRAN AFGHANISTAN MISSED APCH: ZABOL, IRAN ZABOL 13-2 VOR ZAL Final Apch Crs 170^ MDA(H) 2000'(423') Apt Elev 1577' OIZB/ACZ Apt Elev: 56 hPa 113.1 10 BRIEFING STRIP TM JEPPESEN No FAF Climb on R-140 to 3000', then turn RIGHT to rejoin holding at 4000'. 22 DEC 23 .Eff.28.Dec. VOR ",d86b5b5e262a775f8e91d28a403f4b163992dbdd1733ca28e1ba6e46ce8a7ab6
899,OIZB,OIZB,APP,APP,13-3,VOR Z RWY 34,MATCH,independently_consistent,True,False,True,AWAITING_INDIVIDUAL_VISUAL_VERIFICATION,,images/pages_0801_1200/0899.jpg,"MISSED APCH: ZABOL, IRAN ZABOL 13-3 VOR ZAL Final Apch Crs 340^ 2310'(733') Apt Elev 1577' OIZB/ACZ Apt Elev: 56 hPa 113.1 D6.0 2900'(1323') Climb STRAIGHT AHEAD to VOR, then turn LEFT on R-200 to rejoin holding at 4000'. 10 BRIEFING STRIP TM ZABOL 113.1 ZAL DZ A L 31-05 JEPPESEN",d86b5b5e262a775f8e91d28a403f4b163992dbdd1733ca28e1ba6e46ce8a7ab6
900,OIZB,OIZB,APP,APP,13-4,VOR Y RWY 34,MATCH,independently_consistent,True,False,True,AWAITING_INDIVIDUAL_VISUAL_VERIFICATION,,images/pages_0801_1200/0900.jpg,"MISSED APCH: ZABOL, IRAN ZABOL 13-4 VOR ZAL Final Apch Crs 340^ MDA(H) 2310'(733') Apt Elev 1577' OIZB/ACZ Apt Elev: 56 hPa 113.1 10 BRIEFING STRIP TM ZABOL Z A L No FAF Climb on R-340 to 3000', then turn LEFT to rejoin holding at 4000'. JEPPESEN (IAF) 22 DEC 23 .Eff.28.Dec. VOR ",d86b5b5e262a775f8e91d28a403f4b163992dbdd1733ca28e1ba6e46ce8a7ab6
901,OIZB,OIZB,APP,APP,16-1,NDB RWY 34,MATCH,independently_consistent,True,False,True,AWAITING_INDIVIDUAL_VISUAL_VERIFICATION,,images/pages_0801_1200/0901.jpg,"IRAN AFGHANISTAN Z A L MISSED APCH: 10 ZABOL, IRAN ZABOL NDB Rwy 34 16-1 NDB 295 ZAL Final Apch Crs 338^ 2380'(803') Apt Elev 1577' Climb on track 338^ to 2800', then turn LEFT to rejoin holding at 3500'. OIZB/ACZ BRIEFING STRIP TM Apt Elev: 56 hPa JEPPESEN (IAF) 22 DEC 23 [FN34]",d86b5b5e262a775f8e91d28a403f4b163992dbdd1733ca28e1ba6e46ce8a7ab6
902,OIZC,OIZC,AIRPORT,AIRPORT,,AIRPORT INFORMATION,REVIEW,only_old_index_supports_category,True,False,True,AWAITING_INDIVIDUAL_VISUAL_VERIFICATION,,images/pages_0801_1200/0902.jpg,"General Information Location: CHAH BAHAR IRN ICAO/IATA: OIZC / ZBR Lat/Long: N25° 26.7', E060° 23.0' Elevation: 24 ft Airport Use: Military Daylight Savings: Not Observed UTC Conversion: -3:30 = UTC Magnetic Variation: 1.0° E Runway: 27R Length x Width: 12418 ft x 148 ft Surface ",d86b5b5e262a775f8e91d28a403f4b163992dbdd1733ca28e1ba6e46ce8a7ab6
903,OIZC,OIZC,AIRPORT,AIRPORT,,AIRPORT INFORMATION,REVIEW,only_old_index_supports_category,True,False,True,AWAITING_INDIVIDUAL_VISUAL_VERIFICATION,,images/pages_0801_1200/0903.jpg,"General Information Location: CHAH BAHAR IRN ICAO/IATA: OIZC / ZBR Lat/Long: N25° 26.7', E060° 23.0' Elevation: 24 ft Airport Use: Military Daylight Savings: Not Observed UTC Conversion: -3:30 = UTC Magnetic Variation: 1.0° E Runway: 27R Length x Width: 12418 ft x 148 ft Surface ",d86b5b5e262a775f8e91d28a403f4b163992dbdd1733ca28e1ba6e46ce8a7ab6
904,OIZC,OIZC,STAR,STAR,10-2,"EGLES 1D, EGLES 1E, EGLES 1F, EGNUX 1D, EGNUX 1E, EGNUX 1F",MATCH,independently_consistent,True,False,True,AWAITING_INDIVIDUAL_VISUAL_VERIFICATION,,images/pages_0801_1200/0904.jpg,EGLES Apt Elev ARRIVALS Alt Set: hPa Trans level: By ATC Actual descent clearance will be as directed by ATC. EGLES 1D [EGLE1D] EGLES 1E [EGLE1E] EGLES 1F [EGLE1F] EGNUX 1D [EGNU1D] EGNUX 1E [EGNU1E] EGNUX 1F [EGNU1F] (ALL RWYS) 24 10-2 .STAR. JEPPESEN OIZC/ZBR KONARAK CHAH BAHAR,d86b5b5e262a775f8e91d28a403f4b163992dbdd1733ca28e1ba6e46ce8a7ab6
905,OIZC,OIZC,STAR,STAR,10-2A,"EGPER 1D, EGPER 1E, EGPER 1F",MATCH,independently_consistent,True,False,True,AWAITING_INDIVIDUAL_VISUAL_VERIFICATION,,images/pages_0801_1200/0905.jpg,"Apt Elev 24 Alt Set: hPa Trans level: By ATC Actual descent clearance will be as directed by ATC. EGPER 1D [EGPE1D] EGPER 1E [EGPE1E] EGPER 1F [EGPE1F] (ALL RWYS) ARRIVALS .STAR. JEPPESEN OIZC/ZBR KONARAK CHAH BAHAR, IRAN 10-2A 3879 35 40 45 14 OCT 22 26-00 CONTOUR INTERVALS 4000",d86b5b5e262a775f8e91d28a403f4b163992dbdd1733ca28e1ba6e46ce8a7ab6
906,OIZC,,SID,SID,10-3,"EGLES 1E, EGLES 1F, EGNUX 1E, EGNUX 1F",MATCH,independently_consistent,True,False,True,AWAITING_INDIVIDUAL_VISUAL_VERIFICATION,,images/pages_0801_1200/0906.jpg,"2400 270^ Apt Elev 24 Trans alt: 3000 EGLES 1E [EGLE1E] EGLES 1F [EGLE1F] EGNUX 1E [EGNU1E] EGNUX 1F [EGNU1F] DEPARTURES (ALL RWYS) 27L/R 09L/R 27L/R 09L/R Turn RIGHT, intercept CBH R007 to EGLES, climb to cleared FL. Turn LEFT, intercept CBH R007 to EGLES, climb to cleared FL. T",d86b5b5e262a775f8e91d28a403f4b163992dbdd1733ca28e1ba6e46ce8a7ab6
907,OIZC,,SID,SID,10-3A,"EGLES 1G, EGLES 1H, EGNUX 1G, EGNUX 1H",MATCH,independently_consistent,True,False,True,AWAITING_INDIVIDUAL_VISUAL_VERIFICATION,,images/pages_0801_1200/0907.jpg,"OI(D)-21 2400 270^ 0 Apt Elev 24 Trans alt: 3000 EGLES 1G [EGLE1G] EGNUX 1G [EGNU1G] EGNUX 1H [EGNU1H] EGLES 1H [EGLE1H] DEPARTURES (ALL RWYS) 27L/R 09L/R 27L/R 09L/R 1 Not useable when OI(D)-21 active. 1 Climb on CBH R270 to 2500, turn LEFT to CBH VOR, turn LEFT, CBH R007 to EGL",d86b5b5e262a775f8e91d28a403f4b163992dbdd1733ca28e1ba6e46ce8a7ab6
908,OIZC,,SID,SID,10-3B,"EGPER 1E, EGPER 1F, EGPER 1G, EGPER 1H",MATCH,independently_consistent,True,False,True,AWAITING_INDIVIDUAL_VISUAL_VERIFICATION,,images/pages_0801_1200/0908.jpg,"OI(D)-21 270^ 27L/R 09L/R 1 Not useable when OI(D)-21 active. 1 Apt Elev 24 Trans alt: 3000 EGPER 1E [EGPE1E] EGPER 1F [EGPE1F] EGPER 1G [EGPE1G] EGPER 1H [EGPE1H] DEPARTURES (ALL RWYS) Climb on CBH R270 to 2000, turn RIGHT, intercept CBH R327 to EGPER, climb to cleared FL. Climb",d86b5b5e262a775f8e91d28a403f4b163992dbdd1733ca28e1ba6e46ce8a7ab6
909,OIZC,,AIRPORT,AIRPORT,10-9,Airport Diagram Chart (ADC),MATCH,independently_consistent,True,False,True,AWAITING_INDIVIDUAL_VISUAL_VERIFICATION,,images/pages_0801_1200/0909.jpg,"01^E Apt Elev JEPPESEN 25-27 25-27 25-28 25-28 60-21 60-22 60-23 60-24 60-25 7 OCT 22 Civil ACFT are authorized to operate only during daylight. 24' 10-9 CHAH BAHAR, IRAN N25 26.7 E060 23.0 OIZC/ZBR 1178' 359m Stopway 1178' 359m Stopway KONARAK *CHAH BAHAR Tower 125.2 121.7 Print",d86b5b5e262a775f8e91d28a403f4b163992dbdd1733ca28e1ba6e46ce8a7ab6
910,OIZC,,AIRPORT,AIRPORT,10-9S,MINIMUMS,MATCH,independently_consistent,True,False,True,AWAITING_INDIVIDUAL_VISUAL_VERIFICATION,,images/pages_0801_1200/0910.jpg,10-9S JEPPESEN ALS out 380'(356') 380'(356') 380'(356') 380'(356') 09L 1 ALS out 380'(356') (356') 380'(356') 380'(356') 380' ALS out 380'(356') 380'(356') 380'(356') 380'(356') 1 VOR 2 VOR 2 VOR DME 2 or 3 .EASA.AIR.OPS. VOR DME 2 or 3 ALS out 380'(356') 380'(356') 380'(356') 38,d86b5b5e262a775f8e91d28a403f4b163992dbdd1733ca28e1ba6e46ce8a7ab6
911,OIZC,OIZC,AIRPORT,AIRPORT,10-9S1,MINIMUMS,MATCH,independently_consistent,True,False,True,AWAITING_INDIVIDUAL_VISUAL_VERIFICATION,,images/pages_0801_1200/0911.jpg,"10-9S1 JEPPESEN .EASA.AIR.OPS. 7 OCT 22 DAY R/V500m Adequate Vis Ref R400m RCLM & RL Low Visibility Procedures required OIZC/ZBR CHAH BAHAR, IRAN KONARAK TAKE-OFF Printed from JeppView for Windows 5.3.0.0 on 09 Oct 2026; Terminal chart data cycle 21-2026; Notice: After 21 Oct 202",d86b5b5e262a775f8e91d28a403f4b163992dbdd1733ca28e1ba6e46ce8a7ab6
912,OIZC,,APP,APP,13-1,VOR DME 2 RWY 09L,MATCH,independently_consistent,True,False,True,AWAITING_INDIVIDUAL_VISUAL_VERIFICATION,,images/pages_0801_1200/0912.jpg,"1000 1000 1000 1000 1000 1000 1000 2000 2000 183^ 003^ MISSED APCH: CHAH BAHAR, IRAN VOR CBH 115.6 Final Apch Crs 090^ D8.0 1900'(1876') 380'(356') MSA CBH VOR 270^ 090^ 360^ Alt Set: hPa Trans level: By ATC Trans alt: 3000' 5 20 Apt Elev: 1 hPa D17.0 Climb on 090^ to 1500', then",d86b5b5e262a775f8e91d28a403f4b163992dbdd1733ca28e1ba6e46ce8a7ab6
913,OIZC,,APP,APP,13-2,VOR DME 3 RWY 09L,MATCH,independently_consistent,True,False,True,AWAITING_INDIVIDUAL_VISUAL_VERIFICATION,,images/pages_0801_1200/0913.jpg,"1000 1000 1000 1000 1000 2000 2000 MISSED APCH: CHAH BAHAR, IRAN VOR CBH 115.6 090^ D8.0 1900'(1876') Final Apch Crs MSA CBH VOR 270^ 090^ 360^ 5 20 380'(356') Climb on 090^ to VOR, then turn RIGHT to rejoin VOR DME 3 Rwy 09L/R *CHAH BAHAR Approach 123.4 OIZC/ZBR Alt Set: hPa Apt",d86b5b5e262a775f8e91d28a403f4b163992dbdd1733ca28e1ba6e46ce8a7ab6
914,OIZC,OIZC,APP,APP,13-3,VOR 2 RWY 09L,MATCH,independently_consistent,True,False,True,AWAITING_INDIVIDUAL_VISUAL_VERIFICATION,,images/pages_0801_1200/0914.jpg,"1000 MISSED APCH: CHAH BAHAR, IRAN VOR CBH 115.6 090^ Final Apch Crs Apt Elev 24' MSA CBH VOR 270^ 090^ 360^ 10 No FAF 380'(356') *CHAH BAHAR Approach 123.4 OIZC/ZBR Alt Set: hPa Apt Elev: 1 hPa Trans level: By ATC Trans alt: 3000' JEPPESEN KONARAK *CHAH BAHAR Tower 125.2 121.7 V",d86b5b5e262a775f8e91d28a403f4b163992dbdd1733ca28e1ba6e46ce8a7ab6
915,OIZC,,APP,APP,13-4,VOR DME 1 RWY 27L,MATCH,independently_consistent,True,False,True,AWAITING_INDIVIDUAL_VISUAL_VERIFICATION,,images/pages_0801_1200/0915.jpg,"1000 1000 1000 1000 1000 1000 183^ 003^ MISSED APCH: CHAH BAHAR, IRAN VOR CBH 115.6 Final Apch Crs 270^ D8.0 1900'(1876') MSA CBH VOR 270^ 090^ 360^ Apt Elev 24' 15 20 D17.0 380'(356') MHA (IAF) *CHAH BAHAR Approach 123.4 OIZC/ZBR Alt Set: hPa Apt Elev: 1 hPa Trans level: By ATC ",d86b5b5e262a775f8e91d28a403f4b163992dbdd1733ca28e1ba6e46ce8a7ab6
916,OIZC,OIZC,APP,APP,13-5,VOR 1 RWY 27L,MATCH,independently_consistent,True,False,True,AWAITING_INDIVIDUAL_VISUAL_VERIFICATION,,images/pages_0801_1200/0916.jpg,"1000 1000 MISSED APCH: CHAH BAHAR, IRAN VOR CBH 115.6 270^ 890'(866') Apt Elev 24' MSA CBH VOR 270^ 090^ 360^ No FAF Final Apch Crs 10 *CHAH BAHAR Approach 123.4 OIZC/ZBR Alt Set: hPa Apt Elev: 1 hPa Trans level: By ATC Trans alt: 3000' JEPPESEN KONARAK Climb on R-270 to 1800', t",d86b5b5e262a775f8e91d28a403f4b163992dbdd1733ca28e1ba6e46ce8a7ab6
917,OIZH,OIZH,AIRPORT,AIRPORT,,AIRPORT INFORMATION,REVIEW,only_old_index_supports_category,True,False,True,AWAITING_INDIVIDUAL_VISUAL_VERIFICATION,,images/pages_0801_1200/0917.jpg,"General Information Location: ZAHEDAN IRN ICAO/IATA: OIZH / ZAH Lat/Long: N29° 28.4', E060° 54.2' Elevation: 4520 ft Airport Use: Public Daylight Savings: Not Observed UTC Conversion: -3:30 = UTC Magnetic Variation: 2.0° E Runway: 35R Length x Width: 13993 ft x 148 ft Surface Typ",d86b5b5e262a775f8e91d28a403f4b163992dbdd1733ca28e1ba6e46ce8a7ab6
918,OIZH,OIZH,AIRPORT,AIRPORT,,AIRPORT INFORMATION,REVIEW,only_old_index_supports_category,True,False,True,AWAITING_INDIVIDUAL_VISUAL_VERIFICATION,,images/pages_0801_1200/0918.jpg,"General Information Location: ZAHEDAN IRN ICAO/IATA: OIZH / ZAH Lat/Long: N29° 28.4', E060° 54.2' Elevation: 4520 ft Airport Use: Public Daylight Savings: Not Observed UTC Conversion: -3:30 = UTC Magnetic Variation: 2.0° E Runway: 35R Length x Width: 13993 ft x 148 ft Surface Typ",d86b5b5e262a775f8e91d28a403f4b163992dbdd1733ca28e1ba6e46ce8a7ab6
919,OIZH,OIZH,STAR,STAR,10-2,"DAPAP 2Z, ITBIR 2Z, LUDAX 2Z, PUVMI 2Z",MATCH,independently_consistent,True,False,True,AWAITING_INDIVIDUAL_VISUAL_VERIFICATION,,images/pages_0801_1200/0919.jpg,"OIZH/ZAH ZAHEDAN INTL ZAHEDAN, IRAN Apt Elev *ATIS JEPPESEN .RNAV.STAR. 128.450 4523 50 Alt Set: hPa Trans level: By ATC RNP 1. Actual descent clearance will be as directed by ATC. 10-2 18 SEP 26 .Eff.1.Oct. 104 34 PUVMI 2Z [PUVM2Z] DAPAP 2Z [DAPA2Z] LUDAX 2Z [LUDA2Z] ITBIR 2Z [I",d86b5b5e262a775f8e91d28a403f4b163992dbdd1733ca28e1ba6e46ce8a7ab6
920,OIZH,OIZH,STAR,STAR,10-2A,"DAPAP 1T, ITBIR 1T, LUDAX 1T, PUVMI 1T",MATCH,independently_consistent,True,False,True,AWAITING_INDIVIDUAL_VISUAL_VERIFICATION,,images/pages_0801_1200/0920.jpg,"OIZH/ZAH ZAHEDAN INTL ZAHEDAN, IRAN Apt Elev *ATIS JEPPESEN .RNAV.STAR. 10-2A 4523 50 128.450 Alt Set: hPa Trans level: By ATC RNP 1. Actual descent clearance will be as directed by ATC. 18 SEP 26 .Eff.1.Oct. .SPEED: MAX 210 KT PUVMI 1T [PUVM1T] DAPAP 1T [DAPA1T] LUDAX 1T [LUDA1T",d86b5b5e262a775f8e91d28a403f4b163992dbdd1733ca28e1ba6e46ce8a7ab6
921,OIZH,OIZH,STAR,STAR,10-2B,"DERBO 2Z, OBSEL 2Z, PEGOS 2Z, PIRAN 2Z",MATCH,independently_consistent,True,False,True,AWAITING_INDIVIDUAL_VISUAL_VERIFICATION,,images/pages_0801_1200/0921.jpg,"AFGHAN 143^ Apt Elev *ATIS 128.450 4523 OIZH/ZAH ZAHEDAN INTL ZAHEDAN, IRAN JEPPESEN .RNAV.STAR. 50 MHA 10000 Alt Set: hPa Trans level: By ATC RNP 1. Actual descent clearance will be as directed by ATC. 10-2B 18 SEP 26 .Eff.1.Oct. OBSEL 2Z [OBSE2Z] DERBO 2Z [DERB2Z] PIRAN 2Z [PIR",d86b5b5e262a775f8e91d28a403f4b163992dbdd1733ca28e1ba6e46ce8a7ab6
922,OIZH,OIZH,STAR,STAR,10-2C,"DERBO 1S, OBSEL 1S, PEGOS 1U, PIRAN 1S",MATCH,independently_consistent,True,False,True,AWAITING_INDIVIDUAL_VISUAL_VERIFICATION,,images/pages_0801_1200/0922.jpg,"OIZH/ZAH ZAHEDAN INTL ZAHEDAN, IRAN Apt Elev *ATIS JEPPESEN .RNAV.STAR. 10-2C 35 40 45 4523 128.450 RNP 1. Alt Set: hPa Trans level: By ATC Actual descent clearance will be as directed by ATC. 18 SEP 26 .Eff.1.Oct. .SPEED: MAX 210 KT OBSEL 1S [OBSE1S] DERBO 1S [DERB1S] PIRAN 1S [",d86b5b5e262a775f8e91d28a403f4b163992dbdd1733ca28e1ba6e46ce8a7ab6
923,OIZH,,STAR,STAR,10-2D,"DERBO 1X, DERBO 1Y, ITBIR 1X, ITBIR 1Y, OBSEL 1X, OBSEL 1Y, PEGOS 1X, PEGOS 1Y, PIRAN 1X, PUVMI 1X, PUVMI 1Y",MATCH,independently_consistent,True,False,True,AWAITING_INDIVIDUAL_VISUAL_VERIFICATION,,images/pages_0801_1200/0923.jpg,OR Apt Elev *ATIS 4523 128.450 ARRIVALS DERBO 1X [DERB1X] DERBO 1Y [DERB1Y] PIRAN 1X [PIRA1X] JEPPESEN .STAR. Alt Set: hPa Trans level: By ATC Actual descent clearance will be as directed by ATC. .Eff.26.Dec. 20 DEC 24 SEL RBO (RWYS 35L/R) 156 61-30 OBSEL 1X OBSEL 1Y PEGOS 1X PEG,d86b5b5e262a775f8e91d28a403f4b163992dbdd1733ca28e1ba6e46ce8a7ab6
924,OIZH,OIZH,STAR,STAR,10-2E,"DAPAP 1R, ITBIR 1Q, LUDAX 1Q, PUVMI 1Q",MATCH,independently_consistent,True,False,True,AWAITING_INDIVIDUAL_VISUAL_VERIFICATION,,images/pages_0801_1200/0924.jpg,"OIZH/ZAH .STAR. ZAHEDAN INTL ZAHEDAN, IRAN Apt Elev *ATIS JEPPESEN 10-2E 20 DEC 24 Alt Set: hPa Trans level: By ATC Actual descent clearance will be as directed by ATC. 4523 50 128.450 .Eff.26.Dec. 104 34 30-00 PUVMI 1Q [PUVM1Q] ITBIR 1Q [ITBI1Q] DAPAP 1R [DAPA1R] LUDAX 1Q [LUDA1",d86b5b5e262a775f8e91d28a403f4b163992dbdd1733ca28e1ba6e46ce8a7ab6
925,OIZH,OIZH,STAR,STAR,10-2F,"DAPAP 1X, LUDAX 1X",MATCH,independently_consistent,True,False,True,AWAITING_INDIVIDUAL_VISUAL_VERIFICATION,,images/pages_0801_1200/0925.jpg,"OIZH/ZAH .STAR. ZAHEDAN INTL ZAHEDAN, IRAN Apt Elev *ATIS 10-2F JEPPESEN 20 DEC 24 LUDAX 1X [LUDA1X] 4523 ARRIVALS 50 128.450 .Eff.26.Dec. DAPAP 1X [DAPA1X] Alt Set: hPa Trans level: By ATC Actual descent clearance will be as directed by ATC. (RWYS 35L/R) 104 34 Printed from Jepp",d86b5b5e262a775f8e91d28a403f4b163992dbdd1733ca28e1ba6e46ce8a7ab6
926,OIZH,OIZH,STAR,STAR,10-2G,"DERBO 1Q, OBSEL 1Q, PEGOS 1Q, PIRAN 1Q",MATCH,independently_consistent,True,False,True,AWAITING_INDIVIDUAL_VISUAL_VERIFICATION,,images/pages_0801_1200/0926.jpg,"AFGHANI OIZH/ZAH .STAR. ZAHEDAN INTL ZAHEDAN, IRAN Apt Elev *ATIS JEPPESEN 10-2G 20 DEC 24 Alt Set: hPa Trans level: By ATC Actual descent clearance will be as directed by ATC. 50 4523 128.450 .Eff.26.Dec. OBSEL 1Q [OBSE1Q] PEGOS 1Q [PEGO1Q] DERBO 1Q [DERB1Q] PIRAN 1Q [PIRA1Q] (A",d86b5b5e262a775f8e91d28a403f4b163992dbdd1733ca28e1ba6e46ce8a7ab6
927,OIZH,,SID,SID,10-3,"OBSEL 1D, OBSEL 1E, PEGOS 1E",MATCH,independently_consistent,True,False,True,AWAITING_INDIVIDUAL_VISUAL_VERIFICATION,,images/pages_0801_1200/0927.jpg,"PAKISTAN IRAN Apt Elev Trans alt: 11000 4523 BSEL ZAHEDAN, IRAN JEPPESEN 20 DEC 24 10-3 .Eff.26.Dec. 400 533 800 1067 1333 1600 375 500 750 1000 1250 1500 325 433 650 867 1083 1300 Gnd speed-KT 75 100 150 200 250 300 260 FT/NM 300 FT/NM 320 FT/NM 56 61-30 PEGOS 1E RWY SID ROUTING",d86b5b5e262a775f8e91d28a403f4b163992dbdd1733ca28e1ba6e46ce8a7ab6
928,OIZH,,SID,SID,10-3A,"DAPAP 2D, DAPAP 2E, ITBIR 1D, ITBIR 1E",MATCH,independently_consistent,True,False,True,AWAITING_INDIVIDUAL_VISUAL_VERIFICATION,,images/pages_0801_1200/0928.jpg,"AN 270^ Apt Elev 0 ZDN DAN DN Trans alt: 11000 4523 ZAHEDAN, IRAN .SID. 10-3A JEPPESEN 24 .Eff.26.Dec. 109 61-00 DAPAP 2E DAPAP 2D ITBIR 1D ITBIR 1E RWY SID ROUTING DEPARTURES ITBIR 1D [ITBI1D] ITBIR 1E [ITBI1E] DAPAP 2D [DAPA2D] DAPAP 2E [DAPA2E] Climb on ZDN R350 to 5500, turn ",d86b5b5e262a775f8e91d28a403f4b163992dbdd1733ca28e1ba6e46ce8a7ab6
929,OIZH,OIZH,SID,SID,10-3B,"DERBO 2D, DERBO 2E, LUDAX 2D, LUDAX 2E",MATCH,independently_consistent,True,False,True,AWAITING_INDIVIDUAL_VISUAL_VERIFICATION,,images/pages_0801_1200/0929.jpg,"N D Z VO R FL120 OIZH/ZAH ZAHEDAN INTL ZAHEDAN, IRAN .SID. 10-3B JEPPESEN 20 DEC 24 DERBO s alt: 11000 25 .Eff.26.Dec. ERB2D], DERBO 2E [DERB2E] UDA2D], LUDAX 2E [LUDA2E] DEPARTURES UTING (ALL RWYS) N VOR, ZDN R097 to cross DERBO at or DAX at or above FL130, climb to cleared FL. ",d86b5b5e262a775f8e91d28a403f4b163992dbdd1733ca28e1ba6e46ce8a7ab6
930,OIZH,OIZH,SID,SID,10-3C,PIRAN 1E,MATCH,independently_consistent,True,False,True,AWAITING_INDIVIDUAL_VISUAL_VERIFICATION,,images/pages_0801_1200/0930.jpg,"PAKIS OIZH/ZAH ZAHEDAN INTL ZAHEDAN, IRAN .SID. 10-3C JEPPESEN 20 DEC 24 Apt Elev 4523 Trans alt: 11000 25 7642 .Eff.26.Dec. PIRAN 1E DEPARTURE (RWYS 17L/R) [PIRA1E] Printed from JeppView for Windows 5.3.0.0 on 09 Oct 2026; Terminal chart data cycle 21-2026; Notice: After 21 Oct ",d86b5b5e262a775f8e91d28a403f4b163992dbdd1733ca28e1ba6e46ce8a7ab6
931,OIZH,OIZH,SID,SID,10-3D,"PEGOS 1D, PIRAN 1D",MATCH,independently_consistent,True,False,True,AWAITING_INDIVIDUAL_VISUAL_VERIFICATION,,images/pages_0801_1200/0931.jpg,9000 9000 Apt Elev Trans alt: 11000 4523 OIZH/ZAH ZAHEDAN INTL 0 5 10 15 20 5 25 PIRAN PIRAN 1D [PIRA1D] DEPARTURES (RWYS 35L/R) PEGOS 1D [PEGO1D] CHANGES: DANIX 3D renamed PEGOS 1D. Printed from JeppView for Windows 5.3.0.0 on 09 Oct 2026; Terminal chart data cycle 21-2026; Noti,d86b5b5e262a775f8e91d28a403f4b163992dbdd1733ca28e1ba6e46ce8a7ab6
932,OIZH,,SID,SID,10-3E,"PUVMI 1D, PUVMI 1E",MATCH,independently_consistent,True,False,True,AWAITING_INDIVIDUAL_VISUAL_VERIFICATION,,images/pages_0801_1200/0932.jpg,PAKISTAN IRAN 270^ Apt Elev Trans alt: 11000 4523 JEPPESEN 375 500 750 1000 1250 1500 338 450 675 900 1125 1350 Gnd speed-KT 75 100 150 200 250 300 270 FT/NM 300 FT/NM 24 .Eff.26.Dec. 109 SPEED RESTRICTION 1 1 MAX 270 KT up to overhead ZDN VOR. ROUTING PUVMI 1D [PUVM1D] PUVMI 1E ,d86b5b5e262a775f8e91d28a403f4b163992dbdd1733ca28e1ba6e46ce8a7ab6
933,OIZH,,SID,SID,10-3F,"OBSEL 1H, OBSEL 1J, PEGOS 1H, PEGOS 1J",MATCH,independently_consistent,True,False,True,AWAITING_INDIVIDUAL_VISUAL_VERIFICATION,,images/pages_0801_1200/0933.jpg,"IRAN PAKISTAN Apt Elev Trans alt: 11000 4523 ZAHEDAN, IRAN .SID. JEPPESEN 10-3F 20 DEC 24 .Eff.26.Dec. 400 533 800 1067 1333 1600 375 500 750 1000 1250 1500 325 433 650 867 1083 1300 Gnd speed-KT 75 100 150 200 250 300 260 FT/NM 300 FT/NM 320 FT/NM 61-30 RWY SID ROUTING PEGOS 1H ",d86b5b5e262a775f8e91d28a403f4b163992dbdd1733ca28e1ba6e46ce8a7ab6
934,OIZH,,SID,SID,10-3G,"ITBIR 1H, ITBIR 1J, PUVMI 1H, PUVMI 1J",MATCH,independently_consistent,True,False,True,AWAITING_INDIVIDUAL_VISUAL_VERIFICATION,,images/pages_0801_1200/0934.jpg,"N 270^ 00 ZAHEDAN, IRAN .SID. 10-3G Apt Elev Trans alt: 11000 4523 N JEPPESEN 24 .Eff.26.Dec. 400 533 800 1067 1333 1600 325 433 650 867 1083 1300 Gnd speed-KT 75 100 150 200 250 300 260 FT/NM 320 FT/NM 109 61-00 RWY SID ROUTING (ALL RWYS) PUVMI 1H [PUVM1H] PUVMI 1J [PUVM1J] ITBI",d86b5b5e262a775f8e91d28a403f4b163992dbdd1733ca28e1ba6e46ce8a7ab6
935,OIZH,OIZH,SID,SID,10-3H,"DAPAP 1H, DAPAP 1J, DERBO 1H, DERBO 1J",MATCH,independently_consistent,True,False,True,AWAITING_INDIVIDUAL_VISUAL_VERIFICATION,,images/pages_0801_1200/0935.jpg,"PAKISTAN IRAN 270^ DERBO alt: 11000 OIZH/ZAH ZAHEDAN INTL ZAHEDAN, IRAN .SID. JEPPESEN 10-3H 25 20 DEC 24 .Eff.26.Dec. 109 UTING APA1H], DAPAP 1J [DAPA1J] ERB1H], DERBO 1J [DERB1J] (ALL RWYS) PAP, climb to cleared FL. ercept 334^ bearing from ZD NDB, at 8500 DEPARTURES ross ZD ND",d86b5b5e262a775f8e91d28a403f4b163992dbdd1733ca28e1ba6e46ce8a7ab6
936,OIZH,OIZH,SID,SID,10-3J,"LUDAX 1H, LUDAX 1J, PIRAN 1H, PIRAN 1J",MATCH,independently_consistent,True,False,True,AWAITING_INDIVIDUAL_VISUAL_VERIFICATION,,images/pages_0801_1200/0936.jpg,"FL130 LUDAX OIZH/ZAH ZAHEDAN INTL ZAHEDAN, IRAN .SID. JEPPESEN 10-3J Apt Elev Trans alt: 11000 4523 25 20 DEC 24 .Eff.26.Dec. 7642 LUDAX 1H [LUDA1H], LUDAX 1J [LUDA1J] PIRAN 1H [PIRA1H], PIRAN 1J [PIRA1J] DEPARTURES NOT TO SCALE LUDAX 1J: (ALL RWYS) Printed from JeppView for Wind",d86b5b5e262a775f8e91d28a403f4b163992dbdd1733ca28e1ba6e46ce8a7ab6
937,OIZH,,AIRPORT,AIRPORT,10-9,Airport Diagram Chart (ADC),MATCH,independently_consistent,True,False,True,AWAITING_INDIVIDUAL_VISUAL_VERIFICATION,,images/pages_0801_1200/0937.jpg,Apt Elev B J H 02^E JEPPESEN K Isolated parking position 29-29 29-29 60-53 60-54 60-55 A B 3 4 5 6 7 8 60-54 60-54.1 60-54.2 Domestic Terminal International Terminal Control Tower 29-28.6 29-28.7 29-28.6 29-28.7 29-28.5 Military acft are not authorized to use VIP 60-53.9 29-28.5 ,d86b5b5e262a775f8e91d28a403f4b163992dbdd1733ca28e1ba6e46ce8a7ab6
938,OIZH,OIZH,AIRPORT,AIRPORT,10-9S,MINIMUMS,MATCH,independently_consistent,True,False,True,AWAITING_INDIVIDUAL_VISUAL_VERIFICATION,,images/pages_0801_1200/0938.jpg,"10-9S JEPPESEN 2 3 3 3 3 1 1 .EASA.AIR.OPS. 13 DEC 24 .Eff.26.Dec. 1 2 STRAIGHT-IN RWY D C B A OIZH/ZAH ZAHEDAN, IRAN ALS out ZAHEDAN INTL 4730'(214') (214') 4730' 4730'(214') 4730'(214') R1200m R1200m R1200m R1200m 35L ILS Z or Y R550m R550m R550m R550m 5250'(730') 5250'(730') 5",d86b5b5e262a775f8e91d28a403f4b163992dbdd1733ca28e1ba6e46ce8a7ab6
939,OIZH,,APP,APP,11-1,ILS Z OR LOC Z RWY 35L,MATCH,independently_consistent,True,False,True,AWAITING_INDIVIDUAL_VISUAL_VERIFICATION,,images/pages_0801_1200/0939.jpg,"5000 6000 6000 6000 6000 7000 7000 MISSED APCH: BRIEFING STRIP TM ZAHEDAN, IRAN ZAHEDAN INTL 11-1 LOC 108.7 IZDN Final Apch Crs 350^ 7500'(2984') 4730'(214') Apt Elev 4520' *ATIS ZAHEDAN Tower OIZH/ZAH D8.6 IZDN DA(H) ZAHEDAN 116.0 ZDN DZ D N 350^ JEPPESEN 118.1 119.4 Ground 121.",d86b5b5e262a775f8e91d28a403f4b163992dbdd1733ca28e1ba6e46ce8a7ab6
940,OIZH,,APP,APP,11-2,ILS Y OR LOC Y RWY 35L,MATCH,independently_consistent,True,False,True,AWAITING_INDIVIDUAL_VISUAL_VERIFICATION,,images/pages_0801_1200/0940.jpg,"5000 5000 6000 6000 6000 6000 6000 7000 7000 BRIEFING STRIP TM ZAHEDAN, IRAN ZAHEDAN INTL 11-2 LOC 108.7 IZDN Final Apch Crs 350^ 7500'(2984') 4730'(214') Apt Elev 4520' *ATIS ZAHEDAN Tower OIZH/ZAH D8.6 IZDN 350^ JEPPESEN 118.1 119.4 Ground 121.9 128.450 270^ 090^ 9000 9500 Rwy ",d86b5b5e262a775f8e91d28a403f4b163992dbdd1733ca28e1ba6e46ce8a7ab6
941,OIZH,,APP,APP,,RNP RWY 17R,REVIEW,only_old_index_supports_category,True,False,True,AWAITING_INDIVIDUAL_VISUAL_VERIFICATION,,images/pages_0801_1200/0941.jpg,"PAKISTAN AFGHANISTAN IRAN PAKISTAN 6000 6000 5000 143^ 323^ ZH4~9 (IAF) 270^ 090^ 9500 9000 MSA ARP 20 OIZH/ZAH ZAHEDAN INTL 12-1 ZAHEDAN, IRAN RNP Rwy 17R *ATIS 128.450 ZAHEDAN Tower Ground 118.1 119.4 121.9 RNAV Final Apch Crs 170^ ZH411 6400'(1918') 5220'(738') Apt Elev 4520' ",d86b5b5e262a775f8e91d28a403f4b163992dbdd1733ca28e1ba6e46ce8a7ab6
942,OIZH,,APP,APP,,RNP RWY 35L,REVIEW,only_old_index_supports_category,True,False,True,AWAITING_INDIVIDUAL_VISUAL_VERIFICATION,,images/pages_0801_1200/0942.jpg,"5000 5000 6000 6000 6000 6000 6000 7000 7000 7000 ZH414 ZH411 MISSED APCH: BRIEFING STRIP TM JEPPESEN *ATIS 128.450 ZAHEDAN Tower Ground 121.9 OIZH/ZAH ZAHEDAN INTL ZAHEDAN, IRAN RNP Rwy 35L 350^ 20 RNAV Final Apch Crs 350^ ZH4~1 7600'(3084') DA(H) 4890'(374') Apt Elev 4520' Rwy ",d86b5b5e262a775f8e91d28a403f4b163992dbdd1733ca28e1ba6e46ce8a7ab6
943,OIZH,,APP,APP,13-1,VOR Z RWY 35L,MATCH,independently_consistent,True,False,True,AWAITING_INDIVIDUAL_VISUAL_VERIFICATION,,images/pages_0801_1200/0943.jpg,"5000 6000 6000 6000 6000 7000 7000 5000 MISSED APCH: BRIEFING STRIP TM ZAHEDAN, IRAN ZAHEDAN INTL 13-1 VOR 116.0 ZDN Final Apch Crs 350^ 6900'(2380') 5370'(850') Apt Elev 4520' *ATIS ZAHEDAN Tower OIZH/ZAH JEPPESEN 118.1 119.4 Ground 121.9 128.450 270^ 090^ 9000 9500 MAX 200 KT. ",d86b5b5e262a775f8e91d28a403f4b163992dbdd1733ca28e1ba6e46ce8a7ab6
944,OIZH,,APP,APP,13-2,VOR Y RWY 35L,MATCH,independently_consistent,True,False,True,AWAITING_INDIVIDUAL_VISUAL_VERIFICATION,,images/pages_0801_1200/0944.jpg,"5000 5000 6000 6000 6000 6000 6000 7000 7000 7000 5000 MISSED APCH: BRIEFING STRIP TM ZAHEDAN, IRAN ZAHEDAN INTL 13-2 VOR 116.0 ZDN Final Apch Crs 350^ 6900'(2380') 5370'(850') Apt Elev 4520' *ATIS ZAHEDAN Tower OIZH/ZAH JEPPESEN 118.1 119.4 Ground 121.9 128.450 270^ 090^ 9000 95",d86b5b5e262a775f8e91d28a403f4b163992dbdd1733ca28e1ba6e46ce8a7ab6
945,OIZH,,APP,APP,13-3,VOR B,MATCH,independently_consistent,True,False,True,AWAITING_INDIVIDUAL_VISUAL_VERIFICATION,,images/pages_0801_1200/0945.jpg,"5000 5000 6000 6000 7000 7000 5000 MISSED APCH: BRIEFING STRIP TM ZAHEDAN, IRAN ZAHEDAN INTL 13-3 VOR 116.0 ZDN Final Apch Crs 348^ MDA(H) 5650' *ATIS ZAHEDAN Tower (1130') OIZH/ZAH 10 JEPPESEN 118.1 119.4 121.9 Ground Apt Elev 4520' 128.450 270^ 090^ 9000 9500 CAT C & D Over VOR",d86b5b5e262a775f8e91d28a403f4b163992dbdd1733ca28e1ba6e46ce8a7ab6
946,OIZH,,APP,APP,13-4,VOR A,MATCH,independently_consistent,True,False,True,AWAITING_INDIVIDUAL_VISUAL_VERIFICATION,,images/pages_0801_1200/0946.jpg,"5000 5000 6000 6000 7000 7000 MISSED APCH: BRIEFING STRIP TM ZAHEDAN, IRAN ZAHEDAN INTL 13-4 VOR 116.0 ZDN Final Apch Crs 348^ MDA(H) 5650' *ATIS ZAHEDAN Tower (1130') Over VOR climb on R-350 to 9000', then turn LEFT OIZH/ZAH 10 JEPPESEN 118.1 119.4 121.9 Ground Apt Elev 4520' 12",d86b5b5e262a775f8e91d28a403f4b163992dbdd1733ca28e1ba6e46ce8a7ab6
947,OIZH,,APP,APP,16-1,CHART PAGE 632,MATCH,independently_consistent,True,False,True,AWAITING_INDIVIDUAL_VISUAL_VERIFICATION,,images/pages_0801_1200/0947.jpg,"5000 6000 6000 6000 7000 333^ MISSED APCH: BRIEFING STRIP TM ZAHEDAN, IRAN ZAHEDAN INTL 16-1 NDB Final Apch Crs 341^ MDA(H) 5650' *ATIS ZAHEDAN Tower (1130') LEFT to NDB and rejoin holding at 10500'. Turn LEFT onto 333^ climbing to 9000', then turn 224 OIZH/ZAH 10 JEPPESEN ZD 118",d86b5b5e262a775f8e91d28a403f4b163992dbdd1733ca28e1ba6e46ce8a7ab6
948,OIZI,OIZI,AIRPORT,AIRPORT,,AIRPORT INFORMATION,MATCH,independently_consistent,True,False,True,AWAITING_INDIVIDUAL_VISUAL_VERIFICATION,,images/pages_0801_1200/0948.jpg,"General Information Location: IRAN SHAHR IRN ICAO/IATA: OIZI / IHR Lat/Long: N27° 13.7', E060° 43.3' Elevation: 1983 ft Airport Use: Public Daylight Savings: Not Observed UTC Conversion: -3:30 = UTC Magnetic Variation: 2.0° E General Information Location: IRAN SHAHR IRN ICAO/IATA",d86b5b5e262a775f8e91d28a403f4b163992dbdd1733ca28e1ba6e46ce8a7ab6
949,OIZI,OIZI,STAR,STAR,10-2,"LOXOL 1N, LOXOL 1P",MATCH,independently_consistent,True,False,True,AWAITING_INDIVIDUAL_VISUAL_VERIFICATION,,images/pages_0801_1200/0949.jpg,"10-2 Apt Elev IRAN SHAHR, IRAN IRAN SHAHR OIZI/IHR 1983' LOXOL .STAR. JEPPESEN XOL 1P 196^ 7000 179^ Actual descent clearance will be as directed by ATC. Alt Set: hPa Trans level: FL95 Trans alt: 7500' 23 MAR 18 .Eff.29.Mar. LOXOL 1P [LOXO1P] LOXOL 1N [LOXO1N] 18.2 MSA ISR VOR 27",d86b5b5e262a775f8e91d28a403f4b163992dbdd1733ca28e1ba6e46ce8a7ab6
950,OIZI,OIZI,SID,SID,10-3,"LOXOL 1C, LOXOL 1D",MATCH,independently_consistent,True,False,True,AWAITING_INDIVIDUAL_VISUAL_VERIFICATION,,images/pages_0801_1200/0950.jpg,"10-3 Apt Elev IRAN SHAHR, IRAN IRAN SHAHR OIZI/IHR LOXOL 1D LOXOL 1C [LOXO1C] [LOXO1D] 2040' .SID. JEPPESEN Trans level: FL95 Trans alt: 7500' LOXOL N27 45.9 E060 45.6 15 NOV 13 MSA ISR VOR RWYS 35, 17 DEPARTURES BASED ON ISR VOR DME 8000' 9300' 6700' 270^ 160^ 050^ Printed from ",d86b5b5e262a775f8e91d28a403f4b163992dbdd1733ca28e1ba6e46ce8a7ab6
951,OIZI,OIZI,SID,SID,10-3A,"BAHAR 1A, BAHAR 1B, LOXOL 1A, LOXOL 1B",MATCH,independently_consistent,True,False,True,AWAITING_INDIVIDUAL_VISUAL_VERIFICATION,,images/pages_0801_1200/0951.jpg,"Apt Elev IRAN SHAHR, IRAN IRAN SHAHR OIZI/IHR CHAH BAHAR 1A CHAH BAHAR 1B LOXOL 1B LOXOL 1A [LOXO1A] [LOXO1B] [CBH1A] [CBH1B] 2040' .SID. JEPPESEN 10-3A Trans level: FL95 Trans alt: 7500' LOXOL N27 45.9 E060 45.6 At or above FL130 15 NOV 13 MSA ISR NDB RWYS 35, 17 DEPARTURES BASE",d86b5b5e262a775f8e91d28a403f4b163992dbdd1733ca28e1ba6e46ce8a7ab6
952,OIZI,OIZI,AIRPORT,AIRPORT,10-9,Airport Diagram Chart (ADC),MATCH,independently_consistent,True,False,True,AWAITING_INDIVIDUAL_VISUAL_VERIFICATION,,images/pages_0801_1200/0952.jpg,"Apt Elev 1983' N27 13.7 E060 43.3 JEPPESEN 10-9 IRAN SHAHR, IRAN IRAN SHAHR *IRAN SHAHR Information 767 17 169^ 02^E OIZI/IHR Elev 1983' 27-15 27-15 60-42 60-43 60-44 122.7 121.9 8 APR 22 .Eff.21.Apr. CAUTION: Strolling animals observed on the movement area. Printed from JeppView",d86b5b5e262a775f8e91d28a403f4b163992dbdd1733ca28e1ba6e46ce8a7ab6
953,OIZI,OIZI,APP,APP,13-1,VOR DME RWY 17,MATCH,independently_consistent,True,False,True,AWAITING_INDIVIDUAL_VISUAL_VERIFICATION,,images/pages_0801_1200/0953.jpg,"3000 3000 4 0 0 0 MISSED APCH: BRIEFING STRIP TM JEPPESEN OIZI/IHR IRAN SHAHR 13-1 IRAN SHAHR, IRAN VOR DME Rwy 17 CAT A, B & C MSA ISR VOR 270^ 050^ 160^ Alt Set: hPa Trans alt: 7500' Trans level: FL 95 VOR ISR 117.0 Final Apch Crs 167^ D5.0 3600'(1617') 2620'(637') Climb on R-1",d86b5b5e262a775f8e91d28a403f4b163992dbdd1733ca28e1ba6e46ce8a7ab6
954,OIZI,OIZI,APP,APP,13-2,VOR DME RWY 35,MATCH,independently_consistent,True,False,True,AWAITING_INDIVIDUAL_VISUAL_VERIFICATION,,images/pages_0801_1200/0954.jpg,"MISSED APCH: BRIEFING STRIP TM JEPPESEN OIZI/IHR IRAN SHAHR 13-2 IRAN SHAHR, IRAN VOR DME Rwy 35 CAT A, B & C MSA ISR VOR 270^ 050^ 160^ Alt Set: hPa Trans alt: 7500' Trans level: FL 95 VOR ISR 117.0 Final Apch Crs 352^ D5.0 3800'(1874') 2430'(504') IRAN SHAHR 117.0 ISR D I S R 2",d86b5b5e262a775f8e91d28a403f4b163992dbdd1733ca28e1ba6e46ce8a7ab6
955,OIZI,OIZI,APP,APP,16-1,APPROACH 16-1,MATCH,independently_consistent,True,False,True,AWAITING_INDIVIDUAL_VISUAL_VERIFICATION,,images/pages_0801_1200/0955.jpg,"3000 3000 4000 MISSED APCH: BRIEFING STRIP TM JEPPESEN OIZI/IHR IRAN SHAHR 16-1 IRAN SHAHR, IRAN NDB DME Rwy 17 MSA ISR NDB 270^ 050^ 160^ Alt Set: hPa Apt Elev: 71 hPa Trans alt: 7500' Trans level: FL 95 NDB ISR Final Apch Crs 174^ D6.0 3800'(1817') 2550'(567') D16.0 (IAF) D11.0",d86b5b5e262a775f8e91d28a403f4b163992dbdd1733ca28e1ba6e46ce8a7ab6
956,OIZI,OIZI,APP,APP,16-2,APPROACH 16-2,MATCH,independently_consistent,True,False,True,AWAITING_INDIVIDUAL_VISUAL_VERIFICATION,,images/pages_0801_1200/0956.jpg,"MISSED APCH: BRIEFING STRIP TM JEPPESEN OIZI/IHR IRAN SHAHR 16-2 IRAN SHAHR, IRAN NDB DME Rwy 35 MSA ISR NDB 270^ 050^ 160^ Alt Set: hPa Trans alt: 7500' Trans level: FL 95 NDB ISR Final Apch Crs 343^ D6.0 3900'(1974') 2550' (624') Rwy Elev: 69 hPa 10 309 343^ 27-20 Climb STRAIGH",d86b5b5e262a775f8e91d28a403f4b163992dbdd1733ca28e1ba6e46ce8a7ab6
957,OIZI,OIZI,APP,APP,16-3,APPROACH 16-3,MATCH,independently_consistent,True,False,True,AWAITING_INDIVIDUAL_VISUAL_VERIFICATION,,images/pages_0801_1200/0957.jpg,"3000 3000 3000 MISSED APCH: BRIEFING STRIP TM JEPPESEN OIZI/IHR IRAN SHAHR 16-3 IRAN SHAHR, IRAN MSA ISR NDB 270^ 050^ 160^ Alt Set: hPa Apt Elev: 71 hPa Trans alt: 7500' Trans level: FL 95 NDB ISR Final Apch Crs 333^ MDA(H) 2950' (967') 10 309 NDB CIRCLING No FAF Climb on track ",d86b5b5e262a775f8e91d28a403f4b163992dbdd1733ca28e1ba6e46ce8a7ab6
958,OIZS,OIZS,AIRPORT,AIRPORT,,AIRPORT INFORMATION,MATCH,independently_consistent,True,False,True,AWAITING_INDIVIDUAL_VISUAL_VERIFICATION,,images/pages_0801_1200/0958.jpg,"General Information Location: SARAVAN IRN ICAO: OIZS Lat/Long: N27° 25.1', E062° 19.0' Elevation: 3943 ft Airport Use: Public Daylight Savings: Not Observed UTC Conversion: -3:30 = UTC Magnetic Variation: 2.0° E General Information Location: SARAVAN IRN ICAO: OIZS Lat/Long: N27° ",d86b5b5e262a775f8e91d28a403f4b163992dbdd1733ca28e1ba6e46ce8a7ab6
959,OIZS,OIZS,STAR,STAR,10-2,"LOXOL 1E, LOXOL 1F",MATCH,independently_consistent,True,False,True,AWAITING_INDIVIDUAL_VISUAL_VERIFICATION,,images/pages_0801_1200/0959.jpg,"9.5 9.5 N 16 SRN 10-2 .STAR. JEPPESEN OIZS Apt Elev SARAVAN SARAVAN, IRAN 3943' 15 APR 22 6 319^ 139^ 7500 B DME) Alt Set: hPa Trans level: FL100 Trans alt: 8000' MSA SRN NDB/DME 090^ 180^ 270^ LOXOL 1E [LOXO1E] LOXOL 1F [LOXO1F] ARRIVALS (RWYS 13/31) 10,600 7800 7700 .Eff.21.Apr",d86b5b5e262a775f8e91d28a403f4b163992dbdd1733ca28e1ba6e46ce8a7ab6
960,OIZS,OIZS,SID,SID,10-3,"LOXOL 1F, LOXOL 1E",MATCH,independently_consistent,True,False,True,AWAITING_INDIVIDUAL_VISUAL_VERIFICATION,,images/pages_0801_1200/0960.jpg,"5 5 10-3 JEPPESEN OIZS Apt Elev SARAVAN SARAVAN, IRAN 3943' 15 APR 22 .SID. Trans level: FL100 Trans alt: 8000' MSA SRN NDB/DME 090^ 180^ 270^ 10,600 7800 7700 DEPARTURES (RWYS 13/31) LOXOL 1E [LOXO1E] LOXOL 1F [LOXO1F] .Eff.21.Apr. Printed from JeppView for Windows 5.3.0.0 on 09",d86b5b5e262a775f8e91d28a403f4b163992dbdd1733ca28e1ba6e46ce8a7ab6
961,OIZS,OIZS,AIRPORT,AIRPORT,10-9,Airport Diagram Chart (ADC),MATCH,independently_consistent,True,False,True,AWAITING_INDIVIDUAL_VISUAL_VERIFICATION,,images/pages_0801_1200/0961.jpg,"13 Stopway 197' 60m Elev 3936' 131^ 02^E Apt Elev 10-9 JEPPESEN OIZS SARAVAN, IRAN 3943' N27 25.1 E062 19.0 SARAVAN 62-18 62-19 62-20 126.775 *SARAVAN Information (AFIS) 15 APR 22 .Eff.21.Apr. 10 Printed from JeppView for Windows 5.3.0.0 on 09 Oct 2026; Terminal chart data cycle ",d86b5b5e262a775f8e91d28a403f4b163992dbdd1733ca28e1ba6e46ce8a7ab6
962,OIZS,OIZS,APP,APP,16-1,APPROACH 16-1,MATCH,independently_consistent,True,False,True,AWAITING_INDIVIDUAL_VISUAL_VERIFICATION,,images/pages_0801_1200/0962.jpg,"5000 5000 MSA SRN NDB 270^ 090^ 180^ OIZS SARAVAN, IRAN CAT A, B & C SARAVAN 16-1 NDB SRN 300 Final Apch Crs 319^ D6.0 Apt Elev 3943' Trans alt: 8000' Alt Set: hPa Apt Elev: 136 hPa MISSED APCH: BRIEFING STRIP TM JEPPESEN SARAVAN D 5600'(1657') 10 Climb to NDB, then turn LEFT on ",d86b5b5e262a775f8e91d28a403f4b163992dbdd1733ca28e1ba6e46ce8a7ab6
963,OIZS,OIZS,APP,APP,16-2,APPROACH 16-2,MATCH,independently_consistent,True,False,True,AWAITING_INDIVIDUAL_VISUAL_VERIFICATION,,images/pages_0801_1200/0963.jpg,"5000 5000 5000 SARAVAN DS R N (114.1) SRN 112^ 300^ MISSED APCH: BRIEFING STRIP TM JEPPESEN 270^ 090^ 180^ MSA SRN NDB OIZS SARAVAN 16-2 SARAVAN, IRAN NDB SRN 300 Final Apch Crs 317^ MDA(H) 5080'(1137') Apt Elev SARAVAN S R N 300 SRN No FAF Climb on 300^ to 6500', then turn LEFT ",d86b5b5e262a775f8e91d28a403f4b163992dbdd1733ca28e1ba6e46ce8a7ab6
964,OIZS,OIZS,APP,APP,16-3,APPROACH 16-3,MATCH,independently_consistent,True,False,True,AWAITING_INDIVIDUAL_VISUAL_VERIFICATION,,images/pages_0801_1200/0964.jpg,"5000 5000 5000 SARAVAN DS R N (114.1) SRN 112^ 300^ MISSED APCH: BRIEFING STRIP TM JEPPESEN 270^ 090^ 180^ MSA SRN NDB OIZS SARAVAN 16-3 SARAVAN, IRAN NDB SRN 300 Final Apch Crs 317^ MDA(H) 4950'(1007') Apt Elev SARAVAN S R N 300 SRN No FAF Climb on 300^ to 6500', then turn LEFT ",d86b5b5e262a775f8e91d28a403f4b163992dbdd1733ca28e1ba6e46ce8a7ab6
965,ORNI,ORNI,AIRPORT,AIRPORT,,AIRPORT INFORMATION,REVIEW,only_old_index_supports_category,True,False,True,AWAITING_INDIVIDUAL_VISUAL_VERIFICATION,,images/pages_0801_1200/0965.jpg,"General Information Location: AL NAJAF IRQ ICAO/IATA: ORNI / NJF Lat/Long: N31° 59.4', E044° 24.3' Elevation: 107 ft Airport Use: Public Daylight Savings: Not Observed UTC Conversion: -3:00 = UTC Magnetic Variation: 4.0° E Al Najaf Ground: 121.700 Baghdad Approach: 136.275 Second",d86b5b5e262a775f8e91d28a403f4b163992dbdd1733ca28e1ba6e46ce8a7ab6
966,ORNI,ORNI,AIRPORT,AIRPORT,,AIRPORT INFORMATION,MATCH,independently_consistent,True,False,True,AWAITING_INDIVIDUAL_VISUAL_VERIFICATION,,images/pages_0801_1200/0966.jpg,"General Information Location: AL NAJAF IRQ ICAO/IATA: ORNI / NJF Lat/Long: N31° 59.4', E044° 24.3' Elevation: 107 ft Airport Use: Public Daylight Savings: Not Observed UTC Conversion: -3:00 = UTC Magnetic Variation: 4.0° E Al Najaf Ground: 121.700 Baghdad Approach: 136.275 Second",d86b5b5e262a775f8e91d28a403f4b163992dbdd1733ca28e1ba6e46ce8a7ab6
967,ORNI,,STAR,STAR,10-2,"ALPET 1A, ALRID 1A, EGPEN 1A, EGPEN 1C, LOVEK 1A",MATCH,independently_consistent,True,False,True,AWAITING_INDIVIDUAL_VISUAL_VERIFICATION,,images/pages_0801_1200/0967.jpg,"ALPET NI1~7 271^ 30.2 ALPET 1A 286^ ALRID 296^ Alt Set: hPa Apt Elev 107 ATIS 123.9 Trans level: FL160 FL170 when QNH below 980 hPa RNAV 1 (GNSS) required AL NAJAF, IRAQ .RNAV.STAR. 10-2 JEPPESEN 19 JUN 26 21 24 77 46-00 ALRID 1A [ALRI1A] LOVEK 1A [LOVE1A] RNAV ARRIVALS (RWY 10) ",d86b5b5e262a775f8e91d28a403f4b163992dbdd1733ca28e1ba6e46ce8a7ab6
968,ORNI,,STAR,STAR,10-2A,"ALRID 1B, ALRID 1D, EGPEN 1B, LOVEK 1B",MATCH,independently_consistent,True,False,True,AWAITING_INDIVIDUAL_VISUAL_VERIFICATION,,images/pages_0801_1200/0968.jpg,"Alt Set: hPa Apt Elev 107 ATIS 123.9 Trans level: FL160 FL170 when QNH below 980 hPa RNAV 1 (GNSS) required ALRID DAVAX 296^ 27.8 ^ AL NAJAF, IRAQ .RNAV.STAR. 10-2A JEPPESEN 26 23 24 19 77 45-30 46-00 ALRID 1B [ALRI1B] LOVEK 1B [LOVE1B] RNAV ARRIVALS (RWY 28) ALRID 1D [ALRI1D] EG",d86b5b5e262a775f8e91d28a403f4b163992dbdd1733ca28e1ba6e46ce8a7ab6
969,ORNI,,SID,SID,10-3,"ILMAP 1A, LAGLO 1A, NOLDO 1A, NOLDO 1C, SEPTU 1A, SIGBI 1A",MATCH,independently_consistent,True,False,True,AWAITING_INDIVIDUAL_VISUAL_VERIFICATION,,images/pages_0801_1200/0969.jpg,"ILMAP 088^ 60.9 DO RNAV 1 (GNSS) required Trans alt: 14000 Apt Elev 107 120.2 136.275 BAGHDAD Approach After take-off contact BAGHDAD Approach. 5.7% V/V (fpm) 433 577 866 1154 1443 1732 Gnd speed-KT 75 100 150 200 250 300 JEPPESEN 10-3 AL NAJAF, IRAQ .RNAV.SID. 19 JUN 26 NI331 23",d86b5b5e262a775f8e91d28a403f4b163992dbdd1733ca28e1ba6e46ce8a7ab6
970,ORNI,,SID,SID,10-3A,"ILMAP 1B, LAGLO 1B, NOLDO 1B, SEPTU 1B, SIGBI 1B",MATCH,independently_consistent,True,False,True,AWAITING_INDIVIDUAL_VISUAL_VERIFICATION,,images/pages_0801_1200/0970.jpg,"NI331 ILMAP 088^ 60.9 LDO RNAV 1 (GNSS) required Trans alt: 14000 Apt Elev 107 120.2 136.275 BAGHDAD Approach After take-off contact BAGHDAD Approach. 4.9% V/V (fpm) 373 497 745 993 1241 1489 Gnd speed-KT 75 100 150 200 250 300 AL NAJAF, IRAQ .RNAV.SID. 10-3A JEPPESEN 26 23 24 19",d86b5b5e262a775f8e91d28a403f4b163992dbdd1733ca28e1ba6e46ce8a7ab6
971,ORNI,ORNI,AIRPORT,AIRPORT,10-9,Airport Diagram Chart (ADC),MATCH,independently_consistent,True,False,True,AWAITING_INDIVIDUAL_VISUAL_VERIFICATION,,images/pages_0801_1200/0971.jpg,"Apt Elev 121.7 10 JEPPESEN AL NAJAF, IRAQ AL-ASHRAF INTL ORNI/NJF 107' N31 59.4 E044 24.3 10-9 04^E 123.9 119.1 ATIS AL NAJAF Ground Tower Control Tower MET APRON E 32-00 32-00 44-23 44-24 44-25 H F G THIS CHART IS PRODUCED PARTLY FROM NON-GOVERNMENTAL INFORMATION. USE CAUTION AS",d86b5b5e262a775f8e91d28a403f4b163992dbdd1733ca28e1ba6e46ce8a7ab6
972,ORNI,ORNI,AIRPORT,AIRPORT,10-9A,PARKING STANDS & COORDS,MATCH,independently_consistent,True,False,True,AWAITING_INDIVIDUAL_VISUAL_VERIFICATION,,images/pages_0801_1200/0972.jpg,"AL NAJAF, IRAQ AL-ASHRAF INTL ORNI/NJF 10-9A JEPPESEN APRON E E08 E08R E08L E09 E09L E09R E10 E11 E12 E13 E14 E15 E16 E17 E18 E18R E18L E17L E17R E16R E16L E15L E15R E14R E14L E13R E13L E12R E12L E11R E11L E10R E10L A F 44-24 44-23.4 44-23.5 44-23.6 44-23.7 44-23.8 44-23.9 44-24.",d86b5b5e262a775f8e91d28a403f4b163992dbdd1733ca28e1ba6e46ce8a7ab6
973,ORNI,,AIRPORT,AIRPORT,10-9S,MINIMUMS,MATCH,independently_consistent,True,False,True,AWAITING_INDIVIDUAL_VISUAL_VERIFICATION,,images/pages_0801_1200/0973.jpg,10-9S JEPPESEN 10 R600m R600m R650m R650m 383'(267') 396'(280') 404'(288') 414'(298') R1500m R1500m R1600m R1600m 620'(504') 316'(200') R550m 316'(200') 316'(200') 316'(200') R550m R550m R550m LOC 2 ILS 680'(564') R1500m R1500m R1500m R1500m VOR 2 610'(494') RNP (LNAV/VNAV) 2 (50,d86b5b5e262a775f8e91d28a403f4b163992dbdd1733ca28e1ba6e46ce8a7ab6
974,ORNI,ORNI,APP,APP,11-1,LOC RWY 10,MATCH,independently_consistent,True,False,True,AWAITING_INDIVIDUAL_VISUAL_VERIFICATION,,images/pages_0801_1200/0974.jpg,"MISSED APCH: BRIEFING STRIP TM AL-ASHRAF INTL ORNI/NJF 11-1 119.1 IALI 108.3 100^ 316'(200') Apt Elev Rwy 116' 107' 330^ 180^ 2 2 1700' within 10 NM Trans alt: 14000' Rwy Elev: 4 hPa AL NAJAF, IRAQ Final Apch Crs 10 123.9 121.7 ATIS AL NAJAF Tower Ground LOC ILS MSA ALI VOR DA(H)",d86b5b5e262a775f8e91d28a403f4b163992dbdd1733ca28e1ba6e46ce8a7ab6
975,ORNI,ORNI,APP,APP,11-2,LOC RWY 28,MATCH,independently_consistent,True,False,True,AWAITING_INDIVIDUAL_VISUAL_VERIFICATION,,images/pages_0801_1200/0975.jpg,"MISSED APCH: BRIEFING STRIP TM AL-ASHRAF INTL ORNI/NJF 11-2 119.1 INJF 108.9 280^ Apt Elev Rwy 92' 107' 330^ 180^ 2 Trans alt: 14000' Rwy Elev: 3 hPa AL NAJAF, IRAQ Final Apch Crs 10 123.9 121.7 ATIS AL NAJAF Tower Ground LOC ILS DA(H) JEPPESEN Alt Set: hPa ILS or LOC Rwy 28 GESA",d86b5b5e262a775f8e91d28a403f4b163992dbdd1733ca28e1ba6e46ce8a7ab6
976,ORNI,ORNI,APP,APP,12-1,RNP RWY 10,MATCH,independently_consistent,True,False,True,AWAITING_INDIVIDUAL_VISUAL_VERIFICATION,,images/pages_0801_1200/0976.jpg,"MISSED APCH: BRIEFING STRIP TM AL-ASHRAF INTL ORNI/NJF 12-1 100^ Apt Elev Rwy 116' 107' Trans alt: 14000' Rwy Elev: 4 hPa AL NAJAF, IRAQ Final Apch Crs 10 123.9 121.7 ATIS Ground DA(H) JEPPESEN Alt Set: hPa 1 1 AMBIG 5000' (IAF) ^ 9.0 FL170 when QNH below 980 hPa. 2000'(1884') 32",d86b5b5e262a775f8e91d28a403f4b163992dbdd1733ca28e1ba6e46ce8a7ab6
977,ORNI,ORNI,APP,APP,12-2,RNP RWY 28,MATCH,independently_consistent,True,False,True,AWAITING_INDIVIDUAL_VISUAL_VERIFICATION,,images/pages_0801_1200/0977.jpg,"MISSED APCH: BRIEFING STRIP TM AL-ASHRAF INTL ORNI/NJF 12-2 119.1 280^ Apt Elev Rwy 92' 107' AL NAJAF, IRAQ Final Apch Crs 10 123.9 121.7 ATIS AL NAJAF Tower Ground DA(H) JEPPESEN GESAL ELUTA (IAF) 5000' MAX 230KT (1908') 2000' Refer to Minimums FL170 when QNH below 980 hPa. 1 TA",d86b5b5e262a775f8e91d28a403f4b163992dbdd1733ca28e1ba6e46ce8a7ab6
978,ORNI,ORNI,APP,APP,13-1,VOR RWY 10,MATCH,independently_consistent,True,False,True,AWAITING_INDIVIDUAL_VISUAL_VERIFICATION,,images/pages_0801_1200/0978.jpg,"MISSED APCH: BRIEFING STRIP TM AL-ASHRAF INTL ORNI/NJF 13-1 119.1 ALI 114.7 105^ 680'(564') Apt Elev Rwy 116' 107' 330^ 180^ 2 2 1700' within 10 NM Trans alt: 14000' Rwy Elev: 4 hPa AL NAJAF, IRAQ Final Apch Crs 10 123.9 121.7 ATIS AL NAJAF Tower Ground VOR MSA ALI VOR JEPPESEN A",d86b5b5e262a775f8e91d28a403f4b163992dbdd1733ca28e1ba6e46ce8a7ab6
979,ORNI,ORNI,APP,APP,13-2,VOR RWY 28,MATCH,independently_consistent,True,False,True,AWAITING_INDIVIDUAL_VISUAL_VERIFICATION,,images/pages_0801_1200/0979.jpg,"OR(R)-103 OR(P)-101 BRIEFING STRIP TM AL-ASHRAF INTL ORNI/NJF 13-2 VOR Rwy 28 119.1 VOR ALI 114.7 273^ 2000' D6.4 (1908') 530'(438') Apt Elev Rwy 92' 107' 330^ 180^ MSA ALI VOR 2 2 1700' within 10 NM Alt Set: hPa Trans alt: 14000' Rwy Elev: 3 hPa AL NAJAF, IRAQ JEPPESEN Final Apc",d86b5b5e262a775f8e91d28a403f4b163992dbdd1733ca28e1ba6e46ce8a7ab6
980,ORBI,ORBI,AIRPORT,AIRPORT,,AIRPORT INFORMATION,REVIEW,only_old_index_supports_category,True,False,True,AWAITING_INDIVIDUAL_VISUAL_VERIFICATION,,images/pages_0801_1200/0980.jpg,"General Information Location: BAGHDAD IRQ ICAO/IATA: ORBI / BGW Lat/Long: N33° 15.8', E044° 14.1' Elevation: 114 ft Airport Use: Public Daylight Savings: Not Observed UTC Conversion: -3:00 = UTC Magnetic Variation: 4.0° E Surface Type: concrete TDZ-Elev: 110 ft Lighting: Edge, AL",d86b5b5e262a775f8e91d28a403f4b163992dbdd1733ca28e1ba6e46ce8a7ab6
981,ORBI,ORBI,AIRPORT,AIRPORT,,AIRPORT INFORMATION,REVIEW,only_old_index_supports_category,True,False,True,AWAITING_INDIVIDUAL_VISUAL_VERIFICATION,,images/pages_0801_1200/0981.jpg,"General Information Location: BAGHDAD IRQ ICAO/IATA: ORBI / BGW Lat/Long: N33° 15.8', E044° 14.1' Elevation: 114 ft Airport Use: Public Daylight Savings: Not Observed UTC Conversion: -3:00 = UTC Magnetic Variation: 4.0° E Surface Type: concrete TDZ-Elev: 110 ft Lighting: Edge, AL",d86b5b5e262a775f8e91d28a403f4b163992dbdd1733ca28e1ba6e46ce8a7ab6
982,ORBI,ORBI,SID,SID,10-3,SID 10-3,MATCH,independently_consistent,True,False,True,AWAITING_INDIVIDUAL_VISUAL_VERIFICATION,,images/pages_0801_1200/0982.jpg,"Apt Elev 114' ORBI/BGW 10-3 BAGHDAD INTL BAGHDAD, IRAQ JEPPESEN .Eff.6.Dec. Trans level: FL160 Trans alt: 14000' FL170 if QNH is below 980 hPA 30 NOV 18 .DEPARTURE. OMNIDIRECTIONAL DEPARTURE OVERVIEW Printed from JeppView for Windows 5.3.0.0 on 09 Oct 2026; Terminal chart data cy",d86b5b5e262a775f8e91d28a403f4b163992dbdd1733ca28e1ba6e46ce8a7ab6
983,ORBI,,AIRPORT,AIRPORT,10-9,Airport Diagram Chart (ADC),MATCH,independently_consistent,True,False,True,AWAITING_INDIVIDUAL_VISUAL_VERIFICATION,,images/pages_0801_1200/0983.jpg,"Apt Elev 10-9 BAGHDAD, IRAQ BAGHDAD INTL N33 15.8 E044 14.1 114' Apt Elev 121.4 118.9 S4 S5 S6 P6 W Y V RAMP Control Tower 15L 146^ 15R 146^ Elev 114' Elev 113' 13,124' F RAMP ATIS ORBI/BGW JEPPESEN 33-17 44-12 44-13 44-14 44-15 44-16 H 122.4 BAGHDAD Departure Ground BAGHDAD Towe",d86b5b5e262a775f8e91d28a403f4b163992dbdd1733ca28e1ba6e46ce8a7ab6
984,ORBI,ORBI,AIRPORT,AIRPORT,10-9A,PARKING STANDS & COORDS,MATCH,independently_consistent,True,False,True,AWAITING_INDIVIDUAL_VISUAL_VERIFICATION,,images/pages_0801_1200/0984.jpg,"10-9A ORBI/BGW BAGHDAD, IRAQ BAGHDAD INTL R21 R22 R23 R24 B26 B25 B24 B23 B22 B21 C36 C35 C34 C33 C32 C31 D46 D45 D44 Y W REMOTE APRON F RAMP JEPPESEN H Q F 33-16.1 33-16.2 33-16.2 33-16.1 33-16 44-14 44-13.8 44-13.7 44-13.6 44-13.5 44-13.9 13 JAN 23 .Eff.26.Jan. TML B TML C TML ",d86b5b5e262a775f8e91d28a403f4b163992dbdd1733ca28e1ba6e46ce8a7ab6
985,ORBI,ORBI,AIRPORT,AIRPORT,10-9B,AIRPORT CHART,MATCH,independently_consistent,True,False,True,AWAITING_INDIVIDUAL_VISUAL_VERIFICATION,,images/pages_0801_1200/0985.jpg,"JEPPESEN 10-9B ORBI/BGW BAGHDAD, IRAQ BAGHDAD INTL 18 MAY 12 YELLOW CENTERLINE NOSE-IN PARKING PROCEDURES GENERAL The visual guidance system for nose-in following elements: The system is aligned with the CAUTION AGNIS PARALLAX AID FOR PARKING PAPA AZIMUTH GUIDANCE FOR NOSE-IN STA",d86b5b5e262a775f8e91d28a403f4b163992dbdd1733ca28e1ba6e46ce8a7ab6
986,ORBI,,AIRPORT,AIRPORT,10-9S,MINIMUMS,MATCH,independently_consistent,True,False,True,AWAITING_INDIVIDUAL_VISUAL_VERIFICATION,,images/pages_0801_1200/0986.jpg,STRAIGHT-IN RWY D 10-9S C B A JEPPESEN ceil 300'- ceil 300'- ceil 300'- ceil 300'- ceil 500'- ceil 500'- ceil 500'- ceil 500'- ceil 500'- ceil 500'- ceil 500'- ceil 500'- ceil 300'- ceil 300'- ceil 300'- ceil 300'- ceil 500'- ceil 500'- ceil 500'- ceil 500'- ceil 500'- ceil 500'-,d86b5b5e262a775f8e91d28a403f4b163992dbdd1733ca28e1ba6e46ce8a7ab6
987,ORBI,ORBI,APP,APP,11-1,APPROACH 11-1,MATCH,independently_consistent,True,False,True,AWAITING_INDIVIDUAL_VISUAL_VERIFICATION,,images/pages_0801_1200/0987.jpg,"118.9 BAGHDAD Tower 146^ 410'(297') MISSED APCH: BRIEFING STRIP TM Alt Set: hPa Trans alt: 14000' BAGHDAD INTL BAGHDAD, IRAQ 122.4 BAGHDAD Approach Ground 121.4 ATIS ORBI/BGW LOC IYDB 110.7 RECOY 146^ 3 Rwy Elev: 4 hPa Final Apch Crs 20 11-1 ILS or LOC DME Rwy 15L DA(H) ILS JEPPE",d86b5b5e262a775f8e91d28a403f4b163992dbdd1733ca28e1ba6e46ce8a7ab6
988,ORBI,ORBI,APP,APP,11-2,APPROACH 11-2,MATCH,independently_consistent,True,False,True,AWAITING_INDIVIDUAL_VISUAL_VERIFICATION,,images/pages_0801_1200/0988.jpg,"OR(R)-314 326^ (200') MISSED APCH: BRIEFING STRIP TM Alt Set: hPa Trans alt: 14000' BAGHDAD INTL BAGHDAD, IRAQ ATIS 118.9 122.4 121.4 BAGHDAD Approach BAGHDAD Tower Ground ORBI/BGW LOC IYCA 110.1 Final Apch Crs 20 Rwy Elev: 4 hPa 11-2 ILS or LOC DME Rwy 33R DA(H) 310' ILS JEPPESE",d86b5b5e262a775f8e91d28a403f4b163992dbdd1733ca28e1ba6e46ce8a7ab6
989,ORBI,,APP,APP,,RNP RWY 15R,REVIEW,only_old_index_supports_category,True,False,True,AWAITING_INDIVIDUAL_VISUAL_VERIFICATION,,images/pages_0801_1200/0989.jpg,"BOVAB NORSU (IAF) 118.9 BAGHDAD Tower RNAV Final Apch Crs 146^ GIDOM 1800'(1686') MDA(H) 660'(546') MISSED APCH: BRIEFING STRIP TM Alt Set: hPa Rwy Elev: 4 hPa Trans alt: 14000' BAGHDAD INTL 12-1 BAGHDAD, IRAQ 122.4 BAGHDAD Approach 7 NM 33-30 14 270 NoPT 20 MSA RW15R Ground ATIS",d86b5b5e262a775f8e91d28a403f4b163992dbdd1733ca28e1ba6e46ce8a7ab6
990,ORBI,,APP,APP,12-2,RNP RWY 33L CAT C & D,MATCH,independently_consistent,True,False,True,AWAITING_INDIVIDUAL_VISUAL_VERIFICATION,,images/pages_0801_1200/0990.jpg,"NORSU MHA 5000 MAX 10000 RNAV 326^ DEBNI 1800'(1689') MDA(H) 620'(509') BRIEFING STRIP TM Alt Set: hPa Rwy Elev: 4 hPa Trans alt: 14000' BAGHDAD INTL 12-2 BAGHDAD, IRAQ 7 NM 326^ 146^ Final Apch Crs 20 MSA RW33L ATIS 118.9 122.4 BAGHDAD Approach BAGHDAD Tower Ground JEPPESEN ORBI",d86b5b5e262a775f8e91d28a403f4b163992dbdd1733ca28e1ba6e46ce8a7ab6
991,ORBI,ORBI,APP,APP,13-1,VOR DME RWY 15L,MATCH,independently_consistent,True,False,True,AWAITING_INDIVIDUAL_VISUAL_VERIFICATION,,images/pages_0801_1200/0991.jpg,"118.9 BAGHDAD Tower 145^ KISPE 2100'(1987') MDA(H) 610'(497') BRIEFING STRIP TM Alt Set: hPa Trans alt: 14000' BAGHDAD INTL 13-1 BAGHDAD, IRAQ 122.4 BAGHDAD Approach Ground 121.4 ATIS ORBI/BGW VOR DME Rwy 15L MSA BGD VOR VOR BGD 112.9 FIDIX D12.0 145 145^ 325 Rwy Elev: 4 hPa Fina",d86b5b5e262a775f8e91d28a403f4b163992dbdd1733ca28e1ba6e46ce8a7ab6
992,ORBI,ORBI,APP,APP,13-2,VOR DME RWY 33R,MATCH,independently_consistent,True,False,True,AWAITING_INDIVIDUAL_VISUAL_VERIFICATION,,images/pages_0801_1200/0992.jpg,"OR(R)-314 326^ VINNU 2100'(1986') MDA(H) 590'(476') MISSED APCH: BRIEFING STRIP TM Alt Set: hPa Trans alt: 14000' BAGHDAD INTL 13-2 BAGHDAD, IRAQ ATIS 118.9 122.4 121.4 BAGHDAD Approach BAGHDAD Tower Ground ORBI/BGW VOR DME Rwy 33R VOR BGD 112.9 BAGHDAD 112.9 BGD DB G D Final Apc",d86b5b5e262a775f8e91d28a403f4b163992dbdd1733ca28e1ba6e46ce8a7ab6
993,ORER,ORER,AIRPORT,AIRPORT,,AIRPORT INFORMATION,REVIEW,only_old_index_supports_category,True,False,True,AWAITING_INDIVIDUAL_VISUAL_VERIFICATION,,images/pages_0801_1200/0993.jpg,"General Information Location: ERBIL IRQ ICAO/IATA: ORER / EBL Lat/Long: N36° 14.3', E043° 56.8' Elevation: 1324 ft Airport Use: Public Daylight Savings: Not Observed UTC Conversion: -3:00 = UTC Magnetic Variation: 5.0° E Baghdad Approach: 127.700 Erbil Arrival: 126.500 Erbil Depa",d86b5b5e262a775f8e91d28a403f4b163992dbdd1733ca28e1ba6e46ce8a7ab6
994,ORER,ORER,AIRPORT,AIRPORT,,AIRPORT INFORMATION,MATCH,independently_consistent,True,False,True,AWAITING_INDIVIDUAL_VISUAL_VERIFICATION,,images/pages_0801_1200/0994.jpg,"General Information Location: ERBIL IRQ ICAO/IATA: ORER / EBL Lat/Long: N36° 14.3', E043° 56.8' Elevation: 1324 ft Airport Use: Public Daylight Savings: Not Observed UTC Conversion: -3:00 = UTC Magnetic Variation: 5.0° E Baghdad Approach: 127.700 Erbil Arrival: 126.500 Erbil Depa",d86b5b5e262a775f8e91d28a403f4b163992dbdd1733ca28e1ba6e46ce8a7ab6
995,ORER,,STAR,STAR,10-2,"KEDIM 1N, OTALO 1N",MATCH,independently_consistent,True,False,True,AWAITING_INDIVIDUAL_VISUAL_VERIFICATION,,images/pages_0801_1200/0995.jpg,R011 175^ D 1 5. 0 KEDIM 191^ 4.6 7.4 D21.0 RER D28.4 RER KEDIM 1N D2 1.0 R ER A rc 24 Apt Elev 1325 130.4 ATIS FL170 when QNH below 980 hPa 10 20 30 40 50 0 5 15 25 35 45 5 Alt Set: hPa Trans level: FL160 96 143 36-30 D33.0 FL170 KEDIM 1N [KEDI1N] OTALO 1N [OTAL1N] ORER/EBL ARRI,d86b5b5e262a775f8e91d28a403f4b163992dbdd1733ca28e1ba6e46ce8a7ab6
996,ORER,,STAR,STAR,10-2A,"OTALO 1S, OTALO 1T",MATCH,independently_consistent,True,False,True,AWAITING_INDIVIDUAL_VISUAL_VERIFICATION,,images/pages_0801_1200/0996.jpg,057^ 020^ 358^ R351 D20.0 7100 8500 Apt Elev 1325 130.4 ATIS FL170 when QNH below 980 hPa 10 20 30 40 50 0 5 15 25 35 45 5 IVAGI 13 351^ 171^ D25.0 MAX 220 KT MHA 7100 Protected up to 9000 (IAF) 295^ 175^ 5600 8500 MSA RER VOR 1 4700 within D15.0 1 8689 Alt Set: hPa Trans level: ,d86b5b5e262a775f8e91d28a403f4b163992dbdd1733ca28e1ba6e46ce8a7ab6
997,ORER,,SID,SID,10-3,"DAVAS 1N, UMESA 1N",MATCH,independently_consistent,True,False,True,AWAITING_INDIVIDUAL_VISUAL_VERIFICATION,,images/pages_0801_1200/0997.jpg,D83.4 IR A N IR A Q DAVAS Apt Elev 1325 Trans alt: 14000 4.3% V/V (fpm) 327 435 653 871 1089 1306 Gnd speed-KT 75 100 150 200 250 300 These SIDs require a minimum ATS climb gradient of 4.3% up to 4000. JEPPESEN 2 MAY 25 .Eff.15.May. 8472 110 45-00 45-30 SULAIMANIYAH Sulaimaniyah ,d86b5b5e262a775f8e91d28a403f4b163992dbdd1733ca28e1ba6e46ce8a7ab6
998,ORER,,SID,SID,10-3A,"EMIDO 1N, ROXOP 1N",MATCH,independently_consistent,True,False,True,AWAITING_INDIVIDUAL_VISUAL_VERIFICATION,,images/pages_0801_1200/0998.jpg,"322^ 295^ 8500 R E R V OR 1 7 5 ^ D 1 5. 0 116.3 RER ERBIL RER D 3 5 5 ^ 277^ 2 5 2 ^ hdg h d g Apt Elev 1325 Trans alt: 14000 JEPPESEN 25 .Eff.15.May. D6.5 RER 143 44-00 EMIDO 1N [EMID1N] ROXOP 1N [ROXO1N] (RWY 36) DEPARTURES SID ROUTING EMIDO 1N ROXOP 1N .SID. | JEPPESEN, 2025.",d86b5b5e262a775f8e91d28a403f4b163992dbdd1733ca28e1ba6e46ce8a7ab6
999,ORER,ORSU,SID,SID,10-3B,"DAVAS 1S, UMESA 1S",REVIEW,header_icao_differs_from_index,True,False,True,AWAITING_INDIVIDUAL_VISUAL_VERIFICATION,,images/pages_0801_1200/0999.jpg,"IR A Q DAVAS Apt Elev 1325 Trans alt: 14000 JEPPESEN 2 MAY 25 .Eff.15.May. 8472 110 142 45-00 45-30 D83.4 SULAIMANIYAH Sulaimaniyah Intl ORSU IR A N DAVAS 1S [DAVA1S] UMESA 1S [UMES1S] (RWY 18) DEPARTURES SID ROUTING DAVAS 1S UMESA 1S .SID. | JEPPESEN, 2025. ALL RIGHTS RESERVED. ",d86b5b5e262a775f8e91d28a403f4b163992dbdd1733ca28e1ba6e46ce8a7ab6
1000,ORER,,SID,SID,10-3C,"EMIDO 1S, ROXOP 1S",MATCH,independently_consistent,True,False,True,AWAITING_INDIVIDUAL_VISUAL_VERIFICATION,,images/pages_0801_1200/1000.jpg,295^ 8500 1 7 5 ^ D 1 5. 0 4000 116.3 RER ERBIL RER D in turn R140 320^ 1 7 5 ^ 322^ 297^ Apt Elev 1325 Trans alt: 14000 JEPPESEN 25 .Eff.15.May. These SIDs require a minimum ATS climb gradient of 4.1% up to 4000. D7.0 RER 4.1% V/V (fpm) 311 415 623 830 1038 1246 Gnd speed-KT 75 ,d86b5b5e262a775f8e91d28a403f4b163992dbdd1733ca28e1ba6e46ce8a7ab6
1001,ORER,ORER,AIRPORT,AIRPORT,10-9,Airport Diagram Chart (ADC),MATCH,independently_consistent,True,False,True,AWAITING_INDIVIDUAL_VISUAL_VERIFICATION,,images/pages_0801_1200/1001.jpg,"Apt Elev 10-9 JEPPESEN ORER/EBL 1324' N36 14.3 E043 56.8 ERBIL, IRAQ ERBIL INTL ERBIL Tower 18 175^ Elev 1270' A1 A2 B 05^E 36-15 36-15 36-16 36-16 43-55 43-56 43-57 43-58 43-59 ERBIL Departure ATIS A FOR DETAILS SEE PARKING STANDS & COORDS Cargo Terminal .Eff.15.May. 2 MAY 25 CA",d86b5b5e262a775f8e91d28a403f4b163992dbdd1733ca28e1ba6e46ce8a7ab6
1002,ORER,ORER,AIRPORT,AIRPORT,10-9A,PARKING STANDS & COORDS,MATCH,independently_consistent,True,False,True,AWAITING_INDIVIDUAL_VISUAL_VERIFICATION,,images/pages_0801_1200/1002.jpg,"JEPPESEN ORER/EBL ERBIL, IRAQ ERBIL INTL 10-9A A2 A3 C R 31 32 33 34 35 ARP Control Tower 43-57.2 43-57.3 43-57 43-57.1 43-56.7 43-56.8 43-56.9 36-14.3 36-14.4 36-14.5 36-14.6 36-14.6 36-14.5 36-14.4 36-14.3 A A Cargo Terminal .Eff.15.May. 2 MAY 25 CARGO APRON -56.8 COORDINATES S",d86b5b5e262a775f8e91d28a403f4b163992dbdd1733ca28e1ba6e46ce8a7ab6
1003,ORER,ORER,AIRPORT,AIRPORT,10-9B,AIRPORT CHART,MATCH,independently_consistent,True,False,True,AWAITING_INDIVIDUAL_VISUAL_VERIFICATION,,images/pages_0801_1200/1003.jpg,"ORER/EBL ERBIL, IRAQ ERBIL INTL 10-9B JEPPESEN 1 AUG 25 .Eff.7.Aug. ACFT STANDS PHRASEOLOGY PASSENGER APRON DEPARTURE PROCEDURES PUSH-BACK PROCEDURE The acft shall be pushed back onto Push-back approved - When ready for start-up and push-back, pilots shall contact ERBIL Tower and",d86b5b5e262a775f8e91d28a403f4b163992dbdd1733ca28e1ba6e46ce8a7ab6
1004,ORER,ORER,AIRPORT,AIRPORT,10-9C,AIRPORT CHART,MATCH,independently_consistent,True,False,True,AWAITING_INDIVIDUAL_VISUAL_VERIFICATION,,images/pages_0801_1200/1004.jpg,"JEPPESEN ORER/EBL ERBIL, IRAQ 10-9C A2 C B ERBIL INTL LOW VISIBILITY TAXI ROUTES A1 .Eff.7.Aug. A ERBIL Tower ERBIL Departure ATIS 43-57.3 43-57.2 43-57.1 43-57 43-56.7 43-56.9 36-14.5 36-14.6 36-14.7 36-14.5 36-14.6 36-14.7 43-57.3 43-57.2 43-57.1 43-57 36-15.3 36-15.4 36-15.5 4",d86b5b5e262a775f8e91d28a403f4b163992dbdd1733ca28e1ba6e46ce8a7ab6
1005,ORER,ORER,AIRPORT,AIRPORT,10-9S,MINIMUMS,MATCH,independently_consistent,True,False,True,AWAITING_INDIVIDUAL_VISUAL_VERIFICATION,,images/pages_0801_1200/1005.jpg,"ORER/EBL ERBIL, IRAQ ERBIL INTL 10-9S JEPPESEN 7 3 .Eff.7.Aug. .EASA.AIR.OPS. 2 2 2 2 1 AUG 25 R550m R550m R550m R550m 5 6 3 STRAIGHT-IN RWY D C B A ALS out (200') (200') (200') (200') LOC (360') 1630' 18 1470' 1470' 1470' 1470' 1630'(360') 1630'(360') 1630'(360') (331') R800m 16",d86b5b5e262a775f8e91d28a403f4b163992dbdd1733ca28e1ba6e46ce8a7ab6
1006,ORER,ORER,APP,APP,11-1,ILS Z RWY 18,MATCH,independently_consistent,True,False,True,AWAITING_INDIVIDUAL_VISUAL_VERIFICATION,,images/pages_0801_1200/1006.jpg,"3000 2000 2000 2000 20 ORER/EBL ERBIL, IRAQ ERBIL INTL 11-1 ERBIL Tower 127.7 128.8 LOC IREA 109.1 Final Apch Crs 175^ ILS DA(H) 1470'(200') MISSED APCH: BRIEFING STRIP TM JEPPESEN 126.5 ERBIL Arrival BAGHDAD Approach 130.4 ATIS Apt Elev 1324' Rwy 1270' 2 MAY 25 .Eff.15.May. ILS ",d86b5b5e262a775f8e91d28a403f4b163992dbdd1733ca28e1ba6e46ce8a7ab6
1007,ORER,ORER,APP,APP,11-1A,ILS Z RWY 18,MATCH,independently_consistent,True,False,True,AWAITING_INDIVIDUAL_VISUAL_VERIFICATION,,images/pages_0801_1200/1007.jpg,3000 2000 2000 2000 20 ORER/EBL ERBIL INTL ERBIL Tower 127.7 128.8 LOC IREA 109.1 Final Apch Crs 175^ BRIEFING STRIP TM JEPPESEN 126.5 ERBIL Arrival BAGHDAD Approach 130.4 ATIS Apt Elev 1324' Rwy 1270' 2 MAY 25 .Eff.15.May. 355^ 175^ ER71~ (IAF) ^ 6000 MAX 230 KT MAX 14000 MHA 60,d86b5b5e262a775f8e91d28a403f4b163992dbdd1733ca28e1ba6e46ce8a7ab6
1008,ORER,ORER,APP,APP,11-2,ILS Y RWY 18,MATCH,independently_consistent,True,False,True,AWAITING_INDIVIDUAL_VISUAL_VERIFICATION,,images/pages_0801_1200/1008.jpg,"2 2000 20 ORER/EBL ERBIL, IRAQ ERBIL INTL 11-2 LOC IREA 109.1 Final Apch Crs 175^ ILS DA(H) 1470'(200') Alt Set: hPa Rwy Elev: 46 hPa Trans alt: 14000' BRIEFING STRIP TM JEPPESEN ERBIL Tower 127.7 128.8 126.5 ERBIL Arrival BAGHDAD Approach 130.4 ATIS Apt Elev 1324' Rwy 1270' 1 D5",d86b5b5e262a775f8e91d28a403f4b163992dbdd1733ca28e1ba6e46ce8a7ab6
1009,ORER,ORER,APP,APP,11-2A,ILS Y RWY 18,MATCH,independently_consistent,True,False,True,AWAITING_INDIVIDUAL_VISUAL_VERIFICATION,,images/pages_0801_1200/1009.jpg,"2 2000 11-2A ORER/EBL ERBIL, IRAQ ERBIL INTL JEPPESEN 2 MAY 25 .Eff.15.May. CAT II ILS Y Rwy 18 LOC IREA 109.1 Final Apch Crs 175^ DA(H) BRIEFING STRIP TM ERBIL Tower 127.7 128.8 126.5 ERBIL Arrival BAGHDAD Approach 130.4 ATIS Apt Elev 1324' Rwy 1270' 1 D5.4 IREA 3000'(1730') 295",d86b5b5e262a775f8e91d28a403f4b163992dbdd1733ca28e1ba6e46ce8a7ab6
1010,ORER,ORER,APP,APP,11-3,ILS Z RWY 36,MATCH,independently_consistent,True,False,True,AWAITING_INDIVIDUAL_VISUAL_VERIFICATION,,images/pages_0801_1200/1010.jpg,"OR(P)-602 3000 3000 4000 20 20 ORER/EBL ERBIL, IRAQ ERBIL INTL 11-3 LOC IREB 109.7 Final Apch Crs 355^ ILS DA(H) 1510'(200') Alt Set: hPa Rwy Elev: 47 hPa Trans alt: 14000' MISSED APCH: BRIEFING STRIP TM JEPPESEN 355^ ERBIL Tower 127.7 128.8 126.5 ERBIL Arrival BAGHDAD Approach 1",d86b5b5e262a775f8e91d28a403f4b163992dbdd1733ca28e1ba6e46ce8a7ab6
1011,ORER,ORER,APP,APP,11-4,ILS Y RWY 36,MATCH,independently_consistent,True,False,True,AWAITING_INDIVIDUAL_VISUAL_VERIFICATION,,images/pages_0801_1200/1011.jpg,"OR(P)-602 2000 3000 4000 ERBIL DR E R 20 ORER/EBL ERBIL, IRAQ ERBIL INTL 11-4 LOC IREB 109.7 Final Apch Crs 355^ ILS DA(H) 1510'(200') Alt Set: hPa Rwy Elev: 47 hPa Trans alt: 14000' MISSED APCH: BRIEFING STRIP TM JEPPESEN 5^ ERBIL Tower 127.7 128.8 126.5 ERBIL Arrival BAGHDAD Ap",d86b5b5e262a775f8e91d28a403f4b163992dbdd1733ca28e1ba6e46ce8a7ab6
1012,ORER,ORER,APP,APP,12-1,RNP RWY 18,MATCH,independently_consistent,True,False,True,AWAITING_INDIVIDUAL_VISUAL_VERIFICATION,,images/pages_0801_1200/1012.jpg,"2000 2000 3000 3000 5 20 ORER/EBL ERBIL, IRAQ ERBIL INTL 12-1 Final Apch Crs 176^ 1640' Apt Elev Rwy 1363' 1309' Alt Set: hPa Rwy Elev: 47 hPa Trans alt: 14000' MISSED APCH: BRIEFING STRIP TM JEPPESEN AFRAN NEZAR (IAF) 176^ 6.0 RNAV REZAN 2900'(1591') TAA 25 NM IAF Climb STRAIGHT",d86b5b5e262a775f8e91d28a403f4b163992dbdd1733ca28e1ba6e46ce8a7ab6
1013,ORER,ORER,APP,APP,12-2,RNP RWY 36,MATCH,independently_consistent,True,False,True,AWAITING_INDIVIDUAL_VISUAL_VERIFICATION,,images/pages_0801_1200/1013.jpg,"OR(P)-602 3000 4000 15 20 ORER/EBL ERBIL, IRAQ ERBIL INTL 12-2 Final Apch Crs 356^ 1720' Apt Elev Rwy 1363' 1349' Alt Set: hPa Rwy Elev: 48 hPa Trans alt: 14000' MISSED APCH: BRIEFING STRIP TM JEPPESEN RNAV VIYAN 2900'(1551') TAA 25 NM IAF ROXOP (371') LAWAN 5.0 32.7 320^ 36-20 P",d86b5b5e262a775f8e91d28a403f4b163992dbdd1733ca28e1ba6e46ce8a7ab6
1014,ORMM,ORMM,AIRPORT,AIRPORT,,AIRPORT INFORMATION,REVIEW,only_old_index_supports_category,True,False,True,AWAITING_INDIVIDUAL_VISUAL_VERIFICATION,,images/pages_0801_1200/1014.jpg,"General Information Location: BASRAH IRQ ICAO/IATA: ORMM / BSR Lat/Long: N30° 32.9', E047° 39.7' Elevation: 11 ft Airport Use: Public Daylight Savings: Not Observed UTC Conversion: -3:00 = UTC Magnetic Variation: 3.0° E Baghdad Approach: 120.200 Baghdad Approach: 136.275 Secondar",d86b5b5e262a775f8e91d28a403f4b163992dbdd1733ca28e1ba6e46ce8a7ab6
1015,ORMM,ORMM,AIRPORT,AIRPORT,,AIRPORT INFORMATION,MATCH,independently_consistent,True,False,True,AWAITING_INDIVIDUAL_VISUAL_VERIFICATION,,images/pages_0801_1200/1015.jpg,"General Information Location: BASRAH IRQ ICAO/IATA: ORMM / BSR Lat/Long: N30° 32.9', E047° 39.7' Elevation: 11 ft Airport Use: Public Daylight Savings: Not Observed UTC Conversion: -3:00 = UTC Magnetic Variation: 3.0° E Baghdad Approach: 120.200 Baghdad Approach: 136.275 Secondar",d86b5b5e262a775f8e91d28a403f4b163992dbdd1733ca28e1ba6e46ce8a7ab6
1016,ORMM,ORMM,AIRPORT,AIRPORT,10-9,Airport Diagram Chart (ADC),MATCH,independently_consistent,True,False,True,AWAITING_INDIVIDUAL_VISUAL_VERIFICATION,,images/pages_0801_1200/1016.jpg,"Elev 10' Tower Control 13,146' ORMM/BSR 10-9 11' BASRAH, IRAQ BASRAH INTL Apt Elev 03^E N30 32.9 E047 39.7 14 135^ JEPPESEN 30-34 30-34 47-39 47-40 47-41 BASRAH Ground Tower 121.7 118.7 C F H T ATIS 124.525 14A 16 JUN 23 CARGO APRON Printed from JeppView for Windows 5.3.0.0 on 09",d86b5b5e262a775f8e91d28a403f4b163992dbdd1733ca28e1ba6e46ce8a7ab6
1017,ORMM,,AIRPORT,AIRPORT,10-9S,MINIMUMS,MATCH,independently_consistent,True,False,True,AWAITING_INDIVIDUAL_VISUAL_VERIFICATION,,images/pages_0801_1200/1017.jpg,STRAIGHT-IN RWY D 10-9S C B A BASRAH INTL 32 14 390'(379') ceil 400'- ceil 400'- ceil 400'- ceil 400'- JEPPESEN 390'(379') 390'(379') 390'(379') 225'(215') 490'(480') ceil 500'- 490'(480') 490'(480') 490'(480') ILS LOC 225'(215') 225'(215') 225'(215') ceil 500'- ceil 500'- ceil 5,d86b5b5e262a775f8e91d28a403f4b163992dbdd1733ca28e1ba6e46ce8a7ab6
1018,ORMM,ORMM,APP,APP,11-1,LOC RWY 32,MATCH,independently_consistent,True,False,True,AWAITING_INDIVIDUAL_VISUAL_VERIFICATION,,images/pages_0801_1200/1018.jpg,"ORMM/BSR BASRAH INTL 11-1 BASRAH, IRAQ Trans alt: 14000' Rwy Elev: 0 hPa Alt Set: hPa BASRAH B S R MISSED APCH: BRIEFING STRIP TM JEPPESEN ILS or LOC Rwy 32 20 LOC IBIA 111.7 Final Apch Crs 315^ 1900'(1890') ILS DA(H) 225'(215') Climb to 500', then climbing turn LEFT to 3000' via",d86b5b5e262a775f8e91d28a403f4b163992dbdd1733ca28e1ba6e46ce8a7ab6
1019,ORMM,ORMM,APP,APP,13-1,VOR DME RWY 14,MATCH,independently_consistent,True,False,True,AWAITING_INDIVIDUAL_VISUAL_VERIFICATION,,images/pages_0801_1200/1019.jpg,"ORMM/BSR BASRAH INTL 13-1 BASRAH, IRAQ Trans alt: 14000' Apt Elev: 0 hPa Alt Set: hPa MISSED APCH: BRIEFING STRIP TM JEPPESEN 20 VOR BSR 112.3 Final Apch Crs 135^ 1900'(1889') 390'(379') HOKEM VOR DME Rwy 14 CEPKI MDA(H) D15.0 135 Climb to 3000'. Climb direct to VOR, then turn RI",d86b5b5e262a775f8e91d28a403f4b163992dbdd1733ca28e1ba6e46ce8a7ab6
1020,ORMM,ORMM,APP,APP,13-2,VOR DME RWY 32,MATCH,independently_consistent,True,False,True,AWAITING_INDIVIDUAL_VISUAL_VERIFICATION,,images/pages_0801_1200/1020.jpg,"ORMM/BSR BASRAH INTL 13-2 BASRAH, IRAQ Trans alt: 14000' Apt Elev: 0 hPa Alt Set: hPa MISSED APCH: BRIEFING STRIP TM JEPPESEN 20 VOR BSR 112.3 Final Apch Crs 320^ 1800'(1789') 490'(479') VOR DME Rwy 32 BASRAH 112.3 BSR D B S R CEPOK MDA(H) (D15.0/R-244) and hold. Climbing turn LE",d86b5b5e262a775f8e91d28a403f4b163992dbdd1733ca28e1ba6e46ce8a7ab6
1021,ORSJ,ORSJ,AIRPORT,AIRPORT,,AIRPORT INFORMATION,MATCH,independently_consistent,True,False,True,AWAITING_INDIVIDUAL_VISUAL_VERIFICATION,,images/pages_0801_1200/1021.jpg,"General Information Location: SULAIMANIYAH IRQ ICAO/IATA: ORSJ / ISU Lat/Long: N35° 33.6', E045° 18.9' Elevation: 2492 ft Airport Use: Public Daylight Savings: Not Observed UTC Conversion: -3:00 = UTC Magnetic Variation: 4.0° E Baghdad Approach: 125.000 Secondary General Informat",d86b5b5e262a775f8e91d28a403f4b163992dbdd1733ca28e1ba6e46ce8a7ab6
1022,ORSJ,ORSJ,AIRPORT,AIRPORT,,AIRPORT INFORMATION,MATCH,independently_consistent,True,False,True,AWAITING_INDIVIDUAL_VISUAL_VERIFICATION,,images/pages_0801_1200/1022.jpg,"General Information Location: SULAIMANIYAH IRQ ICAO/IATA: ORSJ / ISU Lat/Long: N35° 33.6', E045° 18.9' Elevation: 2492 ft Airport Use: Public Daylight Savings: Not Observed UTC Conversion: -3:00 = UTC Magnetic Variation: 4.0° E Baghdad Approach: 125.000 Secondary Baghdad Approach",d86b5b5e262a775f8e91d28a403f4b163992dbdd1733ca28e1ba6e46ce8a7ab6
1023,ORER,OMMS,STAR,STAR,10-2,STAR 10-2,REVIEW,header_icao_differs_from_index,True,False,True,AWAITING_INDIVIDUAL_VISUAL_VERIFICATION,,images/pages_0801_1200/1023.jpg,"COMMS T COMMS LOST COMMS LOST COMMS LOST COMMS LOST COMMS LOST COMMS COMMS LOST COMMS LOST COMMS LOST 70^ V O R MHA 8000 130^ 310^ 10-2 .STAR. SULAIMANIYAH, IRAQ JEPPESEN ORSJ/ISU 13 MAR 26 .Eff.19.Mar. ation failure comply res: mplete approach for landing; and current flight pla",d86b5b5e262a775f8e91d28a403f4b163992dbdd1733ca28e1ba6e46ce8a7ab6
1024,ORER,OMMS,STAR,STAR,10-2A,STAR 10-2A,REVIEW,header_icao_differs_from_index,True,False,True,AWAITING_INDIVIDUAL_VISUAL_VERIFICATION,,images/pages_0801_1200/1024.jpg,"COMMS T COMMS LOST COMMS LOST COMMS LOST COMMS LOST COMMS LOST COMMS COMMS LOST COMMS LOST COMMS LOST 0 70^ V O R MHA 8000 310^ 130^ .STAR. SULAIMANIYAH, IRAQ JEPPESEN ORSJ/ISU 13 MAR 26 .Eff.19.Mar. ation failure comply res: mplete approach for landing; and current flight plan r",d86b5b5e262a775f8e91d28a403f4b163992dbdd1733ca28e1ba6e46ce8a7ab6
1025,ORSJ,,SID,SID,10-3,SID 10-3,MATCH,independently_consistent,True,False,True,AWAITING_INDIVIDUAL_VISUAL_VERIFICATION,,images/pages_0801_1200/1025.jpg,"COMMS LOST COMMS LOST COMMS LOST COMMS LOST COMMS LOST COMMS LOST COMMS LOST COMMS LOST COMMS LOST LO ST C O M M S 9000 1 8 0 ^ 7550 270^ 10-3 SULAIMANIYAH, IRAQ JEPPESEN ORSJ/ISU 13 MAR 26 .Eff.19.Mar. JALAL TALABANI INTL Apt Elev 2492 .SID. 310^ 117.0 SUL LAL TALABANI SUL 50 Tr",d86b5b5e262a775f8e91d28a403f4b163992dbdd1733ca28e1ba6e46ce8a7ab6
1026,ORSJ,,SID,SID,10-3A,SID 10-3A,MATCH,independently_consistent,True,False,True,AWAITING_INDIVIDUAL_VISUAL_VERIFICATION,,images/pages_0801_1200/1026.jpg,"COMMS LOST COMMS LOST COMMS LOST COMMS LOST LOST LOST COMMS LOST COMMS LOST COMMS LOST COMMS COMMS LO ST C O M M S 9000 7550 270^ 6500 SULAIMANIYAH, IRAQ JEPPESEN ORSJ/ISU 13 MAR 26 .Eff.19.Mar. JALAL TALABANI INTL Apt Elev 2492 .SID. L ANI 50 Trans alt: 14000 Set transponder cod",d86b5b5e262a775f8e91d28a403f4b163992dbdd1733ca28e1ba6e46ce8a7ab6
1027,ORSJ,,AIRPORT,AIRPORT,10-9,Airport Diagram Chart (ADC),MATCH,independently_consistent,True,False,True,AWAITING_INDIVIDUAL_VISUAL_VERIFICATION,,images/pages_0801_1200/1027.jpg,"Apt Elev 04^E 2492' N35 33.6 E045 18.9 10-9 VOR 13 130^ SULAIMANIYAH, IRAQ 11, Elev 2492' A F G Stopway 197' 60m JEPPESEN Control K L CARGO APRON 35-34 35-34 45-18 45-19 45-20 118.3 Cargo 13 MAR 26 FOR DETAILS SEE PARKING STANDS & COORDS ORSJ/ISU .Eff.19.Mar. JALAL TALABANI INTL ",d86b5b5e262a775f8e91d28a403f4b163992dbdd1733ca28e1ba6e46ce8a7ab6
1028,ORSJ,,AIRPORT,AIRPORT,10-9A,AIRPORT CHART,MATCH,independently_consistent,True,False,True,AWAITING_INDIVIDUAL_VISUAL_VERIFICATION,,images/pages_0801_1200/1028.jpg,"10-9A JEPPESEN 35-33.5 35-33.5 45-19.3 45-19.4 45-19.2 45-19.6 Terminal VIP APRON 1 APRON 2 13 MAR 26 .Eff.19.Mar. 45-19.5 SULAIMANIYAH, IRAQ H C A 1 3 2 4 ORSJ/ISU JALAL TALABANI INTL Printed from JeppView for Windows 5.3.0.0 on 09 Oct 2026; Terminal chart data cycle 21-2026; No",d86b5b5e262a775f8e91d28a403f4b163992dbdd1733ca28e1ba6e46ce8a7ab6
1029,ORSJ,ORSJ,AIRPORT,AIRPORT,10-9S,MINIMUMS,MATCH,independently_consistent,True,False,True,AWAITING_INDIVIDUAL_VISUAL_VERIFICATION,,images/pages_0801_1200/1029.jpg,"10-9S JEPPESEN ORSJ/ISU SULAIMANIYAH, IRAQ 2 .EASA.AIR.OPS. 1 1 1 1 2 .Eff.19.Mar. 13 MAR 26 JALAL TALABANI INTL STRAIGHT-IN RWY D C B A (200') 13 2692' ALS out (308') VOR 2800' (308') 2800' (308') 2800' (308') 2800' ALS out (308') VOR 2800' (308') 2800' (308') 2800' (308') 2800'",d86b5b5e262a775f8e91d28a403f4b163992dbdd1733ca28e1ba6e46ce8a7ab6
1030,ORSJ,,APP,APP,11-1,APPROACH 11-1,MATCH,independently_consistent,True,False,True,AWAITING_INDIVIDUAL_VISUAL_VERIFICATION,,images/pages_0801_1200/1030.jpg,"3000 4000 4000 4000 4000 5000 5000 6000 4000 4000 SULAIMANIYAH, IRAQ MISSED APCH: BRIEFING STRIP TM ILS DME Rwy 13 11-1 LOC NGA 111.1 Final Apch Crs 130^ D7.9 NGA 5056' DA(H) 2692'(200') Alt Set: hPa Rwy Elev: 88 hPa Trans alt: 14000' 10 130^ 085^ 265^ (2564') Climb on runway hea",d86b5b5e262a775f8e91d28a403f4b163992dbdd1733ca28e1ba6e46ce8a7ab6
1031,ORSJ,,APP,APP,11-2,APPROACH 11-2,MATCH,independently_consistent,True,False,True,AWAITING_INDIVIDUAL_VISUAL_VERIFICATION,,images/pages_0801_1200/1031.jpg,"4000 4000 4000 5000 5000 5000 3000 4000 4000 SULAIMANIYAH, IRAQ MISSED APCH: BRIEFING STRIP TM ILS DME Rwy 31 11-2 LOC RNJ 111.7 Final Apch Crs 310^ D8.1 RNJ 5037' DA(H) 2640'(200') Climb on runway heading to 6500', then turn LEFT Alt Set: hPa Rwy Elev: 86 hPa Trans alt: 14000' 1",d86b5b5e262a775f8e91d28a403f4b163992dbdd1733ca28e1ba6e46ce8a7ab6
1032,ORSJ,,APP,APP,12-1,RNP RWY 13,MATCH,independently_consistent,True,False,True,AWAITING_INDIVIDUAL_VISUAL_VERIFICATION,,images/pages_0801_1200/1032.jpg,"3000 4000 4000 5000 5000 5000 6000 6000 SULAIMANIYAH, IRAQ MISSED APCH: BRIEFING STRIP TM Final Apch Crs 130^ 2840'(348') Alt Set: hPa Rwy Elev: 88 hPa Trans alt: 14000' JEPPESEN BAGHDAD Approach 127.7 Apt Elev 2492' Rwy 2492' 1 FL170 when QNH below 980 hPa. 1 130^ DESKU (IAF) XA",d86b5b5e262a775f8e91d28a403f4b163992dbdd1733ca28e1ba6e46ce8a7ab6
1033,ORSJ,,APP,APP,12-2,RNP RWY 31,MATCH,independently_consistent,True,False,True,AWAITING_INDIVIDUAL_VISUAL_VERIFICATION,,images/pages_0801_1200/1033.jpg,"4000 5000 5000 5000 6000 6000 SULAIMANIYAH, IRAQ MISSED APCH: BRIEFING STRIP TM 12-2 Final Apch Crs 310^ Trans alt: 14000' JEPPESEN 0 BAGHDAD Approach 127.7 Rwy 2440' Apt Elev 2492' FL170 when QNH below 980 hPa. 1 RNAV TAA 25 NM IAF (2660') ORGOS 5100' 2780'(340') LNAV RANKO 1 11",d86b5b5e262a775f8e91d28a403f4b163992dbdd1733ca28e1ba6e46ce8a7ab6
1034,ORSJ,,APP,APP,13-1,VOR RWY 13,MATCH,independently_consistent,True,False,True,AWAITING_INDIVIDUAL_VISUAL_VERIFICATION,,images/pages_0801_1200/1034.jpg,"4000 4000 5000 5000 5000 6000 130^ 085^ [FS13] SULAIMANIYAH, IRAQ MISSED APCH: BRIEFING STRIP TM 13-1 VOR SUL 117.0 Final Apch Crs 130^ 2800'(308') Alt Set: hPa Rwy Elev: 88 hPa Trans alt: 14000' Climb on runway heading to 6500', then turn RIGHT to join VOR at 8000', or as direct",d86b5b5e262a775f8e91d28a403f4b163992dbdd1733ca28e1ba6e46ce8a7ab6
1035,ORSJ,,APP,APP,13-2,VOR RWY 31,MATCH,independently_consistent,True,False,True,AWAITING_INDIVIDUAL_VISUAL_VERIFICATION,,images/pages_0801_1200/1035.jpg,"3000 4000 4000 5000 4000 130^ 310^ (IAF) SULAIMANIYAH, IRAQ MISSED APCH: BRIEFING STRIP TM 13-2 VOR SUL 117.0 Final Apch Crs 310^ 2740'(300') Climb on runway heading to 6500', then turn LEFT Alt Set: hPa Rwy Elev: 86 hPa Trans alt: 14000' to join VOR at 8000', or as directed. VOR",d86b5b5e262a775f8e91d28a403f4b163992dbdd1733ca28e1ba6e46ce8a7ab6
1036,OOMS,OOMS,AIRPORT,AIRPORT,,AIRPORT INFORMATION,REVIEW,only_old_index_supports_category,True,False,True,AWAITING_INDIVIDUAL_VISUAL_VERIFICATION,,images/pages_0801_1200/1036.jpg,"General Information Location: MUSCAT OMN ICAO/IATA: OOMS / MCT Lat/Long: N23° 36.0', E058° 17.0' Elevation: 49 ft Airport Use: Public Daylight Savings: Not Observed UTC Conversion: -4:00 = UTC Magnetic Variation: 2.0° E Length x Width: 13123 ft x 197 ft Surface Type: asphalt TDZ-",d86b5b5e262a775f8e91d28a403f4b163992dbdd1733ca28e1ba6e46ce8a7ab6
1037,OOMS,OOMS,AIRPORT,AIRPORT,,AIRPORT INFORMATION,REVIEW,only_old_index_supports_category,True,False,True,AWAITING_INDIVIDUAL_VISUAL_VERIFICATION,,images/pages_0801_1200/1037.jpg,"General Information Location: MUSCAT OMN ICAO/IATA: OOMS / MCT Lat/Long: N23° 36.0', E058° 17.0' Elevation: 49 ft Airport Use: Public Daylight Savings: Not Observed UTC Conversion: -4:00 = UTC Magnetic Variation: 2.0° E Length x Width: 13123 ft x 197 ft Surface Type: asphalt TDZ-",d86b5b5e262a775f8e91d28a403f4b163992dbdd1733ca28e1ba6e46ce8a7ab6
1038,OOMS,,AIRPORT,AIRPORT,10-1P,AIRPORT BRIEFING,MATCH,independently_consistent,True,False,True,AWAITING_INDIVIDUAL_VISUAL_VERIFICATION,,images/pages_0801_1200/1038.jpg,"JEPPESEN 1. GENERAL 1.1. ATIS ATIS 126.8 1.2. 1.2.1. NOISE ABATEMENT PROCEDURES COMPLIANCE Compliance with noise abatement procedures is not required when: - RWY not clear and dry, i.e. affected by water, mud, rubber, oil or other substances; - CEILING lower than 500', VIS less t",d86b5b5e262a775f8e91d28a403f4b163992dbdd1733ca28e1ba6e46ce8a7ab6
1039,OOMS,OOMS,AIRPORT,AIRPORT,10-1P1,AIRPORT BRIEFING,MATCH,independently_consistent,True,False,True,AWAITING_INDIVIDUAL_VISUAL_VERIFICATION,,images/pages_0801_1200/1039.jpg,"JEPPESEN 2. ARRIVAL 2.2.1. ILS APPROACH For ILS approaches, maintain assigned altitude until GS intercept, do not fly below GS thereafter. 2.2.2. VISUAL APPROACH .Eff.19.Feb. 2.2. NOISE ABATEMENT PROCEDURE To reduce ACFT noise disturbance around the APT, it is recommended that AC",d86b5b5e262a775f8e91d28a403f4b163992dbdd1733ca28e1ba6e46ce8a7ab6
1040,OOMS,,SID,SID,10-3,UMAGO 7R,MATCH,independently_consistent,True,False,True,AWAITING_INDIVIDUAL_VISUAL_VERIFICATION,,images/pages_0801_1200/1040.jpg,D 6 0 COMMS LOST COMMS LOST COMMS LOST COMMS LOST LOST C O M M SLO ST LOST COMMS LOST COMMS LOST COMMS LOST COMMS LOST COMMS Alt Set: hPa Trans level: FL150 Trans alt: 13000 Apt Elev 49 121.2 MUSCAT Approach (R) 1. Chart only to be used for cross-checking of assigned altitudes wh,d86b5b5e262a775f8e91d28a403f4b163992dbdd1733ca28e1ba6e46ce8a7ab6
1041,OOMS,,STAR,STAR,10-2,"ELIGO 1A, OBTIN 1A, VUSET 1A",MATCH,independently_consistent,True,False,True,AWAITING_INDIVIDUAL_VISUAL_VERIFICATION,,images/pages_0801_1200/1041.jpg,TMA FL250 FL160 50 60 ELIGO 0^ SET Apt Elev 49 ATIS 126.80 Alt Set: hPa Trans level: FL150 RNAV 1 (GNSS) only JEPPESEN .RNAV.STAR. 1 AUG 25 .Eff.7.Aug. 7 75 59-30 WITHIN MUSCAT TMA MAX 250 KT BELOW 10000 .SPEED: ELIGO 1A [ELIG1A] OBTIN 1A [OBTI1A] VUSET 1A [VUSE1A] RNAV (GNSS) AR,d86b5b5e262a775f8e91d28a403f4b163992dbdd1733ca28e1ba6e46ce8a7ab6
1042,OOMS,,STAR,STAR,10-2A,"ELIGO 1B, OBTIN 1B, VUSET 1B",MATCH,independently_consistent,True,False,True,AWAITING_INDIVIDUAL_VISUAL_VERIFICATION,,images/pages_0801_1200/1042.jpg,TMA FL200 FL160 200 160 ELIGO 0^ SET Apt Elev 49 ATIS 126.80 Alt Set: hPa Trans level: FL150 RNAV 1 (GNSS) only JEPPESEN .RNAV.STAR. 25 .Eff.7.Aug. 7 75 59-30 WITHIN MUSCAT TMA MAX 250 KT BELOW 10000 .SPEED: ELIGO 1B [ELIG1B] OBTIN 1B [OBTI1B] VUSET 1B [VUSE1B] RNAV (GNSS) ARRIVA,d86b5b5e262a775f8e91d28a403f4b163992dbdd1733ca28e1ba6e46ce8a7ab6
1043,OOMS,OOMS,STAR,STAR,10-2B,"GERAR 1A, ITIKA 1A",MATCH,independently_consistent,True,False,True,AWAITING_INDIVIDUAL_VISUAL_VERIFICATION,,images/pages_0801_1200/1043.jpg,"Apt Elev 49 ATIS 26.80 Pa Trans level: FL150 NSS) only JEPPESEN OOMS/MCT MUSCAT INTL MUSCAT, OMAN 10-2B .RNAV.STAR. 50 1 AUG 25 .Eff.7.Aug. 1 58-30 WITHIN MUSCAT TMA MAX 250 KT BELOW 10000 D: GERAR 1A [GERA1A] ITIKA 1A [ITIK1A] RNAV (GNSS) ARRIVALS (RWYS 08L/R) ROUTING A A GERAR ",d86b5b5e262a775f8e91d28a403f4b163992dbdd1733ca28e1ba6e46ce8a7ab6
1044,OOMS,OOMS,STAR,STAR,10-2C,"GERAR 1B, ITIKA 1B",MATCH,independently_consistent,True,False,True,AWAITING_INDIVIDUAL_VISUAL_VERIFICATION,,images/pages_0801_1200/1044.jpg,"8000 6500 Apt Elev 49 ATIS 26.80 Pa Trans level: FL150 NSS) only JEPPESEN OOMS/MCT MUSCAT INTL MUSCAT, OMAN 10-2C .RNAV.STAR. 50 MS546 OBNEG 12.9 (IAF) 1 AUG 25 .Eff.7.Aug. 1 58-30 WITHIN MUSCAT TMA MAX 250 KT BELOW 10000 D: GERAR 1B [GERA1B] ITIKA 1B [ITIK1B] RNAV (GNSS) ARRIVAL",d86b5b5e262a775f8e91d28a403f4b163992dbdd1733ca28e1ba6e46ce8a7ab6
1045,OOMS,,STAR,STAR,10-2D,"IMLUM 1A, LAKLU 1A, LOPUN 1A",MATCH,independently_consistent,True,False,True,AWAITING_INDIVIDUAL_VISUAL_VERIFICATION,,images/pages_0801_1200/1045.jpg,FL250 FL160 Apt Elev 49 ATIS 126.80 Alt Set: hPa Trans level: FL150 RNAV 1 (GNSS) only JEPPESEN .RNAV.STAR. LOPUN 327^ LOPUN 1A 33.2 1 AUG 25 .Eff.7.Aug. 87 91 58-30 WITHIN MUSCAT TMA MAX 250 KT BELOW 10000 .SPEED: 50 KT KT IMLUM 1A [IMLU1A] LAKLU 1A [LAKL1A] LOPUN 1A [LOPU1A] RN,d86b5b5e262a775f8e91d28a403f4b163992dbdd1733ca28e1ba6e46ce8a7ab6
1046,OOMS,,STAR,STAR,10-2E,"IMLUM 1B, LAKLU 1B, LOPUN 1B",MATCH,independently_consistent,True,False,True,AWAITING_INDIVIDUAL_VISUAL_VERIFICATION,,images/pages_0801_1200/1046.jpg,6000 FL250 FL160 7200 Apt Elev 49 ATIS 126.80 Alt Set: hPa Trans level: FL150 RNAV 1 (GNSS) only JEPPESEN .RNAV.STAR. SUTPA (IAF) LOPUN MS537 327^ LOPUN 1B 33.2 1 9 . 8 25 .Eff.7.Aug. 87 91 58-30 WITHIN MUSCAT TMA MAX 250 KT BELOW 10000 .SPEED: KT IMLUM 1B [IMLU1B] LAKLU 1B [LAKL,d86b5b5e262a775f8e91d28a403f4b163992dbdd1733ca28e1ba6e46ce8a7ab6
1047,OOMS,OOMS,SID,SID,10-3,SID 10-3,MATCH,independently_consistent,True,False,True,AWAITING_INDIVIDUAL_VISUAL_VERIFICATION,,images/pages_0801_1200/1047.jpg,"180^ .SID. OOMS/MCT MUSCAT, OMAN MUSCAT INTL JEPPESEN Apt Elev MUSCAT Approach (R) 121.20 49 Trans alt: 13000 .Eff.7.Aug. 25 CHART LIES WITHIN AREA MUSCAT TMA. SIDs will be used unless directed otherwise by ATC. 1 AUG 25 10-3 .SPEED: MAX 250 KT BELOW 10000 WITHIN MUSCAT TMA DEPAR",d86b5b5e262a775f8e91d28a403f4b163992dbdd1733ca28e1ba6e46ce8a7ab6
1048,OOMS,OOMS,SID,SID,10-3A,"ITLAK 1N, MURMA 1N",MATCH,independently_consistent,True,False,True,AWAITING_INDIVIDUAL_VISUAL_VERIFICATION,,images/pages_0801_1200/1048.jpg,"180^ .SID. OOMS/MCT MUSCAT, OMAN MUSCAT INTL JEPPESEN 10-3A Apt Elev MUSCAT Approach (R) 121.20 49 Trans alt: 13000 35 40 45 .Eff.27.Nov. 14 NOV 25 CHART LIES WITHIN AREA MUSCAT TMA. .SPEED: MAX 250 KT BELOW 10000 WITHIN MUSCAT TMA ITLAK 1N [ITLA1N] MURMA 1N [MURM1N] DEPARTURES P",d86b5b5e262a775f8e91d28a403f4b163992dbdd1733ca28e1ba6e46ce8a7ab6
1049,OOMS,OMAN,AIRPORT,AIRPORT,10-9,Airport Diagram Chart (ADC),REVIEW,header_icao_differs_from_index,True,False,True,AWAITING_INDIVIDUAL_VISUAL_VERIFICATION,,images/pages_0801_1200/1049.jpg,"0 2 ^ E Cargo Terminal 10-9 JEPPESEN MUSCAT, OMAN MUSCAT INTL | JEPPESEN, 2011, 2026. ALL RIGHTS RESERVED. 23-35 23-36 23-37 58-18 58-18 58-19 58-19 GB1 H8 G6 28 AUG 26 .Eff.3.Sep. 5 4 263^ 26R O APRON CARGO APRON E7 D7 A E8 E9 D9 A DETAILS SEE ING STANDS 263^ 26L Elev 24' GB A P",d86b5b5e262a775f8e91d28a403f4b163992dbdd1733ca28e1ba6e46ce8a7ab6
1050,OOMS,OOMS,AIRPORT,AIRPORT,10-9A,ADDITIONAL RUNWAY INFORMATION,MATCH,independently_consistent,True,False,True,AWAITING_INDIVIDUAL_VISUAL_VERIFICATION,,images/pages_0801_1200/1050.jpg,"MUSCAT, OMAN OOMS/MCT 10-9A MUSCAT INTL JEPPESEN TAKE-OFF RUN AVAILABLE RWY 08L: RWY 26R: From rwy head 13,123' (4000m) twy Y6 int 10,846' (3306m) 2 2 From rwy head 13,123' (4000m) twy Y3 int 10,866' (3312m) 1 3 4 4 1 1 28 AUG 26 .Eff.3.Sep. 3 RWY ADDITIONAL RUNWAY INFORMATION Th",d86b5b5e262a775f8e91d28a403f4b163992dbdd1733ca28e1ba6e46ce8a7ab6
1051,OOMS,OMAN,AIRPORT,AIRPORT,10-9B,AIRPORT CHART,REVIEW,header_icao_differs_from_index,True,False,True,AWAITING_INDIVIDUAL_VISUAL_VERIFICATION,,images/pages_0801_1200/1051.jpg,"31A 58-18 58-18 58-17.7 58-17.8 58-17.9 58-18.1 58-17.7 58-17.8 58-17.9 58-18.1 CARGO TERMINAL H8 H7 MUSCAT, OMAN MUSCAT INTL 23-35.3 23-35.4 23-35.5 23-35.6 23-35.7 23-36.1 23-36.2 23-36.3 23-36.4 JEPPESEN G5 28 AUG 26 .Eff.3.Sep. 23-36 2 2 3 , D5, D6 and E7 up to code E Acft. t",d86b5b5e262a775f8e91d28a403f4b163992dbdd1733ca28e1ba6e46ce8a7ab6
1052,OOMS,OOMS,AIRPORT,AIRPORT,10-9C,INS COORDINATES,MATCH,independently_consistent,True,False,True,AWAITING_INDIVIDUAL_VISUAL_VERIFICATION,,images/pages_0801_1200/1052.jpg,"MUSCAT, OMAN OOMS/MCT 10-9C MUSCAT INTL JEPPESEN 28 AUG 26 .Eff.3.Sep. STAND No. COORDINATES INS COORDINATES STAND No. COORDINATES Elev. Elev. 1 2 3 4 5 6 7 8 9 10 10A 11 12 N23 35.3 E058 17.0 N23 35.4 E058 17.0 N23 35.4 E058 17.0 N23 35.3 E058 17.1 N23 35.4 E058 17.1 N23 35.4 E0",d86b5b5e262a775f8e91d28a403f4b163992dbdd1733ca28e1ba6e46ce8a7ab6
1053,OOMS,OOMS,APP,APP,11-1,LOC RWY 08L,MATCH,independently_consistent,True,False,True,AWAITING_INDIVIDUAL_VISUAL_VERIFICATION,,images/pages_0801_1200/1053.jpg,"3 266^ OO(D)-37 MISSED APCH: 11-1 MUSCAT, OMAN LOC IML 108.9 083^ D6.8 IML 2200'(2174') MSA MCT VOR Final Apch Crs 090^ 270^ 180^ 360^ ILS DA(H) BRIEFING STRIP TM OOMS/MCT MUSCAT INTL JEPPESEN Refer to Minimums ILS or LOC Rwy 08L 121.2 KANOL (IAF) MUSCAT Approach (R) ATIS 126.8 1",d86b5b5e262a775f8e91d28a403f4b163992dbdd1733ca28e1ba6e46ce8a7ab6
1054,OOMS,OOMS,APP,APP,11-1A,ILS RWY 08L,MATCH,independently_consistent,True,False,True,AWAITING_INDIVIDUAL_VISUAL_VERIFICATION,,images/pages_0801_1200/1054.jpg,"OO(D)-37 MISSED APCH: MUSCAT, OMAN LOC IML 108.9 083^ D6.8 IML 2200'(2174') MSA MCT VOR Final Apch Crs 090^ 270^ 180^ 360^ DA(H) BRIEFING STRIP TM OOMS/MCT MUSCAT INTL JEPPESEN CAT II ILS Rwy 08L 121.2 KANOL (IAF) MUSCAT Approach (R) ATIS 126.8 5 Apt Elev 49' Rwy 26' 127.875 121.",d86b5b5e262a775f8e91d28a403f4b163992dbdd1733ca28e1ba6e46ce8a7ab6
1055,OOMS,OOMS,APP,APP,11-2,LOC Z RWY 08R,MATCH,independently_consistent,True,False,True,AWAITING_INDIVIDUAL_VISUAL_VERIFICATION,,images/pages_0801_1200/1055.jpg,"OO(R)-7 MISSED APCH: 11-2 MUSCAT, OMAN 083^ 3200'(3151') Apt Elev 49' Final Apch Crs 49' Rwy BRIEFING STRIP TM OOMS/MCT MUSCAT INTL JEPPESEN MS4~7 121.2 MUSCAT Approach (R) ATIS 126.8 127.875 121.8 MSA ARP Climb on course 083^ to MS435 (MAX 250 KT) at or Hold at MIGMO MAX 230 KT.",d86b5b5e262a775f8e91d28a403f4b163992dbdd1733ca28e1ba6e46ce8a7ab6
1056,OOMS,OOMS,APP,APP,11-3,LOC Y RWY 08R,MATCH,independently_consistent,True,False,True,AWAITING_INDIVIDUAL_VISUAL_VERIFICATION,,images/pages_0801_1200/1056.jpg,"MISSED APCH: 11-3 MUSCAT, OMAN LOC IMW 108.3 083^ D6.6 IMW 2200'(2151') MSA MCT VOR Final Apch Crs ILS DA(H) BRIEFING STRIP TM OOMS/MCT MUSCAT INTL JEPPESEN 121.2 MUSCAT Approach (R) ATIS 126.8 15 Apt Elev 49' Rwy 49' 127.875 121.8 118.825 118.4 Ground MUSCAT Tower North South No",d86b5b5e262a775f8e91d28a403f4b163992dbdd1733ca28e1ba6e46ce8a7ab6
1057,OOMS,OOMS,APP,APP,11-4,LOC Z RWY 26L,MATCH,independently_consistent,True,False,True,AWAITING_INDIVIDUAL_VISUAL_VERIFICATION,,images/pages_0801_1200/1057.jpg,"MISSED APCH: 11-4 MUSCAT, OMAN 2200'(2176') Apt Elev 49' 24' Rwy BRIEFING STRIP TM OOMS/MCT MUSCAT INTL JEPPESEN MS517 121.2 MUSCAT Approach (R) ATIS 126.8 Refer to Minimums MSA ARP Climb on course 263^ to MS591 (MAX 230 KT), then to MS593 (MAX 250 KT) at or above 3000', then to ",d86b5b5e262a775f8e91d28a403f4b163992dbdd1733ca28e1ba6e46ce8a7ab6
1058,OOMS,OMAN,APP,APP,11-5,CHART PAGE 683,REVIEW,header_icao_differs_from_index,True,False,True,AWAITING_INDIVIDUAL_VISUAL_VERIFICATION,,images/pages_0801_1200/1058.jpg,"325^ 31 OO(D)-37 MISSED APCH: 11-5 MUSCAT, OMAN LOC ISB 110.3 263^ D6.7 ISB 2200'(2176') Apt Elev 49' MSA MCT VOR Final Apch Crs ILS DA(H) 24' Rwy BRIEFING STRIP TM OOMS/MCT MUSCAT INTL JEPPESEN Refer to Minimums 121.2 MUSCAT Approach (R) 126.8 ATIS 127.875 121.8 118.4 Ground MUS",d86b5b5e262a775f8e91d28a403f4b163992dbdd1733ca28e1ba6e46ce8a7ab6
1059,OOMS,OMAN,APP,APP,11-6,CHART PAGE 684,REVIEW,header_icao_differs_from_index,True,False,True,AWAITING_INDIVIDUAL_VISUAL_VERIFICATION,,images/pages_0801_1200/1059.jpg,"325^ 319 OO(D)-37 MISSED APCH: 11-6 MUSCAT, OMAN LOC ISB 110.3 263^ D6.7 ISB 2200'(2176') Apt Elev 49' MSA MCT VOR Final Apch Crs ILS DA(H) 24' Rwy BRIEFING STRIP TM OOMS/MCT MUSCAT INTL JEPPESEN 121.2 MUSCAT Approach (R) 126.8 ATIS 127.875 121.8 118.4 Ground MUSCAT Tower North S",d86b5b5e262a775f8e91d28a403f4b163992dbdd1733ca28e1ba6e46ce8a7ab6
1060,OOMS,OMAN,APP,APP,11-7,LOC RWY 26R,REVIEW,header_icao_differs_from_index,True,False,True,AWAITING_INDIVIDUAL_VISUAL_VERIFICATION,,images/pages_0801_1200/1060.jpg,"325^ OO(D)-37 MISSED APCH: 11-7 MUSCAT, OMAN LOC IMR 110.7 263^ D6.8 IMR 2200'(2180') Apt Elev 49' MSA MCT VOR Final Apch Crs ILS DA(H) 20' Rwy BRIEFING STRIP TM OOMS/MCT MUSCAT INTL JEPPESEN Refer to Minimums ILS or LOC Rwy 26R 121.2 MUSCAT Approach (R) 126.8 ATIS 127.875 121.8 ",d86b5b5e262a775f8e91d28a403f4b163992dbdd1733ca28e1ba6e46ce8a7ab6
1061,OOMS,OOMS,APP,APP,11-7A,CHART PAGE 686,MATCH,independently_consistent,True,False,True,AWAITING_INDIVIDUAL_VISUAL_VERIFICATION,,images/pages_0801_1200/1061.jpg,"325^ OO(D)-37 MUSCAT, OMAN LOC IMR 110.7 263^ D6.8 IMR 2200'(2180') Apt Elev 49' Final Apch Crs 20' Rwy BRIEFING STRIP TM OOMS/MCT MUSCAT INTL JEPPESEN CAT II ILS Rwy 26R 121.2 MUSCAT Approach (R) 126.8 ATIS 127.875 121.8 118.4 Ground MUSCAT Tower North South North South 118.825 ",d86b5b5e262a775f8e91d28a403f4b163992dbdd1733ca28e1ba6e46ce8a7ab6
1062,OOMS,OOMS,APP,APP,12-1,RNP RWY 08L,MATCH,independently_consistent,True,False,True,AWAITING_INDIVIDUAL_VISUAL_VERIFICATION,,images/pages_0801_1200/1062.jpg,"MISSED APCH: 12-1 MUSCAT, OMAN 083^ 2200'(2174') Apt Elev 49' Final Apch Crs 26' Rwy BRIEFING STRIP TM OOMS/MCT MUSCAT INTL JEPPESEN RNAV MS418 LNAV/VNAV 121.2 MUSCAT Approach (R) ATIS 126.8 RNP Rwy 08L Refer to Minimums MSA ARP 127.875 121.8 118.825 118.4 Ground MUSCAT Tower Nor",d86b5b5e262a775f8e91d28a403f4b163992dbdd1733ca28e1ba6e46ce8a7ab6
1063,OOMS,OOMS,APP,APP,12-2,RNP RWY 08R,MATCH,independently_consistent,True,False,True,AWAITING_INDIVIDUAL_VISUAL_VERIFICATION,,images/pages_0801_1200/1063.jpg,"OO(R)-7 MISSED APCH: 12-2 MUSCAT, OMAN 083^ 3200'(3151') Apt Elev 49' Final Apch Crs 49' Rwy BRIEFING STRIP TM OOMS/MCT MUSCAT INTL JEPPESEN RNAV MS4~8 LNAV/VNAV 121.2 MUSCAT Approach (R) ATIS 126.8 127.875 121.8 RNP Rwy 08R Refer to Minimums MSA ARP MANDATORY Climb on course 083",d86b5b5e262a775f8e91d28a403f4b163992dbdd1733ca28e1ba6e46ce8a7ab6
1064,OOMS,OOMS,APP,APP,12-3,RNP RWY 26L,MATCH,independently_consistent,True,False,True,AWAITING_INDIVIDUAL_VISUAL_VERIFICATION,,images/pages_0801_1200/1064.jpg,"OO(D)-93 OO(D)-107 OO(D)-45 MISSED APCH: 12-3 MUSCAT, OMAN 263^ 2200'(2176') Apt Elev 49' Final Apch Crs 24' Rwy BRIEFING STRIP TM OOMS/MCT MUSCAT INTL JEPPESEN RNAV MS519 LNAV/VNAV 121.2 MUSCAT Approach (R) ATIS 126.8 Refer to Minimums RNP Rwy 26L MSA ARP Climb on course 263^ to",d86b5b5e262a775f8e91d28a403f4b163992dbdd1733ca28e1ba6e46ce8a7ab6
1065,OOMS,OOMS,APP,APP,12-4,RNP RWY 26R,MATCH,independently_consistent,True,False,True,AWAITING_INDIVIDUAL_VISUAL_VERIFICATION,,images/pages_0801_1200/1065.jpg,"MISSED APCH: 12-4 MUSCAT, OMAN 263^ 2200'(2180') Apt Elev 49' Final Apch Crs 20' Rwy BRIEFING STRIP TM OOMS/MCT MUSCAT INTL JEPPESEN RNAV MS518 LNAV/VNAV 121.2 MUSCAT Approach (R) ATIS 126.8 Refer to Minimums RNP Rwy 26R MSA ARP 127.875 121.8 118.4 Ground MUSCAT Tower North South",d86b5b5e262a775f8e91d28a403f4b163992dbdd1733ca28e1ba6e46ce8a7ab6
1066,OOMS,OOMS,APP,APP,12-4A,RNP RWY 26R,MATCH,independently_consistent,True,False,True,AWAITING_INDIVIDUAL_VISUAL_VERIFICATION,,images/pages_0801_1200/1066.jpg,"12-4A OOMS/MCT JEPPESEN ALS out LNAV/VNAV .Std/State. 5 SEP 25 D: C: B: A: DA(H) STRAIGHT-IN LANDING BASED ON: MISSED APCH CLIMB GRADIENT MIN 5.0% (304'/NM) MUSCAT INTL MUSCAT, OMAN RNP RWY 26R MINIMUMS 300'(280') 310'(290') 330'(310') (340') 360' CIRCLE-TO-LAND: NOT AUTHORIZED P",d86b5b5e262a775f8e91d28a403f4b163992dbdd1733ca28e1ba6e46ce8a7ab6
1067,OOMS,OOMS,APP,APP,13-1,VOR RWY 08R,MATCH,independently_consistent,True,False,True,AWAITING_INDIVIDUAL_VISUAL_VERIFICATION,,images/pages_0801_1200/1067.jpg,"OO(R)-7 13-1 MUSCAT, OMAN VOR MCT 114.5 083^ 2200'(2151') Final Apch Crs D6.0 MSA MCT VOR 090^ 270^ 180^ 360^ Apt Elev 49' MISSED APCH: BRIEFING STRIP TM OOMS/MCT MUSCAT INTL JEPPESEN VOR Rwy 08R 121.2 MUSCAT Approach (R) ATIS 126.8 2500 3600 9100 7700 127.875 121.8 118.4 Ground ",d86b5b5e262a775f8e91d28a403f4b163992dbdd1733ca28e1ba6e46ce8a7ab6
1068,OOMS,OMAN,APP,APP,13-2,VOR Z RWY 26L,REVIEW,header_icao_differs_from_index,True,False,True,AWAITING_INDIVIDUAL_VISUAL_VERIFICATION,,images/pages_0801_1200/1068.jpg,"13-2 MUSCAT, OMAN VOR MCT 114.5 263^ 2200'(2176') Apt Elev 49' 24' Final Apch Crs 500'(476') D9.2 MSA MCT VOR 090^ 270^ 180^ 360^ BRIEFING STRIP TM OOMS/MCT MUSCAT INTL JEPPESEN 121.2 MUSCAT Approach (R) Rwy ATIS 126.8 DA/MDA(H) 127.875 121.8 118.4 Ground MUSCAT Tower North South",d86b5b5e262a775f8e91d28a403f4b163992dbdd1733ca28e1ba6e46ce8a7ab6
1069,OOMS,OMAN,APP,APP,13-3,VOR Y RWY 26L CAT A & B,REVIEW,header_icao_differs_from_index,True,False,True,AWAITING_INDIVIDUAL_VISUAL_VERIFICATION,,images/pages_0801_1200/1069.jpg,"325^ 13-3 MUSCAT, OMAN VOR MCT 114.5 263^ 2200'(2176') Apt Elev 49' 24' Final Apch Crs 500'(476') D9.2 MSA MCT VOR 090^ 270^ 180^ 360^ BRIEFING STRIP TM OOMS/MCT MUSCAT INTL JEPPESEN 121.2 MUSCAT Approach (R) Rwy ATIS 126.8 DA/MDA(H) 127.875 121.8 118.4 Ground MUSCAT Tower North ",d86b5b5e262a775f8e91d28a403f4b163992dbdd1733ca28e1ba6e46ce8a7ab6
1070,LTAC,LTAC,AIRPORT,AIRPORT,,AIRPORT INFORMATION,REVIEW,only_old_index_supports_category,True,False,True,AWAITING_INDIVIDUAL_VISUAL_VERIFICATION,,images/pages_0801_1200/1070.jpg,"General Information Location: ANKARA TUR ICAO/IATA: LTAC / ESB Lat/Long: N40° 07.7', E032° 59.7' Elevation: 3158 ft Airport Use: Public Daylight Savings: Not Observed UTC Conversion: -3:00 = UTC Magnetic Variation: 6.0° E Runway: 21C Length x Width: 12310 ft x 197 ft Surface Type",d86b5b5e262a775f8e91d28a403f4b163992dbdd1733ca28e1ba6e46ce8a7ab6
1071,LTAC,LTAC,AIRPORT,AIRPORT,,AIRPORT INFORMATION,REVIEW,only_old_index_supports_category,True,False,True,AWAITING_INDIVIDUAL_VISUAL_VERIFICATION,,images/pages_0801_1200/1071.jpg,"General Information Location: ANKARA TUR ICAO/IATA: LTAC / ESB Lat/Long: N40° 07.7', E032° 59.7' Elevation: 3158 ft Airport Use: Public Daylight Savings: Not Observed UTC Conversion: -3:00 = UTC Magnetic Variation: 6.0° E Runway: 21C Length x Width: 12310 ft x 197 ft Surface Type",d86b5b5e262a775f8e91d28a403f4b163992dbdd1733ca28e1ba6e46ce8a7ab6
1072,LTAC,LTAC,AIRPORT,AIRPORT,10-1P,AIRPORT BRIEFING,MATCH,independently_consistent,True,False,True,AWAITING_INDIVIDUAL_VISUAL_VERIFICATION,,images/pages_0801_1200/1072.jpg,"JEPPESEN 1. GENERAL 1.1. ATIS 1.2. RWY OPERATIONS 1.2.1. MULTIPLE LINE-UP PROCEDURES To optimize RWY utilization, line-up instructions may be issued by TWR to more than one ACFT at different points on the same RWY, provided that: - Intersection take-off criteria is applied; - Min",d86b5b5e262a775f8e91d28a403f4b163992dbdd1733ca28e1ba6e46ce8a7ab6
1073,LTAC,LTAC,AIRPORT,AIRPORT,10-1P1,AIRPORT BRIEFING,MATCH,independently_consistent,True,False,True,AWAITING_INDIVIDUAL_VISUAL_VERIFICATION,,images/pages_0801_1200/1073.jpg,JEPPESEN 1. GENERAL PRS operations will not be available under the following circumstances: - RWYCC is reported 4 or less any each the preferred RWY(s) third. - The instrument approach/departure procedures available for the preferred RWY(s) are not convenient for landing and/or t,d86b5b5e262a775f8e91d28a403f4b163992dbdd1733ca28e1ba6e46ce8a7ab6
1074,LTAC,LTAC,AIRPORT,AIRPORT,10-1P2,AIRPORT BRIEFING,MATCH,independently_consistent,True,False,True,AWAITING_INDIVIDUAL_VISUAL_VERIFICATION,,images/pages_0801_1200/1074.jpg,"JEPPESEN 1. GENERAL .Eff.7.Aug. 1.5. SURFACE MOVEMENT GUIDANCE AND CONTROL SYSTEM ACFT operators should effort to prefer ACFT equipped with an operative Mode S transponder. Flight crew should select XPNDR or equivalent according to specific installation, AUTO if available, not OF",d86b5b5e262a775f8e91d28a403f4b163992dbdd1733ca28e1ba6e46ce8a7ab6
1075,LTAC,LTAC,AIRPORT,AIRPORT,10-1P3,AIRPORT BRIEFING,MATCH,independently_consistent,True,False,True,AWAITING_INDIVIDUAL_VISUAL_VERIFICATION,,images/pages_0801_1200/1075.jpg,JEPPESEN 1. GENERAL .Eff.7.Aug. 1.8. ENGINE TESTS PROCEDURES High thrust engine test shall be performed at the parking position 15 on taxiline in Apron 3 and in the section of TWY G close to the RWY 21R under the supervision of the Follow-me. Idle thrust engine test may be perfor,d86b5b5e262a775f8e91d28a403f4b163992dbdd1733ca28e1ba6e46ce8a7ab6
1076,LTAC,LTAC,AIRPORT,AIRPORT,10-1P4,AIRPORT BRIEFING,MATCH,independently_consistent,True,False,True,AWAITING_INDIVIDUAL_VISUAL_VERIFICATION,,images/pages_0801_1200/1076.jpg,JEPPESEN 2. ARRIVAL 2.1. SPEED RESTRICTIONS These speeds are for ATC separation purposes and are MANDATORY and have to be flown as accurately as possible. If unable to comply inform ATC and state what speed to be used. - 200 KT on base leg/closing heading to final approach up to ,d86b5b5e262a775f8e91d28a403f4b163992dbdd1733ca28e1ba6e46ce8a7ab6
1077,LTAC,LTAC,AIRPORT,AIRPORT,10-1P5,AIRPORT BRIEFING,MATCH,independently_consistent,True,False,True,AWAITING_INDIVIDUAL_VISUAL_VERIFICATION,,images/pages_0801_1200/1077.jpg,"JEPPESEN 2. ARRIVAL 2.5. OTHER INFORMATION 3. DEPARTURE Traffic in Heavy or Super turbulence category are responsible for declaring their category at the first contact with any sector as follows: ""Call Sign + Heavy or Super + ..."". When RWY 21C is used for landing and RWY 21R is ",d86b5b5e262a775f8e91d28a403f4b163992dbdd1733ca28e1ba6e46ce8a7ab6
1078,LTAC,LTAC,AIRPORT,AIRPORT,10-1P6,AIRPORT BRIEFING,MATCH,independently_consistent,True,False,True,AWAITING_INDIVIDUAL_VISUAL_VERIFICATION,,images/pages_0801_1200/1078.jpg,"JEPPESEN .Eff.7.Aug. 3. DEPARTURE 3.3.2. PUSH-BACK PROCEDURES Unless otherwise notified by ATC: - When RWYs 21C/R are used for departure, the ACFT on stands from 101 to 113 on Apron 1 should pushing back be the nose to north, from 114 to 120 should pushing back be the nose to sou",d86b5b5e262a775f8e91d28a403f4b163992dbdd1733ca28e1ba6e46ce8a7ab6
1079,LTAC,LTAC,AIRPORT,AIRPORT,10-1R,RADAR MINIMUM ALTITUDES,MATCH,independently_consistent,True,False,True,AWAITING_INDIVIDUAL_VISUAL_VERIFICATION,,images/pages_0801_1200/1079.jpg,"40NM Alt Set: hPa Trans level: By ATC Trans alt: 10000 Apt Elev .RADAR.MINIMUM.ALTITUDES. 10-1R LTAC/ESB ESENBOGA Approach (R) JEPPESEN 119.1 119.6 3127 ANKARA, TURKIYE 26 JUN 26 .Eff.9.Jul. 8443 ESENBOGA INTL 50NM 41-00 CONTOUR INTERVALS 9000 7000 5000 Printed from JeppView for ",d86b5b5e262a775f8e91d28a403f4b163992dbdd1733ca28e1ba6e46ce8a7ab6
1080,LTAC,,STAR,STAR,10-2,"BAKIR 1S, GOBIT 1S, GURBU 1S, ILHAN 1S, TELVO 1S, YUCEL 1S",MATCH,independently_consistent,True,False,True,AWAITING_INDIVIDUAL_VISUAL_VERIFICATION,,images/pages_0801_1200/1080.jpg,Apt Elev 3158 Alt Set: hPa Trans level: By ATC BAKIR 1S [BAKI1S] GOBIT 1S [GOBI1S] GURBU 1S [GURB1S] ILHAN 1S [ILHA1S] TELVO 1S [TELV1S] YUCEL 1S [YUCE1S] 2. At first contact with ESENBOGA APP report if unable to comply the RNAV procedure. 3. At first contact with ESENBOGA APP re,d86b5b5e262a775f8e91d28a403f4b163992dbdd1733ca28e1ba6e46ce8a7ab6
1081,LTAC,LTAC,STAR,STAR,10-2A,"GOBIT 1P, GURBU 1P, ILHAN 1P, YUCEL 1P",MATCH,independently_consistent,True,False,True,AWAITING_INDIVIDUAL_VISUAL_VERIFICATION,,images/pages_0801_1200/1081.jpg,"180^ 9000 LTAC/ESB 10-2A 1. RADAR required. ESENBOGA INTL .RNAV.STAR. JEPPESEN GOBIT 1P [GOBI1P], GURBU 1P [GURB1P] ILHAN 1P [ILHA1P], YUCEL 1P [YUCE1P] ILHAN 50 AC~59 184^ P Alt Set: hPa Trans level: By ATC 2. On downwind EXPECT vectors to final. 3. At first contact with ESENBOG",d86b5b5e262a775f8e91d28a403f4b163992dbdd1733ca28e1ba6e46ce8a7ab6
1082,LTAC,,STAR,STAR,10-2B,"ASTAL 1S, DEREL 1S, HALIL 1S, LATGA 1S, UMRUN 1S, YAVRU 1S",MATCH,independently_consistent,True,False,True,AWAITING_INDIVIDUAL_VISUAL_VERIFICATION,,images/pages_0801_1200/1082.jpg,Apt Elev 3158 Alt Set: hPa Trans level: By ATC ASTAL 1S [ASTA1S] DEREL 1S [DERE1S] HALIL 1S [HALI1S] LATGA 1S [LATG1S] UMRUN 1S [UMRU1S] YAVRU 1S [YAVR1S] 2. At first contact with ESENBOGA APP report if unable to comply the RNAV procedure. 3. At first contact with ESENBOGA APP re,d86b5b5e262a775f8e91d28a403f4b163992dbdd1733ca28e1ba6e46ce8a7ab6
1083,LTAC,LTAC,STAR,STAR,10-2C,"BAKIR 1P, HALIL 1P, TELVO 1P",MATCH,independently_consistent,True,False,True,AWAITING_INDIVIDUAL_VISUAL_VERIFICATION,,images/pages_0801_1200/1083.jpg,"180^ 9000 LTAC/ESB 10-2C 1. RADAR required. ESENBOGA INTL .RNAV.STAR. JEPPESEN BAKIR 1P [BAKI1P], HALIL 1P [HALI1P] TELVO 1P [TELV1P] AC~59 0 Alt Set: hPa Trans level: By ATC 2. On downwind EXPECT vectors to final. 3. At first contact with ESENBOGA APP report if unable to comply ",d86b5b5e262a775f8e91d28a403f4b163992dbdd1733ca28e1ba6e46ce8a7ab6
1084,LTAC,,STAR,STAR,10-2D,"ASTAL 1Z, DEREL 1Z, LATGA 1Z, UMRUN 1Z, YAVRU 1Z",MATCH,independently_consistent,True,False,True,AWAITING_INDIVIDUAL_VISUAL_VERIFICATION,,images/pages_0801_1200/1084.jpg,Apt Elev 3158 Alt Set: hPa Trans level: By ATC ASTAL 1Z [ASTA1Z] DEREL 1Z [DERE1Z] LATGA 1Z [LATG1Z] UMRUN 1Z [UMRU1Z] YAVRU 1Z [YAVR1Z] 2. At first contact with ESENBOGA APP report if unable to comply the RNAV procedure. 3. At first contact with ESENBOGA APP report only call sig,d86b5b5e262a775f8e91d28a403f4b163992dbdd1733ca28e1ba6e46ce8a7ab6
1085,LTAC,,STAR,STAR,10-2E,"ASTAL 1P, DEREL 1P, HALIL 2P, LATGA 1P, UMRUN 1P, YAVRU 1P",MATCH,independently_consistent,True,False,True,AWAITING_INDIVIDUAL_VISUAL_VERIFICATION,,images/pages_0801_1200/1085.jpg,Apt Elev 123.6 3158 Alt Set: hPa Trans level: By ATC JEPPESEN .RNAV.STAR. (RWYS 21L/C/R) 26 .Eff.9.Jul. D-ATIS Arrival 1. RADAR required. 2. On downwind EXPECT vectors to final. 3. At first contact with ESENBOGA APP report if unable to comply the RNAV procedure. 4. At first conta,d86b5b5e262a775f8e91d28a403f4b163992dbdd1733ca28e1ba6e46ce8a7ab6
1086,LTAC,,STAR,STAR,10-2F,"ASTAL 1E, GURBU 1E, ILHAN 1E, KUBER 1E, YUCEL 1E",MATCH,independently_consistent,True,False,True,AWAITING_INDIVIDUAL_VISUAL_VERIFICATION,,images/pages_0801_1200/1086.jpg,"GURBU .STAR. JEPPESEN 10-2F Apt Elev 123.6 3158 ANKARA, TURKIYE | JEPPESEN, 2017, 2026. ALL RIGHTS RESERVED. t Comms Procedure 10-1P pages. Alt Set: hPa Trans level: By ATC FL100 FL200 UN 26 .Eff.9.Jul. D-ATIS Arrival A/UA4 L/UL615 91 10 3 34-00 MS COMMS LOST C O M M S LOST COMMS",d86b5b5e262a775f8e91d28a403f4b163992dbdd1733ca28e1ba6e46ce8a7ab6
1087,LTAC,,STAR,STAR,10-2G,"ASTAL 1F, ASTAL 1G, GURBU 1F, GURBU 1G, ILHAN 1F, ILHAN 1G, KUBER 1F, KUBER 1G, YUCEL 1F, YUCEL 1G",MATCH,independently_consistent,True,False,True,AWAITING_INDIVIDUAL_VISUAL_VERIFICATION,,images/pages_0801_1200/1087.jpg,"D36.4 D36.0 B S E V OR ASTAL ILHAN ^ 182^ 31 ASTAL 1F, 1G 8000 Apt Elev 123.6 3158 5 10 15 20 25 30 35 40 45 0 5 Alt Set: hPa Trans level: By ATC FL160 FL100 NOT TO SCALE 6786 D-ATIS Arrival CHANGES: D-ATIS Arrival. A/UA28 W/UW71 99 40-30 ASTAL 1F [ASTA1F] GURBU 1F [GURB1F] ILHAN",d86b5b5e262a775f8e91d28a403f4b163992dbdd1733ca28e1ba6e46ce8a7ab6
1088,LTAC,,STAR,STAR,10-2H,"ASTAL 1N, GURBU 1N, ILHAN 1N, KUBER 1N, YUCEL 1N",MATCH,independently_consistent,True,False,True,AWAITING_INDIVIDUAL_VISUAL_VERIFICATION,,images/pages_0801_1200/1088.jpg,013^ 180^ 9000 K U B V OR Apt Elev 123.6 ASTAL ASTAL 1N 241^ ILHAN 5 10 15 20 25 30 35 40 45 0 5 175^ LTAC/ESB 3158 30 9000 ESENBOGA INTL For Lost Comms Procedure refer to 10-1P pages. Alt Set: hPa Trans level: By ATC FL160 NOT TO SCALE FL100 7043 D-ATIS Arrival CHANGES: D-ATIS A,d86b5b5e262a775f8e91d28a403f4b163992dbdd1733ca28e1ba6e46ce8a7ab6
1089,LTAC,,STAR,STAR,10-2J,"BAKIR 1E, HALIL 1E, HAY 1E, TELVO 1E",MATCH,independently_consistent,True,False,True,AWAITING_INDIVIDUAL_VISUAL_VERIFICATION,,images/pages_0801_1200/1089.jpg,"BAKIR .STAR. 10-2J JEPPESEN Apt Elev 23.6 3158 | JEPPESEN, 2017, 2026. ALL RIGHTS RESERVED. ANKARA, TURKIYE For Lost Comms Procedure refer to 10-1P pages. Alt Set: hPa Trans level: By ATC FL200 FL210 JUN 26 .Eff.9.Jul. ATIS rival W/UW75 L/UL601 96 33-30 COMMS LOST COMMS LOST C O ",d86b5b5e262a775f8e91d28a403f4b163992dbdd1733ca28e1ba6e46ce8a7ab6
1090,LTAC,,STAR,STAR,10-2K,"BAKIR 1F, BAKIR 1G, HALIL 1F, HALIL 1G, HAY 1F, HAY 1G, TELVO 1F, TELVO 1G",MATCH,independently_consistent,True,False,True,AWAITING_INDIVIDUAL_VISUAL_VERIFICATION,,images/pages_0801_1200/1090.jpg,".STAR. JEPPESEN 10-2K Apt Elev 3158 | JEPPESEN, 2017, 2026. ALL RIGHTS RESERVED. ANKARA, TURKIYE For Lost Comms Procedure refer to 10-1P pages. Alt Set: hPa Trans level: By ATC FL200 UN 26 .Eff.9.Jul. W/UW75 601 96 33-30 COMMS LOST COMMS LOST C O M M S LOST COMMS LO ST COMMS LOST",d86b5b5e262a775f8e91d28a403f4b163992dbdd1733ca28e1ba6e46ce8a7ab6
1091,LTAE,,STAR,STAR,10-2L,"BAKIR 1N, HALIL 1M, HALIL 1N, HAY 1M, HAY 1N, TELVO 1N",MATCH,independently_consistent,True,False,True,AWAITING_INDIVIDUAL_VISUAL_VERIFICATION,,images/pages_0801_1200/1091.jpg,D7 170^ 8600 180^ 8200 9000 090^ MHA 6800 030^ 210^ 113.1 BAG BAGLUM BAG D 046^ 356 ANK ANKARA ANK 210^ 17 9000 R226 R183 R162 R201 R194 Apt Elev 123.6 3158 114.3 BUK CUBUK BUK D 425 BUK CUBUK BUK For Lost Comms Procedure refer to 10-1P pages. Alt Set: hPa Trans level: By ATC 5 1,d86b5b5e262a775f8e91d28a403f4b163992dbdd1733ca28e1ba6e46ce8a7ab6
1092,LTAC,,STAR,STAR,10-2M,"KIZIK 1E, NASIM 1E, PETAR 1E, SALGO 1E",MATCH,independently_consistent,True,False,True,AWAITING_INDIVIDUAL_VISUAL_VERIFICATION,,images/pages_0801_1200/1092.jpg,"360^ 8600 Apt Elev .STAR. 123.6 10-2M JEPPESEN 356 ANK ANKARA ANK 3.1 BAG AGLUM BAG R226/D17) 3158 114.3 BUK CUBUK BUK D 425 BUK CUBUK BUK ANKARA, TURKIYE For Lost Comms Procedure refer to 10-1P pages. | JEPPESEN, 2017, 2026. ALL RIGHTS RESERVED. MHA 6800 MHA 6500 BUK VOR/DME NDB",d86b5b5e262a775f8e91d28a403f4b163992dbdd1733ca28e1ba6e46ce8a7ab6
1093,LTAC,,STAR,STAR,10-2N,"KIZIK 1F, KIZIK 1G, NASIM 1F, NASIM 1G, PETAR 1F, PETAR 1G, SALGO 1F, SALGO 1G",MATCH,independently_consistent,True,False,True,AWAITING_INDIVIDUAL_VISUAL_VERIFICATION,,images/pages_0801_1200/1093.jpg,"3 6 0 ^ 8000 112.1 ESB ESENBOGA ESB D MHA 7000 MHA 7000 D7.0 ESB 7.0 ESB D7.0 ESB D7.0 ESB 7 7 7 5 7000 7000 R303 R292 R286 R266 7000 7000 v JEPPESEN 10-2N .STAR. ANKARA, TURKIYE | JEPPESEN, 2017, 2026. ALL RIGHTS RESERVED. Lost Comms Procedure r to 10-1P pages. Alt Set: hPa Tran",d86b5b5e262a775f8e91d28a403f4b163992dbdd1733ca28e1ba6e46ce8a7ab6
1094,LTAC,,STAR,STAR,10-2P,"KIZIK 1N, NASIM 1N, PETAR 1N, SALGO 1N",MATCH,independently_consistent,True,False,True,AWAITING_INDIVIDUAL_VISUAL_VERIFICATION,,images/pages_0801_1200/1094.jpg,"^ D7 8600 1 8 0 ^ 8200 3 6 0 ^ 9000 SEREN 356 ANK ANKARA ANK Apt Elev .STAR. 10-2P JEPPESEN 3158 1 3 R293 R283 R278 R 2 5 8 114.3 BUK CUBUK BUK D 425 BUK BUK ANKARA, TURKIYE | JEPPESEN, 2017, 2026. ALL RIGHTS RESERVED. ost Comms Procedure to 10-1P pages. Alt Set: hPa Trans level:",d86b5b5e262a775f8e91d28a403f4b163992dbdd1733ca28e1ba6e46ce8a7ab6
1095,LTAC,,STAR,STAR,10-2Q,"ASTAL 1C, GURBU 1C, ILHAN 1C, KUBER 1C, YUCEL 1C",MATCH,independently_consistent,True,False,True,AWAITING_INDIVIDUAL_VISUAL_VERIFICATION,,images/pages_0801_1200/1095.jpg,D36.7 G B N V O ASTAL 181^ ASTAL 1C 8000 31.7 Apt Elev 123.6 3158 For Lost Comms Procedure refer to 10-1P pages. 5 10 15 20 25 30 35 40 45 0 5 Alt Set: hPa Trans level: By ATC FL160 NOT TO SCALE FL100 6786 D-ATIS Arrival A/UA28 /UW71 99 40-30 COMMS LOST COMMS LOST COMMS LOST COMM,d86b5b5e262a775f8e91d28a403f4b163992dbdd1733ca28e1ba6e46ce8a7ab6
1096,LTAC,,STAR,STAR,10-2S,"BAKIR 1C, HALIL 1C, HAY 1C, TELVO 1C",MATCH,independently_consistent,True,False,True,AWAITING_INDIVIDUAL_VISUAL_VERIFICATION,,images/pages_0801_1200/1096.jpg,V OR G B N Apt Elev 123.6 3158 JEPPESEN .STAR. For Lost Comms Procedure refer to 10-1P pages. Alt Set: hPa Trans level: By ATC 26 JUN 26 .Eff.9.Jul. D-ATIS Arrival FL200 01 /UW75 96 33-30 COMMS LOST COMMS LOST C O M M S LOST COMMS LO ST COMMS LOST COMMS LOST HALIL 1C [HALI1C] TEL,d86b5b5e262a775f8e91d28a403f4b163992dbdd1733ca28e1ba6e46ce8a7ab6
1097,LTAC,,STAR,STAR,10-2T,"KIZIK 1C, NASIM 1C, PETAR 1C, SALGO 1C",MATCH,independently_consistent,True,False,True,AWAITING_INDIVIDUAL_VISUAL_VERIFICATION,,images/pages_0801_1200/1097.jpg,7500 3 6 0 ^ 8000 Apt Elev 123.6 3158 114.85 NBG ESENBOGA NBG D D7.0 NBG D7.0 NBG D7.0 NBG D5.0 NBG R266 R286 R292 R303 7000 7000 7000 7000 JEPPESEN .STAR. 6786 For Lost Comms Procedure refer to 10-1P pages. Alt Set: hPa Trans level: By ATC MHA 7000 0 3 2 ^ 2 1 2 ^ 7.0 7.0 7.0 5.,d86b5b5e262a775f8e91d28a403f4b163992dbdd1733ca28e1ba6e46ce8a7ab6
1098,LTAC,,STAR,STAR,10-2U,"ASTAL 1K, GURBU 1K, ILHAN 1K, KUBER 1K, YUCEL 1K",MATCH,independently_consistent,True,False,True,AWAITING_INDIVIDUAL_VISUAL_VERIFICATION,,images/pages_0801_1200/1098.jpg,D36.7 B S E VO ASTAL 181^ ASTAL 1K ILHAN 9000 31.7 Apt Elev 123.6 3158 For Lost Comms Procedure refer to 10-1P pages. 5 10 15 20 25 30 35 40 45 0 5 Alt Set: hPa Trans level: By ATC FL160 6786 D-ATIS Arrival A28 UA28 W71 UW71 99 40-30 COMMS LOST COMMS LOST COMMS LOST COMMS LOST CO,d86b5b5e262a775f8e91d28a403f4b163992dbdd1733ca28e1ba6e46ce8a7ab6
1099,LTAC,,STAR,STAR,10-2V,"BAKIR 1K, HALIL 1K, HAY 1K, TELVO 1K",MATCH,independently_consistent,True,False,True,AWAITING_INDIVIDUAL_VISUAL_VERIFICATION,,images/pages_0801_1200/1099.jpg,OR Apt Elev 123.6 3158 JEPPESEN .STAR. For Lost Comms Procedure refer to 10-1P pages. Alt Set: hPa Trans level: By ATC FL200 D-ATIS Arrival 18 SEP 26 .Eff.1.Oct. W75 1 96 33-30 COMMS LOST COMMS LOST C O M M S LOST COMMS LO ST COMMS LOST COMMS LOST HALIL 1K [HALI1K] TELVO 1K [TELV,d86b5b5e262a775f8e91d28a403f4b163992dbdd1733ca28e1ba6e46ce8a7ab6
1100,LTAC,,STAR,STAR,10-2W,"KIZIK 1K, NASIM 1K, PETAR 1K, SALGO 1K",MATCH,independently_consistent,True,False,True,AWAITING_INDIVIDUAL_VISUAL_VERIFICATION,,images/pages_0801_1200/1100.jpg,112.1 ESB ESENBOGA ESB D 3 6 0 ^ 8000 Apt Elev 123.6 3158 114.85 NBG ESENBOGA NBG D D7.0 NBG D7.0 NBG D7.0 NBG D5.0 NBG R266 R286 R292 R303 7000 7000 7000 7000 JEPPESEN .STAR. For Lost Comms Procedure refer to 10-1P pages. Alt Set: hPa Trans level: By ATC 7.0 7.0 7.0 5.0 6786 D-A,d86b5b5e262a775f8e91d28a403f4b163992dbdd1733ca28e1ba6e46ce8a7ab6
1101,LTAC,LTAC,SID,SID,10-3,"ASTAL 1T, DEREL 1T, GURBU 1T, ILHAN 1T",MATCH,independently_consistent,True,False,True,AWAITING_INDIVIDUAL_VISUAL_VERIFICATION,,images/pages_0801_1200/1101.jpg,"GURB1T], ILHAN 1T [ILHA1T] ASTA1T], DEREL 1T [DERE1T] : 10000 R required. V approval required otherwise advise ATC. GURBU ILHAN LTAC/ESB ESENBOGA INTL JEPPESEN .RNAV.SID. ANKARA, TURKIYE 10-3 29 MAY 26 .Eff.11.Jun. 96 91 103 34-00 (RWYS 03L/C) (GNSS) DEPARTURES Printed from JeppV",d86b5b5e262a775f8e91d28a403f4b163992dbdd1733ca28e1ba6e46ce8a7ab6
1102,LTAC,LTAC,SID,SID,10-3A,"BALAX 2D, BENTA 2D, EKMEK 2D, GOBIT 2D",MATCH,independently_consistent,True,False,True,AWAITING_INDIVIDUAL_VISUAL_VERIFICATION,,images/pages_0801_1200/1102.jpg,"9000 180^ LTAC/ESB ESENBOGA INTL JEPPESEN EKMEK 2D [EKME2D], GOBIT 2D [GOBI2D] .RNAV.SID. BALAX 2D [BALA2D], BENTA 2D [BENT2D] EKMEK 10-3A E Trans alt: 10000 1. RADAR required. 2. P-RNAV approval required otherwise advise ATC. 3. At first contact report only call sign, check ATIS",d86b5b5e262a775f8e91d28a403f4b163992dbdd1733ca28e1ba6e46ce8a7ab6
1103,LTAC,LTAC,SID,SID,10-3A1,"ASTAL 1L, DEREL 1L, GURBU 1L, ILHAN 1L",MATCH,independently_consistent,True,False,True,AWAITING_INDIVIDUAL_VISUAL_VERIFICATION,,images/pages_0801_1200/1103.jpg,"GURB1L], ILHAN 1L [ILHA1L] ASTA1L], DEREL 1L [DERE1L] GURBU ILHAN LTAC/ESB ESENBOGA INTL JEPPESEN .RNAV.SID. ANKARA, TURKIYE 10000 10-3A1 required. approval required otherwise advise ATC. 29 MAY 26 .Eff.11.Jun. 91 99 103 34-00 (GNSS) DEPARTURES (RWY 03R) CONTOUR INTERVALS 9000 70",d86b5b5e262a775f8e91d28a403f4b163992dbdd1733ca28e1ba6e46ce8a7ab6
1104,LTAC,LTAC,SID,SID,10-3A2,"BALAX 2V, BENTA 2V, EKMEK 2V, GOBIT 2V",MATCH,independently_consistent,True,False,True,AWAITING_INDIVIDUAL_VISUAL_VERIFICATION,,images/pages_0801_1200/1104.jpg,"8600 9000 180^ LTAC/ESB ESENBOGA INTL JEPPESEN EKMEK 2V [EKME2V], GOBIT 2V [GOBI2V] .RNAV.SID. BALAX 2V [BALA2V], BENTA 2V [BENT2V] EKMEK 10-3A2 E Trans alt: 10000 1. RADAR required. 2. P-RNAV approval required otherwise advise ATC. 3. At first contact report only call sign, chec",d86b5b5e262a775f8e91d28a403f4b163992dbdd1733ca28e1ba6e46ce8a7ab6
1105,LTAC,LTAC,SID,SID,10-3B,"BAKIR 1T, GOBIT 1T, TELVO 1T, YUCEL 1T",MATCH,independently_consistent,True,False,True,AWAITING_INDIVIDUAL_VISUAL_VERIFICATION,,images/pages_0801_1200/1105.jpg,"425 BUK BUK 114.3 BUK CUBUK BUK D 9000 180^ 090^ TELVO 1T [TELV1T], YUCEL 1T [YUCE1T] BAKIR 1T [BAKI1T], GOBIT 1T [GOBI1T] Trans alt: 10000 1. RADAR required. 2. P-RNAV approval required otherwise advise ATC. AC~44 1 JEPPESEN LTAC/ESB ESENBOGA INTL .RNAV.SID. 10-3B ANKARA, TURKIY",d86b5b5e262a775f8e91d28a403f4b163992dbdd1733ca28e1ba6e46ce8a7ab6
1106,LTAC,LTAC,SID,SID,10-3C,"AZBUL 2D, HALIL 2D, TELVO 2D",MATCH,independently_consistent,True,False,True,AWAITING_INDIVIDUAL_VISUAL_VERIFICATION,,images/pages_0801_1200/1106.jpg,"180^ 9000 090^ LTAC/ESB ESENBOGA INTL JEPPESEN .RNAV.SID. 10-3C Trans alt: 10000 1. RADAR required. 2. P-RNAV approval required otherwise advise ATC. 3. At first contact report only call sign, check ATIS for current frequency. ANKARA, TURKIYE AZBUL 2D [AZBU2D], HALIL 2D [HALI2D],",d86b5b5e262a775f8e91d28a403f4b163992dbdd1733ca28e1ba6e46ce8a7ab6
1107,LTAC,LTAC,SID,SID,10-3C1,"BAKIR 1L, GOBIT 1L, TELVO 1L, YUCEL 1L",MATCH,independently_consistent,True,False,True,AWAITING_INDIVIDUAL_VISUAL_VERIFICATION,,images/pages_0801_1200/1107.jpg,"425 BUK BUK 114.3 BUK CUBUK BUK D 9000 180^ 090^ TELVO 1L [TELV1L], YUCEL 1L [YUCE1L] BAKIR 1L [BAKI1L], GOBIT 1L [GOBI1L] JEPPESEN LTAC/ESB ESENBOGA INTL .RNAV.SID. 10-3C1 ANKARA, TURKIYE 3158 Apt Elev AC143 Trans alt: 10000 1. RADAR required. 2. P-RNAV approval required otherwi",d86b5b5e262a775f8e91d28a403f4b163992dbdd1733ca28e1ba6e46ce8a7ab6
1108,LTAC,LTAC,SID,SID,10-3C2,"AZBUL 2V, HALIL 2V, TELVO 2V",MATCH,independently_consistent,True,False,True,AWAITING_INDIVIDUAL_VISUAL_VERIFICATION,,images/pages_0801_1200/1108.jpg,"180^ 9000 090^ LTAC/ESB ESENBOGA INTL JEPPESEN .RNAV.SID. 10-3C2 Trans alt: 10000 1. RADAR required. 2. P-RNAV approval required otherwise advise ATC. 3. At first contact report only call sign, check ATIS for current frequency. ANKARA, TURKIYE AZBUL 2V [AZBU2V], HALIL 2V [HALI2V]",d86b5b5e262a775f8e91d28a403f4b163992dbdd1733ca28e1ba6e46ce8a7ab6
1109,LTAC,,SID,SID,10-3D,"HALIL 1T, LATGA 1T, UMRUN 1T, YAVRU 1T",MATCH,independently_consistent,True,False,True,AWAITING_INDIVIDUAL_VISUAL_VERIFICATION,,images/pages_0801_1200/1109.jpg,"8600 5.0% V/V (fpm) 380 506 760 1013 1266 1519 Gnd speed-KT 75 100 150 200 250 300 UMRUN 1T [UMRU1T] YAVRU 1T [YAVR1T] HALIL 1T [HALI1T] LATGA 1T [LATG1T] Trans alt: 10000 1. RADAR required. 2. P-RNAV approval required otherwise advise ATC. JEPPESEN 10-3D .RNAV.SID. ANKARA, TURKI",d86b5b5e262a775f8e91d28a403f4b163992dbdd1733ca28e1ba6e46ce8a7ab6
1110,LTAC,LTAC,SID,SID,10-3E,"DEREL 2D, LATGA 2D, NEMRO 2D, PETAR 2D, YAVRU 2D",MATCH,independently_consistent,True,False,True,AWAITING_INDIVIDUAL_VISUAL_VERIFICATION,,images/pages_0801_1200/1110.jpg,"LTAC/ESB ESENBOGA INTL JEPPESEN .RNAV.SID. DEREL 2D [DERE2D], LATGA 2D [LATG2D] 10-3E NEMRO 2D [NEMR2D], PETAR 2D [PETA2D] YAVRU 2D [YAVR2D] Trans alt: 10000 1. RADAR required. 2. P-RNAV approval required otherwise advise ATC. 3. At first contact report only call sign, check ATIS",d86b5b5e262a775f8e91d28a403f4b163992dbdd1733ca28e1ba6e46ce8a7ab6
1111,LTAC,,SID,SID,10-3E1,"HALIL 1L, LATGA 1L, UMRUN 1L, YAVRU 1L",MATCH,independently_consistent,True,False,True,AWAITING_INDIVIDUAL_VISUAL_VERIFICATION,,images/pages_0801_1200/1111.jpg,"8600 UMRUN 1L [UMRU1L] YAVRU 1L [YAVR1L] HALIL 1L [HALI1L] LATGA 1L [LATG1L] JEPPESEN 10-3E1 .RNAV.SID. ANKARA, TURKIYE 3158 Apt Elev AC143 AC261 3 5 9 ^ Trans alt: 10000 7.5% V/V (fpm) 570 760 1139 1519 1899 2279 Gnd speed-KT 75 100 150 200 250 300 1. RADAR required. 2. P-RNAV a",d86b5b5e262a775f8e91d28a403f4b163992dbdd1733ca28e1ba6e46ce8a7ab6
1112,LTAC,,SID,SID,10-3E2,"DEREL 2V, LATGA 2V, NEMRO 2V, PETAR 2V, YAVRU 2V",MATCH,independently_consistent,True,False,True,AWAITING_INDIVIDUAL_VISUAL_VERIFICATION,,images/pages_0801_1200/1112.jpg,"00 BU K V O R/ N DB PETAR 2V [PETA2V] YAVRU 2V [YAVR2V] LATGA 2V [LATG2V] NEMRO 2V [NEMR2V] 3158 Apt Elev 123.6 D-ATIS Trans alt: 10000 1. RADAR required. 2. P-RNAV approval required otherwise advise ATC. 3. At first contact report only call sign, check ATIS for current frequency",d86b5b5e262a775f8e91d28a403f4b163992dbdd1733ca28e1ba6e46ce8a7ab6
1113,LTAC,LTAC,SID,SID,10-3F,"ASTAL 1J, DEREL 1J, GURBU 1J, ILHAN 1J",MATCH,independently_consistent,True,False,True,AWAITING_INDIVIDUAL_VISUAL_VERIFICATION,,images/pages_0801_1200/1113.jpg,"GURB1J], ILHAN 1J [ILHA1J] ASTA1J], DEREL 1J [DERE1J] 10000 required. approval required otherwise advise ATC. GURBU ILHAN LTAC/ESB ESENBOGA INTL JEPPESEN .RNAV.SID. ANKARA, TURKIYE 10-3F 29 MAY 26 .Eff.11.Jun. 91 103 34-00 (GNSS) DEPARTURES (RWY 03R) CONTOUR INTERVALS 9000 7000 5",d86b5b5e262a775f8e91d28a403f4b163992dbdd1733ca28e1ba6e46ce8a7ab6
1114,LTAC,LTAC,SID,SID,10-3G,"BALAX 2H, BENTA 2H, EKMEK 2H, GOBIT 2H",MATCH,independently_consistent,True,False,True,AWAITING_INDIVIDUAL_VISUAL_VERIFICATION,,images/pages_0801_1200/1114.jpg,"9000 180^ LTAC/ESB ESENBOGA INTL JEPPESEN EKMEK 2H [EKME2H], GOBIT 2H [GOBI2H] .RNAV.SID. BALAX 2H [BALA2H], BENTA 2H [BENT2H] EKMEK 10-3G E Trans alt: 10000 1. RADAR required. 2. P-RNAV approval required otherwise advise ATC. 3. At first contact report only call sign, check ATIS",d86b5b5e262a775f8e91d28a403f4b163992dbdd1733ca28e1ba6e46ce8a7ab6
1115,LTAC,LTAC,SID,SID,10-3H,"BAKIR 1J, GOBIT 1J, TELVO 1J, YUCEL 1J",MATCH,independently_consistent,True,False,True,AWAITING_INDIVIDUAL_VISUAL_VERIFICATION,,images/pages_0801_1200/1115.jpg,"425 BUK BUK 114.3 BUK CUBUK BUK D 9000 180^ 090^ TELVO 1J [TELV1J], YUCEL 1J [YUCE1J] BAKIR 1J [BAKI1J], GOBIT 1J [GOBI1J] Trans alt: 10000 1. RADAR required. 2. P-RNAV approval required otherwise advise ATC. AC~44 1 JEPPESEN LTAC/ESB ESENBOGA INTL .RNAV.SID. 10-3H ANKARA, TURKIY",d86b5b5e262a775f8e91d28a403f4b163992dbdd1733ca28e1ba6e46ce8a7ab6
1116,LTAC,LTAC,SID,SID,10-3J,"AZBUL 2H, HALIL 2H, TELVO 2H",MATCH,independently_consistent,True,False,True,AWAITING_INDIVIDUAL_VISUAL_VERIFICATION,,images/pages_0801_1200/1116.jpg,"180^ 9000 090^ LTAC/ESB ESENBOGA INTL JEPPESEN .RNAV.SID. 10-3J Trans alt: 10000 1. RADAR required. 2. P-RNAV approval required otherwise advise ATC. 3. At first contact report only call sign, check ATIS for current frequency. ANKARA, TURKIYE AZBUL 2H [AZBU2H], HALIL 2H [HALI2H],",d86b5b5e262a775f8e91d28a403f4b163992dbdd1733ca28e1ba6e46ce8a7ab6
1117,LTAC,,SID,SID,10-3K,"HALIL 1J, LATGA 1J, UMRUN 1J, YAVRU 1J",MATCH,independently_consistent,True,False,True,AWAITING_INDIVIDUAL_VISUAL_VERIFICATION,,images/pages_0801_1200/1117.jpg,"8600 5.0% V/V (fpm) 380 506 760 1013 1266 1519 Gnd speed-KT 75 100 150 200 250 300 4 UMRUN 1J [UMRU1J] YAVRU 1J [YAVR1J] HALIL 1J [HALI1J] LATGA 1J [LATG1J] Trans alt: 10000 1. RADAR required. 2. P-RNAV approval required otherwise advise ATC. JEPPESEN 10-3K .RNAV.SID. ANKARA, TUR",d86b5b5e262a775f8e91d28a403f4b163992dbdd1733ca28e1ba6e46ce8a7ab6
1118,LTAC,LTAC,SID,SID,10-3L,"DEREL 2H, LATGA 2H, NEMRO 2H, PETAR 2H, YAVRU 2H",MATCH,independently_consistent,True,False,True,AWAITING_INDIVIDUAL_VISUAL_VERIFICATION,,images/pages_0801_1200/1118.jpg,"LTAC/ESB ESENBOGA INTL JEPPESEN .RNAV.SID. DEREL 2H [DERE2H], LATGA 2H [LATG2H] 10-3L NEMRO 2H [NEMR2H], PETAR 2H [PETA2H] YAVRU 2H [YAVR2H] Trans alt: 10000 1. RADAR required. 2. P-RNAV approval required otherwise advise ATC. 3. At first contact report only call sign, check ATIS",d86b5b5e262a775f8e91d28a403f4b163992dbdd1733ca28e1ba6e46ce8a7ab6
1119,LTAC,LTAC,SID,SID,10-3M,"ASTAL 1A, ASTAL 1B, BAKIR 1A, BAKIR 1B, DEREL 1A, DEREL 1B",MATCH,independently_consistent,True,False,True,AWAITING_INDIVIDUAL_VISUAL_VERIFICATION,,images/pages_0801_1200/1119.jpg,DEREL ASTAL A Apt Elev LTAC/ESB 3158 Trans alt: 10000 ESENBOGA INTL (BAG R013) 10 20 30 40 50 0 5 15 25 35 45 5 MSA BUK VOR/NDB 7137 180^ 360^ 090^ 8600 8200 9000 CHANGES: Climb gradient established. L602 UL602 A28 UA28 DEREL 1B [DERE1B] DEREL 1A [DERE1A] BAKIR 1B [BAKI1B] BAKIR ,d86b5b5e262a775f8e91d28a403f4b163992dbdd1733ca28e1ba6e46ce8a7ab6
1120,LTAC,,SID,SID,10-3N,"GURBU 1A, GURBU 1B, HALIL 1A, HALIL 1B, HALIL 1U",MATCH,independently_consistent,True,False,True,AWAITING_INDIVIDUAL_VISUAL_VERIFICATION,,images/pages_0801_1200/1120.jpg,"KFK 0 6 GURBU .SID. 10-3N JEPPESEN MHA 8000 MHA 6800 Apt Elev 3158 Trans alt: 10000 MSA BUK VOR/NDB RWYS 03L/C/R ANKARA, TURKIYE .Eff.2.Oct. AY NDB ANK NDB BUK VOR/NDB 0 3 0 ^ 2 1 0 ^ 2 1 0 ^ 0 3 0 ^ 2 4 2 ^ 180^ 360^ 090^ 8600 8200 9000 EP 25 MHA 6500 V (fpm) 342 456 684 911 113",d86b5b5e262a775f8e91d28a403f4b163992dbdd1733ca28e1ba6e46ce8a7ab6
1121,LTAC,LTAC,SID,SID,10-3P,"ILHAN 1A, ILHAN 1B",MATCH,independently_consistent,True,False,True,AWAITING_INDIVIDUAL_VISUAL_VERIFICATION,,images/pages_0801_1200/1121.jpg,W YS 2 1L /C /R ILHAN LHAN 1A Apt Elev LTAC/ESB Trans alt: 10000 3158 1 2 1 2 1 1 2 5 10 15 20 25 30 35 40 45 0 5 ESENBOGA INTL CUBUK BUK D 4.5% V/V (fpm) 342 456 684 911 1139 1367 4.2% V/V (fpm) 319 425 638 851 1063 1276 Gnd speed-KT 75 100 150 200 250 300 CHANGES: Climb gradien,d86b5b5e262a775f8e91d28a403f4b163992dbdd1733ca28e1ba6e46ce8a7ab6
1122,LTAC,,SID,SID,10-3Q,"KUBER 1A, KUBER 1B, LATGA 1A, LATGA 1B",MATCH,independently_consistent,True,False,True,AWAITING_INDIVIDUAL_VISUAL_VERIFICATION,,images/pages_0801_1200/1122.jpg,"R105 KUBER KUBER 1A 34 pt Elev 10-3Q JEPPESEN .SID. Trans alt: 10000 3158 ANKARA, TURKIYE | JEPPESEN, 2017, 2025. ALL RIGHTS RESERVED. .Eff.2.Oct. EP 25 G/UG8 L/UL614 96 99 33-30 DEPARTURES LATGA 1B [LATG1B] LATGA 1A [LATG1A] KUBER 1B [KUBE1B] KUBER 1A [KUBE1A] (ALL RWYS) CONTOUR",d86b5b5e262a775f8e91d28a403f4b163992dbdd1733ca28e1ba6e46ce8a7ab6
1123,LTAC,,SID,SID,10-3S,"PETAR 1A, PETAR 1B, SALGO 1A, SALGO 1B",MATCH,independently_consistent,True,False,True,AWAITING_INDIVIDUAL_VISUAL_VERIFICATION,,images/pages_0801_1200/1123.jpg,"8600 AN K N DB R W YS 21 L/ C / R 5050 MHA 6800 0 3 0 ^ 2 1 0 ^ K K 283^ 2 5 8 ^ D7) Apt Elev 10-3S JEPPESEN .SID. Trans alt: 10000 3158 114.3 BUK CUBUK BUK D 425 BUK BUK ANKARA, TURKIYE | JEPPESEN, 2017, 2025. ALL RIGHTS RESERVED. .Eff.2.Oct. EP 25 96 99 33-00 DEPARTURES PETAR 1",d86b5b5e262a775f8e91d28a403f4b163992dbdd1733ca28e1ba6e46ce8a7ab6
1124,LTAC,,SID,SID,10-3T,"TELVO 1A, TELVO 1B, YUCEL 1A, YUCEL 1B",MATCH,independently_consistent,True,False,True,AWAITING_INDIVIDUAL_VISUAL_VERIFICATION,,images/pages_0801_1200/1124.jpg,"A N K ND B R W Y S 5050 MHA 6800 030^ 210^ 183^ 144^ 113.1 BAG BAGLUM BAG D Apt Elev LTAC/ESB 10-3T JEPPESEN .SID. 3158 Trans alt: 10000 50 ESENBOGA INTL 114.3 BUK CUBUK BUK D 425 BUK BUK ANKARA, TURKIYE .Eff.2.Oct. MSA BUK VOR/NDB RWYS 03L/C/R 180^ 360^ 090^ 8600 8200 9000 26 SE",d86b5b5e262a775f8e91d28a403f4b163992dbdd1733ca28e1ba6e46ce8a7ab6
1125,LTAC,LTAC,AIRPORT,AIRPORT,10-4,ESENBOGA INTL 26 SEP 25 10-4 .Eff.2.Oct. .NOISE.,MATCH,independently_consistent,True,False,True,AWAITING_INDIVIDUAL_VISUAL_VERIFICATION,,images/pages_0801_1200/1125.jpg,LTAC/ESB JEPPESEN .NOISE. NOISE ABATEMENT 10-4 .Eff.2.Oct. 26 SEP 25 DEPARTURE For departures any aircraft having compliance with the Noise Category ICAO ANNEX 16 VOL-1 Chapter 3 shall apply NADP-2 whereas aircraft having Noise Category ICAO ANNEX 16 VOL-1 Chapter 2 shall only ap,d86b5b5e262a775f8e91d28a403f4b163992dbdd1733ca28e1ba6e46ce8a7ab6
1126,LTAC,,AIRPORT,AIRPORT,10-9,Airport Diagram Chart (ADC),MATCH,independently_consistent,True,False,True,AWAITING_INDIVIDUAL_VISUAL_VERIFICATION,,images/pages_0801_1200/1126.jpg,197'60m Stopway A1 F Elev 3126' Elev 3124' LEGEND HOT SPOTS Tower 129.2 121.6 257.8 ESENBOGA Delivery Ground 121.65 118.525 ACARS: D-ATIS Data Comm Apt Elev N40 07.7 E032 59.7 3158' LTAC/ESB 06^E VOR DME Engine Test Area Engine Test Area CAUTION: The last 15 m within the RESA of ,d86b5b5e262a775f8e91d28a403f4b163992dbdd1733ca28e1ba6e46ce8a7ab6
1127,LTAC,LTAC,AIRPORT,AIRPORT,10-9A,ADDITIONAL RUNWAY INFORMATION,MATCH,independently_consistent,True,False,True,AWAITING_INDIVIDUAL_VISUAL_VERIFICATION,,images/pages_0801_1200/1127.jpg,"10-9A LTAC/ESB JEPPESEN 1 2 3 (60m) (15m) (60m) (15m) 2 (60m) (15m) 2 (60m) (15m) ESENBOGA INTL ANKARA, TURKIYE 2 (60m) (15m) 2 (60m) (15m) 1 2 25 SEP 26 .Eff.1.Oct. RWY ADDITIONAL RUNWAY INFORMATION Threshold LANDING BEYOND USABLE LENGTHS WIDTH TAKE-OFF Glide Slope 03L 21R 148' ",d86b5b5e262a775f8e91d28a403f4b163992dbdd1733ca28e1ba6e46ce8a7ab6
1128,LTAC,,AIRPORT,AIRPORT,10-9B,HOT SPOTS,MATCH,independently_consistent,True,False,True,AWAITING_INDIVIDUAL_VISUAL_VERIFICATION,,images/pages_0801_1200/1128.jpg,"33-00 JEPPESEN ESENBOGA INTL 10-9B | JEPPESEN, 2006, 2026. ALL RIGHTS RESERVED. 33-00.1 33-00.2 33-00.3 33-00.4 33-00.1 33-00.2 33-00.3 33-00.4 33-00 40-07.5 40-07.4 40-07.3 40-07.2 40-06.9 40-06.8 40-06.7 40-07 ANKARA, TURKIYE 40-07.2 .Eff.1.Oct. 25 SEP 26 LEGEND HOT SPOTS De-ic",d86b5b5e262a775f8e91d28a403f4b163992dbdd1733ca28e1ba6e46ce8a7ab6
1129,LTAC,,AIRPORT,AIRPORT,10-9C,HOT SPOTS,MATCH,independently_consistent,True,False,True,AWAITING_INDIVIDUAL_VISUAL_VERIFICATION,,images/pages_0801_1200/1129.jpg,"A1 40-08 40-08.2 40-08.3 40-08.4 40-08.5 40-07.9 40-07.8 40-07.7 40-07.6 JEPPESEN 00.3 33-00.5 33-00.6 33-00.7 ESENBOGA INTL | JEPPESEN, 2006, 2026. ALL RIGHTS RESERVED. 00.3 33-00.6 33-00.7 33-00.4 33-00.5 ANKARA, TURKIYE e Test rea ine Test Area Engine Test Area 1 2 Cargo Compa",d86b5b5e262a775f8e91d28a403f4b163992dbdd1733ca28e1ba6e46ce8a7ab6
1130,LTAC,LTAC,AIRPORT,AIRPORT,10-9D,PARKING STANDS & COORDS,MATCH,independently_consistent,True,False,True,AWAITING_INDIVIDUAL_VISUAL_VERIFICATION,,images/pages_0801_1200/1130.jpg,"ESENBOGA INTL LTAC/ESB JEPPESEN ANKARA, TURKIYE 25 SEP 26 .Eff.1.Oct. 10-9D COORDINATES COORDINATES INS COORDINATES STAND No. STAND No. APRON 5 APRON 1 APRON 6 101 102 103 thru 106 107 thru 110 111 112 thru 114 115, 116 117 thru 119 120 121 N40 06.7 E032 59.2 N40 06.7 E032 59.3 N",d86b5b5e262a775f8e91d28a403f4b163992dbdd1733ca28e1ba6e46ce8a7ab6
1131,LTAC,LTAC,AIRPORT,AIRPORT,10-9E,AIRPORT CHART,MATCH,independently_consistent,True,False,True,AWAITING_INDIVIDUAL_VISUAL_VERIFICATION,,images/pages_0801_1200/1131.jpg,"10-9E JEPPESEN LTAC/ESB ANKARA, TURKIYE ESENBOGA INTL LOW VISIBILITY PROCEDURES Phase Condition Procedures A B All interested units are activated for LVP. TDZ and/or midpoint RVR less 550m and/or cloud base less 200' Low Visibility Operations are categorized in two phases (A and ",d86b5b5e262a775f8e91d28a403f4b163992dbdd1733ca28e1ba6e46ce8a7ab6
1132,LTAC,LTAC,AIRPORT,AIRPORT,10-9F,AIRPORT CHART,MATCH,independently_consistent,True,False,True,AWAITING_INDIVIDUAL_VISUAL_VERIFICATION,,images/pages_0801_1200/1132.jpg,"10-9F JEPPESEN LTAC/ESB ANKARA, TURKIYE ESENBOGA INTL LOW VISIBILITY PROCEDURES (contd) AN124 (Ruslan)] and F category ACFT [B747-800, C5 (Galaxy)] are exist at LTAC airport and they are requesting to depart when CAT II/III operations in force and waiting for the ACFT on final ap",d86b5b5e262a775f8e91d28a403f4b163992dbdd1733ca28e1ba6e46ce8a7ab6
1133,LTAC,LTAC,APP,APP,11-1,ILS Y OR LOC Y RWY 03L,MATCH,independently_consistent,True,False,True,AWAITING_INDIVIDUAL_VISUAL_VERIFICATION,,images/pages_0801_1200/1133.jpg,4000 MISSED APCH: BRIEFING STRIP TM 10 11-1 LOC 108.9 IAKR Final Apch Crs 030^ ILS DA(H) 40-10 LTAC/ESB JEPPESEN ESENBOGA Approach (R) ESENBOGA Tower 118.1 Ground 121.6 Apt Elev 3158' Rwy 3104' 123.6 ESENBOGA INTL Refer to Minimums 119.1 119.6 ILS Y or LOC Y Rwy 03L Refer to mini,d86b5b5e262a775f8e91d28a403f4b163992dbdd1733ca28e1ba6e46ce8a7ab6
1134,LTAC,LTAC,APP,APP,11-1A,ILS Z RWY 03L,MATCH,independently_consistent,True,False,True,AWAITING_INDIVIDUAL_VISUAL_VERIFICATION,,images/pages_0801_1200/1134.jpg,4000 4000 MISSED APCH: BRIEFING STRIP TM 10 108.9 IAKR Final Apch Crs 030^ 40-10 LTAC/ESB Rwy Elev: 109 hPa JEPPESEN Apt Elev 3158' Rwy 3104' ESENBOGA INTL CAT II ILS Z Rwy 03L Special Aircrew & Acft Certification Required. DME required. NDB or VOR required. 11-1A DA(H) CAT II IL,d86b5b5e262a775f8e91d28a403f4b163992dbdd1733ca28e1ba6e46ce8a7ab6
1135,LTAC,LTAC,APP,APP,11-2,ILS X OR LOC X RWY 03L,MATCH,independently_consistent,True,False,True,AWAITING_INDIVIDUAL_VISUAL_VERIFICATION,,images/pages_0801_1200/1135.jpg,"MISSED APCH: BRIEFING STRIP TM 10 11-2 LOC 108.9 IAKR Final Apch Crs 030^ 4700'(1596') ILS DA(H) 40-10 LTAC/ESB JEPPESEN Apt Elev 3158' Rwy 3104' Refer to Minimums Proceed to BUK VOR/NDB cross 5500' or above, then continue climbing to 6600' on 057^ from BUK VOR/NDB, then turn LEF",d86b5b5e262a775f8e91d28a403f4b163992dbdd1733ca28e1ba6e46ce8a7ab6
1136,LTAC,LTAC,APP,APP,11-2A,APPROACH 11-2A,MATCH,independently_consistent,True,False,True,AWAITING_INDIVIDUAL_VISUAL_VERIFICATION,,images/pages_0801_1200/1136.jpg,"MISSED APCH: BRIEFING STRIP TM 10 LOC 108.9 IAKR Final Apch Crs 030^ 4700'(1596') 40-10 LTAC/ESB JEPPESEN Apt Elev 3158' Rwy 3104' Proceed to BUK VOR/NDB cross 5500' or above, then continue climbing to 6600' on 057^ from BUK VOR/NDB, then turn LEFT climb to 6800' proceed ESENBOGA",d86b5b5e262a775f8e91d28a403f4b163992dbdd1733ca28e1ba6e46ce8a7ab6
1137,LTAC,LTAC,APP,APP,11-3,ILS Y OR LOC Y RWY 03C,MATCH,independently_consistent,True,False,True,AWAITING_INDIVIDUAL_VISUAL_VERIFICATION,,images/pages_0801_1200/1137.jpg,"11-3 LOC 110.3 IANK Final Apch Crs 030^ 4410'(1311') ILS DA(H) LTAC/ESB 10 MISSED APCH: BRIEFING STRIP TM JEPPESEN 40-10 Apt Elev 3158' Rwy 3099' ESENBOGA INTL Refer to Minimums ILS Y or LOC Y Rwy 03C ANKARA, TURKIYE DME required. NDB or VOR required. 112.1 ESB ESENBOGA ESB D D4.",d86b5b5e262a775f8e91d28a403f4b163992dbdd1733ca28e1ba6e46ce8a7ab6
1138,LTAC,LTAC,APP,APP,11-3A,APPROACH 11-3A,MATCH,independently_consistent,True,False,True,AWAITING_INDIVIDUAL_VISUAL_VERIFICATION,,images/pages_0801_1200/1138.jpg,"BRIEFING STRIP TM 10 LOC 110.3 IANK Final Apch Crs 030^ Apt Elev Rwy 4410'(1311') Rwy Elev: 108 hPa LTAC/ESB JEPPESEN 40-10 MISSED APCH: 3158' 3099' ESENBOGA INTL CAT IIIB, IIIA & II ILS Refer to Minimums CAT II/III W Rwy 03C ILS Proceed to BUK VOR/NDB cross 5500' or above, then ",d86b5b5e262a775f8e91d28a403f4b163992dbdd1733ca28e1ba6e46ce8a7ab6
1139,LTAC,LTAC,APP,APP,11-4,APPROACH 11-4,MATCH,independently_consistent,True,False,True,AWAITING_INDIVIDUAL_VISUAL_VERIFICATION,,images/pages_0801_1200/1139.jpg,"BRIEFING STRIP TM 10 11-4 LOC 110.3 IANK Final Apch Crs 030^ ILS DA(H) Apt Elev Rwy MISSED APCH: Rwy Elev: 108 hPa LTAC/ESB JEPPESEN 3158' 3099' 360^ 090^ 7500 8600 TOVNA Refer to Minimums Proceed to BUK VOR/NDB cross 5500' or above, then continue climbing to 6600' on 057^ from B",d86b5b5e262a775f8e91d28a403f4b163992dbdd1733ca28e1ba6e46ce8a7ab6
1140,LTAC,LTAC,APP,APP,11-4A,APPROACH 11-4A,MATCH,independently_consistent,True,False,True,AWAITING_INDIVIDUAL_VISUAL_VERIFICATION,,images/pages_0801_1200/1140.jpg,"BRIEFING STRIP TM 10 LOC 110.3 IANK Final Apch Crs 030^ Apt Elev Rwy Rwy Elev: 108 hPa LTAC/ESB JEPPESEN 3158' 3099' 360^ 090^ 7500 8600 11-4A Proceed to BUK VOR/NDB cross 5500' or above, then continue climbing to 6600' on 057^ from BUK VOR/NDB, then turn LEFT climb to 6800' proc",d86b5b5e262a775f8e91d28a403f4b163992dbdd1733ca28e1ba6e46ce8a7ab6
1141,LTAC,LTAC,APP,APP,11-5,ILS Z OR LOC Z RWY 03R,MATCH,independently_consistent,True,False,True,AWAITING_INDIVIDUAL_VISUAL_VERIFICATION,,images/pages_0801_1200/1141.jpg,"11-5 ILS Z or LOC Z Rwy 03R ANKARA, TURKIYE 030^ MAX 230 KT MHA 8000 ^ MISSED APCH: BRIEFING STRIP TM JEPPESEN LTAC/ESB ESENBOGA INTL 360^ 090^ 7500 8600 MSA NBG VOR DME LOC 110.9 IAES Final Apch Crs 030^ 4090'(1002') ILS DA(H) Apt Elev Rwy 3158' 3088' D5.5 NBG Climb STRAIGHT unt",d86b5b5e262a775f8e91d28a403f4b163992dbdd1733ca28e1ba6e46ce8a7ab6
1142,LTAC,LTAC,APP,APP,11-5A,ILS X RWY 03R,MATCH,independently_consistent,True,False,True,AWAITING_INDIVIDUAL_VISUAL_VERIFICATION,,images/pages_0801_1200/1142.jpg,"ANKARA, TURKIYE MAX 230 KT MHA 8000 ^ MISSED APCH: BRIEFING STRIP TM JEPPESEN LTAC/ESB ESENBOGA INTL 360^ 090^ 7500 8600 MSA NBG VOR DME LOC 110.9 IAES Final Apch Crs 030^ 4090'(1002') DA(H) Apt Elev Rwy 3158' 3088' D5.5 NBG Rwy Elev: 108 hPa 10 32-50 33-00 33-10 11-5A Missed apc",d86b5b5e262a775f8e91d28a403f4b163992dbdd1733ca28e1ba6e46ce8a7ab6
1143,LTAC,LTAC,APP,APP,11-6,ILS Y OR LOC Y RWY 03R,MATCH,independently_consistent,True,False,True,AWAITING_INDIVIDUAL_VISUAL_VERIFICATION,,images/pages_0801_1200/1143.jpg,"11-6 ILS Y or LOC Y Rwy 03R ANKARA, TURKIYE MAX 230 KT MHA 8000 MISSED APCH: BRIEFING STRIP TM JEPPESEN LTAC/ESB ESENBOGA INTL 360^ 090^ 7500 8600 MSA NBG VOR DME LOC 110.9 IAES Final Apch Crs 030^ (1682') ILS DA(H) Apt Elev Rwy 3158' 3088' Rwy Elev: 108 hPa 10 MAX 185 KT. 32-50 ",d86b5b5e262a775f8e91d28a403f4b163992dbdd1733ca28e1ba6e46ce8a7ab6
1144,LTAC,LTAC,APP,APP,11-6A,VOR R,MATCH,independently_consistent,True,False,True,AWAITING_INDIVIDUAL_VISUAL_VERIFICATION,,images/pages_0801_1200/1144.jpg,"ANKARA, TURKIYE BRIEFING STRIP TM JEPPESEN LTAC/ESB ESENBOGA INTL LOC 110.9 IAES Final Apch Crs 030^ (1682') DA(H) Apt Elev Rwy 3158' 3088' AFZEN 4770' MANDATORY 11-6A CAT II ILS V Rwy 03R MAX 230 KT MHA 8000 MISSED APCH: 360^ 090^ 7500 MSA NBG VOR DME Rwy Elev: 108 hPa 10 MAX 18",d86b5b5e262a775f8e91d28a403f4b163992dbdd1733ca28e1ba6e46ce8a7ab6
1145,LTAC,LTAC,APP,APP,11-7,APPROACH 11-7,MATCH,independently_consistent,True,False,True,AWAITING_INDIVIDUAL_VISUAL_VERIFICATION,,images/pages_0801_1200/1145.jpg,"11-7 ANKARA, TURKIYE MAX 230 KT MHA 8000 MISSED APCH: BRIEFING STRIP TM JEPPESEN LTAC/ESB ESENBOGA INTL LOC 110.9 IAES Final Apch Crs 030^ 4090'(1002') DA(H) Apt Elev Rwy 3158' 3088' D5.5 NBG Rwy Elev: 108 hPa 10 1. VOR DME required. 2. Intercept localizer at D10.5 NBG. 3. Interc",d86b5b5e262a775f8e91d28a403f4b163992dbdd1733ca28e1ba6e46ce8a7ab6
1146,LTAC,LTAC,APP,APP,11-8,ILS X OR LOC X RWY 21L,MATCH,independently_consistent,True,False,True,AWAITING_INDIVIDUAL_VISUAL_VERIFICATION,,images/pages_0801_1200/1146.jpg,"BRIEFING STRIP TM LOC 110.75 IAEG Final Apch Crs 210^ 5570'(2412') ILS DA(H) Apt Elev Rwy LTAC/ESB Rwy Elev: 110 hPa JEPPESEN MISSED APCH: 3158' 3158' ESENBOGA INTL ANKARA, TURKIYE 11-8 (IF) 210^ 3440'(282') 10 Missed approach requires a minimum climb gradient of 5.0% (304'/NM). ",d86b5b5e262a775f8e91d28a403f4b163992dbdd1733ca28e1ba6e46ce8a7ab6
1147,LTAC,LTAC,APP,APP,11-8A,CAT II/III ILS Y RWY 21L,MATCH,independently_consistent,True,False,True,AWAITING_INDIVIDUAL_VISUAL_VERIFICATION,,images/pages_0801_1200/1147.jpg,"BRIEFING STRIP TM LOC 110.75 IAEG Final Apch Crs 210^ 5570'(2412') Apt Elev Rwy LTAC/ESB Rwy Elev: 110 hPa JEPPESEN MISSED APCH: 3158' 3158' ESENBOGA INTL ANKARA, TURKIYE 11-8A 10 Missed approach requires a minimum climb gradient of 5.0% (304'/NM). MAX 185 KT. 360^ 090^ 7500 8600",d86b5b5e262a775f8e91d28a403f4b163992dbdd1733ca28e1ba6e46ce8a7ab6
1148,LTAC,LTAC,APP,APP,11-9,ILS Z OR LOC Z RWY 21L,MATCH,independently_consistent,True,False,True,AWAITING_INDIVIDUAL_VISUAL_VERIFICATION,,images/pages_0801_1200/1148.jpg,"BRIEFING STRIP TM LOC 110.75 IAEG Final Apch Crs 210^ 5570'(2412') ILS DA(H) Apt Elev Rwy LTAC/ESB Rwy Elev: 110 hPa JEPPESEN MISSED APCH: 3158' 3158' ESENBOGA INTL ANKARA, TURKIYE 360^ 090^ 7500 8600 MSA NBG VOR NBG (IF) Baseturn MAX 185 KT. 0^ D7.0 NBG 40-20 3440'(282') 10 ILS ",d86b5b5e262a775f8e91d28a403f4b163992dbdd1733ca28e1ba6e46ce8a7ab6
1149,LTAC,LTAC,APP,APP,11-10,ILS Z OR LOC Z RWY 21C,MATCH,independently_consistent,True,False,True,AWAITING_INDIVIDUAL_VISUAL_VERIFICATION,,images/pages_0801_1200/1149.jpg,"BRIEFING STRIP TM 10 LOC 108.1 IESB Final Apch Crs 210^ 5550'(2424') ILS DA(H) Apt Elev Rwy MSA BUK VOR/NDB 210^ ^ LTAC/ESB Rwy Elev: 109 hPa JEPPESEN 090^ 180^ 360^ MISSED APCH: B U K 3158' 3126' ESENBOGA INTL 40-15 9000 8200 8600 BUK VOR/NDB ILS Z or LOC Z Rwy 21C ANKARA, TURKI",d86b5b5e262a775f8e91d28a403f4b163992dbdd1733ca28e1ba6e46ce8a7ab6
1150,LTAC,LTAC,APP,APP,11-11,ILS Z OR LOC Z RWY 21R,MATCH,independently_consistent,True,False,True,AWAITING_INDIVIDUAL_VISUAL_VERIFICATION,,images/pages_0801_1200/1150.jpg,"BRIEFING STRIP TM 10 LOC 108.3 IEBG Final Apch Crs 210^ ILS DA(H) Apt Elev Rwy MISSED APCH: ^ 210^ LTAC/ESB JEPPESEN B U K 425 BUK 3158' 3124' ESENBOGA INTL BUK VOR/NDB 5550'(2426') ILS Z or LOC Z Rwy 21R ANKARA, TURKIYE Refer to Minimums 11-11 4028' 4134' Rwy Elev: 109 hPa Refer",d86b5b5e262a775f8e91d28a403f4b163992dbdd1733ca28e1ba6e46ce8a7ab6
1151,LTAC,LTAC,APP,APP,13-1,VOR Z RWY 03L,MATCH,independently_consistent,True,False,True,AWAITING_INDIVIDUAL_VISUAL_VERIFICATION,,images/pages_0801_1200/1151.jpg,030^ 4000 4000 4000 4000 4000 4000 LTAC/ESB 13-1 MISSED APCH: BRIEFING STRIP TM JEPPESEN VOR ESB 112.1 Apch Crs 030^ Final 5900'(2796') 3860'(756') D10.0 Rwy Elev: 109 hPa 10 360^ 090^ MSA ESB VOR Climb to 5400' on R-030 (MAX 200 KT) then turn RIGHT climbing to 7000' to VOR and h,d86b5b5e262a775f8e91d28a403f4b163992dbdd1733ca28e1ba6e46ce8a7ab6
1152,LTAC,LTAC,APP,APP,13-2,VOR Z RWY 03C,MATCH,independently_consistent,True,False,True,AWAITING_INDIVIDUAL_VISUAL_VERIFICATION,,images/pages_0801_1200/1152.jpg,030^ 4000 4000 4000 4000 4000 4000 LTAC/ESB 13-2 MISSED APCH: BRIEFING STRIP TM JEPPESEN VOR ESB 112.1 Apch Crs 030^ Final 5900'(2801') 3860'(761') D10.0 Rwy Elev: 108 hPa 10 360^ 090^ MSA ESB VOR Climb to 5400' on R-030 (MAX 200 KT) then turn RIGHT climbing to 7000' to VOR and h,d86b5b5e262a775f8e91d28a403f4b163992dbdd1733ca28e1ba6e46ce8a7ab6
1153,LTAC,LTAC,APP,APP,13-3,VOR Z RWY 03R,MATCH,independently_consistent,True,False,True,AWAITING_INDIVIDUAL_VISUAL_VERIFICATION,,images/pages_0801_1200/1153.jpg,"LTAC/ESB 13-3 MISSED APCH: BRIEFING STRIP TM JEPPESEN VOR NBG 114.85 Apch Crs 031^ Final 4440'(1352') 3880'(792') Rwy Elev: 108 hPa 10 360^ 090^ MSA NBG VOR Apt Elev 3158' Rwy 3088' DA/MDA(H) ESENBOGA INTL 8600 7500 VOR Z Rwy 03R MAX 230 KT MHA 8000 ANKARA, TURKIYE Climb to 5900'",d86b5b5e262a775f8e91d28a403f4b163992dbdd1733ca28e1ba6e46ce8a7ab6
1154,LTAC,LTAC,APP,APP,13-4,VOR Z RWY 21L,MATCH,independently_consistent,True,False,True,AWAITING_INDIVIDUAL_VISUAL_VERIFICATION,,images/pages_0801_1200/1154.jpg,"LTAC/ESB 13-4 MISSED APCH: BRIEFING STRIP TM JEPPESEN VOR NBG 114.85 Apch Crs 206^ Final 5430'(2272') 3930'(772') Apt Elev: 110 hPa 10 360^ 090^ MSA NBG VOR DA/MDA(H) Apt Elev 3158' ESENBOGA INTL 7500 8600 VOR Z Rwy 21L ANKARA, TURKIYE 6^ D10.5 Baseturn MAX 210 KT. MAX 185 KT. D1",d86b5b5e262a775f8e91d28a403f4b163992dbdd1733ca28e1ba6e46ce8a7ab6
1155,LTAC,LTAC,APP,APP,13-5,NDB Z RWY 21C,MATCH,independently_consistent,True,False,True,AWAITING_INDIVIDUAL_VISUAL_VERIFICATION,,images/pages_0801_1200/1155.jpg,"210^ D5.0 D5.0 BRIEFING STRIP TM 10 13-5 5000'(1874') 3710'(584') MISSED APCH: Rwy Elev: 109 hPa LTAC/ESB JEPPESEN D2.5 114.3 BUK DB U K Apch Crs 210^ Final NDB BUK 425 VOR BUK 114.3 Apt Elev 3158' Rwy 3126' DA/MDA(H) ESENBOGA INTL VOR Z or NDB Z Rwy 21C ANKARA, TURKIYE Climb on ",d86b5b5e262a775f8e91d28a403f4b163992dbdd1733ca28e1ba6e46ce8a7ab6
1156,LTAC,LTAC,APP,APP,13-6,VOR Y RWY 21C,MATCH,independently_consistent,True,False,True,AWAITING_INDIVIDUAL_VISUAL_VERIFICATION,,images/pages_0801_1200/1156.jpg,"LTAC/ESB 13-6 MISSED APCH: BRIEFING STRIP TM JEPPESEN VOR ESB 112.1 Apch Crs 210^ Final 6800'(3674') 3710'(584') D10.0 Rwy Elev: 109 hPa 10 D10.0 360^ 090^ MSA ESB VOR 10^ [FD21] Apt Elev 3158' Rwy 3126' DA/MDA(H) ESENBOGA INTL VOR Y Rwy 21C 8000 7500 ANKARA, TURKIYE Baseturn MAX",d86b5b5e262a775f8e91d28a403f4b163992dbdd1733ca28e1ba6e46ce8a7ab6
1157,LTAC,LTAC,APP,APP,13-7,NDB Z RWY 21R,MATCH,independently_consistent,True,False,True,AWAITING_INDIVIDUAL_VISUAL_VERIFICATION,,images/pages_0801_1200/1157.jpg,"BRIEFING STRIP TM 10 13-7 5000'(1876') 3710'(586') MISSED APCH: B U K 210^ Rwy Elev: 109 hPa LTAC/ESB JEPPESEN D5.0 D5.0 D2.5 DB U K Apch Crs 211^ Final NDB BUK 425 VOR BUK 114.3 Apt Elev 3158' Rwy 3124' ESENBOGA INTL DA/MDA(H) VOR Z or NDB Z Rwy 21R ANKARA, TURKIYE Climb on R-20",d86b5b5e262a775f8e91d28a403f4b163992dbdd1733ca28e1ba6e46ce8a7ab6
1158,LTAC,LTAC,APP,APP,13-8,VOR Y RWY 21R,MATCH,independently_consistent,True,False,True,AWAITING_INDIVIDUAL_VISUAL_VERIFICATION,,images/pages_0801_1200/1158.jpg,"LTAC/ESB 13-8 MISSED APCH: BRIEFING STRIP TM JEPPESEN VOR ESB 112.1 Apch Crs 210^ Final 6800'(3676') 3710'(586') D10.0 Rwy Elev: 109 hPa 10 360^ 090^ MSA ESB VOR 10^ D10.0 [FD21] DA/MDA(H) Apt Elev 3158' Rwy 3124' ESENBOGA INTL 7500 8000 VOR Y Rwy 21R ANKARA, TURKIYE Baseturn MAX",d86b5b5e262a775f8e91d28a403f4b163992dbdd1733ca28e1ba6e46ce8a7ab6
1159,LTAC,LTAC,APP,APP,13-9,VOR A,MATCH,independently_consistent,True,False,True,AWAITING_INDIVIDUAL_VISUAL_VERIFICATION,,images/pages_0801_1200/1159.jpg,"BRIEFING STRIP TM 10 13-9 VOR BUK Final Apch Crs 210^ MDA(H) MISSED APCH: 210^ ^ Apt Elev: 110 hPa LTAC/ESB JEPPESEN CUBUK B U K 114.3 No FAF Refer to Minimums Apt Elev 3158' ESENBOGA INTL VOR A 40-15 ANKARA, TURKIYE 4028' 4134' Climb on R-210 to 6700' and inform ATC immediately.",d86b5b5e262a775f8e91d28a403f4b163992dbdd1733ca28e1ba6e46ce8a7ab6
1160,LTAC,LTAC,APP,APP,16-1,NDB Z RWY 03L,MATCH,independently_consistent,True,False,True,AWAITING_INDIVIDUAL_VISUAL_VERIFICATION,,images/pages_0801_1200/1160.jpg,"4000 BRIEFING STRIP TM 10 16-1 NDB ANK Final Apch Crs 029^ 4450'(1346') 3860'(756') 356 40-10 LTAC/ESB Rwy Elev: 109 hPa JEPPESEN MISSED APCH: continue climbing to 6600' on 057^ from BUK VOR/NDB, then Proceed to BUK VOR/NDB cross 5500' or above, then turn LEFT climb to 6800' proc",d86b5b5e262a775f8e91d28a403f4b163992dbdd1733ca28e1ba6e46ce8a7ab6
1161,LTAC,LTAC,APP,APP,16-2,NDB Z RWY 03C,MATCH,independently_consistent,True,False,True,AWAITING_INDIVIDUAL_VISUAL_VERIFICATION,,images/pages_0801_1200/1161.jpg,"4000 4000 16-2 Final Apch Crs 030^ NDB ANK 4450'(1351') 3860'(761') 356 40-10 LTAC/ESB Rwy Elev: 108 hPa 10 MISSED APCH: BRIEFING STRIP TM JEPPESEN continue climbing to 6600' on 057^ from BUK VOR/NDB, then Proceed to BUK VOR/NDB cross 5500' or above, then turn LEFT climb to 6800'",d86b5b5e262a775f8e91d28a403f4b163992dbdd1733ca28e1ba6e46ce8a7ab6
1162,LTFM,LTFM,AIRPORT,AIRPORT,,AIRPORT INFORMATION,REVIEW,only_old_index_supports_category,True,False,True,AWAITING_INDIVIDUAL_VISUAL_VERIFICATION,,images/pages_0801_1200/1162.jpg,"General Information Location: ISTANBUL TUR ICAO/IATA: LTFM / IST Lat/Long: N41° 16.5', E028° 45.1' Elevation: 325 ft Airport Use: Public Daylight Savings: Not Observed UTC Conversion: -3:00 = UTC Magnetic Variation: 6.0° E Surface Type: asphalt TDZ-Elev: 224 ft Lighting: Edge, AL",d86b5b5e262a775f8e91d28a403f4b163992dbdd1733ca28e1ba6e46ce8a7ab6
1163,LTFM,LTFM,AIRPORT,AIRPORT,,AIRPORT INFORMATION,REVIEW,only_old_index_supports_category,True,False,True,AWAITING_INDIVIDUAL_VISUAL_VERIFICATION,,images/pages_0801_1200/1163.jpg,"General Information Location: ISTANBUL TUR ICAO/IATA: LTFM / IST Lat/Long: N41° 16.5', E028° 45.1' Elevation: 325 ft Airport Use: Public Daylight Savings: Not Observed UTC Conversion: -3:00 = UTC Magnetic Variation: 6.0° E Surface Type: asphalt TDZ-Elev: 224 ft Lighting: Edge, AL",d86b5b5e262a775f8e91d28a403f4b163992dbdd1733ca28e1ba6e46ce8a7ab6
1164,LTFM,LTFM,AIRPORT,AIRPORT,,AIRPORT INFORMATION,REVIEW,only_old_index_supports_category,True,False,True,AWAITING_INDIVIDUAL_VISUAL_VERIFICATION,,images/pages_0801_1200/1164.jpg,"General Information Location: ISTANBUL TUR ICAO/IATA: LTFM / IST Lat/Long: N41° 16.5', E028° 45.1' Elevation: 325 ft Airport Use: Public Daylight Savings: Not Observed UTC Conversion: -3:00 = UTC Magnetic Variation: 6.0° E Surface Type: asphalt TDZ-Elev: 224 ft Lighting: Edge, AL",d86b5b5e262a775f8e91d28a403f4b163992dbdd1733ca28e1ba6e46ce8a7ab6
1165,LTFM,LTFM,AIRPORT,AIRPORT,,AIRPORT INFORMATION,REVIEW,only_old_index_supports_category,True,False,True,AWAITING_INDIVIDUAL_VISUAL_VERIFICATION,,images/pages_0801_1200/1165.jpg,"General Information Location: ISTANBUL TUR ICAO/IATA: LTFM / IST Lat/Long: N41° 16.5', E028° 45.1' Elevation: 325 ft Airport Use: Public Daylight Savings: Not Observed UTC Conversion: -3:00 = UTC Magnetic Variation: 6.0° E Surface Type: asphalt TDZ-Elev: 224 ft Lighting: Edge, AL",d86b5b5e262a775f8e91d28a403f4b163992dbdd1733ca28e1ba6e46ce8a7ab6
1166,LTFM,,AIRPORT,AIRPORT,30-1P,AIRPORT BRIEFING,MATCH,independently_consistent,True,False,True,AWAITING_INDIVIDUAL_VISUAL_VERIFICATION,,images/pages_0801_1200/1166.jpg,JEPPESEN 1. GENERAL 1.2.1. SURFACE MOVEMENT GUIDANCE AND CONTROL SYSTEM 1.1. D-ATIS Arrival ATIS D-ATIS Departure 126.350 128.850 1.2. OPERATION OF MODE S TRANSPONDERS Advanced Surface Movement Guidance and Control System (A-SMGCS) utilizing Mode S is in service. Activation of th,d86b5b5e262a775f8e91d28a403f4b163992dbdd1733ca28e1ba6e46ce8a7ab6
1167,LTFM,,AIRPORT,AIRPORT,30-1P1,AIRPORT BRIEFING,MATCH,independently_consistent,True,False,True,AWAITING_INDIVIDUAL_VISUAL_VERIFICATION,,images/pages_0801_1200/1167.jpg,JEPPESEN 1. GENERAL - Wake turbulence separation is applied; - ACFT concerned shall be identified on the A-SMGCS. Phraseology to be used: 31 JUL 26 .Eff.6.Aug. - - - - - TWR shall continuously observe the multiple line-up positions and the relevant ACFT by visual reference; Pilot,d86b5b5e262a775f8e91d28a403f4b163992dbdd1733ca28e1ba6e46ce8a7ab6
1168,LTFM,,AIRPORT,AIRPORT,30-1P2,AIRPORT BRIEFING,MATCH,independently_consistent,True,False,True,AWAITING_INDIVIDUAL_VISUAL_VERIFICATION,,images/pages_0801_1200/1168.jpg,"JEPPESEN 1. GENERAL 1.4. CAT II/III OPERATIONS RWYs 16R, 34L, 17L , 35R, 18 and 36 approved for CAT II and III operations, subject to serviceability of the required facilities is suitable for CAT II and III opera- tions by operators whose minima have been formally approved by rel",d86b5b5e262a775f8e91d28a403f4b163992dbdd1733ca28e1ba6e46ce8a7ab6
1169,LTFM,,AIRPORT,AIRPORT,30-1P3,AIRPORT BRIEFING,MATCH,independently_consistent,True,False,True,AWAITING_INDIVIDUAL_VISUAL_VERIFICATION,,images/pages_0801_1200/1169.jpg,JEPPESEN 1. GENERAL ATC will not give instructions for break-out maneuvers below 750' AMSL. 1.5.5. RWY ASSIGNMENT Pilots unable to comply with required navigation performance shall notify ATC and request navigation assistance from ATC. [(if needed and appropriate) TURN LEFT (or R,d86b5b5e262a775f8e91d28a403f4b163992dbdd1733ca28e1ba6e46ce8a7ab6
1170,LTFM,LTFM,AIRPORT,AIRPORT,30-1P4,AIRPORT BRIEFING,MATCH,independently_consistent,True,False,True,AWAITING_INDIVIDUAL_VISUAL_VERIFICATION,,images/pages_0801_1200/1170.jpg,JEPPESEN 1. GENERAL 2.1. SPEED RESTRICTION All speeds depicted on the STARs are applied for ATC separation purposes and mandatory. ACFT unable to conform to these speeds shall inform ATC and state what speeds to be used. The speed restrictions are to be flown as accurately as pos,d86b5b5e262a775f8e91d28a403f4b163992dbdd1733ca28e1ba6e46ce8a7ab6
1171,LTFM,,AIRPORT,AIRPORT,30-1P5,AIRPORT BRIEFING,MATCH,independently_consistent,True,False,True,AWAITING_INDIVIDUAL_VISUAL_VERIFICATION,,images/pages_0801_1200/1171.jpg,"JEPPESEN 2. ARRIVAL - - Landing ACFT on RWY 36, shall vacate the RWY to the LEFT, continue on TWY G and contact with Ground 4N on 124.425 MHz without waiting any instruction by TWR controller. Landing ACFT on RWY18/36, should not vacate the RWY via 90^ turn G11 and G12 TWYs. 31 J",d86b5b5e262a775f8e91d28a403f4b163992dbdd1733ca28e1ba6e46ce8a7ab6
1172,LTFM,,AIRPORT,AIRPORT,30-1P6,AIRPORT BRIEFING,MATCH,independently_consistent,True,False,True,AWAITING_INDIVIDUAL_VISUAL_VERIFICATION,,images/pages_0801_1200/1172.jpg,"JEPPESEN 3. DEPARTURE 3.2.3. TARGET START-UP APPROVAL TIME (TSAT) TSAT is the time provided by Departure Manager (DMAN) considering TOBT, CTOT and the traffic situation that an ACFT can expect start-up/push-back approval. TSAT will be calculated 40 minutes prior to the TOBT and d",d86b5b5e262a775f8e91d28a403f4b163992dbdd1733ca28e1ba6e46ce8a7ab6
1173,LTFM,,AIRPORT,AIRPORT,30-1P7,AIRPORT BRIEFING,MATCH,independently_consistent,True,False,True,AWAITING_INDIVIDUAL_VISUAL_VERIFICATION,,images/pages_0801_1200/1173.jpg,JEPPESEN 3. DEPARTURE ACFT relocation between stands or from stand to hangar is not allowed during LVO. For detailed information about push-back procedures see PUSHBACK PROCEDURES charts. 31 JUL 26 .Eff.6.Aug. In order to prevent blocking TWY with a towed ACFT waiting for hangar ,d86b5b5e262a775f8e91d28a403f4b163992dbdd1733ca28e1ba6e46ce8a7ab6
1174,LTFM,,AIRPORT,AIRPORT,30-1R,RADAR MINIMUM ALTITUDES,MATCH,independently_consistent,True,False,True,AWAITING_INDIVIDUAL_VISUAL_VERIFICATION,,images/pages_0801_1200/1174.jpg,"8 0 0NM 1 0 0 N M 7000 0 | JEPPESEN, 2019, 2026. ALL RIGHTS RESERVED. Alt Set: hPa Trans level: By ATC Trans alt: 12000 East Directory Apt Elev 325 118.950 132.325 130.3 131.125 133.225 East Final nal 50 25 0 30-30 31-00 .RADAR.MINIMUM.ALTITUDES. ISTANBUL, TURKIYE CONTOUR INTERVA",d86b5b5e262a775f8e91d28a403f4b163992dbdd1733ca28e1ba6e46ce8a7ab6
1175,LTFM,LTBQ,STAR,STAR,30-2,"ERSEN 1R, KANQO 1B",REVIEW,header_icao_differs_from_index,True,False,True,AWAITING_INDIVIDUAL_VISUAL_VERIFICATION,,images/pages_0801_1200/1175.jpg,"0 FL280 FL240 KANQO FM67~ FM671 Apt Elev 325 126.350 Alt Set: hPa Trans level: By ATC D-ATIS Arrival 3. ACFT without P-RNAV approval may lose the sequence and be subject to a delaying action. The ACFT concerned will be RADAR vectored to final, or cleared/vectored to a point from ",d86b5b5e262a775f8e91d28a403f4b163992dbdd1733ca28e1ba6e46ce8a7ab6
1176,LTFM,,STAR,STAR,30-2A,"NUGBA 1E, RIXEN 1P",MATCH,independently_consistent,True,False,True,AWAITING_INDIVIDUAL_VISUAL_VERIFICATION,,images/pages_0801_1200/1176.jpg,"MS MMS COMMS LOST COMMS LOST FL260 FL220 JEPPESEN .RNAV.STAR. Apt Elev 325 126.350 Alt Set: hPa Trans level: By ATC D-ATIS Arrival 3. ACFT without P-RNAV approval may lose the sequence and be subject to a delaying action. The ACFT concerned will be RADAR vectored to final, or cle",d86b5b5e262a775f8e91d28a403f4b163992dbdd1733ca28e1ba6e46ce8a7ab6
1177,LTFM,,STAR,STAR,30-30,"ERSEN 1B, SISPI 1B",CONFLICT,index_vs_pdf_category,True,False,True,AWAITING_INDIVIDUAL_VISUAL_VERIFICATION,,images/pages_0801_1200/1177.jpg,"3000 11000 5000 4000 MHA 4000 ENLEC Apt Elev 325 126.350 0 10 20 30 40 50 10 Alt Set: hPa Trans level: By ATC D-ATIS Arrival 3. ACFT without P-RNAV approval may lose the sequence and be subject to a delaying action. The ACFT concerned will be RADAR vectored to final, or cleared/v",d86b5b5e262a775f8e91d28a403f4b163992dbdd1733ca28e1ba6e46ce8a7ab6
1178,LTFM,,STAR,STAR,30-2C,"DRAMO 1P, INBET 1P",MATCH,independently_consistent,True,False,True,AWAITING_INDIVIDUAL_VISUAL_VERIFICATION,,images/pages_0801_1200/1178.jpg,COMMS LOST COMMS LOST COMMS LOST COMMS LOST COMMS LOST COMMS LOST COMMS LOST COMMS LOST COMMS LOST COMMS LOST COMMS LOST COMMS LOST COMMS LOST COMMS LOST C O M M SLO ST C O M M SLO ST 000 11000 .RNAV.STAR. JEPPESEN CAUTION Before FM4~~: At or after FM4~~: Apt Elev 325 126.350 If ,d86b5b5e262a775f8e91d28a403f4b163992dbdd1733ca28e1ba6e46ce8a7ab6
1179,LTFM,,STAR,STAR,30-2D,"AYTEK 1R, DRAMO 1B, INBET 1B",MATCH,independently_consistent,True,False,True,AWAITING_INDIVIDUAL_VISUAL_VERIFICATION,,images/pages_0801_1200/1179.jpg,"COMMS LOST COMMS LOST COMMS LOST COMMS LOST COMMS LOST COMMS LOST COMMS LOST COMMS LOST COMMS LOST COMMS LOST COMMS LOST COMMS LOST COMMS LOST COMMS LOST C O M M SLO ST C O M M SLO ST 00 270^ 3000 R A P 0 | JEPPESEN, 2018, 2025. ALL RIGHTS RESERVED. .RNAV.STAR. Apt Elev 325 126.3",d86b5b5e262a775f8e91d28a403f4b163992dbdd1733ca28e1ba6e46ce8a7ab6
1180,LTFM,,STAR,STAR,30-2E,"AYTEK 1B, RILEX 1B, RIXEN 1B",MATCH,independently_consistent,True,False,True,AWAITING_INDIVIDUAL_VISUAL_VERIFICATION,,images/pages_0801_1200/1180.jpg,"3500 270^ 3000 090^ A RP FL190 5000 4000 RIXEN INSTA FM955 (IAF) 2 2 3 ^ 2 5 7 ^ R IX E N 1 B 1 5 . 1 1 0 7 7 ^ 2 5 7 ^ 00 .RNAV.STAR. JEPPESEN ISTANBUL, TURKIYE Elev 25 Alt Set: hPa Trans level: By ATC quired otherwise advise ATC. the sequence and be subject to a delaying action",d86b5b5e262a775f8e91d28a403f4b163992dbdd1733ca28e1ba6e46ce8a7ab6
1181,LTFM,,STAR,STAR,30-2F,"ERSEN 1P, SISPI 1P",MATCH,independently_consistent,True,False,True,AWAITING_INDIVIDUAL_VISUAL_VERIFICATION,,images/pages_0801_1200/1181.jpg,COMMS LOST COMMS LOST COMMS LOST COMMS LOST COMMS LOST COMMS LOST COMMS LOST COMMS LOST COMMS LOST COMMS LOST COMMS LOST COMMS LOST COMMS LOST COMMS LOST C O M M SLO ST C O M M SLO ST ERSEN .RNAV.STAR. FM/IST CAUTION Apt Elev 325 126.350 JEPPESEN Before ENRAW: At or after ENRAW: ,d86b5b5e262a775f8e91d28a403f4b163992dbdd1733ca28e1ba6e46ce8a7ab6
1182,LTFM,,STAR,STAR,30-2G,"ERSEN 1Q, KANQO 1A",MATCH,independently_consistent,True,False,True,AWAITING_INDIVIDUAL_VISUAL_VERIFICATION,,images/pages_0801_1200/1182.jpg,"COMMS T COMMS LOST COMMS LOST COMMS OST COMMS LOST COMMS LOST COMMS LOST COMMS LOST COMMS LOST COMMS LOST COMMS LOST COMMS LOST FL280 40 FL300 EPPESEN .RNAV.STAR. : M426: lt Set: hPa rans level: By ATC y lose the sequence and be subject to a delaying action. The red to final, or ",d86b5b5e262a775f8e91d28a403f4b163992dbdd1733ca28e1ba6e46ce8a7ab6
1183,LTFM,,STAR,STAR,30-2H,"NUGBA 1D, RIXEN 1N",MATCH,independently_consistent,True,False,True,AWAITING_INDIVIDUAL_VISUAL_VERIFICATION,,images/pages_0801_1200/1183.jpg,COMMS LOST COMMS LOST COMMS LOST COMMS LOST COMMS LOST COMMS LOST COMMS LOST COMMS LOST C O M M SLO ST C O M M SLO ST COMMS LOST COMMS LOST FL280 JEPPESEN .RNAV.STAR. AX FL140 HA 10000 Before FM426: At or after FM426: 26 lt Set: hPa rans level: By ATC y lose the sequence and be s,d86b5b5e262a775f8e91d28a403f4b163992dbdd1733ca28e1ba6e46ce8a7ab6
1184,LTFM,,STAR,STAR,30-2J,"ERSEN 1A, SISPI 1A",MATCH,independently_consistent,True,False,True,AWAITING_INDIVIDUAL_VISUAL_VERIFICATION,,images/pages_0801_1200/1184.jpg,COMMS T COMMS LOST COMMS LOST COMMS LOST COMMS LOST COMMS LOST COMMS LOST COMMS LOST COMMS LOST COMMS LOST COMMS LOST COMMS LOST 270 SEN JEPPESEN .RNAV.STAR. ontinue via filed/cleared STAR. Otherwise MAINTAIN last then descent to 11000 continue via filed/cleared STAR. Apt Elev 32,d86b5b5e262a775f8e91d28a403f4b163992dbdd1733ca28e1ba6e46ce8a7ab6
1185,LTFM,LTBQ,STAR,STAR,30-2K,"ERSEN 1C, SISPI 1C",REVIEW,header_icao_differs_from_index,True,False,True,AWAITING_INDIVIDUAL_VISUAL_VERIFICATION,,images/pages_0801_1200/1185.jpg,"FL270 1 FM52~ ERSEN 306^ MHA FL190 lt Set: hPa rans level: By ATC y lose the sequence and be subject to a delaying action. The red to final, or cleared/vectored to a point from where to comply the RNAV procedure, inform ISTANBUL itial contact. Otherwise, at first contact with YES",d86b5b5e262a775f8e91d28a403f4b163992dbdd1733ca28e1ba6e46ce8a7ab6
1186,LTFM,LTBA,STAR,STAR,30-2L,"AYTEK 1Q, DRAMO 1A, INBET 1A",REVIEW,header_icao_differs_from_index,True,False,True,AWAITING_INDIVIDUAL_VISUAL_VERIFICATION,,images/pages_0801_1200/1186.jpg,ISTANBUL Ataturk Intl LTBA COMMS COMMS LOST COMMS LOST COMMS LOST COMMS LOST COMMS LOST COMMS LOST COMMS LOST COMMS LOST COMMS LOST COMMS LOST COMMS LOST 3500 270^ 3000 090^ 5000 4000 JEPPESEN .RNAV.STAR. hPa vel: By ATC d otherwise advise ATC. 3. ACFT without P-RNAV approval g a,d86b5b5e262a775f8e91d28a403f4b163992dbdd1733ca28e1ba6e46ce8a7ab6
1187,LTFM,,STAR,STAR,30-2M,"AYTEK 1C, DRAMO 1C, INBET 1C",MATCH,independently_consistent,True,False,True,AWAITING_INDIVIDUAL_VISUAL_VERIFICATION,,images/pages_0801_1200/1187.jpg,ISTANBUL Ataturk Intl LTBA tl 3500 270^ 3000 090^ A R P 8000 7000 10000 JEPPESEN .RNAV.STAR. a : By ATC d otherwise advise ATC. 3. ACFT without P-RNAV approval g action. The ACFT concerned will be RADAR vectored to approach can be made. 4. If unable to comply the LKOY APPROACH on,d86b5b5e262a775f8e91d28a403f4b163992dbdd1733ca28e1ba6e46ce8a7ab6
1188,LTFM,LTBA,STAR,STAR,30-2N,"AYTEK 1A, RILEX 1A, RIXEN 1A",REVIEW,header_icao_differs_from_index,True,False,True,AWAITING_INDIVIDUAL_VISUAL_VERIFICATION,,images/pages_0801_1200/1188.jpg,"ISTANBUL Ataturk Intl LTBA 3500 270^ 3000 A R P ^ FL230 FL160 FL140 5000 4000 RIXEN GINLI ATVAS FM9~6 FM9~7 GITVO 12.7 6.5 9 . 5 8 . 6 4 . 8 172^ 2 2 8 ^ RIXEN 1A MHA FL150 8 IMREN 36 (IAF) 4^ 316^ 264^ A 3000 .RNAV.STAR. ISTANBUL, TURKIYE JEPPESEN quired otherwise advise ATC. Al",d86b5b5e262a775f8e91d28a403f4b163992dbdd1733ca28e1ba6e46ce8a7ab6
1189,LTFM,LTFM,STAR,STAR,30-2P,"KANQO 1N, NUGBA 1N",MATCH,independently_consistent,True,False,True,AWAITING_INDIVIDUAL_VISUAL_VERIFICATION,,images/pages_0801_1200/1189.jpg,"FL280 FL230 FL240 FL280 JEPPESEN .RNAV.STAR. FM/IST Apt Elev 325 6.350 Alt Set: hPa Trans level: By ATC IS Arrival ANBUL DAR required. 2. P-RNAV approval required otherwise advise ATC. ISTANBUL, TURKIYE .Eff.4.Sep. NUGBA FM47~ FM471 472 308^ 267^ 17.7 7.0 0 NUGBA 1N KANQO 106^ FM",d86b5b5e262a775f8e91d28a403f4b163992dbdd1733ca28e1ba6e46ce8a7ab6
1190,LTFM,,STAR,STAR,30-2Q,"AYTEK 1N, RILEX 1N",MATCH,independently_consistent,True,False,True,AWAITING_INDIVIDUAL_VISUAL_VERIFICATION,,images/pages_0801_1200/1190.jpg,ISTANBUL Ataturk Intl LTBA ISTANBUL Sabiha Gokcen Intl LTFJ 500 000 R A P 270^ 10000 10000 0 0 6000 5000 5 Alt Set: hPa Trans level: By ATC .RNAV.STAR. Apt Elev 325 AV approval required otherwise advise ATC. 090^ 130^ 1 7 4 ^ 126^ 141^ 156^ 171^ 268^ 1 1 .9 8.2 8.2 7 . 9 6.0 6.0 ,d86b5b5e262a775f8e91d28a403f4b163992dbdd1733ca28e1ba6e46ce8a7ab6
1191,LTFM,,STAR,STAR,30-2S,"AYTEK 1M, RILEX 1M, RIXEN 1M",MATCH,independently_consistent,True,False,True,AWAITING_INDIVIDUAL_VISUAL_VERIFICATION,,images/pages_0801_1200/1191.jpg,"3500 270^ 3000 090^ A RP FL190 7000 6000 7000 8000 RIXEN FM955 (IAF) 2 2 3 ^ 2 5 7 ^ R IX E N 1 M 1 5 . 1 1 3 . 7 FM166 FM912 FM913 FM914 126^ 157^ ULQAL 56 5.4 6.2 9 . 2 1 6 . 6 MHA FL150 .RNAV.STAR. ISTANBUL, TURKIYE Elev 25 Alt Set: hPa Trans level: By ATC uired otherwise advi",d86b5b5e262a775f8e91d28a403f4b163992dbdd1733ca28e1ba6e46ce8a7ab6
1192,LTFM,LTBQ,STAR,STAR,30-2T,"ERSEN 1M, KANQO 1M",REVIEW,header_icao_differs_from_index,True,False,True,AWAITING_INDIVIDUAL_VISUAL_VERIFICATION,,images/pages_0801_1200/1192.jpg,"0 FL280 FL240 KANQO FM67~ FM671 Apt Elev 325 126.350 Alt Set: hPa Trans level: By ATC D-ATIS Arrival 3. ACFT without P-RNAV approval may lose the sequence and be subject to a delaying action. The ACFT concerned will be RADAR vectored to final, or cleared/vectored to a point from ",d86b5b5e262a775f8e91d28a403f4b163992dbdd1733ca28e1ba6e46ce8a7ab6
1193,LTFM,,STAR,STAR,30-2U,"NUGBA 1M, RIXEN 1W",MATCH,independently_consistent,True,False,True,AWAITING_INDIVIDUAL_VISUAL_VERIFICATION,,images/pages_0801_1200/1193.jpg,"MS MMS COMMS LOST COMMS LOST FL260 FL220 Apt Elev 325 126.350 Alt Set: hPa Trans level: By ATC D-ATIS Arrival 3. ACFT without P-RNAV approval may lose the sequence and be subject to a delaying action. The ACFT concerned will be RADAR vectored to final, or cleared/vectored to a po",d86b5b5e262a775f8e91d28a403f4b163992dbdd1733ca28e1ba6e46ce8a7ab6
1194,LTFM,,SID,SID,30-3,"EKAWE 1F, MAKOL 1F",MATCH,independently_consistent,True,False,True,AWAITING_INDIVIDUAL_VISUAL_VERIFICATION,,images/pages_0801_1200/1194.jpg,Trans alt: 12000 Apt Elev 325 These SIDs require a minimum climb gradient of YESILKOY Approach/ Radar (DEP) 5.0% V/V (fpm) 380 506 760 1013 1266 1519 Gnd speed-KT 75 100 150 200 250 300 JEPPESEN 13 MAR 26 .Eff.19.Mar. WE 120.125 131.125 132.050 5.0% (304 FT/NM) up to 8000. 1. RAD,d86b5b5e262a775f8e91d28a403f4b163992dbdd1733ca28e1ba6e46ce8a7ab6
1195,LTFM,,SID,SID,30-3A,"EKAWE 1G, MAKOL 1G",MATCH,independently_consistent,True,False,True,AWAITING_INDIVIDUAL_VISUAL_VERIFICATION,,images/pages_0801_1200/1195.jpg,Trans alt: 12000 Apt Elev 325 These SIDs require a minimum climb gradient of YESILKOY Approach/ Radar (DEP) 5.0% V/V (fpm) 380 506 760 1013 1266 1519 Gnd speed-KT 75 100 150 200 250 300 JEPPESEN R 26 .Eff.19.Mar. WE 5.0% (304 FT/NM) up to 8000. 1. RADAR required. 2. P-RNAV approv,d86b5b5e262a775f8e91d28a403f4b163992dbdd1733ca28e1ba6e46ce8a7ab6
1196,LTFM,,SID,SID,30-3B,"EKAWE 1H, MAKOL 1H",MATCH,independently_consistent,True,False,True,AWAITING_INDIVIDUAL_VISUAL_VERIFICATION,,images/pages_0801_1200/1196.jpg,Trans alt: 12000 Apt Elev 325 These SIDs require a minimum climb gradient of YESILKOY Approach/ Radar (DEP) 5.0% V/V (fpm) 380 506 760 1013 1266 1519 Gnd speed-KT 75 100 150 200 250 300 JEPPESEN 13 MAR 26 .Eff.19.Mar. WE 120.125 131.125 132.050 1. RADAR required. 2. P-RNAV approv,d86b5b5e262a775f8e91d28a403f4b163992dbdd1733ca28e1ba6e46ce8a7ab6
1197,LTFM,,SID,SID,30-3C,"EKAWE 1C, MAKOL 1C",MATCH,independently_consistent,True,False,True,AWAITING_INDIVIDUAL_VISUAL_VERIFICATION,,images/pages_0801_1200/1197.jpg,Trans alt: 12000 Apt Elev 325 These SIDs require a minimum climb gradient of YESILKOY Approach/ Radar (DEP) 5.0% V/V (fpm) 380 506 760 1013 1266 1519 Gnd speed-KT 75 100 150 200 250 300 JEPPESEN R 26 .Eff.19.Mar. KAWE 5.0% (304 FT/NM) up to 8000. 1. RADAR required. 2. P-RNAV appr,d86b5b5e262a775f8e91d28a403f4b163992dbdd1733ca28e1ba6e46ce8a7ab6
1198,LTFM,,SID,SID,30-3D,"EKAWE 1D, MAKOL 1D",MATCH,independently_consistent,True,False,True,AWAITING_INDIVIDUAL_VISUAL_VERIFICATION,,images/pages_0801_1200/1198.jpg,Trans alt: 12000 Apt Elev 325 These SIDs require a minimum climb gradient of YESILKOY Approach/ Radar (DEP) 5.0% V/V (fpm) 380 506 760 1013 1266 1519 Gnd speed-KT 75 100 150 200 250 300 JEPPESEN 13 MAR 26 .Eff.19.Mar. KAWE 5.0% (304 FT/NM) up to 8000. 120.125 131.125 132.050 1. R,d86b5b5e262a775f8e91d28a403f4b163992dbdd1733ca28e1ba6e46ce8a7ab6
1199,LTFM,,SID,SID,30-3E,"EKAWE 1E, MAKOL 1E",MATCH,independently_consistent,True,False,True,AWAITING_INDIVIDUAL_VISUAL_VERIFICATION,,images/pages_0801_1200/1199.jpg,Trans alt: 12000 Apt Elev 325 These SIDs require a minimum climb gradient of YESILKOY Approach/ Radar (DEP) 5.0% V/V (fpm) 380 506 760 1013 1266 1519 Gnd speed-KT 75 100 150 200 250 300 JEPPESEN R 26 .Eff.19.Mar. 5.0% (304 FT/NM) up to 8000. KAWE 120.125 131.125 132.050 1. RADAR ,d86b5b5e262a775f8e91d28a403f4b163992dbdd1733ca28e1ba6e46ce8a7ab6
1200,LTFM,LTFM,STAR,STAR,30-3E1,"EKAWE 1M, MAKOL 1M",CONFLICT,index_vs_pdf_category,True,False,True,AWAITING_INDIVIDUAL_VISUAL_VERIFICATION,,images/pages_0801_1200/1200.jpg,These SIDs require a minimum climb gradient of 5.0% V/V (fpm) 380 506 760 1013 1266 1519 Gnd speed-KT 75 100 150 200 250 300 JEPPESEN WE 5.0% (304 FT/NM) up to 8000. EXECUTED WITH LTFM RNAV (GNSS) STAR RWY 16R/17L/18 Trans alt: 12000 Apt Elev 325 YESILKOY Approach/ Radar (DEP) 12,d86b5b5e262a775f8e91d28a403f4b163992dbdd1733ca28e1ba6e46ce8a7ab6
1201,LTFM,LTFM,STAR,STAR,30-3E2,"EKAWE 1L, MAKOL 1L",CONFLICT,index_vs_pdf_category,True,False,True,AWAITING_INDIVIDUAL_VISUAL_VERIFICATION,,images/pages_1201_1600/1201.jpg,These SIDs require a minimum climb gradient of 5.0% V/V (fpm) 380 506 760 1013 1266 1519 Gnd speed-KT 75 100 150 200 250 300 JEPPESEN 5.0% (304 FT/NM) up to 8000. AWE EXECUTED WITH LTFM RNAV (GNSS) STAR RWY 34L/35R/36 Trans alt: 12000 Apt Elev 325 YESILKOY Approach/ Radar (DEP) 1,d86b5b5e262a775f8e91d28a403f4b163992dbdd1733ca28e1ba6e46ce8a7ab6
1202,LTFM,LTBQ,SID,SID,30-3F,"RATVU 1F, VICEN 1F",REVIEW,header_icao_differs_from_index,True,False,True,AWAITING_INDIVIDUAL_VISUAL_VERIFICATION,,images/pages_1201_1600/1202.jpg,AELI Topel BQ These SIDs require a minimum climb gradient of 5.0% V/V (fpm) 380 506 760 1013 1266 1519 Gnd speed-KT 75 100 150 200 250 300 Trans alt: 12000 Apt Elev 325 YESILKOY Approach/ Radar (DEP) VICEN JEPPESEN .RNAV.SID. 13 MAR 26 .Eff.19.Mar. 5.0% (304 FT/NM) up to 8000. 12,d86b5b5e262a775f8e91d28a403f4b163992dbdd1733ca28e1ba6e46ce8a7ab6
1203,LTFM,,STAR,STAR,30-3G,"RATVU 1T, VICEN 1T",CONFLICT,index_vs_pdf_category,True,False,True,AWAITING_INDIVIDUAL_VISUAL_VERIFICATION,,images/pages_1201_1600/1203.jpg,AELI Topel BQ These SIDs require a minimum climb gradient of 5.0% V/V (fpm) 380 506 760 1013 1266 1519 Gnd speed-KT 75 100 150 200 250 300 Trans alt: 12000 Apt Elev 325 YESILKOY Approach/ Radar (DEP) JEPPESEN .RNAV.SID. EXECUTED WITH LTFJ RNAV (GNSS) STAR RWY 06 VICEN AR 26 .Eff.,d86b5b5e262a775f8e91d28a403f4b163992dbdd1733ca28e1ba6e46ce8a7ab6
1204,LTFM,LTBQ,SID,SID,30-3H,"RATVU 1G, VICEN 1G",REVIEW,header_icao_differs_from_index,True,False,True,AWAITING_INDIVIDUAL_VISUAL_VERIFICATION,,images/pages_1201_1600/1204.jpg,AELI Topel BQ These SIDs require a minimum climb gradient of 5.0% V/V (fpm) 380 506 760 1013 1266 1519 Gnd speed-KT 75 100 150 200 250 300 Trans alt: 12000 Apt Elev 325 YESILKOY Approach/ Radar (DEP) VICEN JEPPESEN .RNAV.SID. 13 MAR 26 .Eff.19.Mar. 5.0% (304 FT/NM) up to 8000. 12,d86b5b5e262a775f8e91d28a403f4b163992dbdd1733ca28e1ba6e46ce8a7ab6
1205,LTFM,,STAR,STAR,30-3J,"RATVU 1U, VICEN 1U",CONFLICT,index_vs_pdf_category,True,False,True,AWAITING_INDIVIDUAL_VISUAL_VERIFICATION,,images/pages_1201_1600/1205.jpg,AELI Topel BQ These SIDs require a minimum climb gradient of 5.0% V/V (fpm) 380 506 760 1013 1266 1519 Gnd speed-KT 75 100 150 200 250 300 Trans alt: 12000 Apt Elev 325 YESILKOY Approach/ Radar (DEP) JEPPESEN .RNAV.SID. EXECUTED WITH LTFJ RNAV (GNSS) STAR RWY 06 VICEN AR 26 .Eff.,d86b5b5e262a775f8e91d28a403f4b163992dbdd1733ca28e1ba6e46ce8a7ab6
1206,LTFM,LTBQ,SID,SID,30-3K,"RATVU 1H, VICEN 1H",REVIEW,header_icao_differs_from_index,True,False,True,AWAITING_INDIVIDUAL_VISUAL_VERIFICATION,,images/pages_1201_1600/1206.jpg,AELI Topel BQ These SIDs require a minimum climb gradient of 5.0% V/V (fpm) 380 506 760 1013 1266 1519 Gnd speed-KT 75 100 150 200 250 300 Trans alt: 12000 Apt Elev 325 YESILKOY Approach/ Radar (DEP) VICEN JEPPESEN .RNAV.SID. 13 MAR 26 .Eff.19.Mar. 5.0% (304 FT/NM) up to 8000. 12,d86b5b5e262a775f8e91d28a403f4b163992dbdd1733ca28e1ba6e46ce8a7ab6
1207,LTFM,,STAR,STAR,30-3L,"RATVU 1V, VICEN 1V",CONFLICT,index_vs_pdf_category,True,False,True,AWAITING_INDIVIDUAL_VISUAL_VERIFICATION,,images/pages_1201_1600/1207.jpg,AELI Topel BQ These SIDs require a minimum climb gradient of 5.0% V/V (fpm) 380 506 760 1013 1266 1519 Gnd speed-KT 75 100 150 200 250 300 Trans alt: 12000 Apt Elev 325 YESILKOY Approach/ Radar (DEP) JEPPESEN .RNAV.SID. EXECUTED WITH LTFJ RNAV (GNSS) STAR RWY 06 VICEN AR 26 .Eff.,d86b5b5e262a775f8e91d28a403f4b163992dbdd1733ca28e1ba6e46ce8a7ab6
1208,LTFM,LTBQ,SID,SID,30-3M,"RATVU 1C, VICEN 1C",REVIEW,header_icao_differs_from_index,True,False,True,AWAITING_INDIVIDUAL_VISUAL_VERIFICATION,,images/pages_1201_1600/1208.jpg,AELI Topel BQ These SIDs require a minimum climb gradient of 5.0% V/V (fpm) 380 506 760 1013 1266 1519 Gnd speed-KT 75 100 150 200 250 300 Trans alt: 12000 Apt Elev 325 YESILKOY Approach/ Radar (DEP) JEPPESEN .RNAV.SID. 13 MAR 26 .Eff.19.Mar. 5.0% (304 FT/NM) up to 8000. VICEN 11,d86b5b5e262a775f8e91d28a403f4b163992dbdd1733ca28e1ba6e46ce8a7ab6
1209,LTFM,,STAR,STAR,30-3N,VICEN 1Q,CONFLICT,index_vs_pdf_category,True,False,True,AWAITING_INDIVIDUAL_VISUAL_VERIFICATION,,images/pages_1201_1600/1209.jpg,AELI Topel BQ This SID requires a minimum climb gradient of 5.0% V/V (fpm) 380 506 760 1013 1266 1519 Gnd speed-KT 75 100 150 200 250 300 Trans alt: 12000 Apt Elev 325 YESILKOY Approach/ Radar (DEP) JEPPESEN .RNAV.SID. EXECUTED WITH LTFJ RNAV (GNSS) STAR RWY 24 VICEN AR 26 .Eff.1,d86b5b5e262a775f8e91d28a403f4b163992dbdd1733ca28e1ba6e46ce8a7ab6
1210,LTFM,LTBQ,SID,SID,30-3P,"RATVU 1D, VICEN 1D",REVIEW,header_icao_differs_from_index,True,False,True,AWAITING_INDIVIDUAL_VISUAL_VERIFICATION,,images/pages_1201_1600/1210.jpg,AELI Topel BQ These SIDs require a minimum climb gradient of 5.0% V/V (fpm) 380 506 760 1013 1266 1519 Gnd speed-KT 75 100 150 200 250 300 Trans alt: 12000 Apt Elev 325 YESILKOY Approach/ Radar (DEP) JEPPESEN .RNAV.SID. 13 MAR 26 .Eff.19.Mar. 5.0% (304 FT/NM) up to 8000. VICEN 11,d86b5b5e262a775f8e91d28a403f4b163992dbdd1733ca28e1ba6e46ce8a7ab6
1211,LTFM,,STAR,STAR,30-3Q,VICEN 1R,CONFLICT,index_vs_pdf_category,True,False,True,AWAITING_INDIVIDUAL_VISUAL_VERIFICATION,,images/pages_1201_1600/1211.jpg,AELI Topel BQ This SID requires a minimum climb gradient of 5.0% V/V (fpm) 380 506 760 1013 1266 1519 Gnd speed-KT 75 100 150 200 250 300 Trans alt: 12000 Apt Elev 325 YESILKOY Approach/ Radar (DEP) JEPPESEN .RNAV.SID. EXECUTED WITH LTFJ RNAV (GNSS) STAR RWY 24 VICEN AR 26 .Eff.1,d86b5b5e262a775f8e91d28a403f4b163992dbdd1733ca28e1ba6e46ce8a7ab6
1212,LTFM,LTBQ,SID,SID,30-3S,"RATVU 1E, VICEN 1E",REVIEW,header_icao_differs_from_index,True,False,True,AWAITING_INDIVIDUAL_VISUAL_VERIFICATION,,images/pages_1201_1600/1212.jpg,AELI Topel BQ These SIDs require a minimum climb gradient of 5.0% V/V (fpm) 380 506 760 1013 1266 1519 Gnd speed-KT 75 100 150 200 250 300 Trans alt: 12000 Apt Elev 325 YESILKOY Approach/ Radar (DEP) JEPPESEN .RNAV.SID. 13 MAR 26 .Eff.19.Mar. 5.0% (304 FT/NM) up to 8000. VICEN 11,d86b5b5e262a775f8e91d28a403f4b163992dbdd1733ca28e1ba6e46ce8a7ab6
1213,LTFM,,STAR,STAR,30-3T,VICEN 1S,CONFLICT,index_vs_pdf_category,True,False,True,AWAITING_INDIVIDUAL_VISUAL_VERIFICATION,,images/pages_1201_1600/1213.jpg,AELI Topel BQ This SID requires a minimum climb gradient of 5.0% V/V (fpm) 380 506 760 1013 1266 1519 Gnd speed-KT 75 100 150 200 250 300 Trans alt: 12000 Apt Elev 325 YESILKOY Approach/ Radar (DEP) JEPPESEN .RNAV.SID. EXECUTED WITH LTFJ RNAV (GNSS) STAR RWY 24 VICEN AR 26 .Eff.1,d86b5b5e262a775f8e91d28a403f4b163992dbdd1733ca28e1ba6e46ce8a7ab6
1214,LTFM,,STAR,STAR,30-3T1,"RATVU 1M, VICEN 1M",CONFLICT,index_vs_pdf_category,True,False,True,AWAITING_INDIVIDUAL_VISUAL_VERIFICATION,,images/pages_1201_1600/1214.jpg,These SIDs require a minimum climb gradient of 5.0% V/V (fpm) 380 506 760 1013 1266 1519 Gnd speed-KT 75 100 150 200 250 300 VICEN JEPPESEN .RNAV.SID. 5.0% (304 FT/NM) up to 8000. 31 JUL 26 .Eff.6.Aug. EXECUTED WITH LTFM RNAV (GNSS) STAR RWY 16R/17L/18 Trans alt: 12000 Apt Elev 3,d86b5b5e262a775f8e91d28a403f4b163992dbdd1733ca28e1ba6e46ce8a7ab6
1215,LTFM,,STAR,STAR,30-3T2,"RATVU 1Y, VICEN 1Y",CONFLICT,index_vs_pdf_category,True,False,True,AWAITING_INDIVIDUAL_VISUAL_VERIFICATION,,images/pages_1201_1600/1215.jpg,These SIDs require a minimum climb gradient of 5.0% V/V (fpm) 380 506 760 1013 1266 1519 Gnd speed-KT 75 100 150 200 250 300 JEPPESEN .RNAV.SID. VICEN 5.0% (304 FT/NM) up to 8000. UL 26 .Eff.6.Aug. EXECUTED WITH LTFM RNAV (GNSS) STAR RWY 16R/17L/18 AND LTFJ RNAV (GNSS) STAR RWY 0,d86b5b5e262a775f8e91d28a403f4b163992dbdd1733ca28e1ba6e46ce8a7ab6
1216,LTFM,LTFM,STAR,STAR,30-3T3,"RATVU 1L, VICEN 1L",CONFLICT,index_vs_pdf_category,True,False,True,AWAITING_INDIVIDUAL_VISUAL_VERIFICATION,,images/pages_1201_1600/1216.jpg,These SIDs require a minimum climb gradient of 5.0% V/V (fpm) 380 506 760 1013 1266 1519 Gnd speed-KT 75 100 150 200 250 300 JEPPESEN .RNAV.SID. 5.0% (304 FT/NM) up to 8000. VICEN 11.3 31 JUL 26 .Eff.6.Aug. EXECUTED WITH LTFM RNAV (GNSS) STAR RWY 34L/35R/36 Trans alt: 12000 Apt E,d86b5b5e262a775f8e91d28a403f4b163992dbdd1733ca28e1ba6e46ce8a7ab6
1217,LTFM,,STAR,STAR,30-3T4,VICEN 1Z,CONFLICT,index_vs_pdf_category,True,False,True,AWAITING_INDIVIDUAL_VISUAL_VERIFICATION,,images/pages_1201_1600/1217.jpg,This SID requires a minimum climb gradient of 5.0% V/V (fpm) 380 506 760 1013 1266 1519 Gnd speed-KT 75 100 150 200 250 300 JEPPESEN .RNAV.SID. VICEN 5.0% (304 FT/NM) up to 8000. L 26 .Eff.6.Aug. EXECUTED WITH LTFM RNAV (GNSS) STAR RWY 34L/35R/36 AND LTFJ RNAV (GNSS) STAR RWY 24 ,d86b5b5e262a775f8e91d28a403f4b163992dbdd1733ca28e1ba6e46ce8a7ab6
1218,LTFM,,STAR,STAR,30-3T5,"BARPE 1M, IVGUS 1M",CONFLICT,index_vs_pdf_category,True,False,True,AWAITING_INDIVIDUAL_VISUAL_VERIFICATION,,images/pages_1201_1600/1218.jpg,270^ 0 10000 6000 These SIDs require a minimum climb gradient of 5.0% V/V (fpm) 380 506 760 1013 1266 1519 Gnd speed-KT 75 100 150 200 250 300 JEPPESEN BNU 6 . 2 3 2 5.0% (304 FT/NM) up to 8000. FM111 0 83 ^ 9 .7 FM113 FM115 173^ 2 1 9 ^ 8.2 6 . 6 31 JUL 26 .Eff.6.Aug. EXECUTED W,d86b5b5e262a775f8e91d28a403f4b163992dbdd1733ca28e1ba6e46ce8a7ab6
1219,LTFM,,STAR,STAR,30-3T6,"BARPE 1Y, IVGUS 1Y",CONFLICT,index_vs_pdf_category,True,False,True,AWAITING_INDIVIDUAL_VISUAL_VERIFICATION,,images/pages_1201_1600/1219.jpg,270^ 0 10000 6000 These SIDs require a minimum climb gradient of 5.0% V/V (fpm) 380 506 760 1013 1266 1519 Gnd speed-KT 75 100 150 200 250 300 JEPPESEN BNU 6 . 2 2 3 2 5.0% (304 FT/NM) up to 8000. FM111 0 83 ^ 9 .7 173^ 8.2 FM113 FM115 2 1 9 ^ 6 . 6 26 .Eff.6.Aug. EXECUTED WITH L,d86b5b5e262a775f8e91d28a403f4b163992dbdd1733ca28e1ba6e46ce8a7ab6
1220,LTFM,,STAR,STAR,30-3T7,"BARPE 1L, IVGUS 1L",CONFLICT,index_vs_pdf_category,True,False,True,AWAITING_INDIVIDUAL_VISUAL_VERIFICATION,,images/pages_1201_1600/1220.jpg,ISTANBUL Ataturk Intl LTBA ISTANBUL Sabiha Gokcen Intl LTFJ 270^ 0 These SIDs require a minimum climb gradient of 5.0% V/V (fpm) 380 506 760 1013 1266 1519 Gnd speed-KT 75 100 150 200 250 300 ASO 2 1 1 ^ KOC 5.0% (304 FT/NM) up to 8000. FM111 0 83 ^ 9 .7 173^ 8.2 FM113 2 4 7 ^ 9 ,d86b5b5e262a775f8e91d28a403f4b163992dbdd1733ca28e1ba6e46ce8a7ab6
1221,LTFM,,SID,SID,30-3T8,"BARPE 1D, IVGUS 1D",MATCH,independently_consistent,True,False,True,AWAITING_INDIVIDUAL_VISUAL_VERIFICATION,,images/pages_1201_1600/1221.jpg,ISTANBUL Ataturk Intl LTBA ISTANBUL Sabiha Gokcen Intl LTFJ 3500 3000 270^ 750 These SIDs require a minimum climb gradient of 5.0% V/V (fpm) 380 506 760 1013 1266 1519 Gnd speed-KT 75 100 150 200 250 300 JEPPESEN M~26 353^ 5.0 5.0% (304 FT/NM) up to 8000. 6 .Eff.6.Aug. Trans alt:,d86b5b5e262a775f8e91d28a403f4b163992dbdd1733ca28e1ba6e46ce8a7ab6
1222,LTFM,,SID,SID,30-3T9,"BARPE 1E, IVGUS 1E",MATCH,independently_consistent,True,False,True,AWAITING_INDIVIDUAL_VISUAL_VERIFICATION,,images/pages_1201_1600/1222.jpg,ISTANBUL Ataturk Intl LTBA ISTANBUL Sabiha Gokcen Intl LTFJ 270^ 200 These SIDs require a minimum climb gradient of 5.0% V/V (fpm) 380 506 760 1013 1266 1519 Gnd speed-KT 75 100 150 200 250 300 M~32 FM~33 FM~34 6 . 4 5 .5 7.8 1 2 . 3 0 2 3 ^ 0 83 ^ 174^ 2 0 3 ^ ASO 2 1 1 ^ MIKOC ,d86b5b5e262a775f8e91d28a403f4b163992dbdd1733ca28e1ba6e46ce8a7ab6
1223,LTFM,,SID,SID,30-3U,"BARPE 1F, IVGUS 1F",MATCH,independently_consistent,True,False,True,AWAITING_INDIVIDUAL_VISUAL_VERIFICATION,,images/pages_1201_1600/1223.jpg,ISTANBUL Ataturk Intl LTBA ISTANBUL Sabiha Gokcen Intl LTFJ 3500 270^ 00 ~47 5 Trans alt: 12000 Apt Elev 325 These SIDs require a minimum climb gradient of YESILKOY Approach/ Radar (DEP) 5.0% V/V (fpm) 380 506 760 1013 1266 1519 Gnd speed-KT 75 100 150 200 250 300 5.0% (304 FT/NM,d86b5b5e262a775f8e91d28a403f4b163992dbdd1733ca28e1ba6e46ce8a7ab6
1224,LTFM,,SID,SID,30-3V,"BARPE 1G, IVGUS 1G",MATCH,independently_consistent,True,False,True,AWAITING_INDIVIDUAL_VISUAL_VERIFICATION,,images/pages_1201_1600/1224.jpg,ISTANBUL Ataturk Intl LTBA ISTANBUL Sabiha Gokcen Intl LTFJ 3500 270^ 1800 Trans alt: 12000 Apt Elev 325 These SIDs require a minimum climb gradient of YESILKOY Approach/ Radar (DEP) 5.0% V/V (fpm) 380 506 760 1013 1266 1519 Gnd speed-KT 75 100 150 200 250 300 JEPPESEN FM~51 1 7 ,d86b5b5e262a775f8e91d28a403f4b163992dbdd1733ca28e1ba6e46ce8a7ab6
1225,LTFM,,SID,SID,30-3V1,"BARPE 1H, IVGUS 1H",MATCH,independently_consistent,True,False,True,AWAITING_INDIVIDUAL_VISUAL_VERIFICATION,,images/pages_1201_1600/1225.jpg,ISTANBUL Ataturk Intl LTBA ISTANBUL Sabiha Gokcen Intl LTFJ 270^ 2030 00 Trans alt: 12000 Apt Elev 325 These SIDs require a minimum climb gradient of YESILKOY Approach/ Radar (DEP) 5.0% V/V (fpm) 380 506 760 1013 1266 1519 Gnd speed-KT 75 100 150 200 250 300 FM~72 141^ 5.6 ~74 BN,d86b5b5e262a775f8e91d28a403f4b163992dbdd1733ca28e1ba6e46ce8a7ab6
1226,LTFM,,STAR,STAR,30-3V2,"BARPE 1V, IVGUS 1V",CONFLICT,index_vs_pdf_category,True,False,True,AWAITING_INDIVIDUAL_VISUAL_VERIFICATION,,images/pages_1201_1600/1226.jpg,ISTANBUL Ataturk Intl LTBA ISTANBUL Sabiha Gokcen Intl LTFJ 270^ 2030 000 Trans alt: 12000 Apt Elev 325 These SIDs require a minimum climb gradient of YESILKOY Approach/ Radar (DEP) 5.0% V/V (fpm) 380 506 760 1013 1266 1519 Gnd speed-KT 75 100 150 200 250 300 JEPPESEN FM~72 141^ ,d86b5b5e262a775f8e91d28a403f4b163992dbdd1733ca28e1ba6e46ce8a7ab6
1227,LTFM,,SID,SID,30-3V3,"BARPE 1C, IVGUS 1C",MATCH,independently_consistent,True,False,True,AWAITING_INDIVIDUAL_VISUAL_VERIFICATION,,images/pages_1201_1600/1227.jpg,ISTANBUL Ataturk Intl LTBA ISTANBUL Sabiha Gokcen Intl LTFJ 3500 3000 270^ 00 These SIDs require a minimum climb gradient of 5.0% V/V (fpm) 380 506 760 1013 1266 1519 Gnd speed-KT 75 100 150 200 250 300 ~17 ^ 8 5.0% (304 FT/NM) up to 8000. Trans alt: 12000 Apt Elev 325 YESILKOY A,d86b5b5e262a775f8e91d28a403f4b163992dbdd1733ca28e1ba6e46ce8a7ab6
1228,LTFM,,STAR,STAR,30-3V4,"IBLAL 1M, REZOV 1M, TUDBU 1M, VADEN 1M",CONFLICT,index_vs_pdf_category,True,False,True,AWAITING_INDIVIDUAL_VISUAL_VERIFICATION,,images/pages_1201_1600/1228.jpg,270^ 5000 These SIDs require a minimum climb gradient of 5.0% V/V (fpm) 380 506 760 1013 1266 1519 Gnd speed-KT 75 100 150 200 250 300 JEPPESEN 5.0% (304 FT/NM) up to 8000. FM111 FM112 ~81 353^ 300^ 6.3 10.0 EXECUTED WITH LTFM RNAV (GNSS) STAR RWY 16R/17L/18 26 .Eff.6.Aug. Trans ,d86b5b5e262a775f8e91d28a403f4b163992dbdd1733ca28e1ba6e46ce8a7ab6
1229,LTFM,LTBA,STAR,STAR,30-3V5,"IBLAL 1L, REZOV 1L, TUDBU 1L, VADEN 1L",CONFLICT,index_vs_pdf_category,True,False,True,AWAITING_INDIVIDUAL_VISUAL_VERIFICATION,,images/pages_1201_1600/1229.jpg,UL ntl 270^ 0 These SIDs require a minimum climb gradient of 5.0% V/V (fpm) 380 506 760 1013 1266 1519 Gnd speed-KT 75 100 150 200 250 300 JEPPESEN E 5.0% (304 FT/NM) up to 8000. FM111 353^ 6.3 FM112 EXECUTED WITH LTFM RNAV (GNSS) STAR RWY 34L/35R/36 321^ 11.3 31 JUL 26 .Eff.6.Au,d86b5b5e262a775f8e91d28a403f4b163992dbdd1733ca28e1ba6e46ce8a7ab6
1230,LTFM,LTBA,SID,SID,30-3V6,"IBLAL 1F, REZOV 1F, TUDBU 1F, VADEN 1F",REVIEW,header_icao_differs_from_index,True,False,True,AWAITING_INDIVIDUAL_VISUAL_VERIFICATION,,images/pages_1201_1600/1230.jpg,UL ntl 270^ These SIDs require a minimum climb gradient of 5.0% V/V (fpm) 380 506 760 1013 1266 1519 Gnd speed-KT 75 100 150 200 250 300 JEPPESEN 5.0% (304 FT/NM) up to 8000. 26 .Eff.6.Aug. Trans alt: 12000 Apt Elev 325 YESILKOY Approach/ Radar (DEP) 120.125 131.125 132.050 P-RNA,d86b5b5e262a775f8e91d28a403f4b163992dbdd1733ca28e1ba6e46ce8a7ab6
1231,LTFM,LTBA,SID,SID,30-3V7,"IBLAL 1G, REZOV 1G, TUDBU 1G, VADEN 1G",REVIEW,header_icao_differs_from_index,True,False,True,AWAITING_INDIVIDUAL_VISUAL_VERIFICATION,,images/pages_1201_1600/1231.jpg,UL ntl 270^ Trans alt: 12000 Apt Elev 325 These SIDs require a minimum climb gradient of YESILKOY Approach/ Radar (DEP) 5.0% V/V (fpm) 380 506 760 1013 1266 1519 Gnd speed-KT 75 100 150 200 250 300 JEPPESEN .Eff.14.May. 5.0% (304 FT/NM) up to 8000. 120.125 131.125 132.050 1. RADA,d86b5b5e262a775f8e91d28a403f4b163992dbdd1733ca28e1ba6e46ce8a7ab6
1232,LTFM,LTBA,SID,SID,30-3V8,"IBLAL 1H, REZOV 1H, TUDBU 1H, VADEN 1H",REVIEW,header_icao_differs_from_index,True,False,True,AWAITING_INDIVIDUAL_VISUAL_VERIFICATION,,images/pages_1201_1600/1232.jpg,UL ntl 270^ Trans alt: 12000 Apt Elev 325 These SIDs require a minimum climb gradient of YESILKOY Approach/ Radar (DEP) 5.0% V/V (fpm) 380 506 760 1013 1266 1519 Gnd speed-KT 75 100 150 200 250 300 JEPPESEN FM~73 353^ 7.4 HANCI .Eff.14.May. 5.0% (304 FT/NM) up to 8000. 120.125 13,d86b5b5e262a775f8e91d28a403f4b163992dbdd1733ca28e1ba6e46ce8a7ab6
1233,LTFM,LTBA,SID,SID,30-3V9,"IBLAL 1C, REZOV 1C, TUDBU 1C, VADEN 1C",REVIEW,header_icao_differs_from_index,True,False,True,AWAITING_INDIVIDUAL_VISUAL_VERIFICATION,,images/pages_1201_1600/1233.jpg,UL ntl 270^ Trans alt: 12000 Apt Elev 325 These SIDs require a minimum climb gradient of YESILKOY Approach/ Radar (DEP) 5.0% V/V (fpm) 380 506 760 1013 1266 1519 Gnd speed-KT 75 100 150 200 250 300 JEPPESEN .Eff.14.May. 5.0% (304 FT/NM) up to 8000. 120.125 131.125 132.050 1. RADA,d86b5b5e262a775f8e91d28a403f4b163992dbdd1733ca28e1ba6e46ce8a7ab6
1234,LTFM,LTBA,SID,SID,30-3W,"IBLAL 1D, REZOV 1D, TUDBU 1D, VADEN 1D",REVIEW,header_icao_differs_from_index,True,False,True,AWAITING_INDIVIDUAL_VISUAL_VERIFICATION,,images/pages_1201_1600/1234.jpg,UL ntl 00 270^ 3000 Trans alt: 12000 Apt Elev 325 These SIDs require a minimum climb gradient of YESILKOY Approach/ Radar (DEP) 5.0% V/V (fpm) 380 506 760 1013 1266 1519 Gnd speed-KT 75 100 150 200 250 300 JEPPESEN .Eff.14.May. 5.0% (304 FT/NM) up to 8000. 120.125 131.125 132.050,d86b5b5e262a775f8e91d28a403f4b163992dbdd1733ca28e1ba6e46ce8a7ab6
1235,LTFM,LTBA,SID,SID,30-3W1,"IBLAL 1E, REZOV 1E, TUDBU 1E, VADEN 1E",REVIEW,header_icao_differs_from_index,True,False,True,AWAITING_INDIVIDUAL_VISUAL_VERIFICATION,,images/pages_1201_1600/1235.jpg,UL ntl 270^ 00 0 Trans alt: 12000 Apt Elev 325 These SIDs require a minimum climb gradient of YESILKOY Approach/ Radar (DEP) 5.0% V/V (fpm) 380 506 760 1013 1266 1519 Gnd speed-KT 75 100 150 200 250 300 JEPPESEN ~32 E .Eff.14.May. 5.0% (304 FT/NM) up to 8000. 120.125 131.125 132.,d86b5b5e262a775f8e91d28a403f4b163992dbdd1733ca28e1ba6e46ce8a7ab6
1236,LTFM,LTFM,SID,SID,30-3W2,ELNIN 1K,MATCH,independently_consistent,True,False,True,AWAITING_INDIVIDUAL_VISUAL_VERIFICATION,,images/pages_1201_1600/1236.jpg,"Trans alt: 12000 LTFM/IST .SID. 25 Apt Elev 325 JEPPESEN ISTANBUL ISTANBUL, TURKIYE .Eff.14.May. YESILKOY Approach/ Radar (DEP) 120.125 131.125 132.050 1. Contact YESILKOY Radar IMMEDIATELY after take-off. 2. CAUTION: At first contact report only Call Sign and SID Designator. 3. ",d86b5b5e262a775f8e91d28a403f4b163992dbdd1733ca28e1ba6e46ce8a7ab6
1237,LTFM,LTFM,SID,SID,30-3W3,"ELCAH 1K, IST 1S",MATCH,independently_consistent,True,False,True,AWAITING_INDIVIDUAL_VISUAL_VERIFICATION,,images/pages_1201_1600/1237.jpg,"Trans alt: 12000 LTFM/IST .SID. Apt Elev 325 13 MAR 26 JEPPESEN ISTANBUL ISTANBUL, TURKIYE .Eff.19.Mar. YESILKOY Approach/ Radar (DEP) 120.125 131.125 132.050 1. Contact YESILKOY Radar IMMEDIATELY after take-off. 2. CAUTION: At first contact report only Call Sign and SID Designat",d86b5b5e262a775f8e91d28a403f4b163992dbdd1733ca28e1ba6e46ce8a7ab6
1238,LTFM,LTFM,SID,SID,30-3W4,"CEK 1S, YAQZI 1K",MATCH,independently_consistent,True,False,True,AWAITING_INDIVIDUAL_VISUAL_VERIFICATION,,images/pages_1201_1600/1238.jpg,"Trans alt: 12000 LTFM/IST .SID. Apt Elev 325 13 MAR 26 JEPPESEN ISTANBUL ISTANBUL, TURKIYE .Eff.19.Mar. YESILKOY Approach/ Radar (DEP) 120.125 131.125 132.050 1. Contact YESILKOY Radar IMMEDIATELY after take-off. 2. CAUTION: At first contact report only Call Sign and SID Designat",d86b5b5e262a775f8e91d28a403f4b163992dbdd1733ca28e1ba6e46ce8a7ab6
1239,LTFM,,SID,SID,30-3W5,GAPDI 1G,MATCH,independently_consistent,True,False,True,AWAITING_INDIVIDUAL_VISUAL_VERIFICATION,,images/pages_1201_1600/1239.jpg,"COMMS LOST COMMS LOST COMMS LOST COMMS LOST LOST COMMS LOST COMMS LOST COMMS LOST COMMS LOST LOST LOS Trans alt: 12000 LTFM/IST .SID. 25 Apt Elev 325 13 MAR 26 JEPPESEN ISTANBUL ISTANBUL, TURKIYE .Eff.19.Mar. YESILKOY Approach/ Radar (DEP) 120.125 131.125 132.050 1. Contact YESIL",d86b5b5e262a775f8e91d28a403f4b163992dbdd1733ca28e1ba6e46ce8a7ab6
1240,LTFM,LTFM,SID,SID,30-3W6,LESQE 1G,MATCH,independently_consistent,True,False,True,AWAITING_INDIVIDUAL_VISUAL_VERIFICATION,,images/pages_1201_1600/1240.jpg,"Trans alt: 12000 LTFM/IST .SID. Apt Elev 325 13 MAR 26 JEPPESEN ISTANBUL ISTANBUL, TURKIYE .Eff.19.Mar. YESILKOY Approach/ Radar (DEP) 120.125 131.125 132.050 1. Contact YESILKOY Radar IMMEDIATELY after take-off. 2. CAUTION: At first contact report only Call Sign and SID Designat",d86b5b5e262a775f8e91d28a403f4b163992dbdd1733ca28e1ba6e46ce8a7ab6
1241,LTFM,LTFM,SID,SID,30-3W7,ASFON 1G,MATCH,independently_consistent,True,False,True,AWAITING_INDIVIDUAL_VISUAL_VERIFICATION,,images/pages_1201_1600/1241.jpg,"Trans alt: 12000 LTFM/IST .SID. Apt Elev 325 JEPPESEN ISTANBUL ISTANBUL, TURKIYE .Eff.14.May. YESILKOY Approach/ Radar (DEP) 120.125 131.125 132.050 1. Contact YESILKOY Radar IMMEDIATELY after take-off. 2. CAUTION: At first contact report only Call Sign and SID Designator. 3. CAU",d86b5b5e262a775f8e91d28a403f4b163992dbdd1733ca28e1ba6e46ce8a7ab6
1242,LTFM,LTFM,SID,SID,30-3W8,"IST 1N, IST 1P",MATCH,independently_consistent,True,False,True,AWAITING_INDIVIDUAL_VISUAL_VERIFICATION,,images/pages_1201_1600/1242.jpg,"Trans alt: 12000 LTFM/IST .SID. Apt Elev 325 JEPPESEN ISTANBUL 35 40 45 ISTANBUL, TURKIYE .Eff.14.May. 1. Contact YESILKOY Radar IMMEDIATELY after take-off. 2. At first contact report only Call Sign and SID Designator. 3. CAUTION: These SIDs are only available for the aircraft de",d86b5b5e262a775f8e91d28a403f4b163992dbdd1733ca28e1ba6e46ce8a7ab6
1243,LTFM,LTFM,AIRPORT,AIRPORT,30-4,NOISE,MATCH,independently_consistent,True,False,True,AWAITING_INDIVIDUAL_VISUAL_VERIFICATION,,images/pages_1201_1600/1243.jpg,"LTFM/IST JEPPESEN .NOISE. NOISE ABATEMENT 30-4 .Eff.2.Oct. 26 SEP 25 ISTANBUL, TURKIYE GENERAL As Auxiliary Power Units (APUs) generate high levels of noise and significant emissions, precautions are taken from planning to operation phase to minimize the environmental noise impac",d86b5b5e262a775f8e91d28a403f4b163992dbdd1733ca28e1ba6e46ce8a7ab6
1244,LTFM,,AIRPORT,AIRPORT,30-9,Airport Diagram Chart (ADC),MATCH,independently_consistent,True,False,True,AWAITING_INDIVIDUAL_VISUAL_VERIFICATION,,images/pages_1201_1600/1244.jpg,"0 6 ^ E y Guard Lights available for all TWYs ated to RWYs. E2, E4/EAST, F2, G1A, G1B,G1C, G1D, G1E, EST, N6, T1, T4, T8, T12, TA, TB,TE, for Code C (max wingspan 118'/36m) ACFT only. 41-15 41-16 41-17 28-48 28-48 28-49 28-49 | JEPPESEN, 2018, 2026. ALL RIGHTS RESERVED. 30-9 JEPP",d86b5b5e262a775f8e91d28a403f4b163992dbdd1733ca28e1ba6e46ce8a7ab6
1245,LTFM,,AIRPORT,AIRPORT,30-9A,ADDITIONAL RUNWAY INFORMATION,MATCH,independently_consistent,True,False,True,AWAITING_INDIVIDUAL_VISUAL_VERIFICATION,,images/pages_1201_1600/1245.jpg,"30-9A JEPPESEN ISTANBUL | JEPPESEN, 2018, 2026. ALL RIGHTS RESERVED. ISTANBUL, TURKIYE TAKE-OFF R/V500m R300m NA RL or CL DAY NIGHT NIGHT DAY NIGHT R/V400m -off required RCLM or RL or CL Adequate Vis Ref equired & RVR RCLM & RVR & RL or CL 1 JUL 26 .Eff.6.Aug. Threshold LANDING B",d86b5b5e262a775f8e91d28a403f4b163992dbdd1733ca28e1ba6e46ce8a7ab6
1246,LTFM,,AIRPORT,AIRPORT,30-9A1,HOT SPOTS,MATCH,independently_consistent,True,False,True,AWAITING_INDIVIDUAL_VISUAL_VERIFICATION,,images/pages_1201_1600/1246.jpg,"| JEPPESEN, 2026. ALL RIGHTS RESERVED. WY 09, TWY G1 between intersections G1D and G2M and vehicles. 1 15.2 E028 45.6), HA (N41 15.2 E028 45.8) bars are established to protect aircraft and by departures on RWY 09. Pilots and vehicle drivers shall not thout explicit ATC clearance.",d86b5b5e262a775f8e91d28a403f4b163992dbdd1733ca28e1ba6e46ce8a7ab6
1247,LTFM,,AIRPORT,AIRPORT,30-9B,PARKING/DOCKING CHART (PDC),MATCH,independently_consistent,True,False,True,AWAITING_INDIVIDUAL_VISUAL_VERIFICATION,,images/pages_1201_1600/1247.jpg,JEPPESEN ARP 100-109 132-137R D20 D19 138L-143R 110 - 121 122 - 131 144L - 149 28-43.8 28-43.9 28-44.0 28-44.1 28-44.2 28-44.3 28-44.4 28-44.5 28-44.6 28-44.7 28-44.8 28-44.9 28-45.0 41-16.2 41-16.3 41-16.4 41-16.5 30-9B CHANGES: 121.925 124.425 Ground 3 122.6 DEICING 3 APRON APR,d86b5b5e262a775f8e91d28a403f4b163992dbdd1733ca28e1ba6e46ce8a7ab6
1248,LTFM,,AIRPORT,AIRPORT,30-9C,PARKING/DOCKING CHART (PDC),MATCH,independently_consistent,True,False,True,AWAITING_INDIVIDUAL_VISUAL_VERIFICATION,,images/pages_1201_1600/1248.jpg,Controlled Evacuation Area RWY 17R/35L 121.550 Ground 5 28-42.7 28-42.6 28-42.8 28-42.9 28-43.0 28-43.1 28-43.2 28-43.4 28-43.3 28-42.5 28-42.4 APRON 4 401-409 Cengiz Hangar Kalyon Hangar 41-15.3 28-45.7 28-45.6 28-45.8 28-45.9 41-15.1 41-15.2 41-15.3 28-45.6 28-45.7 28-45.8 28-4,d86b5b5e262a775f8e91d28a403f4b163992dbdd1733ca28e1ba6e46ce8a7ab6
1249,LTFM,,AIRPORT,AIRPORT,30-9D,INS COORDINATES,MATCH,independently_consistent,True,False,True,AWAITING_INDIVIDUAL_VISUAL_VERIFICATION,,images/pages_1201_1600/1249.jpg,N41 16.0 E028 42.8 N41 16.0 E028 42.9 N41 16.0 E028 43.0 N41 16.0 E028 43.1 N41 16.0 E028 43.2 H20L thru H20R H21L thru H22L H22 thru H23 H23R thru H24R H25L thru H25R N41 16.3 E028 44.0 N41 16.3 E028 44.1 N41 16.3 E028 44.2 N41 16.3 E028 44.3 N41 16.3 E028 44.4 N41 16.3 E028 44.,d86b5b5e262a775f8e91d28a403f4b163992dbdd1733ca28e1ba6e46ce8a7ab6
1250,LTFM,,AIRPORT,AIRPORT,30-9E,INS COORDINATES,MATCH,independently_consistent,True,False,True,AWAITING_INDIVIDUAL_VISUAL_VERIFICATION,,images/pages_1201_1600/1250.jpg,"30-9E JEPPESEN K1L thru K1R K2L thru K3R K4L thru K5 K5R thru K6R K7L thru K8R K9L thru K9R K10, K11 K12, K13 K14, K15 K16 thru K18 N41 16.1 E028 42.8 N41 16.1 E028 42.9 N41 16.1 E028 43.0 N41 16.1 E028 43.1 N41 16.1 E028 43.2 N41 16.1 E028 43.3 N41 16.2 E028 43.2 N41 16.3 E028 4",d86b5b5e262a775f8e91d28a403f4b163992dbdd1733ca28e1ba6e46ce8a7ab6
1251,LTFM,,AIRPORT,AIRPORT,30-9F,"TAXI ROUTES ARRIVAL RWYS 16R, 34L (1A, 1B)",MATCH,independently_consistent,True,False,True,AWAITING_INDIVIDUAL_VISUAL_VERIFICATION,,images/pages_1201_1600/1251.jpg,"ARR 1A (Rwy 16R/34L) 30-9F JEPPESEN HOT SPOTS LEGEND De-icing area Limit of Ground and Tower competence Low power zone start Low power zone end GIVE WAY VACATING TRAFFIC ARR 1B (Rwy 16R/34L) See TWY RESTRICTIONS (SPEED AND CODE C/E ACFT) for taxi speed restrictions. ARRIVAL (1A, ",d86b5b5e262a775f8e91d28a403f4b163992dbdd1733ca28e1ba6e46ce8a7ab6
1252,LTFM,,AIRPORT,AIRPORT,30-9F1,"TAXI ROUTES ARRIVAL RWYS 17L, 35R (2A, 2B)",MATCH,independently_consistent,True,False,True,AWAITING_INDIVIDUAL_VISUAL_VERIFICATION,,images/pages_1201_1600/1252.jpg,"(Rwy 17L/35R) (Rwy 17L/35R) OT SPOTS END g area f Ground wer ence wer zone start wer zone end 30-9F1 AY VACATING C CTIONS (SPEED ACFT) for taxi ns. TAXI ROUTES ARRIVAL RWYS 17L, 35R (2A, 2B) STANDARD TAXI ROUTES For RWY 17L/35R: ARR 2A: Arrival aircraft vacating RWY 17L/35R, shal",d86b5b5e262a775f8e91d28a403f4b163992dbdd1733ca28e1ba6e46ce8a7ab6
1253,LTFM,,AIRPORT,AIRPORT,30-9F2,"TAXI ROUTES ARRIVAL RWYS 17L, 35R (2C, 2D)",MATCH,independently_consistent,True,False,True,AWAITING_INDIVIDUAL_VISUAL_VERIFICATION,,images/pages_1201_1600/1253.jpg,"OT SPOTS END g area f Ground wer ence wer zone start wer zone end 30-9F2 (Rwy 17L/35R) (Rwy 17L/35R) JEPPESEN AY VACATING C CTIONS (SPEED ACFT) for taxi ns. TAXI ROUTES ARRIVAL RWYS 17L, 35R (2C, 2D) STANDARD TAXI ROUTES For RWY 17L/35R: ARR 2C: Arrival aircraft vacating RWY 17L/",d86b5b5e262a775f8e91d28a403f4b163992dbdd1733ca28e1ba6e46ce8a7ab6
1254,LTFM,,AIRPORT,AIRPORT,30-9F3,"TAXI ROUTES ARRIVAL RWYS 17L, 35R (2E)",MATCH,independently_consistent,True,False,True,AWAITING_INDIVIDUAL_VISUAL_VERIFICATION,,images/pages_1201_1600/1254.jpg,"OTS a und one start one end 30-9F3 17L/35R) JEPPESEN ACATING S (SPEED for taxi STANDARD TAXI ROUTES For RWY 17L/35R: ARR 2E: Arrival aircraft vacating RWY 17L/35R, shall use TWYs C, N5, T9, N3, F and hold position at clearance limit given by ATC. TAXI ROUTES ARRIVAL RWYS 17L, 35R",d86b5b5e262a775f8e91d28a403f4b163992dbdd1733ca28e1ba6e46ce8a7ab6
1255,LTFM,,AIRPORT,AIRPORT,30-9F4,"TAXI ROUTES ARRIVAL RWY 18 (3F, 3G)",MATCH,independently_consistent,True,False,True,AWAITING_INDIVIDUAL_VISUAL_VERIFICATION,,images/pages_1201_1600/1255.jpg,"T SPOTS D area Ground r ce er zone start er zone end 30-9F4 JEPPESEN Y VACATING IONS (SPEED CFT) for taxi . STANDARD TAXI ROUTES For RWY 18: ARR 3F: Arrival aircraft vacating RWY 18, shall use TWYs G, N2, D, B and hold short of A3 TWY. ARR 3G: Arrival aircraft vacating RWY 18, sh",d86b5b5e262a775f8e91d28a403f4b163992dbdd1733ca28e1ba6e46ce8a7ab6
1256,LTFM,,AIRPORT,AIRPORT,30-9F5,TAXI ROUTES ARRIVAL RWY 18 (3H),MATCH,independently_consistent,True,False,True,AWAITING_INDIVIDUAL_VISUAL_VERIFICATION,,images/pages_1201_1600/1256.jpg,"OTS a und one start one end 30-9F5 JEPPESEN NS (SPEED for taxi STANDARD TAXI ROUTES For RWY 18: ARR 3H: Arrival aircraft vacating RWY 18, shall use TWY F and hold position at clearance limit given by ATC. TAXI ROUTES ARRIVAL RWY 18 (3H) 31 JUL 26 .Eff.6.Aug. 41-15 41-16 41-17 28-",d86b5b5e262a775f8e91d28a403f4b163992dbdd1733ca28e1ba6e46ce8a7ab6
1257,LTFM,,AIRPORT,AIRPORT,30-9F6,"TAXI ROUTES ARRIVAL RWY 36 (3A, 3B)",MATCH,independently_consistent,True,False,True,AWAITING_INDIVIDUAL_VISUAL_VERIFICATION,,images/pages_1201_1600/1257.jpg,"30-9F6 OT SPOTS ND g area f Ground wer ence wer zone start wer zone end JEPPESEN AY VACATING CTIONS (SPEED ACFT) for taxi ns. TAXI ROUTES ARRIVAL RWY 36 (3A, 3B) STANDARD TAXI ROUTES For RWY 36: ARR 3A: Arrival aircraft vacating RWY 36, shall use TWYs G, N4 and hold short of TWY ",d86b5b5e262a775f8e91d28a403f4b163992dbdd1733ca28e1ba6e46ce8a7ab6
1258,LTFM,,AIRPORT,AIRPORT,30-9F7,"TAXI ROUTES ARRIVAL RWY 36 (3C, 3D)",MATCH,independently_consistent,True,False,True,AWAITING_INDIVIDUAL_VISUAL_VERIFICATION,,images/pages_1201_1600/1258.jpg,"30-9F7 OTS nd ne start ne end JEPPESEN CATING S (SPEED for taxi STANDARD TAXI ROUTES For RWY 36: ARR 3C: Arrival aircraft vacating RWY 36, shall use TWYs G, N2, F and hold position at clearance limit given by ATC. ARR 3D: Arrival aircraft vacating RWY 36, shall use TWYs G, N4, D,",d86b5b5e262a775f8e91d28a403f4b163992dbdd1733ca28e1ba6e46ce8a7ab6
1259,LTFM,,AIRPORT,AIRPORT,30-9F8,TAXI ROUTES ARRIVAL RWY 36 (3E),MATCH,independently_consistent,True,False,True,AWAITING_INDIVIDUAL_VISUAL_VERIFICATION,,images/pages_1201_1600/1259.jpg,"30-9F8 E HOT SPOTS GEND ng area of Ground wer tence ower zone start ower zone end JEPPESEN WAY VACATING C ICTIONS (SPEED ACFT) for taxi ons. TAXI ROUTES ARRIVAL RWY 36 (3E) STANDARD TAXI ROUTES For RWY 36: ARR 3E: Arrival aircraft vacating RWY 36, shall use TWYs G, N2 and hold sh",d86b5b5e262a775f8e91d28a403f4b163992dbdd1733ca28e1ba6e46ce8a7ab6
1260,LTFM,,AIRPORT,AIRPORT,30-9G,TAXI ROUTES DEPARTURE RWY 09 (4A),MATCH,independently_consistent,True,False,True,AWAITING_INDIVIDUAL_VISUAL_VERIFICATION,,images/pages_1201_1600/1260.jpg,"30-9G T SPOTS D rea round e zone start zone end JEPPESEN IONS (SPEED CFT) for taxi . .Eff.6.Aug. 31 JUL 26 TAXI ROUTES DEPARTURE RWY 09 (4A) 41-15 41-16 41-17 28-48 28-48 28-49 28-49 | JEPPESEN, 2018, 2026. ALL RIGHTS RESERVED. ISTANBUL, TURKIYE ISTANBUL Ground 2 Ground 4N Ground",d86b5b5e262a775f8e91d28a403f4b163992dbdd1733ca28e1ba6e46ce8a7ab6
1261,LTFM,,AIRPORT,AIRPORT,30-9G1,TAXI ROUTES DEPARTURE RWY 16R (OR 16L),MATCH,independently_consistent,True,False,True,AWAITING_INDIVIDUAL_VISUAL_VERIFICATION,,images/pages_1201_1600/1261.jpg,"30-9G1 T SPOTS D ea ound e zone start zone end JEPPESEN IONS (SPEED FT) for taxi TAXI ROUTES DEPARTURE RWYS 16L, 16R (1F, 1G) VACATING .Eff.6.Aug. 31 JUL 26 41-15 41-16 41-17 28-48 28-48 28-49 28-49 | JEPPESEN, 2018, 2026. ALL RIGHTS RESERVED. ISTANBUL, TURKIYE ISTANBUL Ground 2 ",d86b5b5e262a775f8e91d28a403f4b163992dbdd1733ca28e1ba6e46ce8a7ab6
1262,LTFM,,AIRPORT,AIRPORT,30-9G2,"TAXI ROUTES DEPARTURE RWY 17L (2G, 2H)",MATCH,independently_consistent,True,False,True,AWAITING_INDIVIDUAL_VISUAL_VERIFICATION,,images/pages_1201_1600/1262.jpg,HOT SPOTS LEGEND De-icing area imit of Ground and Tower ompetence ow power zone start ow power zone end DEP 2G DEP 2H GIVE WAY VACATING RAFFIC RESTRICTIONS (SPEED E C/E ACFT) for taxi trictions. 31 JUL 26 .Eff.6.Aug. 30-9G2 JEPPESEN 41-15 41-16 41-17 28-48 28-48 28-49 28-49 | JEP,d86b5b5e262a775f8e91d28a403f4b163992dbdd1733ca28e1ba6e46ce8a7ab6
1263,LTFM,,AIRPORT,AIRPORT,30-9G3,"TAXI ROUTES DEPARTURE RWY 17R (2F, 2G)",MATCH,independently_consistent,True,False,True,AWAITING_INDIVIDUAL_VISUAL_VERIFICATION,,images/pages_1201_1600/1263.jpg,"P 2F HOT SPOTS LEGEND e-icing area mit of Ground d Tower mpetence w power zone start w power zone end VE WAY VACATING AFFIC P 2G RESTRICTIONS (SPEED E C/E ACFT) for taxi trictions. 31 JUL 26 .Eff.6.Aug. 30-9G3 JEPPESEN 41-15 41-16 41-17 28-48 28-48 28-49 28-49 | JEPPESEN, 2018, 2",d86b5b5e262a775f8e91d28a403f4b163992dbdd1733ca28e1ba6e46ce8a7ab6
1264,LTFM,,AIRPORT,AIRPORT,30-9G4,"TAXI ROUTES DEPARTURE RWY 18 (3F, 3G)",MATCH,independently_consistent,True,False,True,AWAITING_INDIVIDUAL_VISUAL_VERIFICATION,,images/pages_1201_1600/1264.jpg,DEP 3F DEP 3G HOT SPOTS LEGEND De-icing area Limit of Ground and Tower competence Low power zone start Low power zone end GIVE WAY VACATING TRAFFIC RESTRICTIONS (SPEED DE C/E ACFT) for taxi strictions. 31 JUL 26 .Eff.6.Aug. 30-9G4 JEPPESEN 41-15 41-16 41-17 28-48 28-48 28-49 28-4,d86b5b5e262a775f8e91d28a403f4b163992dbdd1733ca28e1ba6e46ce8a7ab6
1265,LTFM,,AIRPORT,AIRPORT,30-9G5,TAXI ROUTES DEPARTURE RWY 34L (OR 34R),MATCH,independently_consistent,True,False,True,AWAITING_INDIVIDUAL_VISUAL_VERIFICATION,,images/pages_1201_1600/1265.jpg,"HOT SPOTS LEGEND e-icing area imit of Ground nd Tower ompetence ow power zone start ow power zone end RESTRICTIONS (SPEED DE C/E ACFT) for taxi strictions. EP 1A EP 1B 31 JUL 26 .Eff.6.Aug. 30-9G5 JEPPESEN 41-15 41-16 41-17 28-48 28-48 28-49 28-49 | JEPPESEN, 2018, 2026. ALL RIGH",d86b5b5e262a775f8e91d28a403f4b163992dbdd1733ca28e1ba6e46ce8a7ab6
1266,LTFM,,AIRPORT,AIRPORT,30-9G6,"TAXI ROUTES DEPARTURE RWY 35L (2A, 2B)",MATCH,independently_consistent,True,False,True,AWAITING_INDIVIDUAL_VISUAL_VERIFICATION,,images/pages_1201_1600/1266.jpg,"P 2A HOT SPOTS LEGEND -icing area mit of Ground d Tower mpetence w power zone start w power zone end P 2B ESTRICTIONS (SPEED E C/E ACFT) for taxi rictions. 31 JUL 26 .Eff.6.Aug. 30-9G6 JEPPESEN 41-15 41-16 41-17 28-48 28-48 28-49 28-49 | JEPPESEN, 2018, 2026. ALL RIGHTS RESERVED.",d86b5b5e262a775f8e91d28a403f4b163992dbdd1733ca28e1ba6e46ce8a7ab6
1267,LTFM,,AIRPORT,AIRPORT,30-9G7,TAXI ROUTES DEPARTURE RWY 35L (2D),MATCH,independently_consistent,True,False,True,AWAITING_INDIVIDUAL_VISUAL_VERIFICATION,,images/pages_1201_1600/1267.jpg,"P 2D HOT SPOTS LEGEND e-icing area mit of Ground d Tower mpetence w power zone start w power zone end RESTRICTIONS (SPEED E C/E ACFT) for taxi trictions. 31 JUL 26 .Eff.6.Aug. 30-9G7 JEPPESEN 41-15 41-16 41-17 28-48 28-48 28-49 28-49 | JEPPESEN, 2018, 2026. ALL RIGHTS RESERVED. I",d86b5b5e262a775f8e91d28a403f4b163992dbdd1733ca28e1ba6e46ce8a7ab6
1268,LTFM,,AIRPORT,AIRPORT,30-9G8,"TAXI ROUTES DEPARTURE RWY 35R (2B, 2C)",MATCH,independently_consistent,True,False,True,AWAITING_INDIVIDUAL_VISUAL_VERIFICATION,,images/pages_1201_1600/1268.jpg,"HOT SPOTS LEGEND De-icing area Limit of Ground and Tower competence Low power zone start Low power zone end DEP 2B DEP 2C RESTRICTIONS (SPEED DE C/E ACFT) for taxi strictions. 31 JUL 26 .Eff.6.Aug. 30-9G8 JEPPESEN 41-15 41-16 41-17 28-48 28-48 28-49 28-49 | JEPPESEN, 2018, 2026. ",d86b5b5e262a775f8e91d28a403f4b163992dbdd1733ca28e1ba6e46ce8a7ab6
1269,LTFM,,AIRPORT,AIRPORT,30-9G9,TAXI ROUTES DEPARTURE RWY 35R (2D),MATCH,independently_consistent,True,False,True,AWAITING_INDIVIDUAL_VISUAL_VERIFICATION,,images/pages_1201_1600/1269.jpg,"HOT SPOTS LEGEND De-icing area Limit of Ground and Tower competence Low power zone start Low power zone end DEP 2D RESTRICTIONS (SPEED DE C/E ACFT) for taxi trictions. 31 JUL 26 .Eff.6.Aug. 30-9G9 JEPPESEN 41-15 41-16 41-17 28-48 28-48 28-49 28-49 | JEPPESEN, 2018, 2026. ALL RIGH",d86b5b5e262a775f8e91d28a403f4b163992dbdd1733ca28e1ba6e46ce8a7ab6
1270,LTFM,,AIRPORT,AIRPORT,30-9G10,"TAXI ROUTES DEPARTURE RWY 36 (3A, 3B)",MATCH,independently_consistent,True,False,True,AWAITING_INDIVIDUAL_VISUAL_VERIFICATION,,images/pages_1201_1600/1270.jpg,"P 3A P 3B HOT SPOTS LEGEND -icing area mit of Ground d Tower mpetence w power zone start w power zone end ESTRICTIONS (SPEED C/E ACFT) for taxi ictions. STANDARD TAXI ROUTES For RWY 36: DEP 3A: Departure aircraft shall use E1, D3, E, N1, G, G7A TWYs and hold short of RWY 36. DEP ",d86b5b5e262a775f8e91d28a403f4b163992dbdd1733ca28e1ba6e46ce8a7ab6
1271,LTFM,,AIRPORT,AIRPORT,30-9G11,TAXI ROUTES DEPARTURE RWY 36 (3C),MATCH,independently_consistent,True,False,True,AWAITING_INDIVIDUAL_VISUAL_VERIFICATION,,images/pages_1201_1600/1271.jpg,"P 3C HOT SPOTS LEGEND e-icing area mit of Ground d Tower mpetence w power zone start w power zone end ESTRICTIONS (SPEED C/E ACFT) for taxi rictions. 31 JUL 26 .Eff.6.Aug. JEPPESEN 30-9G11 41-15 41-16 41-17 28-48 28-48 28-49 28-49 | JEPPESEN, 2018, 2026. ALL RIGHTS RESERVED. ISTA",d86b5b5e262a775f8e91d28a403f4b163992dbdd1733ca28e1ba6e46ce8a7ab6
1272,LTFM,,AIRPORT,AIRPORT,30-9H,TAXIWAY RESTRICTIONS,MATCH,independently_consistent,True,False,True,AWAITING_INDIVIDUAL_VISUAL_VERIFICATION,,images/pages_1201_1600/1272.jpg,LEGEND De-icing area Low power zone start Low power zone end Limit of Ground and Tower competence MAX 10 KT MAX 20 KT MAX 30 KT Limited to Code E ACFT or less Limited to Code C ACFT or less .Eff.6.Aug. 31 JUL 26 JEPPESEN HOT SPOTS (See HOT SPOTS for description of Hot spots.) 41-,d86b5b5e262a775f8e91d28a403f4b163992dbdd1733ca28e1ba6e46ce8a7ab6
1273,LTFM,LTFM,AIRPORT,AIRPORT,30-9J,PUSHBACK PROCEDURES,MATCH,independently_consistent,True,False,True,AWAITING_INDIVIDUAL_VISUAL_VERIFICATION,,images/pages_1201_1600/1273.jpg,30-9J JEPPESEN ISTANBUL 21 AUG 26 PUSHBACK PROCEDURES LTFM/IST 1. INTRODUCTION 2. PROCEDURES 2.1. 1.1. 1.2. 1.3. 1.4. The purpose of these pages is to inform all external and internal stakeholders of Istanbul Airport about the pushback procedures of all ACFT stands. The objective,d86b5b5e262a775f8e91d28a403f4b163992dbdd1733ca28e1ba6e46ce8a7ab6
1274,LTFM,LTFM,AIRPORT,AIRPORT,30-9J1,PUSHBACK PROCEDURES,MATCH,independently_consistent,True,False,True,AWAITING_INDIVIDUAL_VISUAL_VERIFICATION,,images/pages_1201_1600/1274.jpg,"30-9J1 JEPPESEN ISTANBUL 21 AUG 26 LTFM/IST 4. PHRASEOLOGY 4.1. 4.2 4.3. 4.4. 4.5. 4.6. PUSHBACK PROCEDURES (CONTD 1) ISTANBUL, TURKIYE To approve the pushback and start up request from pilot, basic phraseology used by ATC maybe as given below: ""ATC: [Call sign of ACFT] GROUND + ",d86b5b5e262a775f8e91d28a403f4b163992dbdd1733ca28e1ba6e46ce8a7ab6
1275,LTFM,,AIRPORT,AIRPORT,30-9J2,PUSHBACK PROCEDURES,MATCH,independently_consistent,True,False,True,AWAITING_INDIVIDUAL_VISUAL_VERIFICATION,,images/pages_1201_1600/1275.jpg,"30-9J2 JEPPESEN ISTANBUL STAND PUSHBACK PROCEDURE CAUTION PHRASEOLOGY Pushback Approved Face North Pushback Approved Face South Pushback Approved Face North A2L thru A2R A3L thru 24 JUL 26 HS8 (CAUTION for aircraft pushing back from stands A2L, A2 and B1R, B1) Standard Pushback: ",d86b5b5e262a775f8e91d28a403f4b163992dbdd1733ca28e1ba6e46ce8a7ab6
1276,LTFM,,AIRPORT,AIRPORT,30-9J3,PUSHBACK PROCEDURES,MATCH,independently_consistent,True,False,True,AWAITING_INDIVIDUAL_VISUAL_VERIFICATION,,images/pages_1201_1600/1276.jpg,30-9J3 JEPPESEN ISTANBUL STAND PUSHBACK PROCEDURE CAUTION PHRASEOLOGY Face West Pushback Approved Face East Pushback Approved 24 JUL 26 B15 B16 Standard Pushback: Alternate Pushback: Standard Pushback: Alternate Pushback: Face West Pushback Approved B14 Abeam Gate B15 Face East P,d86b5b5e262a775f8e91d28a403f4b163992dbdd1733ca28e1ba6e46ce8a7ab6
1277,LTFM,,AIRPORT,AIRPORT,30-9J4,PUSHBACK PROCEDURES,MATCH,independently_consistent,True,False,True,AWAITING_INDIVIDUAL_VISUAL_VERIFICATION,,images/pages_1201_1600/1277.jpg,30-9J4 JEPPESEN ISTANBUL STAND PUSHBACK PROCEDURE CAUTION PHRASEOLOGY Standard Pushback: Pushback Approved Face South on T3 TWY 24 JUL 26 Standard Pushback: Alternate Pushback: Pushback Approved Pushback Approved PSN2 D7 D9 Aircraft shall be pushed back onto the centerline of TWY,d86b5b5e262a775f8e91d28a403f4b163992dbdd1733ca28e1ba6e46ce8a7ab6
1278,LTFM,,AIRPORT,AIRPORT,30-9J5,PUSHBACK PROCEDURES,MATCH,independently_consistent,True,False,True,AWAITING_INDIVIDUAL_VISUAL_VERIFICATION,,images/pages_1201_1600/1278.jpg,30-9J5 JEPPESEN ISTANBUL STAND PUSHBACK PROCEDURE CAUTION PHRASEOLOGY 24 JUL 26 Standard Pushback: Standard Pushback: Pushback Approved Pushback Approved PSN4 Face South Pushback Approved PSN3 F4L thru F4R D6 D8 Aircraft shall be pushed back onto the centerline of TWY T7 facing n,d86b5b5e262a775f8e91d28a403f4b163992dbdd1733ca28e1ba6e46ce8a7ab6
1279,LTFM,,AIRPORT,AIRPORT,30-9J6,PUSHBACK PROCEDURES,MATCH,independently_consistent,True,False,True,AWAITING_INDIVIDUAL_VISUAL_VERIFICATION,,images/pages_1201_1600/1279.jpg,30-9J6 JEPPESEN ISTANBUL STAND PUSHBACK PROCEDURE CAUTION PHRASEOLOGY 24 JUL 26 Standard Pushback: Alternate Pushback: Pushback Approved Pushback Approved Face South Face North Standard Pushback: Alternate Pushback: Pushback Approved Face West Pushback Approved Face East F3L thru,d86b5b5e262a775f8e91d28a403f4b163992dbdd1733ca28e1ba6e46ce8a7ab6
1280,LTFM,,AIRPORT,AIRPORT,30-9J7,PUSHBACK PROCEDURES,MATCH,independently_consistent,True,False,True,AWAITING_INDIVIDUAL_VISUAL_VERIFICATION,,images/pages_1201_1600/1280.jpg,30-9J7 JEPPESEN ISTANBUL STAND PUSHBACK PROCEDURE CAUTION PHRASEOLOGY 24 JUL 26 Standard Pushback: Alternate Pushback: Pushback Approved Face West Pushback Approved Face East Standard Pushback: Alternate Pushback: Pushback Approved Face East 100 thru 108 Aircraft shall be pushed ,d86b5b5e262a775f8e91d28a403f4b163992dbdd1733ca28e1ba6e46ce8a7ab6
1281,LTFM,,AIRPORT,AIRPORT,30-9J8,PUSHBACK PROCEDURES,MATCH,independently_consistent,True,False,True,AWAITING_INDIVIDUAL_VISUAL_VERIFICATION,,images/pages_1201_1600/1281.jpg,30-9J8 JEPPESEN ISTANBUL STAND PUSHBACK PROCEDURE CAUTION PHRASEOLOGY 24 JUL 26 Standard Pushback: Alternate Pushback: Pushback Approved Face West Pushback Approved Face East Aircraft shall be pushed back onto the centerline of TWY N5 facing east. Aircraft shall be pushed back on,d86b5b5e262a775f8e91d28a403f4b163992dbdd1733ca28e1ba6e46ce8a7ab6
1282,LTFM,,AIRPORT,AIRPORT,30-9J9,PUSHBACK PROCEDURES,MATCH,independently_consistent,True,False,True,AWAITING_INDIVIDUAL_VISUAL_VERIFICATION,,images/pages_1201_1600/1282.jpg,"30-9J9 JEPPESEN ISTANBUL STAND PUSHBACK PROCEDURE CAUTION PHRASEOLOGY 24 JUL 26 Standard Pushback: Alternate Pushback: Pushback Approved Pushback Approved Face North 200 thru 207 Standard Pushback: Alternate Pushback: Pushback Approved Face East Pushback Approved Face West 145L, ",d86b5b5e262a775f8e91d28a403f4b163992dbdd1733ca28e1ba6e46ce8a7ab6
1283,LTFM,,AIRPORT,AIRPORT,30-9J10,PUSHBACK PROCEDURES,MATCH,independently_consistent,True,False,True,AWAITING_INDIVIDUAL_VISUAL_VERIFICATION,,images/pages_1201_1600/1283.jpg,JEPPESEN ISTANBUL STAND PUSHBACK PROCEDURE CAUTION PHRASEOLOGY 24 JUL 26 30-9J10 Standard Pushback: Alternate Pushback: Pushback Approved Face West Pushback Approved Face East Standard Pushback: Alternate Pushback: Pushback Approved Pushback Approved Face East 221L thru 221R 222L,d86b5b5e262a775f8e91d28a403f4b163992dbdd1733ca28e1ba6e46ce8a7ab6
1284,LTFM,,AIRPORT,AIRPORT,30-9J11,PUSHBACK PROCEDURES,MATCH,independently_consistent,True,False,True,AWAITING_INDIVIDUAL_VISUAL_VERIFICATION,,images/pages_1201_1600/1284.jpg,JEPPESEN ISTANBUL STAND PUSHBACK PROCEDURE CAUTION PHRASEOLOGY 24 JUL 26 30-9J11 Standard Pushback: Alternate Pushback: Pushback Approved Face West Pushback Approved Standard Pushback: Pushback Approved Face East K1L thru K1R Aircraft shall be pushed back onto the centerline of T,d86b5b5e262a775f8e91d28a403f4b163992dbdd1733ca28e1ba6e46ce8a7ab6
1285,LTFM,,AIRPORT,AIRPORT,30-9J12,PUSHBACK PROCEDURES,MATCH,independently_consistent,True,False,True,AWAITING_INDIVIDUAL_VISUAL_VERIFICATION,,images/pages_1201_1600/1285.jpg,JEPPESEN ISTANBUL STAND PUSHBACK PROCEDURE CAUTION PHRASEOLOGY 24 JUL 26 30-9J12 Standard Pushback: Alternate Pushback: Pushback Approved Face North Pushback Approved Standard Pushback: Pushback Approved Face South K50 thru K53 Aircraft shall be pushed back onto the centerline of,d86b5b5e262a775f8e91d28a403f4b163992dbdd1733ca28e1ba6e46ce8a7ab6
1286,LTFM,,AIRPORT,AIRPORT,30-9K,Airport Diagram Chart (ADC) - CODE F,MATCH,independently_consistent,True,False,True,AWAITING_INDIVIDUAL_VISUAL_VERIFICATION,,images/pages_1201_1600/1286.jpg,"LEGEND De-icing area Available for Code F aircraft Limit of Ground and Tower competence Low power zone start Low power zone end Pilot of Code F ACFT must take care while taxiing on B3A towards Twy B, do not right turn onto Twy B. Runway Guard Lights available for all TWYs associa",d86b5b5e262a775f8e91d28a403f4b163992dbdd1733ca28e1ba6e46ce8a7ab6
1287,LTFM,,AIRPORT,AIRPORT,30-9U,REMOTE PARK AREA HOLDING PROCEDURE,MATCH,independently_consistent,True,False,True,AWAITING_INDIVIDUAL_VISUAL_VERIFICATION,,images/pages_1201_1600/1287.jpg,"ISTANBUL ISTANBUL, TURKIYE | JEPPESEN, 2024, 2025. ALL RIGHTS RESERVED. ming flights that need to briefly wait before entering their ated by the IGA Ramp Control Unit to ATC. Waiting determined by ATC according to ground traffic conditions. arrival of the ACFT. e cockpit of the R",d86b5b5e262a775f8e91d28a403f4b163992dbdd1733ca28e1ba6e46ce8a7ab6
1288,LTFM,,AIRPORT,AIRPORT,30-9U1,REMOTE PARK AREA HOLDING PROCEDURE,MATCH,independently_consistent,True,False,True,AWAITING_INDIVIDUAL_VISUAL_VERIFICATION,,images/pages_1201_1600/1288.jpg,"HOT SPOTS LEGEND De-icing area Low power zone start Low power zone end See TWY RESTRICTIONS (SPEED AND CODE C/E ACFT) for taxi speed restrictions. Limit of Ground and Tower competence .Eff.6.Aug. 31 JUL 26 JEPPESEN 41-15 41-16 41-17 28-48 28-48 28-49 28-49 | JEPPESEN, 2018, 2026.",d86b5b5e262a775f8e91d28a403f4b163992dbdd1733ca28e1ba6e46ce8a7ab6
1289,LTFM,,APP,APP,,ILS Z OR LOC Z RWY 16R,REVIEW,only_old_index_supports_category,True,False,True,AWAITING_INDIVIDUAL_VISUAL_VERIFICATION,,images/pages_1201_1600/1289.jpg,"DA(H) 490'(271') 173^ 4.1 3.6 0.8 Rwy 219' TCH 55' 230 KT 900' FM165 D0.0 UHL D1.0 IUCB PAPI PAPI REIL ALSF-II MAX 173^ RT DA(H) Refer to Minimums Apt Elev Rwy 325' 219' 2781') s. JEPPESEN ALS out TDZ or CL out BA 270^ 090^ 3500 3000 MSA ARP Trans level: By ATC | JEPPESEN, 2018, ",d86b5b5e262a775f8e91d28a403f4b163992dbdd1733ca28e1ba6e46ce8a7ab6
1290,LTFM,,APP,APP,,ILS Z OR LOC Z RWY 16R,REVIEW,only_old_index_supports_category,True,False,True,AWAITING_INDIVIDUAL_VISUAL_VERIFICATION,,images/pages_1201_1600/1290.jpg,(111') A(H)RA 133' 330' CAT II ILS RA 185' 370' (151') DA(H) R450m R300m 1 173^ 4.1 3.6 0.8 Rwy 219' TCH 55' 230 KT 900' FM165 D0.0 UHL D1.0IUCB PAPI PAPI REIL ALSF-II MAX 173^ RT Refer to Minimums Apt Elev Rwy 325' 219' 2781') s. JEPPESEN BA 270^ 090^ 3500 3000 MSA ARP Trans lev,d86b5b5e262a775f8e91d28a403f4b163992dbdd1733ca28e1ba6e46ce8a7ab6
1291,LTFM,,APP,APP,31-2,ILS Y RWY 16R,REVIEW,only_old_index_supports_category,True,False,True,AWAITING_INDIVIDUAL_VISUAL_VERIFICATION,,images/pages_1201_1600/1291.jpg,"RT R-244 110.0 UHL 173^ 4.1 3.6 0.8 Rwy 219' TCH 55' 230 KT 900' D0.0 UHL D1.0 IUCB PAPI PAPI REIL ALSF-II MAX DA(H) Refer to Minimums Apt Elev Rwy 325' 219' 2781') s. JEPPESEN A 270^ 090^ 3500 3000 MSA ARP Trans level: By ATC | JEPPESEN, 2019, 2026. ALL RIGHTS RESERVED. ISTANBUL",d86b5b5e262a775f8e91d28a403f4b163992dbdd1733ca28e1ba6e46ce8a7ab6
1292,LTFM,,APP,APP,31-2A,CAT II/III ILS Y RWY 16R,REVIEW,only_old_index_supports_category,True,False,True,AWAITING_INDIVIDUAL_VISUAL_VERIFICATION,,images/pages_1201_1600/1292.jpg,"RT R-244 110.0 UHL 173^ 4.1 3.6 0.8 Rwy 219' TCH 55' 230 KT 900' D0.0 UHL D1.0IUCB PAPI PAPI REIL ALSF-II MAX Apt Elev Rwy 325' 219' 2781') s. BA 270^ 090^ 3500 3000 MSA ARP Trans level: By ATC | JEPPESEN, 2019, 2026. ALL RIGHTS RESERVED. ISTANBUL, TURKIYE Trans alt: 12000' on A ",d86b5b5e262a775f8e91d28a403f4b163992dbdd1733ca28e1ba6e46ce8a7ab6
1293,LTFM,,APP,APP,,ILS X OR LOC X RWY 16R,REVIEW,only_old_index_supports_category,True,False,True,AWAITING_INDIVIDUAL_VISUAL_VERIFICATION,,images/pages_1201_1600/1293.jpg,"173^ 4.1 3.6 0.8 Rwy 219' TCH 55' 230 KT D0.0 UHL D1.0IUCB PAPI PAPI REIL ALSF-II MAX DA(H) Refer to Minimums Apt Elev Rwy 325' 219' 2781') s. JEPPESEN BA 270^ 090^ 3500 3000 MSA ARP Trans level: By ATC ISTANBUL, TURKIYE ILS X Rwy 16R Trans alt: 12000' B T D5.1 IUCB D4.1 UHL MIVP",d86b5b5e262a775f8e91d28a403f4b163992dbdd1733ca28e1ba6e46ce8a7ab6
1294,LTFM,,APP,APP,,ILS X OR LOC X RWY 16R,REVIEW,only_old_index_supports_category,True,False,True,AWAITING_INDIVIDUAL_VISUAL_VERIFICATION,,images/pages_1201_1600/1294.jpg,"173^ 4.1 3.6 0.8 Rwy 219' TCH 55' 230 KT D0.0 UHL D1.0IUCB PAPI PAPI REIL ALSF-II MAX Apt Elev Rwy 325' 219' 2781') BA 270^ 090^ 3500 3000 MSA ARP Trans level: By ATC ISTANBUL, TURKIYE Trans alt: 12000' B T D5.1 IUCB D4.1 UHL MIVPA At 160 KT (111') A(H)RA 133' 330' CAT II ILS RA ",d86b5b5e262a775f8e91d28a403f4b163992dbdd1733ca28e1ba6e46ce8a7ab6
1295,LTFM,,APP,APP,31-3,VOR Z RWY 16R,REVIEW,only_old_index_supports_category,True,False,True,AWAITING_INDIVIDUAL_VISUAL_VERIFICATION,,images/pages_1201_1600/1295.jpg,') D0.6 UHL DA/MDA(H) 720'(501') UHL 110.0 R-244 3.00^ R2400m UHL VOR LOC: [ML16R] VOR: [MD16R] 0 0.8 ator policy. RT 3000' to FM165 180 205 3.5 3.6 Rwy 219' TCH 55' 230 KT 0 49 PAPI PAPI REIL ALSF-II MAX Apt Elev Rwy 325' 219' 2781') JEPPESEN Max 135 100 V1600m V1500m MDA(H) KT ,d86b5b5e262a775f8e91d28a403f4b163992dbdd1733ca28e1ba6e46ce8a7ab6
1296,LTFM,,APP,APP,31-4,ILS Z RWY 17L,MATCH,independently_consistent,True,False,True,AWAITING_INDIVIDUAL_VISUAL_VERIFICATION,,images/pages_1201_1600/1296.jpg,31-4 ILS Z Rwy 17L Apt Elev 325' Rwy 202' 4798') DA(H) 402'(200') MDA(H) CIRCLE-TO-LAND Max 180 205 V2400m V3600m 0') 1400'(1075') 1400'(1075') 4.3 3.1 1850' 0.5 Rwy 202' TCH 55' N 230 KT NASVU JEPPESEN 270^ 090^ 3500 3000 MSA ARP LADUX ATBES OF D4.3 UHM D5.1 IUCF D8.8 IUCF D8.0 ,d86b5b5e262a775f8e91d28a403f4b163992dbdd1733ca28e1ba6e46ce8a7ab6
1297,LTFM,,APP,APP,31-4A,CAT II/III ILS Z RWY 17L,REVIEW,only_old_index_supports_category,True,False,True,AWAITING_INDIVIDUAL_VISUAL_VERIFICATION,,images/pages_1201_1600/1297.jpg,"CAT II ILS DA(H) (101') 303' RA 109' AIGHT-IN LANDING R300m 1 Apt Elev 325' Rwy 202' 4.3 3.1 0.5 Rwy 202' TCH 55' IUCF 230 KT JEPPESEN 3.7 PAPI PAPI ALSF-II REIL | JEPPESEN, 2018, 2026. ALL RIGHTS RESERVED. MAX ISTANBUL, TURKIYE on course 173^, Trans level: By ATC Trans alt: 1200",d86b5b5e262a775f8e91d28a403f4b163992dbdd1733ca28e1ba6e46ce8a7ab6
1298,LTFM,,APP,APP,31-5,ILS Y RWY 17L,MATCH,independently_consistent,True,False,True,AWAITING_INDIVIDUAL_VISUAL_VERIFICATION,,images/pages_1201_1600/1298.jpg,"ILS Y Rwy 17L Apt Elev 325' Rwy 202' DA(H) 402'(200') MDA(H) CIRCLE-TO-LAND Max 180 205 V2400m V3600m 0') 1400'(1075') 1400'(1075') 270^ 090^ 3500 3000 MSA ARP V1600m 1400'(1075') 135 V1500m 1400'(1075') 100 ALS out t | JEPPESEN, 2019, 2026. ALL RIGHTS RESERVED. DING R1200m ISTAN",d86b5b5e262a775f8e91d28a403f4b163992dbdd1733ca28e1ba6e46ce8a7ab6
1299,LTFM,,APP,APP,31-5A,CAT II/III ILS Y RWY 17L,MATCH,independently_consistent,True,False,True,AWAITING_INDIVIDUAL_VISUAL_VERIFICATION,,images/pages_1201_1600/1299.jpg,"CAT II/III ILS Y Rwy 17L Apt Elev 325' Rwy 202' 4.3 3.1 0.5 Rwy 202' TCH 55' IUCF LADUX D8.8 IUCF D8.0 UHM 3.7 3000' | JEPPESEN, 2019, 2026. ALL RIGHTS RESERVED. ISTANBUL, TURKIYE Trans level: By ATC Trans alt: 12000' AIGHT AHEAD to NASVU, cept R-200 UHM, proceed to At 180 KT 230",d86b5b5e262a775f8e91d28a403f4b163992dbdd1733ca28e1ba6e46ce8a7ab6
1300,LTFM,,APP,APP,31-5B,ILS X RWY 17L,MATCH,independently_consistent,True,False,True,AWAITING_INDIVIDUAL_VISUAL_VERIFICATION,,images/pages_1201_1600/1300.jpg,"ILS X Rwy 17L Apt Elev 325' Rwy 202' DA(H) 402'(200') MDA(H) CIRCLE-TO-LAND Max 180 205 V2400m V3600m 0') 1400'(1075') 1400'(1075') 270^ 090^ 3500 3000 MSA ARP V1600m 1400'(1075') 135 V1500m 1400'(1075') 100 ALS out t DING R1200m ISTANBUL, TURKIYE Trans level: By ATC Trans alt: 1",d86b5b5e262a775f8e91d28a403f4b163992dbdd1733ca28e1ba6e46ce8a7ab6
1301,LTFM,,APP,APP,31-5C,CAT II/III ILS X RWY 17L,MATCH,independently_consistent,True,False,True,AWAITING_INDIVIDUAL_VISUAL_VERIFICATION,,images/pages_1201_1600/1301.jpg,"CAT II/III ILS X Rwy 17L Apt Elev 325' Rwy 202' 4.3 3.1 0.5 Rwy 202' TCH 55' IUCF LADUX D8.8 IUCF D8.0 UHM 3.7 3000' ISTANBUL, TURKIYE Trans level: By ATC Trans alt: 12000' At 180 KT 230 KT 5000' PAPI PAPI REIL ALSF-II MAX ') Y CAT II ILS DA(H) (101') 303' RA 109' AIGHT-IN LANDIN",d86b5b5e262a775f8e91d28a403f4b163992dbdd1733ca28e1ba6e46ce8a7ab6
1302,LTFM,,APP,APP,31-6,VOR Z RWY 17L,REVIEW,only_old_index_supports_category,True,False,True,AWAITING_INDIVIDUAL_VISUAL_VERIFICATION,,images/pages_1201_1600/1302.jpg,1850' 3000' PAPI PAPI 4000' ALSF-II REIL 230 KT MAX on UHM 108.25 R-173 NASVU Apt Elev 325' Rwy 202' MDA(H) CIRCLE-TO-LAND Max 180 205 V2400m V3600m 1400'(1075') 1400'(1075') 3.1 Rwy 202' TCH 55' N 270^ 090^ 3500 3000 MSA ARP LADUX ATBES D4.3 UHM D8.0 UHM M 3.7 60 49 V1600m 1400',d86b5b5e262a775f8e91d28a403f4b163992dbdd1733ca28e1ba6e46ce8a7ab6
1303,LTFM,,APP,APP,,ILS Z OR LOC Z RWY 18,REVIEW,only_old_index_supports_category,True,False,True,AWAITING_INDIVIDUAL_VISUAL_VERIFICATION,,images/pages_1201_1600/1303.jpg,East Final 130.3 124.850 124.425 124.850 124.925 Ground 4N Ground 4S 133.225 118.950 Apt Elev 325' EQ 3779') Rwy 221' 270^ 090^ 3500 3000 MSA ARP 421'(200') DA(H) CIRCLE-TO-LAND Rwy 221' SSIZ EZGEC PAPI REIL HIALS-II MDA(H) Max 100 135 180 205 1400' 1400' 1400' 1400'(1075') (1075,d86b5b5e262a775f8e91d28a403f4b163992dbdd1733ca28e1ba6e46ce8a7ab6
1304,LTFM,,APP,APP,,ILS Z OR LOC Z RWY 18,REVIEW,only_old_index_supports_category,True,False,True,AWAITING_INDIVIDUAL_VISUAL_VERIFICATION,,images/pages_1201_1600/1304.jpg,"PAPI REIL HIALS-II 60 49 | JEPPESEN, 2020, 2026. ALL RIGHTS RESERVED. CAT II ILS RA 127' 336'(115') DA(H) RAIGHT-IN LANDING R300m RA 104' 321'(100') A(H) R300m 1 1 JEPPESEN Apt Elev 325' EQ 3779') Rwy 221' 270^ 090^ 3500 3000 MSA ARP Trans level: By ATC Trans alt: 12000' ATORY s.",d86b5b5e262a775f8e91d28a403f4b163992dbdd1733ca28e1ba6e46ce8a7ab6
1305,LTFM,,APP,APP,31-7B,ILS Y RWY 18,REVIEW,only_old_index_supports_category,True,False,True,AWAITING_INDIVIDUAL_VISUAL_VERIFICATION,,images/pages_1201_1600/1305.jpg,East Final 130.3 124.850 124.425 124.850 124.925 Ground 4N Ground 4S 133.225 118.950 Apt Elev 325' EQ 3779') Rwy 221' 270^ 090^ 3500 3000 MSA ARP 421'(200') DA(H) CIRCLE-TO-LAND Rwy 221' SSIZ EZGEC PAPI REIL HIALS-II MDA(H) Max 100 135 180 205 1400' 1400' 1400' 1400'(1075') (1075,d86b5b5e262a775f8e91d28a403f4b163992dbdd1733ca28e1ba6e46ce8a7ab6
1306,LTFM,,APP,APP,31-7C,CAT II/III ILS Y RWY 18,REVIEW,only_old_index_supports_category,True,False,True,AWAITING_INDIVIDUAL_VISUAL_VERIFICATION,,images/pages_1201_1600/1306.jpg,East Final 130.3 124.850 124.425 124.850 124.925 Ground 4N Ground 4S 133.225 118.950 Apt Elev 325' EQ 3779') Rwy 221' 270^ 090^ 3500 3000 MSA ARP Rwy 221' SSIZ EZGEC D3.7 UHN .3 UHN D5.1 IUCD .7 IUCD D0.8 IUCD D0.6 UHN 180 KT At 160 KT Trans level: By ATC Trans alt: 12000' ATORY ,d86b5b5e262a775f8e91d28a403f4b163992dbdd1733ca28e1ba6e46ce8a7ab6
1307,LTFM,,APP,APP,,ILS X OR LOC X RWY 18,REVIEW,only_old_index_supports_category,True,False,True,AWAITING_INDIVIDUAL_VISUAL_VERIFICATION,,images/pages_1201_1600/1307.jpg,JEPPESEN 0 49 PAPI REIL HIALS-II 230 KT MAX CIRCLE-TO-LAND MDA(H) Max 100 135 180 205 1400' 1400' 1400' 1400'(1075') (1075') (1075') (1075') ALS out G V3600m V2400m V1600m V1500m R1200m Apt Elev 325' EQ 3779') Rwy 221' 270^ 090^ 3500 3000 MSA ARP 421'(200') DA(H) Trans level: By ,d86b5b5e262a775f8e91d28a403f4b163992dbdd1733ca28e1ba6e46ce8a7ab6
1308,LTFM,,APP,APP,,ILS X OR LOC X RWY 18,REVIEW,only_old_index_supports_category,True,False,True,AWAITING_INDIVIDUAL_VISUAL_VERIFICATION,,images/pages_1201_1600/1308.jpg,0 49 PAPI REIL HIALS-II 230 KT MAX Apt Elev 325' EQ 3779') Rwy 221' 270^ 090^ 3500 3000 MSA ARP Trans level: By ATC Trans alt: 12000' ATORY CAT II ILS RA 127' 336'(115') DA(H) RAIGHT-IN LANDING R300m RA 104' 321'(100') DA(H) R300m 1 1 JEPPESEN Refer to Minimums s. East Final 130.,d86b5b5e262a775f8e91d28a403f4b163992dbdd1733ca28e1ba6e46ce8a7ab6
1309,LTFM,,APP,APP,,VOR Z RWY 18,REVIEW,only_old_index_supports_category,True,False,True,AWAITING_INDIVIDUAL_VISUAL_VERIFICATION,,images/pages_1201_1600/1309.jpg,JEPPESEN 0 9 Apt Elev 325' EQ 3779') Rwy 221' 270^ 090^ 3500 3000 MSA ARP 720'(499') Trans level: By ATC Trans alt: 12000' Rwy 221' ISSIZ EZGEC D7.3 UHN UHN VOR D3.7 UHN At 160 KT At 180 KT 2590' 2270' 1950' 1630' 1310' 990' 6.0 5.0 4.0 3.0 2.0 1.0 MDA(H) CIRCLE-TO-LAND Max 180 2,d86b5b5e262a775f8e91d28a403f4b163992dbdd1733ca28e1ba6e46ce8a7ab6
1310,LTFM,,APP,APP,31-11,ILS Z RWY 34L,REVIEW,only_old_index_supports_category,True,False,True,AWAITING_INDIVIDUAL_VISUAL_VERIFICATION,,images/pages_1201_1600/1310.jpg,JEPPESEN Apt Elev 325' Rwy 325' 2675') DA(H) 525'(200') UG 126.3 124.725 120.125 Ground 1 SILKOY Approach/Radar 3.3 970' ANQEQ 7.5 D16.0 IUCA ELNUG D8.5 IUCA 3000' 353^ D18.6 UHL D11.1 UHL 2 IUCA 8 UHL 230 KT 353^ FM342 PAPI PAPI REIL ALSF-II LT 760' MAX 3000' MANDATORY 3 5 3 ^ M,d86b5b5e262a775f8e91d28a403f4b163992dbdd1733ca28e1ba6e46ce8a7ab6
1311,LTFM,,APP,APP,31-11A,CAT II/III ILS Z RWY 34L,REVIEW,only_old_index_supports_category,True,False,True,AWAITING_INDIVIDUAL_VISUAL_VERIFICATION,,images/pages_1201_1600/1311.jpg,"JEPPESEN Apt Elev 325' Rwy 325' 5') 3.3 7.5 3000' 353^ 230 KT 353^ FM342 PAPI PAPI REIL ALSF-II LT 760' MAX 3000' MANDATORY 3 5 3 ^ ISTANBUL, TURKIYE CAT II ILS DA(H) (100') 425' RA 106' AIGHT-IN LANDING R300m 1 CAT II/III ILS Z Rwy 34L 31-11A 3500 270^ 3000 090^ MSA ARP Trans le",d86b5b5e262a775f8e91d28a403f4b163992dbdd1733ca28e1ba6e46ce8a7ab6
1312,LTFM,,APP,APP,31-12,ILS Y RWY 34L,REVIEW,only_old_index_supports_category,True,False,True,AWAITING_INDIVIDUAL_VISUAL_VERIFICATION,,images/pages_1201_1600/1312.jpg,JEPPESEN Apt Elev 325' Rwy 325' 2675') DA(H) 525'(200') UG 3.3 970' ANQEQ 7.5 D16.0 IUCA ELNUG D8.5 IUCA 3000' 353^ D18.6 UHL D11.1 UHL IUCA 8 UHL 3000' 3 5 3 ^ MDA(H) CIRCLE-TO-LAND Max 180 205 V2400m V3600m ') 1400'(1075') 1400'(1075') V1600m 1400'(1075') 135 V1500m 1400'(1075',d86b5b5e262a775f8e91d28a403f4b163992dbdd1733ca28e1ba6e46ce8a7ab6
1313,LTFM,,APP,APP,31-12A,CAT II/III ILS Y RWY 34L,REVIEW,only_old_index_supports_category,True,False,True,AWAITING_INDIVIDUAL_VISUAL_VERIFICATION,,images/pages_1201_1600/1313.jpg,"CAT II ILS DA(H) (100') 425' RA 106' AIGHT-IN LANDING R300m 1 JEPPESEN Apt Elev 325' Rwy 325' 5') 3.3 7.5 3000' 353^ 3000' 3 5 3 ^ ISTANBUL, TURKIYE MAX 230 KT. 230 KT PAPI PAPI REIL ALSF-II MAX 760' UHL on R-266 110.0 LT CAT II/III ILS Y Rwy 34L 3500 270^ 3000 090^ MSA ARP Trans",d86b5b5e262a775f8e91d28a403f4b163992dbdd1733ca28e1ba6e46ce8a7ab6
1314,LTFM,,APP,APP,31-12B,ILS X RWY 34L,REVIEW,only_old_index_supports_category,True,False,True,AWAITING_INDIVIDUAL_VISUAL_VERIFICATION,,images/pages_1201_1600/1314.jpg,JEPPESEN Apt Elev 325' Rwy 325' 2675') DA(H) 525'(200') UG 3.3 970' ANQEQ 7.5 D16.0 IUCA ELNUG D8.5 IUCA 3000' 353^ D18.6 UHL D11.1 UHL 2 IUCA 8 UHL 3000' 3 5 3 ^ MDA(H) CIRCLE-TO-LAND Max 180 205 V2400m V3600m ') 1400'(1075') 1400'(1075') V1600m 1400'(1075') 135 V1500m 1400'(107,d86b5b5e262a775f8e91d28a403f4b163992dbdd1733ca28e1ba6e46ce8a7ab6
1315,LTFM,,APP,APP,31-12C,CAT II/III ILS X RWY 34L,REVIEW,only_old_index_supports_category,True,False,True,AWAITING_INDIVIDUAL_VISUAL_VERIFICATION,,images/pages_1201_1600/1315.jpg,"CAT II ILS DA(H) (100') 425' RA 106' AIGHT-IN LANDING R300m 1 JEPPESEN Apt Elev 325' Rwy 325' 5') 3.3 7.5 3000' 353^ 3000' 3 5 3 ^ ISTANBUL, TURKIYE 230 KT PAPI PAPI REIL ALSF-II MAX CAT II/III ILS X Rwy 34L 3500 270^ 3000 090^ MSA ARP Trans level: By ATC 31-12C 120.125 SILKOY Ap",d86b5b5e262a775f8e91d28a403f4b163992dbdd1733ca28e1ba6e46ce8a7ab6
1316,LTFM,,APP,APP,31-13,VOR Z RWY 34L,REVIEW,only_old_index_supports_category,True,False,True,AWAITING_INDIVIDUAL_VISUAL_VERIFICATION,,images/pages_1201_1600/1316.jpg,"JEPPESEN 3500 270^ 3000 090^ MSA ARP ISTANBUL, TURKIYE 31-13 3.3 ANQEQ ELNUG 3000' D18.6 UHL D11.1 UHL HL 3 . 0 0 ^ 3000' MANDATORY 353^ 7.5 PAPI PAPI REIL 3000' 110.0 UHL LT R-266 UHL ALSF-II 230 KT MAX 60 49 MDA(H) CIRCLE-TO-LAND Max 180 205 V2400m V3600m 5') 1400'(1075') 1400'",d86b5b5e262a775f8e91d28a403f4b163992dbdd1733ca28e1ba6e46ce8a7ab6
1317,LTFM,,APP,APP,31-14,ILS Z RWY 35R,MATCH,independently_consistent,True,False,True,AWAITING_INDIVIDUAL_VISUAL_VERIFICATION,,images/pages_1201_1600/1317.jpg,"| JEPPESEN, 2018, 2026. ALL RIGHTS RESERVED. ISTANBUL, TURKIYE ILS Z Rwy 35R Trans level: By ATC DA(H) (200') Apt Elev 325' Rwy 310' 4690') Q 510' 126.925 6 129.625 121.550 270^ 090^ 3500 3000 MSA ARP on course 353^ (MAX 230 KT), MDA(H) CIRCLE-TO-LAND Max 180 205 V2400m V3600m 14",d86b5b5e262a775f8e91d28a403f4b163992dbdd1733ca28e1ba6e46ce8a7ab6
1318,LTFM,,APP,APP,31-14A,CAT II/III ILS Z RWY 35R,REVIEW,only_old_index_supports_category,True,False,True,AWAITING_INDIVIDUAL_VISUAL_VERIFICATION,,images/pages_1201_1600/1318.jpg,"DA(H) 415'(105') CAT II ILS RA 97' R300m 1 | JEPPESEN, 2018, 2026. ALL RIGHTS RESERVED. JEPPESEN 31-14A ISTANBUL, TURKIYE Trans level: By ATC Apt Elev 325' Rwy 310' 0') 270^ 090^ 3500 3000 MSA ARP on course 353^ (MAX 230 KT), 3.2 EPPUQ 3.1 FRUGO 3 5 3 ^ 0 9 D17.5 UHM D14.8 IUCE D",d86b5b5e262a775f8e91d28a403f4b163992dbdd1733ca28e1ba6e46ce8a7ab6
1319,LTFM,,APP,APP,,ILS Y OR LOC Y RWY 35R,MATCH,independently_consistent,True,False,True,AWAITING_INDIVIDUAL_VISUAL_VERIFICATION,,images/pages_1201_1600/1319.jpg,"MAX 230 KT. | JEPPESEN, 2019, 2026. ALL RIGHTS RESERVED. JEPPESEN 31-15 ISTANBUL, TURKIYE ILS Y Rwy 35R Trans level: By ATC DA(H) (200') Apt Elev 325' Rwy 310' 4690') Q 510' 270^ 090^ 3500 3000 MSA ARP MDA(H) CIRCLE-TO-LAND Max 180 205 V2400m V3600m 1400'(1075') 1400'(1075') 3.2 ",d86b5b5e262a775f8e91d28a403f4b163992dbdd1733ca28e1ba6e46ce8a7ab6
1320,LTFM,,APP,APP,,ILS Y OR LOC Y RWY 35R,REVIEW,only_old_index_supports_category,True,False,True,AWAITING_INDIVIDUAL_VISUAL_VERIFICATION,,images/pages_1201_1600/1320.jpg,"MAX 230 KT. | JEPPESEN, 2019, 2026. ALL RIGHTS RESERVED. JEPPESEN 31-15A ISTANBUL, TURKIYE Trans level: By ATC Apt Elev 325' Rwy 310' 0') 270^ 090^ 3500 3000 MSA ARP 3.2 EPPUQ 3.1 FRUGO 3 5 3 ^ 0 9 D17.5 UHM D14.8 IUCE D14.3 UHM D11.7 IUCE NASVU D11.1 UHM D8.5 IUCE V CE M 3.3 300",d86b5b5e262a775f8e91d28a403f4b163992dbdd1733ca28e1ba6e46ce8a7ab6
1321,LTFM,,APP,APP,31-15B,ILS X RWY 35R,MATCH,independently_consistent,True,False,True,AWAITING_INDIVIDUAL_VISUAL_VERIFICATION,,images/pages_1201_1600/1321.jpg,"JEPPESEN 31-15B ISTANBUL, TURKIYE ILS X Rwy 35R Trans level: By ATC DA(H) (200') Apt Elev 325' Rwy 310' 4690') Q 510' 270^ 090^ 3500 3000 MSA ARP MDA(H) CIRCLE-TO-LAND Max 180 205 V2400m V3600m 1400'(1075') 1400'(1075') 3.2 EPPUQ 3.1 FRUGO 3 5 3 ^ 100 135 V1500m V1600m 1400'(1075",d86b5b5e262a775f8e91d28a403f4b163992dbdd1733ca28e1ba6e46ce8a7ab6
1322,LTFM,,APP,APP,31-15C,CAT II/III ILS X RWY 35R,REVIEW,only_old_index_supports_category,True,False,True,AWAITING_INDIVIDUAL_VISUAL_VERIFICATION,,images/pages_1201_1600/1322.jpg,"JEPPESEN 31-15C ISTANBUL, TURKIYE Trans level: By ATC Apt Elev 325' Rwy 310' 0') 270^ 090^ 3500 3000 MSA ARP 3.2 EPPUQ 3.1 FRUGO 3 5 3 ^ 0 9 D17.5 UHM D14.8 IUCE D14.3 UHM D11.7 IUCE NASVU D11.1 UHM D8.5 IUCE V CE M 3.3 3000' PAPI PAPI ALSF-II REIL 4000' Y At 205 KT At 195 KT At ",d86b5b5e262a775f8e91d28a403f4b163992dbdd1733ca28e1ba6e46ce8a7ab6
1323,LTFM,,APP,APP,,VOR Z RWY 35R,REVIEW,only_old_index_supports_category,True,False,True,AWAITING_INDIVIDUAL_VISUAL_VERIFICATION,,images/pages_1201_1600/1323.jpg,"3000' MAX 230 KT. | JEPPESEN, 2020, 2026. ALL RIGHTS RESERVED. JEPPESEN 31-16 ISTANBUL, TURKIYE Trans level: By ATC (690') Apt Elev 325' Rwy 310' 4690') Q 270^ 090^ 3500 3000 MSA ARP MDA(H) CIRCLE-TO-LAND Max 180 205 V2400m V3600m 1400'(1075') 1400'(1075') 3.2 EPPUQ 3.1 FRUGO 100",d86b5b5e262a775f8e91d28a403f4b163992dbdd1733ca28e1ba6e46ce8a7ab6
1324,LTFM,,APP,APP,,ILS Z OR LOC Z RWY 36,REVIEW,only_old_index_supports_category,True,False,True,AWAITING_INDIVIDUAL_VISUAL_VERIFICATION,,images/pages_1201_1600/1324.jpg,"| JEPPESEN, 2020, 2026. ALL RIGHTS RESERVED. JEPPESEN 31-17 ISTANBUL, TURKIYE Trans level: By ATC DA(H) (201') Apt Elev 325' Rwy 309' 510' assing KESKN. VCE. MDA(H) CIRCLE-TO-LAND Max 180 205 V2400m V3600m 1400'(1075') 1400'(1075') 3.1 100 135 V1500m V1600m 1400'(1075') 1400'(107",d86b5b5e262a775f8e91d28a403f4b163992dbdd1733ca28e1ba6e46ce8a7ab6
1325,LTFM,,APP,APP,31-17A,CAT II/III ILS Z RWY 36,REVIEW,only_old_index_supports_category,True,False,True,AWAITING_INDIVIDUAL_VISUAL_VERIFICATION,,images/pages_1201_1600/1325.jpg,"| JEPPESEN, 2020, 2026. ALL RIGHTS RESERVED. JEPPESEN 31-17A ISTANBUL, TURKIYE Trans level: By ATC Apt Elev 325' Rwy 309' 3.1 0 9 3.3 4000' MANDATORY 353^ 5.9 ZOVCE D17.5 IUCC D20.2 UHN At 210 KT At 195 KT 3 5 3 ^ DIKIZ IQ D11.2 UHN UHN D8.5 IUCC UCC At 180 KT 0 KT PAPI REIL HIAL",d86b5b5e262a775f8e91d28a403f4b163992dbdd1733ca28e1ba6e46ce8a7ab6
1326,LTFM,,APP,APP,,ILS Y OR LOC Y RWY 36,REVIEW,only_old_index_supports_category,True,False,True,AWAITING_INDIVIDUAL_VISUAL_VERIFICATION,,images/pages_1201_1600/1326.jpg,"JEPPESEN 31-17B ISTANBUL, TURKIYE Trans level: By ATC DA(H) (201') Apt Elev 325' Rwy 309' 510' assing KESKN. VCE. MDA(H) CIRCLE-TO-LAND Max 180 205 V2400m V3600m 1400'(1075') 1400'(1075') 3.1 100 135 V1500m V1600m 1400'(1075') 1400'(1075') 0 9 ALS out 3.3 4000' MANDATORY 353^ NG ",d86b5b5e262a775f8e91d28a403f4b163992dbdd1733ca28e1ba6e46ce8a7ab6
1327,LTFM,,APP,APP,,ILS Y OR LOC Y RWY 36,REVIEW,only_old_index_supports_category,True,False,True,AWAITING_INDIVIDUAL_VISUAL_VERIFICATION,,images/pages_1201_1600/1327.jpg,"JEPPESEN 31-17C ISTANBUL, TURKIYE Trans level: By ATC Apt Elev 325' Rwy 309' assing KESKN. VCE. 3.1 0 9 3.3 4000' MANDATORY 353^ 5.9 ZOVCE D17.5 IUCC D20.2 UHN At 210 KT At 195 KT 3 5 3 ^ DIKIZ IQ D11.2 UHN UHN D8.5 IUCC UCC At 180 KT 0 KT 230 KT MAX PAPI REIL HIALS-II 270^ 090^ ",d86b5b5e262a775f8e91d28a403f4b163992dbdd1733ca28e1ba6e46ce8a7ab6
1328,LTFM,,APP,APP,,ILS X OR LOC X RWY 36,REVIEW,only_old_index_supports_category,True,False,True,AWAITING_INDIVIDUAL_VISUAL_VERIFICATION,,images/pages_1201_1600/1328.jpg,"JEPPESEN ISTANBUL, TURKIYE Trans level: By ATC DA(H) (201') Apt Elev 325' Rwy 309' ILS 510' assing KESKN. VCE. MDA(H) CIRCLE-TO-LAND Max 180 205 V2400m V3600m 1400'(1075') 1400'(1075') 3.1 100 135 V1500m V1600m 1400'(1075') 1400'(1075') 0 9 ALS out 3.3 4000' MANDATORY 353^ G R120",d86b5b5e262a775f8e91d28a403f4b163992dbdd1733ca28e1ba6e46ce8a7ab6
1329,LTFM,,APP,APP,,ILS X OR LOC X RWY 36,REVIEW,only_old_index_supports_category,True,False,True,AWAITING_INDIVIDUAL_VISUAL_VERIFICATION,,images/pages_1201_1600/1329.jpg,"JEPPESEN 31-18A ISTANBUL, TURKIYE Trans level: By ATC Apt Elev 325' Rwy 309' assing KESKN. VCE. 3.1 0 9 3.3 4000' MANDATORY 353^ 5.9 ZOVCE D17.5 IUCC D20.2 UHN At 210 KT At 195 KT 3 5 3 ^ DIKIZ IQ D11.2 UHN UHN D8.5 IUCC UCC At 180 KT 0 KT 270^ 090^ 3500 3000 MSA ARP D11.6 IUCC D",d86b5b5e262a775f8e91d28a403f4b163992dbdd1733ca28e1ba6e46ce8a7ab6
1330,LTFM,,APP,APP,31-19,VOR Z RWY 36,REVIEW,only_old_index_supports_category,True,False,True,AWAITING_INDIVIDUAL_VISUAL_VERIFICATION,,images/pages_1201_1600/1330.jpg,"| JEPPESEN, 2020, 2026. ALL RIGHTS RESERVED. JEPPESEN 31-19 ISTANBUL, TURKIYE Trans level: By ATC Apt Elev 325' Rwy 309' MDA(H) CIRCLE-TO-LAND Max 180 205 V2400m V3600m 1400'(1075') 1400'(1075') 3.1 100 135 V1500m V1600m 1400'(1075') 1400'(1075') 0 9 3.3 4000' MANDATORY 353^ G 5.",d86b5b5e262a775f8e91d28a403f4b163992dbdd1733ca28e1ba6e46ce8a7ab6
1331,LTFM,,APP,APP,32-1,RNP Z RWY 16R,REVIEW,only_old_index_supports_category,True,False,True,AWAITING_INDIVIDUAL_VISUAL_VERIFICATION,,images/pages_1201_1600/1331.jpg,3.00^ Apt Elev 325' BA 2781') (501') 720' Rwy 219' 270^ 090^ 3500 3000 MSA ARP MDA(H) CIRCLE-TO-LAND Max 100 135 180 205 V1500m V1600m V2400m V3600m ALS out 720'(501') 1400' A MIVPA MA16R (1075') 1400'(1075') 1400'(1075') 1400'(1075') PAPI PAPI 200 KT FM165 Rwy 219' 126.3 124.725,d86b5b5e262a775f8e91d28a403f4b163992dbdd1733ca28e1ba6e46ce8a7ab6
1332,LTFM,,APP,APP,,RNP RWY 17L,REVIEW,only_old_index_supports_category,True,False,True,AWAITING_INDIVIDUAL_VISUAL_VERIFICATION,,images/pages_1201_1600/1332.jpg,Apt Elev 325' OF 4798') (518') 720' Rwy 202' 270^ 090^ 3500 3000 MSA ARP PAPI PAPI Rwy 202' MA17L ATBES LADUX ALSF-II REIL 230 KT 5000' NASVU 173^ LNAV/VNAV DA(H) MAX TORY on 160 849 At 180 KT At 160 KT MDA(H) CIRCLE-TO-LAND Max 100 135 180 205 V1500m V1600m V2400m V3600m 720'(51,d86b5b5e262a775f8e91d28a403f4b163992dbdd1733ca28e1ba6e46ce8a7ab6
1333,LTFM,,APP,APP,,RNP RWY 18,REVIEW,only_old_index_supports_category,True,False,True,AWAITING_INDIVIDUAL_VISUAL_VERIFICATION,,images/pages_1201_1600/1333.jpg,EQ 3779') (499') DA(H) 720' LNAV/VNAV TORY Rwy 221' ISSIZ MA18 EZGEC 00^ 230 KT MAX 173^ FM~38 PAPI REIL HIALS-II 3:52 on At 180 KT At 160 KT MDA(H) CIRCLE-TO-LAND Max 100 135 180 205 V1500m V1600m V2400m V3600m 720'(499') 1400'(1075') 1400'(1075') 1400'(1075') 1400'(1075') DA/MD,d86b5b5e262a775f8e91d28a403f4b163992dbdd1733ca28e1ba6e46ce8a7ab6
1334,LTFM,,APP,APP,32-4,RNP Z RWY 34L,REVIEW,only_old_index_supports_category,True,False,True,AWAITING_INDIVIDUAL_VISUAL_VERIFICATION,,images/pages_1201_1600/1334.jpg,MANDATORY 353^ 3 . 0 0 ^ Apt Elev 325' UG (2675') (575') Rwy 325' MANDATORY PAPI PAPI ELNUG ANQEQ DA(H) LNAV/VNAV 210 KT 1200' FM342 353^ REIL ALSF-II MAX NEW ATORY 900' LT At 205 KT 60 KT 3:07 126.3 124.725 120.125 Ground 1 YESILKOY Approach/Radar East Final 133.225 130.3 | JEPP,d86b5b5e262a775f8e91d28a403f4b163992dbdd1733ca28e1ba6e46ce8a7ab6
1335,LTFM,,APP,APP,32-5,RNP Z RWY 35R,REVIEW,only_old_index_supports_category,True,False,True,AWAITING_INDIVIDUAL_VISUAL_VERIFICATION,,images/pages_1201_1600/1335.jpg,"MANDATORY 353^ 3 . 0 0 ^ MANDATORY PAPI PAPI NASVU EWREQ FRUGO REIL ALSF-II Apt Elev 325' UQ 4690') (490') Rwy 310' DA(H) 800' LNAV/VNAV TORY At 180 KT At 210 KT | JEPPESEN, 2018, 2026. ALL RIGHTS RESERVED. ISTANBUL, TURKIYE RNP Z Rwy 35R Trans level: By ATC 270^ 090^ 3500 3000 M",d86b5b5e262a775f8e91d28a403f4b163992dbdd1733ca28e1ba6e46ce8a7ab6
1336,LTFM,,APP,APP,32-6,RNP Z RWY 36,MATCH,independently_consistent,True,False,True,AWAITING_INDIVIDUAL_VISUAL_VERIFICATION,,images/pages_1201_1600/1336.jpg,"N TORY 3691') LNAV/VNAV DA(H) (491') 800' Apt Elev 325' Rwy 309' | JEPPESEN, 2020, 2026. ALL RIGHTS RESERVED. JEPPESEN ISTANBUL, TURKIYE Trans level: By ATC 270^ 090^ 3500 3000 MSA ARP RNP Z Rwy 36 Baro VNAV operations not authorized below -20^C and MANDATORY 353^ MANDATORY KESKN",d86b5b5e262a775f8e91d28a403f4b163992dbdd1733ca28e1ba6e46ce8a7ab6
1337,UDYZ,UDYZ,AIRPORT,AIRPORT,,AIRPORT INFORMATION,MATCH,independently_consistent,True,False,True,AWAITING_INDIVIDUAL_VISUAL_VERIFICATION,,images/pages_1201_1600/1337.jpg,"General Information Location: YEREVAN ARM ICAO/IATA: UDYZ / EVN Lat/Long: N40° 08.8', E044° 23.8' Elevation: 2838 ft Airport Use: Public Daylight Savings: Not Observed UTC Conversion: -4:00 = UTC Magnetic Variation: 7.0° E General Information Location: YEREVAN ARM ICAO/IATA: UDYZ",d86b5b5e262a775f8e91d28a403f4b163992dbdd1733ca28e1ba6e46ce8a7ab6
1338,UDYZ,UDYZ,AIRPORT,AIRPORT,10-1R,RADAR MINIMUM ALTITUDES,MATCH,independently_consistent,True,False,True,AWAITING_INDIVIDUAL_VISUAL_VERIFICATION,,images/pages_1201_1600/1338.jpg,"GOSIS Alt Set: hPa Trans level: By ATC Trans alt: 11500 JEPPESEN UDYZ/EVN YEREVAN, ARMENIA .RADAR.MINIMUM.ALTITUDES. 10-1R ZVARTNOTS 14 AUG 26 D40 0 45-30 During RADAR vectoring proceed to OKUDA at last cleared altitude but not below 7000. COMMS LOST COMMS LOST COMMS LOST COMMS L",d86b5b5e262a775f8e91d28a403f4b163992dbdd1733ca28e1ba6e46ce8a7ab6
1339,UDYZ,,STAR,STAR,10-2,"EDULO 1A, LODAC 1A, SEVAN 1F",MATCH,independently_consistent,True,False,True,AWAITING_INDIVIDUAL_VISUAL_VERIFICATION,,images/pages_1201_1600/1339.jpg,FL130 0 Apt Elev ATIS 119.5 K 2 2 2 ^ 1 6 . 9 S E V A N 2838 (RWY 08) EDULO 1A [EDUL1A] LODAC 1A [LODA1A] JEPPESEN .RNAV.STAR. RNAV 1 GNSS required RNAV ARRIVALS SEVAN 1F [SEVA1F] 26 JUN 26 .Eff.9.Jul. 1 0 0 0 0 O EDULO 8900 11.1 EDULO 1A 299^ Alt Set: hPa Trans level: By ATC STA,d86b5b5e262a775f8e91d28a403f4b163992dbdd1733ca28e1ba6e46ce8a7ab6
1340,UDYZ,,STAR,STAR,10-2A,"EDULO 1B, FODEC 1B, LODAC 1B, SEVAN 3B",MATCH,independently_consistent,True,False,True,AWAITING_INDIVIDUAL_VISUAL_VERIFICATION,,images/pages_1201_1600/1340.jpg,R V Z V OR FL130 X 215 KT A 9200 2 2 2 ^ 1 6 . 9 S E V A N 3 B EDULO 1B [EDUL1B] FODEC 1B [FODE1B] SEVAN 3B [SEVA3B] LODAC 1B [LODA1B] JEPPESEN .RNAV.STAR. (RWY 26) Apt Elev ATIS 119.5 2838 RNAV ARRIVALS 26 .Eff.9.Jul. EDULO 1 0 0 0 0 15.0 8900 EDULO 1B 312^ RNAV 1 GNSS required ,d86b5b5e262a775f8e91d28a403f4b163992dbdd1733ca28e1ba6e46ce8a7ab6
1341,UDYZ,,STAR,STAR,10-2B,"FODEC 1A, SEVAN 5A, SEVAN 1G",MATCH,independently_consistent,True,False,True,AWAITING_INDIVIDUAL_VISUAL_VERIFICATION,,images/pages_1201_1600/1341.jpg,0 R V Z V OR 11000 Apt Elev ATIS 119.5 MAXAK 2 2 2 ^ 1 6 . 9 S E V A N 1 G 2838 (RWY 08) FODEC 1A [FODE1A] JEPPESEN .RNAV.STAR. RNAV ARRIVALS SEVAN 1G [SEVA1G] 26 JUN 26 .Eff.9.Jul. S E V A N 5 A 1 0 0 0 0 SEVAN 5A [SEVA5A] Alt Set: hPa Trans level: By ATC RNAV 1 GNSS required ST,d86b5b5e262a775f8e91d28a403f4b163992dbdd1733ca28e1ba6e46ce8a7ab6
1342,UDYZ,,SID,SID,10-3,"EVGED 1E, INDUR 4E, KOSFI 1E, RUDRO 1E",MATCH,independently_consistent,True,False,True,AWAITING_INDIVIDUAL_VISUAL_VERIFICATION,,images/pages_1201_1600/1342.jpg,FL140 FL120 EVGED 1E [EVGE1E] INDUR 4E [INDU4E] Apt Elev 126.0 YEREVAN Approach 2838 JEPPESEN Trans alt: 11500 RNAV 1 GNSS required 26 JUN 26 .Eff.9.Jul. YZ67~ KOSFI 12.9 KOSFI 1E 103^ (RWY 26) RNAV DEPARTURES KOSFI 1E [KOSF1E] RUDRO 1E [RUDR1E] 1. Contact YEREVAN Approach IMMEDI,d86b5b5e262a775f8e91d28a403f4b163992dbdd1733ca28e1ba6e46ce8a7ab6
1343,UDYZ,,SID,SID,10-3A,"EVGED 1H, INDUR 4H, KOSFI 1H, RUDRO 1H",MATCH,independently_consistent,True,False,True,AWAITING_INDIVIDUAL_VISUAL_VERIFICATION,,images/pages_1201_1600/1343.jpg,"13,000 FL140 JEPPESEN 26 .Eff.9.Jul. KOSFI KOSFI 1H EVGED 1H [EVGE1H] INDUR 4H [INDU4H] (RWY 08) RNAV DEPARTURES KOSFI 1H [KOSF1H] RUDRO 1H [RUDR1H] Apt Elev 126.0 YEREVAN Approach 2838 1. Contact YEREVAN Approach IMMEDIATELY after take-off. 2. For non RNAV-1 ACFT report 'UNABLE ",d86b5b5e262a775f8e91d28a403f4b163992dbdd1733ca28e1ba6e46ce8a7ab6
1344,UDYZ,,AIRPORT,AIRPORT,10-9,Airport Diagram Chart (ADC),MATCH,independently_consistent,True,False,True,AWAITING_INDIVIDUAL_VISUAL_VERIFICATION,,images/pages_1201_1600/1344.jpg,"Apt Elev 40-10 40-10 44-22 44-23 44-24 44-25 44-26 Control Tower JEPPESEN Pocket 17 OCT 25 .Eff.30.Oct. 07^E ZVARTNOTS N40 08.8 E044 23.8 2838' 119.5 ATIS YEREVAN, ARMENIA Tower APRON 1 119.0 UDYZ/EVN YEREVAN Ground 128.0 10-9 Rwy 08 is approved for CAT II operations, special air",d86b5b5e262a775f8e91d28a403f4b163992dbdd1733ca28e1ba6e46ce8a7ab6
1345,UDYZ,,AIRPORT,AIRPORT,10-9A,PARKING STANDS & COORDS,MATCH,independently_consistent,True,False,True,AWAITING_INDIVIDUAL_VISUAL_VERIFICATION,,images/pages_1201_1600/1345.jpg,10-9A JEPPESEN 28 29 30 31 32 Cargo Terminal APRON 3 44-24.9 44-24.8 44-24.7 44-24.7 44-24.8 44-24.9 40-09.1 40-08.9 40-08.8 40-09.2 40-09.3 44-25 40-09 44-25 DE-ICING 17 OCT 25 .Eff.30.Oct. 22 to Main twy is via Apron 2 3. nd 26. nd 25 is intended from the Main twy with sh-back ,d86b5b5e262a775f8e91d28a403f4b163992dbdd1733ca28e1ba6e46ce8a7ab6
1346,UDYZ,UDYZ,AIRPORT,AIRPORT,10-9S,MINIMUMS,MATCH,independently_consistent,True,False,True,AWAITING_INDIVIDUAL_VISUAL_VERIFICATION,,images/pages_1201_1600/1346.jpg,10-9S JEPPESEN 3 .EASA.AIR.OPS. 1 2 2 2 2 28 JUN 24 .Eff.11.Jul. STRAIGHT-IN RWY D C B A UDYZ/EVN 08 ZVARTNOTS (200') (200') 3000' 3000' 3000' 3000' (200') (200') FULL ALS out R1200m R1200m R1200m R1200m 3210'(410') ALS out R1500m 3210'(410') 3210'(410') 3210'(410') R1500m R1900m,d86b5b5e262a775f8e91d28a403f4b163992dbdd1733ca28e1ba6e46ce8a7ab6
1347,UDYZ,UDYZ,APP,APP,11-1,APPROACH 11-1,MATCH,independently_consistent,True,False,True,AWAITING_INDIVIDUAL_VISUAL_VERIFICATION,,images/pages_1201_1600/1347.jpg,"40-15 YEREVAN, ARMENIA ZVARTNOTS LOC 108.1 IZR 083^ 5100' ILS DA(H) 3000'(200') ATIS 119.5 126.0 128.0 UDYZ/EVN 11-1 119.0 BRIEFING STRIP TM Trans level: By ATC Rwy Elev: 98 hPa Alt Set: hPa YEREVAN Tower Ground MISSED APCH: YEREVAN Approach ILS DME Rwy 08 I Z R D7.1 IZR (2300') ",d86b5b5e262a775f8e91d28a403f4b163992dbdd1733ca28e1ba6e46ce8a7ab6
1348,UDYZ,UDYZ,APP,APP,11-1A,APPROACH 11-1A,MATCH,independently_consistent,True,False,True,AWAITING_INDIVIDUAL_VISUAL_VERIFICATION,,images/pages_1201_1600/1348.jpg,"YEREVAN, ARMENIA ZVARTNOTS LOC 108.1 IZR 083^ 5100' DA(H) Final Apch Crs UDYZ/EVN BRIEFING STRIP TM Trans level: By ATC Rwy Elev: 98 hPa Alt Set: hPa MISSED APCH: 10 11-1A CAT II ILS RA 100' 2900'(100') Ground 119.0 YEREVAN Tower 128.0 126.0 ATIS 119.5 YEREVAN Approach CAT II ILS",d86b5b5e262a775f8e91d28a403f4b163992dbdd1733ca28e1ba6e46ce8a7ab6
1349,UDYZ,UDYZ,APP,APP,12-1,RNP RWY 08,MATCH,independently_consistent,True,False,True,AWAITING_INDIVIDUAL_VISUAL_VERIFICATION,,images/pages_1201_1600/1349.jpg,"083^ 5100'(2300') YEREVAN, ARMENIA ZVARTNOTS ATIS 119.5 126.0 128.0 UDYZ/EVN 12-1 119.0 Trans level: By ATC BRIEFING STRIP TM Alt Set: hPa Rwy Elev: 98 hPa YEREVAN Tower Ground DA(H) 3150'(350') MISSED APCH: 40-15 YEREVAN Approach Final Apch Crs 10 JEPPESEN Trans alt: 11500' RNAV",d86b5b5e262a775f8e91d28a403f4b163992dbdd1733ca28e1ba6e46ce8a7ab6
1350,UDYZ,UDYZ,APP,APP,,RNP RWY 26,REVIEW,only_old_index_supports_category,True,False,True,AWAITING_INDIVIDUAL_VISUAL_VERIFICATION,,images/pages_1201_1600/1350.jpg,"UD(R)-3 UD(R)-2 BASRU 263^ YEREVAN, ARMENIA ZVARTNOTS UDYZ/EVN 12-2 Trans level: By ATC Alt Set: hPa Rwy Elev: 100 hPa MISSED APCH: BRIEFING STRIP TM ATIS 119.5 126.0 128.0 119.0 YEREVAN Tower Ground 7900'(5062') YEREVAN Approach BASRU Final Apch Crs Refer to Minimums JEPPESEN Tr",d86b5b5e262a775f8e91d28a403f4b163992dbdd1733ca28e1ba6e46ce8a7ab6
1351,UDYZ,UDYZ,APP,APP,,RNP RWY 26,REVIEW,only_old_index_supports_category,True,False,True,AWAITING_INDIVIDUAL_VISUAL_VERIFICATION,,images/pages_1201_1600/1351.jpg,"UD(R)-3 UD(R)-2 263^ YEREVAN, ARMENIA ZVARTNOTS UDYZ/EVN 12-3 Trans level: By ATC Alt Set: hPa Rwy Elev: 100 hPa MISSED APCH: BRIEFING STRIP TM ATIS 119.5 126.0 128.0 119.0 YEREVAN Tower Ground 5200'(2362') YEREVAN Approach AGUGO Final Apch Crs JEPPESEN Trans alt: 11500' RNAV 10 ",d86b5b5e262a775f8e91d28a403f4b163992dbdd1733ca28e1ba6e46ce8a7ab6
1352,UDYZ,UDYZ,APP,APP,12-40,GLS RWY 08,MATCH,independently_consistent,True,False,True,AWAITING_INDIVIDUAL_VISUAL_VERIFICATION,,images/pages_1201_1600/1352.jpg,"083^ 5100'(2300') YEREVAN, ARMENIA ZVARTNOTS ATIS 119.5 126.0 128.0 UDYZ/EVN 119.0 Trans level: By ATC BRIEFING STRIP TM Alt Set: hPa Rwy Elev: 98 hPa YEREVAN Tower Ground DA(H) MISSED APCH: YEREVAN Approach Final Apch Crs 10 JEPPESEN Trans alt: 11500' ARMAV Apt Elev 2838' Rwy 28",d86b5b5e262a775f8e91d28a403f4b163992dbdd1733ca28e1ba6e46ce8a7ab6
1353,UDYZ,UDYZ,APP,APP,13-1,VOR DME RWY 08,MATCH,independently_consistent,True,False,True,AWAITING_INDIVIDUAL_VISUAL_VERIFICATION,,images/pages_1201_1600/1353.jpg,"VOR 112.3 ZVR 083^ 5100' D5.4 (2300') YEREVAN, ARMENIA ZVARTNOTS ATIS 119.5 126.0 128.0 UDYZ/EVN 13-1 119.0 Trans level: By ATC BRIEFING STRIP TM Alt Set: hPa Rwy Elev: 98 hPa YEREVAN Tower Ground VOR DME Rwy 08 3210'(410') MISSED APCH: 40-15 YEREVAN Approach Final Apch Crs 10 JE",d86b5b5e262a775f8e91d28a403f4b163992dbdd1733ca28e1ba6e46ce8a7ab6
1354,UDYZ,UDYZ,AIRPORT,AIRPORT,19-01,AIRPORT QUALIFICATION,MATCH,independently_consistent,True,False,True,AWAITING_INDIVIDUAL_VISUAL_VERIFICATION,,images/pages_1201_1600/1354.jpg,"19-01 5 JUN 26 Control Tower 218^ 318^ 058^ 118^ 13,000 18,100 11,300 14,700 MSA ZVR VOR JEPPESEN 1. Airport Qualification: Limited Airport Information; Lack of Accurate NOTAM Information; Unique Local Procedures; Local Weather Conditions/Weather Reporting; Language/Accents; Moun",d86b5b5e262a775f8e91d28a403f4b163992dbdd1733ca28e1ba6e46ce8a7ab6
1355,UDYZ,UDYZ,AIRPORT,AIRPORT,19-02,AIRPORT QUALIFICATION,MATCH,independently_consistent,True,False,True,AWAITING_INDIVIDUAL_VISUAL_VERIFICATION,,images/pages_1201_1600/1355.jpg,"19-02 5 JUN 26 JEPPESEN Time Conv (Std): UTC +4 UDYZ/EVN Longest Rwy (LDA): Public Rwy 08/26-12,631'(3850m) ZVARTNOTS YEREVAN, ARMENIA OVERVIEW .AIRPORT.QUALIFICATION. Zvartnots Airport is located in southern Armenia, about half way between the southeastern shoreline of the Black",d86b5b5e262a775f8e91d28a403f4b163992dbdd1733ca28e1ba6e46ce8a7ab6
1356,UDYZ,,AIRPORT,AIRPORT,19-10,AIRPORT QUALIFICATION,MATCH,independently_consistent,True,False,True,AWAITING_INDIVIDUAL_VISUAL_VERIFICATION,,images/pages_1201_1600/1356.jpg,JEPPESEN .Eff.8.Aug. 2 AUG 24 Rwy 26 2838' CAT A & B: 128^ 083^ 112.3 ZVR DZ V R ZVARTNOTS 4.1 3169' 3045' 3007' 3342' 3324' 3695' 3810' 3599' 3342' 3995' 4866' 3912' 3250' 40-10 2948' NOT CRO SS D ME A rc 2.7 F D6.4 ZVR/ R-083 3225' 3325' 3094' 2989' UD(R)-1 UD(R)-3 3000 3000 35,d86b5b5e262a775f8e91d28a403f4b163992dbdd1733ca28e1ba6e46ce8a7ab6
1357,UGTB,UGTB,AIRPORT,AIRPORT,,AIRPORT INFORMATION,REVIEW,only_old_index_supports_category,True,False,True,AWAITING_INDIVIDUAL_VISUAL_VERIFICATION,,images/pages_1201_1600/1357.jpg,"General Information Location: TBILISI GEO ICAO/IATA: UGTB / TBS Lat/Long: N41° 40.1', E044° 57.3' Elevation: 1578 ft Airport Use: Public Daylight Savings: Not Observed UTC Conversion: -4:00 = UTC Magnetic Variation: 7.0° E Tbilisi Approach: 127.200 Tbilisi Approach: 134.600 Tbili",d86b5b5e262a775f8e91d28a403f4b163992dbdd1733ca28e1ba6e46ce8a7ab6
1358,UGTB,UGTB,AIRPORT,AIRPORT,,AIRPORT INFORMATION,MATCH,independently_consistent,True,False,True,AWAITING_INDIVIDUAL_VISUAL_VERIFICATION,,images/pages_1201_1600/1358.jpg,"General Information Location: TBILISI GEO ICAO/IATA: UGTB / TBS Lat/Long: N41° 40.1', E044° 57.3' Elevation: 1578 ft Airport Use: Public Daylight Savings: Not Observed UTC Conversion: -4:00 = UTC Magnetic Variation: 7.0° E Tbilisi Approach: 127.200 Tbilisi Approach: 134.600 Tbili",d86b5b5e262a775f8e91d28a403f4b163992dbdd1733ca28e1ba6e46ce8a7ab6
1359,UGTB,UGTB,AIRPORT,AIRPORT,10-1P,AIRPORT BRIEFING,MATCH,independently_consistent,True,False,True,AWAITING_INDIVIDUAL_VISUAL_VERIFICATION,,images/pages_1201_1600/1359.jpg,"JEPPESEN 1. GENERAL 1.1. ATIS 1.2. .Eff.30.Oct. 24 OCT 25 ATIS 132.8 TAXI INFORMATION TWY D - military responsibility. TWY B, Apron TWY C and TWY E are used for maneuvering of any type of aircraft. For apron 4 assistance from the ""FOLLOW ME"" vehicle is required for all categories",d86b5b5e262a775f8e91d28a403f4b163992dbdd1733ca28e1ba6e46ce8a7ab6
1360,UGTB,UGTB,AIRPORT,AIRPORT,10-1P1,AIRPORT BRIEFING,MATCH,independently_consistent,True,False,True,AWAITING_INDIVIDUAL_VISUAL_VERIFICATION,,images/pages_1201_1600/1360.jpg,"JEPPESEN 2. ARRIVAL 2.1. .Eff.30.Oct. 24 OCT 25 TAXI PROCEDURES Arriving aircraft will be allocated a stand number by the TWR. 3.1. 3. DEPARTURE START-UP, PUSHBACK AND TAXI PROCEDURES Departing IFR and VFR flights shall contact TWR to obtain ATC clearance before commencing taxiin",d86b5b5e262a775f8e91d28a403f4b163992dbdd1733ca28e1ba6e46ce8a7ab6
1361,UGTB,UGTB,AIRPORT,AIRPORT,10-1R,RADAR MINIMUM ALTITUDES,MATCH,independently_consistent,True,False,True,AWAITING_INDIVIDUAL_VISUAL_VERIFICATION,,images/pages_1201_1600/1361.jpg,"D 6 0 GEORGIA AZERBAIJAN 000 .Eff.3.Dec. 27 NOV 20 of altitudes assigned by a controller emperatures to -14^C (UGTB temperature). NTAIN ACFT in controlled airspace and llance facilities. JEPPESEN 10-1R UGTB/TBS TBILISI TBILISI, GEORGIA .RADAR.MINIMUM.ALTITUDES. 12783 46-00 46-30 ",d86b5b5e262a775f8e91d28a403f4b163992dbdd1733ca28e1ba6e46ce8a7ab6
1362,UGTB,,STAR,STAR,10-2,"GIMUR 1B, LAGAS 1B, LAMUS 1B, TISOT 1B",MATCH,independently_consistent,True,False,True,AWAITING_INDIVIDUAL_VISUAL_VERIFICATION,,images/pages_1201_1600/1362.jpg,2 6 0 ^ 9000 Apt Elev ATIS 132.8 1578 15 DEC 23 .Eff.28.Dec. MAX 280 KT MAX FL200 MHA 9000 0 7 8 ^ 2 5 8 ^ LAMUS 299^ S 1B Alt Set: hPa Trans level: FL130 capability shall be IMMEDIATELY reported to ATC and vectoring for final approach should be EXPECTED. 2. Arrival flights not c,d86b5b5e262a775f8e91d28a403f4b163992dbdd1733ca28e1ba6e46ce8a7ab6
1363,UGTB,,STAR,STAR,10-2A,"GIMUR 1A, LAGAS 1A, LAMUS 1A, TISOT 1A",MATCH,independently_consistent,True,False,True,AWAITING_INDIVIDUAL_VISUAL_VERIFICATION,,images/pages_1201_1600/1363.jpg,2 6 0 ^ 8000 0 Apt Elev ATIS 132.8 1578 C 23 .Eff.28.Dec. MAX 280 KT MAX FL200 MHA 8000 0 7 8 ^ 2 5 8 ^ LAMUS Alt Set: hPa Trans level: FL130 capability shall be IMMEDIATELY reported to ATC and vectoring for final approach should be EXPECTED. 2. Arrival flights not capable of RNA,d86b5b5e262a775f8e91d28a403f4b163992dbdd1733ca28e1ba6e46ce8a7ab6
1364,UGTB,,SID,SID,10-3,"DISKA 1E, KUFAN 1E, LAPTO 1E, TAVRO 1E",MATCH,independently_consistent,True,False,True,AWAITING_INDIVIDUAL_VISUAL_VERIFICATION,,images/pages_1201_1600/1364.jpg,Apt Elev Trans alt: 11000 1578 56. 10 20 30 40 50 0 5 15 25 35 45 5 16445 1. RNAV 1. 2. GNSS required. 3. WARNING: Take-off to be carried out using noise abatement procedures for the area according to Aircraft Operation Manual. 4. When cleared level requires ACFT to level-off on ,d86b5b5e262a775f8e91d28a403f4b163992dbdd1733ca28e1ba6e46ce8a7ab6
1365,UGTB,,SID,SID,10-3A,"DISKA 1D, KUFAN 1D, LAPTO 1D",MATCH,independently_consistent,True,False,True,AWAITING_INDIVIDUAL_VISUAL_VERIFICATION,,images/pages_1201_1600/1365.jpg,"Apt Elev Trans alt: 11000 1578 10 20 30 40 50 0 5 15 25 35 45 5 16445 1. WARNING: Take-off to be carried out using noise abatement procedures for the area according to Aircraft Operation Manual. 2. When cleared level requires ACFT to level-off on SID, ATC Surveillance Minimum Alt",d86b5b5e262a775f8e91d28a403f4b163992dbdd1733ca28e1ba6e46ce8a7ab6
1366,UGTB,UGTB,SID,SID,10-3B,TAVRO 2D,MATCH,independently_consistent,True,False,True,AWAITING_INDIVIDUAL_VISUAL_VERIFICATION,,images/pages_1201_1600/1366.jpg,"Trans alt: 11000 RNAV 1 GNSS required Apt Elev 1578 1. WARNING: Take-off to be carried out using noise abatement procedures for the area according to Aircraft Operation Manual. 2. When cleared level requires ACFT to level-off on SID, ATC Surveillance Minimum Altitudes will be res",d86b5b5e262a775f8e91d28a403f4b163992dbdd1733ca28e1ba6e46ce8a7ab6
1367,UGTB,UGTB,SID,SID,10-3C,"DF 1D, DF 1E",MATCH,independently_consistent,True,False,True,AWAITING_INDIVIDUAL_VISUAL_VERIFICATION,,images/pages_1201_1600/1367.jpg,"DF Trans alt: 11000 Apt Elev 1578 .SID. JEPPESEN 10-3C 25 UGTB/TBS TBILISI TBILISI, GEORGIA 18 OCT 24 .Eff.31.Oct. 1. WARNING: Take-off to be carried out using noise abatement procedures for the area according to Aircraft Operation Manual. 2. When cleared level requires ACFT to l",d86b5b5e262a775f8e91d28a403f4b163992dbdd1733ca28e1ba6e46ce8a7ab6
1368,UGTB,,AIRPORT,AIRPORT,10-9,Airport Diagram Chart (ADC),MATCH,independently_consistent,True,False,True,AWAITING_INDIVIDUAL_VISUAL_VERIFICATION,,images/pages_1201_1600/1368.jpg,"x x Apt Elev 13R 130^ Control Tower 9843' JEPPESEN APRON 1 APRON 3 3000m VOR AIS + MET 07^E Terminal 1 1 APN TWY C 41-41 41-41 44-56 44-57 44-58 24 OCT 25 .Eff.30.Oct. ATIS 132.8 119.0 1578' TBILISI, GEORGIA N41 40.2 E044 57.3 10-9 TBILISI Elev 1578' UGTB/TBS B B A F 131.7 Tower ",d86b5b5e262a775f8e91d28a403f4b163992dbdd1733ca28e1ba6e46ce8a7ab6
1369,UGTB,,AIRPORT,AIRPORT,10-9A,PARKING STANDS & COORDS,MATCH,independently_consistent,True,False,True,AWAITING_INDIVIDUAL_VISUAL_VERIFICATION,,images/pages_1201_1600/1369.jpg,LEGEND 16 Terminal 1 2 3 20 B Control Tower 17 18 19 22 F C1 C2 C3 C4 D JEPPESEN Taxilane 41-40.4 41-40.5 41-40.6 41-40.4 44-57.9 44-57.8 44-57.7 44-57.6 44-57.5 44-57.4 44-57.3 44-57.2 44-57.1 44-57 AIS + MET 26 27 23 24 4 5C 5 7 15 25 21 8 9 9D 7C 6 HOT SPOTS 14 B 33 24 OCT 25 ,d86b5b5e262a775f8e91d28a403f4b163992dbdd1733ca28e1ba6e46ce8a7ab6
1370,UGTB,UGTB,AIRPORT,AIRPORT,10-9S,MINIMUMS,MATCH,independently_consistent,True,False,True,AWAITING_INDIVIDUAL_VISUAL_VERIFICATION,,images/pages_1201_1600/1370.jpg,"10-9S JEPPESEN 2 2 TBILISI UGTB/TBS TBILISI, GEORGIA 3 1 1 1 1 .EASA.AIR.OPS. .Eff.16.Jun. 3 JUN 22 1 1 1 1 STRAIGHT-IN RWY D C B A 13R R1500m (200') (200') R1500m 31L R550m R550m R550m R550m R550m R550m R550m R550m FULL (200') 1778' 1778' (210') (200') 1778' 1788' 2280' 2280' 22",d86b5b5e262a775f8e91d28a403f4b163992dbdd1733ca28e1ba6e46ce8a7ab6
1371,UGTB,,APP,APP,11-1,ILS Z RWY 13R,MATCH,independently_consistent,True,False,True,AWAITING_INDIVIDUAL_VISUAL_VERIFICATION,,images/pages_1201_1600/1371.jpg,"UG(R) 3000 3000 4000 4000 TBILISI TBILISI, GEORGIA ATIS 119.0 LOC IVP 110.3 DA(H) Apt Elev Rwy 1578' 1578' 260^ 132.8 5300' BRIEFING STRIP TM MISSED APCH: TBILISI Tower UGTB/TBS 11-1 Rwy Elev: 56 hPa 134.6 (3722') Final Apch Crs 130^ Alt Set: hPa JEPPESEN Refer to Minimums TBILIS",d86b5b5e262a775f8e91d28a403f4b163992dbdd1733ca28e1ba6e46ce8a7ab6
1372,UGTB,,APP,APP,11-2,LOC Z RWY 13R,MATCH,independently_consistent,True,False,True,AWAITING_INDIVIDUAL_VISUAL_VERIFICATION,,images/pages_1201_1600/1372.jpg,"UG(R) 3000 3000 4000 4000 TBILISI TBILISI, GEORGIA ATIS 119.0 LOC IVP 110.3 Apt Elev Rwy 1578' 1578' 260^ 132.8 5300' BRIEFING STRIP TM MISSED APCH: TBILISI Tower UGTB/TBS 11-2 Rwy Elev: 56 hPa 134.6 (3722') Final Apch Crs 130^ Alt Set: hPa JEPPESEN TBILISI Approach 8900 7000 D9.",d86b5b5e262a775f8e91d28a403f4b163992dbdd1733ca28e1ba6e46ce8a7ab6
1373,UGTB,,APP,APP,11-3,ILS Y RWY 13R,MATCH,independently_consistent,True,False,True,AWAITING_INDIVIDUAL_VISUAL_VERIFICATION,,images/pages_1201_1600/1373.jpg,"3000 3000 4000 4000 3000 TBILISI TBILISI, GEORGIA ATIS 119.0 LOC IVP 110.3 DA(H) Apt Elev Rwy 1578' 1578' 260^ 132.8 5300' BRIEFING STRIP TM MISSED APCH: TBILISI Tower UGTB/TBS 11-3 Rwy Elev: 56 hPa 134.6 (3722') Final Apch Crs 130^ Alt Set: hPa JEPPESEN Refer to Minimums TBILISI",d86b5b5e262a775f8e91d28a403f4b163992dbdd1733ca28e1ba6e46ce8a7ab6
1374,UGTB,,APP,APP,11-4,LOC Y RWY 13R,MATCH,independently_consistent,True,False,True,AWAITING_INDIVIDUAL_VISUAL_VERIFICATION,,images/pages_1201_1600/1374.jpg,"3000 3000 4000 4000 3000 TBILISI TBILISI, GEORGIA ATIS 119.0 LOC IVP 110.3 Apt Elev Rwy 1578' 1578' 260^ 132.8 5300' BRIEFING STRIP TM MISSED APCH: TBILISI Tower UGTB/TBS 11-4 Rwy Elev: 56 hPa 134.6 (3722') Final Apch Crs 130^ Alt Set: hPa JEPPESEN TBILISI Approach 8900 7000 D9.9",d86b5b5e262a775f8e91d28a403f4b163992dbdd1733ca28e1ba6e46ce8a7ab6
1375,UGTB,,APP,APP,11-5,ILS Z RWY 31L,MATCH,independently_consistent,True,False,True,AWAITING_INDIVIDUAL_VISUAL_VERIFICATION,,images/pages_1201_1600/1375.jpg,"3000 3000 3000 4000 TBILISI TBILISI, GEORGIA ATIS 119.0 LOC INA 108.9 DA(H) Apt Elev Rwy 1513' 1578' 260^ 132.8 4000' BRIEFING STRIP TM MISSED APCH: TBILISI Tower UGTB/TBS 11-5 Rwy Elev: 54 hPa 134.6 (2487') Final Apch Crs 310^ Alt Set: hPa JEPPESEN Refer to Minimums TBILISI Appr",d86b5b5e262a775f8e91d28a403f4b163992dbdd1733ca28e1ba6e46ce8a7ab6
1376,UGTB,,APP,APP,11-6,LOC Z RWY 31L,MATCH,independently_consistent,True,False,True,AWAITING_INDIVIDUAL_VISUAL_VERIFICATION,,images/pages_1201_1600/1376.jpg,"3000 3000 3000 4000 TBILISI TBILISI, GEORGIA ATIS 119.0 LOC INA 108.9 Apt Elev Rwy 1513' 1578' 260^ 132.8 4000' BRIEFING STRIP TM MISSED APCH: TBILISI Tower UGTB/TBS 11-6 Rwy Elev: 54 hPa 134.6 (2487') Final Apch Crs 310^ Alt Set: hPa JEPPESEN Refer to Minimums TBILISI Approach 8",d86b5b5e262a775f8e91d28a403f4b163992dbdd1733ca28e1ba6e46ce8a7ab6
1377,UGTB,,APP,APP,11-7,ILS Y RWY 31L,MATCH,independently_consistent,True,False,True,AWAITING_INDIVIDUAL_VISUAL_VERIFICATION,,images/pages_1201_1600/1377.jpg,"3000 3000 4000 TBILISI TBILISI, GEORGIA ATIS 119.0 LOC INA 108.9 DA(H) Apt Elev Rwy 1513' 1578' 260^ 132.8 4000' BRIEFING STRIP TM MISSED APCH: TBILISI Tower UGTB/TBS 11-7 Rwy Elev: 54 hPa 134.6 (2487') Final Apch Crs 310^ Alt Set: hPa JEPPESEN Refer to Minimums TBILISI Approach ",d86b5b5e262a775f8e91d28a403f4b163992dbdd1733ca28e1ba6e46ce8a7ab6
1378,UGTB,,APP,APP,11-8,LOC Y RWY 31L,MATCH,independently_consistent,True,False,True,AWAITING_INDIVIDUAL_VISUAL_VERIFICATION,,images/pages_1201_1600/1378.jpg,"3000 3000 3000 4000 TBILISI TBILISI, GEORGIA ATIS 119.0 LOC INA 108.9 Apt Elev Rwy 1513' 1578' 260^ 132.8 4000' BRIEFING STRIP TM MISSED APCH: TBILISI Tower UGTB/TBS 11-8 Rwy Elev: 54 hPa 134.6 (2487') Final Apch Crs 310^ Alt Set: hPa JEPPESEN Refer to Minimums TBILISI Approach 8",d86b5b5e262a775f8e91d28a403f4b163992dbdd1733ca28e1ba6e46ce8a7ab6
1379,UGTB,,APP,APP,13-1,VOR RWY 13R,MATCH,independently_consistent,True,False,True,AWAITING_INDIVIDUAL_VISUAL_VERIFICATION,,images/pages_1201_1600/1379.jpg,"UG(R)-29 3000 TBILISI TBILISI, GEORGIA ATIS 119.0 VOR TBS 113.7 132.8 5300' BRIEFING STRIP TM TBILISI Tower UGTB/TBS 13-1 Rwy Elev: 56 hPa 134.6 (3722') 15 13 (IF) Final Apch Crs 130^ Alt Set: hPa JEPPESEN D17.3 2580'(1002') D10.4 TBILISI Approach Apt Elev 1578' Rwy 1578' [CS13R]",d86b5b5e262a775f8e91d28a403f4b163992dbdd1733ca28e1ba6e46ce8a7ab6
1380,UGTB,UGTB,APP,APP,13-2,VOR RWY 31L,MATCH,independently_consistent,True,False,True,AWAITING_INDIVIDUAL_VISUAL_VERIFICATION,,images/pages_1201_1600/1380.jpg,"UG(R)-14 UG(R)-17 UG(R)-25 UG(R)-50 4000 5000 TBILISI TBILISI, GEORGIA 13-2 BRIEFING STRIP TM UGTB/TBS 309^ ATIS 119.0 132.8 TBILISI Tower Rwy Elev: 54 hPa 134.6 Final Apch Crs JEPPESEN VOR TBS 113.7 4000'(2487') D8.6 Alt Set: hPa TBILISI Approach Apt Elev 1578' Rwy 1513' 15 128.",d86b5b5e262a775f8e91d28a403f4b163992dbdd1733ca28e1ba6e46ce8a7ab6
1381,UGTB,,AIRPORT,AIRPORT,19-01,AIRPORT QUALIFICATION,MATCH,independently_consistent,True,False,True,AWAITING_INDIVIDUAL_VISUAL_VERIFICATION,,images/pages_1201_1600/1381.jpg,19-01 27 MAR 26 260^ 056^ 117^ 147^ 7000 9300 7000 8900 MSA TBS VOR Control Tower JEPPESEN Lack of Accurate NOTAM Information; Unique Local Procedures; Local Weather Conditions/Weather Reporting; Language/Accents; Mountainous Terrain 1. Airport Qualification: Limited Airport Info,d86b5b5e262a775f8e91d28a403f4b163992dbdd1733ca28e1ba6e46ce8a7ab6
1382,UGTB,UGTB,AIRPORT,AIRPORT,19-02,AIRPORT QUALIFICATION,MATCH,independently_consistent,True,False,True,AWAITING_INDIVIDUAL_VISUAL_VERIFICATION,,images/pages_1201_1600/1382.jpg,"19-02 27 MAR 26 JEPPESEN Time Conv (Std): UTC +4 UGTB/TBS Longest Rwy (LDA): Public Rwy 13R/31L-9843'(3000m) TBILISI TBILISI, GEORGIA OVERVIEW .AIRPORT.QUALIFICATION. Tbilisi Airport is located in the southeastern portion of the Republic of Georgia. The airport is near the head o",d86b5b5e262a775f8e91d28a403f4b163992dbdd1733ca28e1ba6e46ce8a7ab6
1383,UGSB,UGSB,AIRPORT,AIRPORT,,AIRPORT INFORMATION,MATCH,independently_consistent,True,False,True,AWAITING_INDIVIDUAL_VISUAL_VERIFICATION,,images/pages_1201_1600/1383.jpg,"General Information Location: BATUMI GEO ICAO/IATA: UGSB / BUS Lat/Long: N41° 36.6', E041° 36.0' Elevation: 37 ft Airport Use: Public Daylight Savings: Not Observed UTC Conversion: -4:00 = UTC Magnetic Variation: 7.0° E General Information Location: BATUMI GEO ICAO/IATA: UGSB / B",d86b5b5e262a775f8e91d28a403f4b163992dbdd1733ca28e1ba6e46ce8a7ab6
1384,UGSB,UGSB,AIRPORT,AIRPORT,10-1P,AIRPORT BRIEFING,MATCH,independently_consistent,True,False,True,AWAITING_INDIVIDUAL_VISUAL_VERIFICATION,,images/pages_1201_1600/1384.jpg,"JEPPESEN 1. GENERAL 1.2. UGSB/BUS BATUMI, GEORGIA TAXI INFORMATION Helicopters shall always be directed to the stand by a marshaller. Helicopters with wheeled landing gear shall ground taxi to/from stands 10, 16, 17, 18,19. Helicopters with skid landing gear shall air taxi to/fro",d86b5b5e262a775f8e91d28a403f4b163992dbdd1733ca28e1ba6e46ce8a7ab6
1385,UGSB,UGSB,AIRPORT,AIRPORT,10-1R,RADAR MINIMUM ALTITUDES,MATCH,independently_consistent,True,False,True,AWAITING_INDIVIDUAL_VISUAL_VERIFICATION,,images/pages_1201_1600/1385.jpg,"2 N M 40NM UGSB/BUS BATUMI 50 .RADAR.MINIMUM.ALTITUDES. 10-1R .Eff.18.May. BATUMI, GEORGIA JEPPESEN 5 MAY 23 1. The chart may only be used for cross-checking of altitudes assigned by a controller while using an ATC surveillance system. 2. The minimum altitudes are protected for l",d86b5b5e262a775f8e91d28a403f4b163992dbdd1733ca28e1ba6e46ce8a7ab6
1386,UGSB,,STAR,STAR,10-2,KUSSA 1A,MATCH,independently_consistent,True,False,True,AWAITING_INDIVIDUAL_VISUAL_VERIFICATION,,images/pages_1201_1600/1386.jpg,"3,600 00 FL130 FL110 FL090 SA SB1~3 SB1~2 ODILI 6.0 4.0 5.6 ODILI 1 2 273^ 7000 11000 JEPPESEN .RNAV.STAR. 1. Arrival flights capable of RNAV1 (GNSS) will normally be cleared to follow appropriate RNAV STAR or will be given direct routings to the wpts designated as IAF or IF of t",d86b5b5e262a775f8e91d28a403f4b163992dbdd1733ca28e1ba6e46ce8a7ab6
1387,UGSB,UGSB,SID,SID,10-3,TUZZA 1D,MATCH,independently_consistent,True,False,True,AWAITING_INDIVIDUAL_VISUAL_VERIFICATION,,images/pages_1201_1600/1387.jpg,"KUTAISI Kopitnari UGKO FL130 FL130 10-3 JEPPESEN UGSB/BUS BATUMI BATUMI, GEORGIA .RNAV.SID. NOT TO SCALE BARUS FIBBE SB2~2 11.7 3 2. 0 F IB BE 1 BARUS 1 0 8 2 ^ 112^ 04^ to SB2~~, turn RIGHT direct to TUZZA, , to BARUS at or above FL130. , to FIBBE at or above FL130. 04^ to SB2~~",d86b5b5e262a775f8e91d28a403f4b163992dbdd1733ca28e1ba6e46ce8a7ab6
1388,UGSB,UGSB,AIRPORT,AIRPORT,10-9,Airport Diagram Chart (ADC),MATCH,independently_consistent,True,False,True,AWAITING_INDIVIDUAL_VISUAL_VERIFICATION,,images/pages_1201_1600/1388.jpg,"Apt Elev BATUMI, GEORGIA BATUMI UGSB/BUS 10-9 37' N41 36.6 E041 36.0 118.6 ARP Elev 17' 8202' 07^E PARKING POSITIONS STAND COORDINATES BATUMI Tower JEPPESEN Control Tower MET 12 124^ 41-37 41-37 41-35 41-35 41-36 41-37 10 thru 11 12 thru 15 16 thru 18 19, 19C N41 36.3 E041 36.7 N",d86b5b5e262a775f8e91d28a403f4b163992dbdd1733ca28e1ba6e46ce8a7ab6
1389,UGSB,,AIRPORT,AIRPORT,10-9S,MINIMUMS,MATCH,independently_consistent,True,False,True,AWAITING_INDIVIDUAL_VISUAL_VERIFICATION,,images/pages_1201_1600/1389.jpg,10-9S 377' JEPPESEN 1 487' 400' 500' 630' 3 630' 750' 750' 2 ALS out R1500m R1500m R2200m R2200m R1500m R1500m R2300m R2300m ALS out R1500m R1500m R2400m R2400m ALS out .Eff.19.Feb. .EASA.AIR.OPS. 687' 2 687' ALS out R1500m R1500m R2400m R2400m 3 1 3 560' 560' 1 560' 560' 6 FEB 2,d86b5b5e262a775f8e91d28a403f4b163992dbdd1733ca28e1ba6e46ce8a7ab6
1390,UGSB,UGSB,APP,APP,11-1,ILS Z OR LOC Z RWY 12,MATCH,independently_consistent,True,False,True,AWAITING_INDIVIDUAL_VISUAL_VERIFICATION,,images/pages_1201_1600/1390.jpg,"MISSED APCH: BRIEFING STRIP TM UGSB/BUS 11-1 BATUMI, GEORGIA BATUMI LOC ILU 110.3 124^ Alt Set: hPa Rwy Elev: 1 hPa Trans level: FL090 Trans alt: 7000' 118.6 DA(H) BATUMI Tower BATUMI Approach Final Apch Crs 10 Refer to Minimums JEPPESEN 2000'(1983') Rwy 17' 124.425 Apt Elev 37' ",d86b5b5e262a775f8e91d28a403f4b163992dbdd1733ca28e1ba6e46ce8a7ab6
1391,UGSB,UGSB,APP,APP,11-2,CHART PAGE 805,MATCH,independently_consistent,True,False,True,AWAITING_INDIVIDUAL_VISUAL_VERIFICATION,,images/pages_1201_1600/1391.jpg,"MISSED APCH: BRIEFING STRIP TM UGSB/BUS 11-2 BATUMI, GEORGIA BATUMI LOC ILU 110.3 124^ Alt Set: hPa Rwy Elev: 1 hPa Trans level: FL090 Trans alt: 7000' Final Apch Crs 10 Refer to Minimums JEPPESEN 2000'(1983') Rwy 17' Apt Elev 37' D6.0 ILU LOC Z Rwy 12 Refer to minimums for misse",d86b5b5e262a775f8e91d28a403f4b163992dbdd1733ca28e1ba6e46ce8a7ab6
1392,UGSB,UGSB,APP,APP,11-3,ILS Y RWY 12,MATCH,independently_consistent,True,False,True,AWAITING_INDIVIDUAL_VISUAL_VERIFICATION,,images/pages_1201_1600/1392.jpg,"MISSED APCH: BRIEFING STRIP TM UGSB/BUS 11-3 BATUMI, GEORGIA BATUMI LOC ILU 110.3 124^ Alt Set: hPa Rwy Elev: 1 hPa Trans level: FL090 Trans alt: 7000' DA(H) Final Apch Crs 10 Refer to Minimums JEPPESEN 2000'(1983') Rwy 17' Apt Elev 37' D6.0 ILU ILS Y Rwy 12 Refer to minimums for",d86b5b5e262a775f8e91d28a403f4b163992dbdd1733ca28e1ba6e46ce8a7ab6
1393,UGSB,UGSB,APP,APP,11-4,LOC Y RWY 12,MATCH,independently_consistent,True,False,True,AWAITING_INDIVIDUAL_VISUAL_VERIFICATION,,images/pages_1201_1600/1393.jpg,"MISSED APCH: BRIEFING STRIP TM UGSB/BUS 11-4 BATUMI, GEORGIA BATUMI LOC ILU 110.3 124^ Alt Set: hPa Rwy Elev: 1 hPa Trans level: FL090 Trans alt: 7000' Final Apch Crs 10 Refer to Minimums JEPPESEN 2000'(1983') Rwy 17' Apt Elev 37' D6.0 ILU LOC Y Rwy 12 Refer to minimums for misse",d86b5b5e262a775f8e91d28a403f4b163992dbdd1733ca28e1ba6e46ce8a7ab6
1394,UGSB,UGSB,APP,APP,16-1,NDB RWY 12,MATCH,independently_consistent,True,False,True,AWAITING_INDIVIDUAL_VISUAL_VERIFICATION,,images/pages_1201_1600/1394.jpg,"BRIEFING STRIP TM UGSB/BUS BATUMI, GEORGIA BATUMI NDB 123^ Final Apch Crs 10 JEPPESEN 2000'(1983') Rwy 17' Apt Elev 37' D6.0 ILU LU 430 16-1 NDB Rwy 12 Refer to Minimums MISSED APCH: Alt Set: hPa Rwy Elev: 1 hPa Trans level: FL090 Refer to minimums for missed apch climb gradients",d86b5b5e262a775f8e91d28a403f4b163992dbdd1733ca28e1ba6e46ce8a7ab6
1395,OMDB,OMDB,AIRPORT,AIRPORT,,AIRPORT INFORMATION,REVIEW,only_old_index_supports_category,True,False,True,AWAITING_INDIVIDUAL_VISUAL_VERIFICATION,,images/pages_1201_1600/1395.jpg,"General Information Location: DUBAI ARE ICAO/IATA: OMDB / DXB Lat/Long: N25° 15.2', E055° 21.9' Elevation: 62 ft Airport Use: Public Daylight Savings: Not Observed UTC Conversion: -4:00 = UTC Magnetic Variation: 2.0° E Lighting: Edge, ALS, Centerline, REIL, TDZ Displaced Threshol",d86b5b5e262a775f8e91d28a403f4b163992dbdd1733ca28e1ba6e46ce8a7ab6
1396,OMDB,OMDB,AIRPORT,AIRPORT,,AIRPORT INFORMATION,REVIEW,only_old_index_supports_category,True,False,True,AWAITING_INDIVIDUAL_VISUAL_VERIFICATION,,images/pages_1201_1600/1396.jpg,"General Information Location: DUBAI ARE ICAO/IATA: OMDB / DXB Lat/Long: N25° 15.2', E055° 21.9' Elevation: 62 ft Airport Use: Public Daylight Savings: Not Observed UTC Conversion: -4:00 = UTC Magnetic Variation: 2.0° E Lighting: Edge, ALS, Centerline, REIL, TDZ Displaced Threshol",d86b5b5e262a775f8e91d28a403f4b163992dbdd1733ca28e1ba6e46ce8a7ab6
1397,OMDB,,AIRPORT,AIRPORT,10-1P,AIRPORT BRIEFING,MATCH,independently_consistent,True,False,True,AWAITING_INDIVIDUAL_VISUAL_VERIFICATION,,images/pages_1201_1600/1397.jpg,"JEPPESEN 1. GENERAL 1.1. .Eff.31.Oct. ATIS D-ATIS Arrival 126.275 1.2. NOISE ABATEMENT PROCEDURES 25 OCT 24 D-ATIS Departure 131.7 Except for passenger operations, ACFT not in possession of noise certification in accordance with Annex 16 to the ICAO and/or ACFT whose noise certif",d86b5b5e262a775f8e91d28a403f4b163992dbdd1733ca28e1ba6e46ce8a7ab6
1398,OMDB,OMDB,SID,SID,10-3J,SID 10-3J,MATCH,independently_consistent,True,False,True,AWAITING_INDIVIDUAL_VISUAL_VERIFICATION,,images/pages_1201_1600/1398.jpg,"JEPPESEN 1. GENERAL .Eff.31.Oct. 25 OCT 24 For ACFT in the ICAO SUPER or HEAVY WTC, the suffix of 'SUPER' or 'HEAVY' does not change. On first transmission, the word ""SUPER"" or ""HEAVY"" shall still be included, as appropriate, immediately after the ACFT call sign in the initial ra",d86b5b5e262a775f8e91d28a403f4b163992dbdd1733ca28e1ba6e46ce8a7ab6
1399,OMDB,OMDB,AIRPORT,AIRPORT,10-1P2,AIRPORT BRIEFING,MATCH,independently_consistent,True,False,True,AWAITING_INDIVIDUAL_VISUAL_VERIFICATION,,images/pages_1201_1600/1399.jpg,"JEPPESEN 1. GENERAL 1.6. TAXI PROCEDURES 1.6.1. GENERAL All ACFT operating on the movement area of an aerodrome shall display lights intended to attract attention to the ACFT. Taxilanes J, J1, J2, J3, U, W, Y, Z MAX 15 KT. ACFT are not permitted to carry out 180^ turn on a TWY. I",d86b5b5e262a775f8e91d28a403f4b163992dbdd1733ca28e1ba6e46ce8a7ab6
1400,OMDB,OMDB,AIRPORT,AIRPORT,10-1P3,AIRPORT BRIEFING,MATCH,independently_consistent,True,False,True,AWAITING_INDIVIDUAL_VISUAL_VERIFICATION,,images/pages_1201_1600/1400.jpg,JEPPESEN 1. GENERAL 1.6.6. TURN RESTRICTIONS Heading South - Right turn onto taxilane Z not available from TWYs K10 and Y. Heading East - Left turn onto TWY R not available from TWY N. Heading South - Right turn onto TWY N not available from TWY R. Heading North - Right turn onto,d86b5b5e262a775f8e91d28a403f4b163992dbdd1733ca28e1ba6e46ce8a7ab6
1401,OMDB,,AIRPORT,AIRPORT,10-1P4,AIRPORT BRIEFING,MATCH,independently_consistent,True,False,True,AWAITING_INDIVIDUAL_VISUAL_VERIFICATION,,images/pages_1201_1600/1401.jpg,JEPPESEN 1. GENERAL .Eff.28.Nov. 1.8.2. 15 NOV 24 WIND SHEAR WARNINGS ON ATIS Wind shear warning issued by the National Centre of Meteorology (NCM) or received from an ACFT will be broadcast on both the departure and arrival ATIS. Regardless of any relevant information being broa,d86b5b5e262a775f8e91d28a403f4b163992dbdd1733ca28e1ba6e46ce8a7ab6
1402,OMDB,OMDB,AIRPORT,AIRPORT,10-1P5,AIRPORT BRIEFING,MATCH,independently_consistent,True,False,True,AWAITING_INDIVIDUAL_VISUAL_VERIFICATION,,images/pages_1201_1600/1402.jpg,"JEPPESEN 2. ARRIVAL 2.2. .Eff.28.Nov. 2.3. 2.3.1. 15 NOV 24 CAT II/III OPERATIONS All RWYs approved for CAT II/III operations, special aircrew and ACFT certifica- tion required. RWY OPERATIONS When on approach to RWY 30R, pilots shall reconfirm DME/GP information and ensure that ",d86b5b5e262a775f8e91d28a403f4b163992dbdd1733ca28e1ba6e46ce8a7ab6
1403,OMDB,OMDB,AIRPORT,AIRPORT,10-1P6,AIRPORT BRIEFING,MATCH,independently_consistent,True,False,True,AWAITING_INDIVIDUAL_VISUAL_VERIFICATION,,images/pages_1201_1600/1403.jpg,JEPPESEN 2. ARRIVAL 2.3.2.2. CONDITIONS FOR THE APPLICATION OF RRSM RRSM may be applied H24 between: - a departing ACFT and a succeeding landing ACFT using a single RWY; or - two successive landing ACFT; or - two successive departing ACFT; provided: - Tail wind does not exceed 5 ,d86b5b5e262a775f8e91d28a403f4b163992dbdd1733ca28e1ba6e46ce8a7ab6
1404,OMDB,OMDB,AIRPORT,AIRPORT,10-1P7,AIRPORT BRIEFING,MATCH,independently_consistent,True,False,True,AWAITING_INDIVIDUAL_VISUAL_VERIFICATION,,images/pages_1201_1600/1404.jpg,"JEPPESEN 2. ARRIVAL 2.3.3. 2.3.2.4. DUAL DEPENDENT RWY MODE PROCEDURE (BOTH DIRECTIONS) The procedures described in the previous section for single RWY operations for ""Landing following landing"" shall be applied in the same manner on respective RWYs during dual RWY operations. Th",d86b5b5e262a775f8e91d28a403f4b163992dbdd1733ca28e1ba6e46ce8a7ab6
1405,OMDB,,AIRPORT,AIRPORT,10-1P8,AIRPORT BRIEFING,MATCH,independently_consistent,True,False,True,AWAITING_INDIVIDUAL_VISUAL_VERIFICATION,,images/pages_1201_1600/1405.jpg,JEPPESEN 3.1. 3.2.1. 16 JAN 26 3. DEPARTURE SPEED RESTRICTIONS ATC has zero tolerance with regards to the compliance with speed control instructions. Pilots shall adhere to the speed approved or assigned by ATC and shall request ATC approval before making any changes thereto. Whe,d86b5b5e262a775f8e91d28a403f4b163992dbdd1733ca28e1ba6e46ce8a7ab6
1406,OMDB,OMDB,AIRPORT,AIRPORT,10-1P9,AIRPORT BRIEFING,MATCH,independently_consistent,True,False,True,AWAITING_INDIVIDUAL_VISUAL_VERIFICATION,,images/pages_1201_1600/1406.jpg,JEPPESEN 16 JAN 26 3. DEPARTURE SIMULTANEOUS PUSH OF MULTIPLE ACFT IN CLOSE VICINITY For simultaneous push from adjacent stands or alternate stands with one stand in between: - ATC will alert the crew of all involved ACFT about the simultaneous push; - ATC will provide a combinat,d86b5b5e262a775f8e91d28a403f4b163992dbdd1733ca28e1ba6e46ce8a7ab6
1407,OMDB,OMDB,AIRPORT,AIRPORT,10-1P10,AIRPORT BRIEFING,MATCH,independently_consistent,True,False,True,AWAITING_INDIVIDUAL_VISUAL_VERIFICATION,,images/pages_1201_1600/1407.jpg,"DUBAI, UAE OMDB/DXB DUBAI INTL .AIRPORT.BRIEFING. + JEPPESEN 3.3. RWY OPERATIONS 3.3.1. REDUCED RWY SEPARATION MINIMA (RRSM) 3.3.1.1. GENERAL Special departing procedures may be utilized at Dubai Intl APT for RWY 12L/30R and 12R/30L. 3.3.1.2. SINGLE RWY MODE PROCEDURE Take-off cl",d86b5b5e262a775f8e91d28a403f4b163992dbdd1733ca28e1ba6e46ce8a7ab6
1408,OMDB,OMDB,AIRPORT,AIRPORT,10-1R,RADAR MINIMUM ALTITUDES,MATCH,independently_consistent,True,False,True,AWAITING_INDIVIDUAL_VISUAL_VERIFICATION,,images/pages_1201_1600/1408.jpg,"60NM 80NM 26-30 Apt Elev OMDB/DXB .RADAR.MINIMUM.ALTITUDES. 10-1R JEPPESEN DUBAI INTL DUBAI, UAE 124.025 AL MAKTOUM Radar 62 17 MAR 23 .Eff.23.Mar. Alt Set: hPa Trans level: FL150 Trans alt: 13000 1. This chart should only be used for cross-checking of altitudes while under RADAR",d86b5b5e262a775f8e91d28a403f4b163992dbdd1733ca28e1ba6e46ce8a7ab6
1409,OMDB,OMDB,STAR,STAR,10-2,STAR 10-2,MATCH,independently_consistent,True,False,True,AWAITING_INDIVIDUAL_VISUAL_VERIFICATION,,images/pages_1201_1600/1409.jpg,"OMDB/DXB JEPPESEN .RNAV.STAR. 10-2 DUBAI, UAE RNAV STAR INSTRUCTIONS Pilots are required to strictly follow ATC advised STAR clearance and ensure correct readback of STAR clearance at all times. Unless explicitly cancelled or amended by ATC, the pilot must follow the vertical and",d86b5b5e262a775f8e91d28a403f4b163992dbdd1733ca28e1ba6e46ce8a7ab6
1410,OMDB,,STAR,STAR,10-2A,"DATOB 1E, IMPED 3B, IMPED 3E, LORID 1E, PUVAL 5B, PUVAL 2E, VUTEB 3B, VUTEB 3E",MATCH,independently_consistent,True,False,True,AWAITING_INDIVIDUAL_VISUAL_VERIFICATION,,images/pages_1201_1600/1410.jpg,"O M A N U N IT E D A R A B E M 000 11000 12000 310^ 7.8 8.6 99^ 4.0 517 DB518 DB52~ IMPED IMPED 3B, IMPED 3E AP D-ATIS 126.275 Apt Elev 62 Alt Set: hPa Trans level: FL150 RNAV 1 (GNSS) required 1. On initial contact with DUBAI ARRIVALS state passing level and ACFT type, including",d86b5b5e262a775f8e91d28a403f4b163992dbdd1733ca28e1ba6e46ce8a7ab6
1411,OMDB,OMAN,STAR,STAR,10-2B,"DATOB 4C, DATOB 4D, IMPED 3C, LORID 4C, LORID 4D, PUVAL 5C, PUVAL 3D, VUTEB 4C, VUTEB 4D",REVIEW,header_icao_differs_from_index,True,False,True,AWAITING_INDIVIDUAL_VISUAL_VERIFICATION,,images/pages_1201_1600/1411.jpg,OMAN UNITED ARAB EMIRATES ^ 12000 11000 10000 DB5~7 4.0 DB5~6 2 0 9 ^ 4 . 2 B525 310^ 7.8 IMPED 3C 8.6 517 99^ 4.0 IMPED DB52~ DB518 DB5~8 AP D-ATIS 126.275 Apt Elev 62 Alt Set: hPa Trans level: FL150 RNAV 1 (GNSS) required 1. On initial contact with DUBAI ARRIVALS state passing ,d86b5b5e262a775f8e91d28a403f4b163992dbdd1733ca28e1ba6e46ce8a7ab6
1412,OMDB,OMDB,SID,SID,10-3,SID 10-3,MATCH,independently_consistent,True,False,True,AWAITING_INDIVIDUAL_VISUAL_VERIFICATION,,images/pages_1201_1600/1412.jpg,"OMDB/DXB JEPPESEN 10-3 15 MAY 20 .Eff.21.May. DUBAI, UAE .DEPARTURE. SID INSTRUCTIONS Unless explicitly cancelled or amended by ATC, the pilot must follow the vertical and lateral profile of the SID and comply with any published speed restrictions. A level restriction depicted on",d86b5b5e262a775f8e91d28a403f4b163992dbdd1733ca28e1ba6e46ce8a7ab6
1413,OMDB,OMDB,SID,SID,10-3A,"DAVMO 4G, IVURO 1G",MATCH,independently_consistent,True,False,True,AWAITING_INDIVIDUAL_VISUAL_VERIFICATION,,images/pages_1201_1600/1413.jpg,"DAVMO 50 JEPPESEN OMDB/DXB DUBAI INTL DUBAI, UAE .RNAV.SID. Trans alt: 13000 DUBAI Departures (R) North South 121.025 Apt Elev 62 10-3A 124.675 .Eff.2.Oct. 19 SEP 25 RNAV 1 (GNSS) required 1. Execute all turns at a bank angle of 25^ or at a rate of 3^ per second, unless otherwise",d86b5b5e262a775f8e91d28a403f4b163992dbdd1733ca28e1ba6e46ce8a7ab6
1414,OMDB,OMDB,SID,SID,10-3B,"DAVMO 4F, IVURO 1F",MATCH,independently_consistent,True,False,True,AWAITING_INDIVIDUAL_VISUAL_VERIFICATION,,images/pages_1201_1600/1414.jpg,"RAS AL KHAIMAH OMRK -Intl A R P 000 GETID IVURO 9.8 11.9 50 OMDB/DXB DUBAI INTL JEPPESEN 10-3B DUBAI, UAE .RNAV.SID. DEV .Eff.2.Oct. 5099 19 SEP 25 94 56-00 U N IT E D A R A B E M IR A T E S O M A N CONTOUR INTERVALS 6000 4000 2000 Printed from JeppView for Windows 5.3.0.0 on 09 ",d86b5b5e262a775f8e91d28a403f4b163992dbdd1733ca28e1ba6e46ce8a7ab6
1415,OMDB,OMDB,SID,SID,10-3C,ANVIX 5G,MATCH,independently_consistent,True,False,True,AWAITING_INDIVIDUAL_VISUAL_VERIFICATION,,images/pages_1201_1600/1415.jpg,"0000 JEPPESEN DUBAI INTL DUBAI, UAE 10-3C OMDB/DXB .RNAV.SID. NVIX 35 40 45 4158 .Eff.2.Oct. 19 SEP 25 Trans alt: 13000 S) required l turns at a bank angle of 25^ or at a rate of , unless otherwise instructed by ATC. Tower frequency until instructed DUBAI Tower. mb above ATC clea",d86b5b5e262a775f8e91d28a403f4b163992dbdd1733ca28e1ba6e46ce8a7ab6
1416,OMDB,,SID,SID,10-3D,ANVIX 7F,MATCH,independently_consistent,True,False,True,AWAITING_INDIVIDUAL_VISUAL_VERIFICATION,,images/pages_1201_1600/1416.jpg,"O M A N U N IT E D A R A B E M IR A T E S RAS AL KHAIMAH OMRK -Intl 0 3000 270^ R A P 10000 ANVIX llel 30L. 30R 124^ 2 10.1 6.0 DO RAPMO LOPUV OMDB/DXB DUBAI INTL JEPPESEN 10-3D DUBAI, UAE .RNAV.SID. .Eff.2.Oct. 19 SEP 25 4158 80 94 56-00 CONTOUR INTERVALS 6000 4000 2000 Printed ",d86b5b5e262a775f8e91d28a403f4b163992dbdd1733ca28e1ba6e46ce8a7ab6
1417,OMDB,OMDB,SID,SID,10-3E,"EMERU 2G, KUTLI 4G, MIROT 3G",MATCH,independently_consistent,True,False,True,AWAITING_INDIVIDUAL_VISUAL_VERIFICATION,,images/pages_1201_1600/1417.jpg,"2400 3000 270^ S JEPPESEN OMDB/DXB DUBAI INTL DUBAI, UAE .RNAV.SID. 10-3E RO3G] 50 TLI 4G [KUTL4G] R) URES - DB46~ (K220-; 4000+) - DB465 - DB467 - DB46~ (K220-; 4000+) - DB465 - DB467 3000+) - KUTLI (FL160+). - DB46~ (K220-; 4000+) - DB465 - DB467 .Eff.2.Oct. 19 SEP 25 Trans alt",d86b5b5e262a775f8e91d28a403f4b163992dbdd1733ca28e1ba6e46ce8a7ab6
1418,OMDB,OMDB,SID,SID,10-3F,"EMERU 2F, KUTLI 4F, MIROT 3F",MATCH,independently_consistent,True,False,True,AWAITING_INDIVIDUAL_VISUAL_VERIFICATION,,images/pages_1201_1600/1418.jpg,"JEPPESEN OMDB/DXB DUBAI INTL DUBAI, UAE .RNAV.SID. 10-3F Trans alt: 13000 RO3F] 50 TLI 4F [KUTL4F] URES R) 86 (K190+; 2500+) - DB587 (K220-; 3500+) ARTA - EMERU. 86 (K190+; 2500+) - DB587 (K220-; 3500+) 000+) - XARTA (13000+) - KUTLI (FL160+). 86 (K190+; 2500+) - DB587 (K220-; 35",d86b5b5e262a775f8e91d28a403f4b163992dbdd1733ca28e1ba6e46ce8a7ab6
1419,OMDB,OMSJ,SID,SID,10-3G,"NABIX 3G, RIDAP 3G, SENPA 3G",REVIEW,header_icao_differs_from_index,True,False,True,AWAITING_INDIVIDUAL_VISUAL_VERIFICATION,,images/pages_1201_1600/1419.jpg,SHARJAH OMSJ -Intl 2400 3000 270^ 5000 JEPPESEN ..RNAV.SID. SENPA 3G [SENP3G] DUBAI Departures (R) RNAV DEPARTURES (RWYS 12L/R) RIDAP 3G [RIDA3G] NABIX 3G [NABI3G] 62 Apt Elev South 121.025 Independent parallel arrivals on RWY 12L. CAUTION RWY 12R ASTES DB451 2 0 9 ^ 4 . 3 North ,d86b5b5e262a775f8e91d28a403f4b163992dbdd1733ca28e1ba6e46ce8a7ab6
1420,OMDB,,SID,SID,10-3H,"NABIX 3F, RIDAP 2F, SENPA 2F",MATCH,independently_consistent,True,False,True,AWAITING_INDIVIDUAL_VISUAL_VERIFICATION,,images/pages_1201_1600/1420.jpg,2400 1 8 0 ^ 3000 270^ 356^ 2500 SENPA 2F [SENP2F] Apt Elev (R) th 025 62 RNAV DEPARTURES (RWYS 30L/R) RIDAP 2F [RIDA2F] NABIX 3F [NABI3F] JEPPESEN DB57~ 2 4 3 ^ 273^ 303^ 3.6 3.0 4 . 7 3 . 0 3.0 3.0 DB586 DB584 DB585 DB582 3 Independent parallel arrivals on RWY 30L. CAUTION RWY ,d86b5b5e262a775f8e91d28a403f4b163992dbdd1733ca28e1ba6e46ce8a7ab6
1421,OMDB,OMDB,SID,SID,10-3J,SID 10-3J,MATCH,independently_consistent,True,False,True,AWAITING_INDIVIDUAL_VISUAL_VERIFICATION,,images/pages_1201_1600/1421.jpg,"O M A N U E M IR A OMDB/DXB .DEPARTURE. JEPPESEN 10-3J .Eff.2.Oct. quency until instructed to change frequency. hibited. ATC cleared level. 19 SEP 25 TIONAL DEPARTURES 12L/R, 30L/R) 4158 80 94 56-00 250 KT BELOW 10000 UNITED ARAB EMIRATES OMAN DUBAI INTL DUBAI, UAE Printed from J",d86b5b5e262a775f8e91d28a403f4b163992dbdd1733ca28e1ba6e46ce8a7ab6
1422,OMDB,OMDB,AIRPORT,,,,REVIEW,unindexed_chart_candidate,False,False,True,AWAITING_INDIVIDUAL_VISUAL_VERIFICATION,,images/pages_1201_1600/1422.jpg,"OMDB/DXB 10-8 DUBAI, UAE DUBAI INTL 3 JUL 26 The purpose of this chart is to inform operators of temporary taxiway closures at OMDB - DUBAI INTERNATIONAL Airport to facilitate airfield improvement works. The works are planned in various phases as indicated below. This chart does ",d86b5b5e262a775f8e91d28a403f4b163992dbdd1733ca28e1ba6e46ce8a7ab6
1423,OMDB,OMDB,UNRESOLVED,,,,REVIEW,unindexed_page_needs_inspection,False,False,True,AWAITING_INDIVIDUAL_VISUAL_VERIFICATION,,images/pages_1201_1600/1423.jpg,"OMDB/DXB DUBAI, UAE DUBAI INTL 10-8A 3 JUL 26 AREA C13 PHASE 1A AREA C13 PHASE 1B AREA C14 PHASE 1B JEPPESEN a. Section of Twy K between Twy K2 and Twy K4 closed. b. Twy K3 closed. c. Twy Z8 and Twy Z9 closed. d. Twy Z11 west link onto Twy K closed. a. Section of Twy K between Tw",d86b5b5e262a775f8e91d28a403f4b163992dbdd1733ca28e1ba6e46ce8a7ab6
1424,OMDB,,AIRPORT,AIRPORT,10-9,Airport Diagram Chart (ADC),MATCH,independently_consistent,True,False,True,AWAITING_INDIVIDUAL_VISUAL_VERIFICATION,,images/pages_1201_1600/1424.jpg,"10-9 JEPPESEN Stopway 189m 620' 60' Elev 14,590' 4447m K14 K15 K16 K17 413'126m Stopway 16 M17 M18 M19M20 M K K APRON H V V 25-14 25-15 25-16 55-24 55-24 | JEPPESEN, 2011, 2026. ALL RIGHTS RESERVED. R M18A M21 K15A K18 S T T Elev 33' V1 V2 V3 V4 APRON S 299^ 30L 299^ 30R 0 2 ^ E ",d86b5b5e262a775f8e91d28a403f4b163992dbdd1733ca28e1ba6e46ce8a7ab6
1425,OMDB,,AIRPORT,AIRPORT,10-9A,ADDITIONAL RUNWAY INFORMATION,MATCH,independently_consistent,True,False,True,AWAITING_INDIVIDUAL_VISUAL_VERIFICATION,,images/pages_1201_1600/1425.jpg,"TIONAL RUNWAY INFORMATION Threshold LANDING BEYOND USABLE LENGTHS WIDTH TAKE-OFF Glide Slope 11,811' 11,766' 12,197' 197' 60m 3600m 3586m 3718m RVR RVR 10,839' 6 197' 60m 3304m 3 3 11,811' 3600m 13,063' 3982m 10-9A 14,157' 4315m 4 5 5 13,123' 4000m JEPPESEN | JEPPESEN, 1999, 2026",d86b5b5e262a775f8e91d28a403f4b163992dbdd1733ca28e1ba6e46ce8a7ab6
1426,OMDB,,AIRPORT,AIRPORT,10-9B,HOT SPOTS,MATCH,independently_consistent,True,False,True,AWAITING_INDIVIDUAL_VISUAL_VERIFICATION,,images/pages_1201_1600/1426.jpg,WA J2A MK NK PK QB KP ZN MH MJ NH NJ NL JF UF WB J2B ZM PG PH F PJ KM PL JEPPESEN K4 K5 ARP K6 K Z W M M9 M10B M10A M8 M11 K7 APRON E M6 P 22 B23 B24 B25 B26L F22 F23 F24 F25 F26R F27 9 E20 E21 E22 E23 E24 E25 E26 E27 E28L E29 E30 E31 E32E33 E34 E35E36 E37E38 N 4 P5 P6 N7 N5 N6 5,d86b5b5e262a775f8e91d28a403f4b163992dbdd1733ca28e1ba6e46ce8a7ab6
1427,OMDB,,AIRPORT,AIRPORT,10-9C,HOT SPOTS,MATCH,independently_consistent,True,False,True,AWAITING_INDIVIDUAL_VISUAL_VERIFICATION,,images/pages_1201_1600/1427.jpg,KZ QA QB PK PL NM MT MU SE TA KZB SB SD PM TB NN JEPPESEN K16 K17 K APRON H H3 V K APRON S N7 P6 P7 P APRON Q Q Q1 Q2 Q3 Q4 Q5 Q6 Q7 Q8 Q9 Q10 Q11 E44 E45 L R L R E43 S T N7 M18A K15A T M K18 M21 M19 M20 MS M18A M19 M20 M21 TC K15A K16 K17 K18 KZA S4 S5 S6 S3 S7 S8 S9 S1 S2 S10 S,d86b5b5e262a775f8e91d28a403f4b163992dbdd1733ca28e1ba6e46ce8a7ab6
1428,OMDB,OMDB,AIRPORT,AIRPORT,10-9D,INS COORDINATES,MATCH,independently_consistent,True,False,True,AWAITING_INDIVIDUAL_VISUAL_VERIFICATION,,images/pages_1201_1600/1428.jpg,"JEPPESEN 10-9D 17 JAN 25 .Eff.23.Jan. DUBAI, UAE OMDB/DXB DUBAI INTL INS COORDINATES COORDINATES STAND No. STAND No. COORDINATES ELEV ELEV N25 15.6 E055 20.5 N25 15.6 E055 20.5 N25 15.6 E055 20.5 N25 15.6 E055 20.6 N25 15.6 E055 20.6 N25 15.6 E055 20.5 N25 15.6 E055 20.6 N25 15.6",d86b5b5e262a775f8e91d28a403f4b163992dbdd1733ca28e1ba6e46ce8a7ab6
1429,OMDB,OMDB,AIRPORT,AIRPORT,10-9E,INS COORDINATES,MATCH,independently_consistent,True,False,True,AWAITING_INDIVIDUAL_VISUAL_VERIFICATION,,images/pages_1201_1600/1429.jpg,"10-9E JEPPESEN 17 JAN 25 .Eff.23.Jan. DUBAI, UAE OMDB/DXB DUBAI INTL INS COORDINATES COORDINATES STAND No. ELEV STAND No. COORDINATES ELEV APRON F APRON E (CONTD) APRON S E45R F2, F3 F4, F5 F6 thru F8 F9, F10 F12, F13 F16 F17 F18 N25 15.3 E055 22.5 N25 15.3 E055 21.0 N25 15.3 E05",d86b5b5e262a775f8e91d28a403f4b163992dbdd1733ca28e1ba6e46ce8a7ab6
1430,OMDB,,AIRPORT,AIRPORT,10-9F,HOT SPOTS,MATCH,independently_consistent,True,False,True,AWAITING_INDIVIDUAL_VISUAL_VERIFICATION,,images/pages_1201_1600/1430.jpg,"B A KW KY KZ SE TA SD SB SA MR Q RD RC MT JEPPESEN Stopway 189m 620' 14,590' 4447m K15 K16 K17 413'126m Stopway M16 M17 M18 M19 M20 M K K APRON H V V 25-14 25-15 25-16 55-24 55-24 | JEPPESEN, 2014, 2026. ALL RIGHTS RESERVED. R M18A M21 K15A K18 S T T V1 V2 V3 V4 APRON S 299^ 30L ",d86b5b5e262a775f8e91d28a403f4b163992dbdd1733ca28e1ba6e46ce8a7ab6
1431,OMDB,,AIRPORT,AIRPORT,10-9G,HOT SPOTS,MATCH,independently_consistent,True,False,True,AWAITING_INDIVIDUAL_VISUAL_VERIFICATION,,images/pages_1201_1600/1431.jpg,"B A KW KY KZ SE TA SD SB SA MR Q RD RC RB Stopway 189m 620' 14,590' 4447m K14 K15 K16 413'126m Stopway 16 M17 M18 M19 M K K APRON H V V 25-14 25-15 25-16 55-24 55-24 | JEPPESEN, 2014, 2026. ALL RIGHTS RESERVED. R M18A M21 K15A K18 S T T V1 V2 V3 V4 APRON S 299^ 30L 299^ 30R 10-9G",d86b5b5e262a775f8e91d28a403f4b163992dbdd1733ca28e1ba6e46ce8a7ab6
1432,OMDB,,AIRPORT,AIRPORT,10-9H,HOT SPOTS,MATCH,independently_consistent,True,False,True,AWAITING_INDIVIDUAL_VISUAL_VERIFICATION,,images/pages_1201_1600/1432.jpg,"B A KW KY SE TA SD SB SA MR Q RD RC RB JEPPESEN Stopway 189m 620' 14,590' 4447m K14 K15 K16 413'126m Stopway 16 M17 M18 M19 M K APRON H V V 25-14 25-15 25-16 55-24 55-24 | JEPPESEN, 2014, 2026. ALL RIGHTS RESERVED. R M18A M21 K15A K18 S T T V1 V2 V3 APRON S 299^ 30L 299^ 30R 10-9",d86b5b5e262a775f8e91d28a403f4b163992dbdd1733ca28e1ba6e46ce8a7ab6
1433,OMDB,,AIRPORT,AIRPORT,10-9J,HOT SPOTS,MATCH,independently_consistent,True,False,True,AWAITING_INDIVIDUAL_VISUAL_VERIFICATION,,images/pages_1201_1600/1433.jpg,"B A KW KY SE TA SD SB SA MR Q RD RC RB JEPPESEN Stopway 189m 620' 14,590' 4447m K14 K15 K16 413'126m Stopway 16 M17 M18 M19 M K APRON H V V 25-14 25-15 25-16 55-24 55-24 | JEPPESEN, 2014, 2026. ALL RIGHTS RESERVED. R M18A M21 K15A K18 S T T V1 V2 V3 APRON S 299^ 30L 299^ 30R 10-9",d86b5b5e262a775f8e91d28a403f4b163992dbdd1733ca28e1ba6e46ce8a7ab6
1434,OMDB,,AIRPORT,AIRPORT,10-9K,HOT SPOTS,MATCH,independently_consistent,True,False,True,AWAITING_INDIVIDUAL_VISUAL_VERIFICATION,,images/pages_1201_1600/1434.jpg,"JEPPESEN Stopway 189m 620' 60' Elev 14,590' 4447m K13 K14 K15 K16 K17 413'126m Stopway M16 M17 M18 V V | JEPPESEN, 2013, 2026. ALL RIGHTS RESERVED. R R R1 12 M21 K15A K18 T T Elev 33' V3 V4 APRON S 299^ 30L 299^ 30R 10-9K 25-14 25-15 25-16 55-24 55-24 31 JUL 26 .Eff.6.Aug. S3 S4 ",d86b5b5e262a775f8e91d28a403f4b163992dbdd1733ca28e1ba6e46ce8a7ab6
1435,OMDB,OMDB,AIRPORT,AIRPORT,10-9L,AIRPORT CHART,MATCH,independently_consistent,True,False,True,AWAITING_INDIVIDUAL_VISUAL_VERIFICATION,,images/pages_1201_1600/1435.jpg,"OMDB/DXB 10-9L JEPPESEN DUBAI, UAE DUBAI INTL VISUAL DOCKING GUIDANCE SYSTEMS (VDGS) Parking stands are equipped with visual docking guidance system (VDGS) and hence no wing walkers/marshaller is available on the stand. If VDGS is faulty/not available, marshaling assistance would",d86b5b5e262a775f8e91d28a403f4b163992dbdd1733ca28e1ba6e46ce8a7ab6
1436,OMDB,OMDB,AIRPORT,AIRPORT,10-9M,AIRPORT CHART,MATCH,independently_consistent,True,False,True,AWAITING_INDIVIDUAL_VISUAL_VERIFICATION,,images/pages_1201_1600/1436.jpg,"10-9M JEPPESEN DUBAI INTL red 2.1. NOT SCHEDULED AND NOT ACTIVATED 2.2. SCHEDULED BUT NOT ACTIVATED 2. LED Board Display - When VDGS is functioning optimally OMDB/DXB DUBAI, UAE VISUAL DOCKING GUIDANCE SYSTEMS (VDGS) (contd) - If only stand number is shown, it means VDGS is not a",d86b5b5e262a775f8e91d28a403f4b163992dbdd1733ca28e1ba6e46ce8a7ab6
1437,OMDB,OMDB,APP,APP,11-1,ILS RWY 12L,MATCH,independently_consistent,True,False,True,AWAITING_INDIVIDUAL_VISUAL_VERIFICATION,,images/pages_1201_1600/1437.jpg,"BRIEFING STRIP TM DUBAI, UAE DUBAI INTL 10 OMDB/DXB JEPPESEN ILS Rwy 12L 3.7 2 1 1 126.275 D-ATIS Arrival 122.5 MINHAD Approach 127.9X 118.750 North DUBAI Tower 119.550 South 118.350 Ground MISSED APCH: 124.9 11-1 hold at 3000'. Climb direct to DB611, then on track 104^ to TALTU,",d86b5b5e262a775f8e91d28a403f4b163992dbdd1733ca28e1ba6e46ce8a7ab6
1438,OMDB,OMDB,APP,APP,11-1A,CAT II/III ILS RWY 12L,MATCH,independently_consistent,True,False,True,AWAITING_INDIVIDUAL_VISUAL_VERIFICATION,,images/pages_1201_1600/1438.jpg,"BRIEFING STRIP TM DUBAI, UAE DUBAI INTL 11-1A LOC 110.1 IDBL Final Apch Crs 119^ 2000'(1988') Apt Elev 62' Rwy 12' 10 OMDB/DXB JEPPESEN CAT II/III ILS Rwy 12L Refer to Minimums DUBAI Tower Ground 118.750 119.550 118.350 MISSED APCH CLIMB 1 1 North South MISSED APCH: Climb direct ",d86b5b5e262a775f8e91d28a403f4b163992dbdd1733ca28e1ba6e46ce8a7ab6
1439,OMDB,OMDB,APP,APP,11-2,CHART PAGE 739,MATCH,independently_consistent,True,False,True,AWAITING_INDIVIDUAL_VISUAL_VERIFICATION,,images/pages_1201_1600/1439.jpg,"OM(R)-83 OM(P)-45 DUBAI, UAE OMDB/DXB BRIEFING STRIP TM DUBAI INTL 11-2 10 (IF) JEPPESEN ILS Rwy 12R REREK D16.7 IDBE (IAF) 1 1 LOC 109.5 IDBE Final Apch Crs 119^ ILS DA(H) Apt Elev 62' Rwy 11' MISSED APCH: 1. 211'(200') 3000'(2989') RNAV 1 required for initial, intermediate and ",d86b5b5e262a775f8e91d28a403f4b163992dbdd1733ca28e1ba6e46ce8a7ab6
1440,OMDB,OMDB,APP,APP,11-2A,CHART PAGE 740,MATCH,independently_consistent,True,False,True,AWAITING_INDIVIDUAL_VISUAL_VERIFICATION,,images/pages_1201_1600/1440.jpg,"OM(R)-83 OM(P)-45 OM(P)-44 DUBAI, UAE OMDB/DXB BRIEFING STRIP TM DUBAI INTL LOC 109.5 IDBE Final Apch Crs 119^ Apt Elev 62' Rwy 11' 10 JEPPESEN 1. 11-2A CAT II/III ILS Rwy 12R DUBAI Tower Ground 118.350 119.550 118.750 D16.7 IDBE REREK (IAF) (IF) 1 1 GRAD MIN 5.0% MISSED APCH CLI",d86b5b5e262a775f8e91d28a403f4b163992dbdd1733ca28e1ba6e46ce8a7ab6
1441,OMDB,OMDB,APP,APP,11-3,CHART PAGE 741,MATCH,independently_consistent,True,False,True,AWAITING_INDIVIDUAL_VISUAL_VERIFICATION,,images/pages_1201_1600/1441.jpg,"SHARJAH Sharjah Intl OMSJ OM(P)-46 BRIEFING STRIP TM DUBAI, UAE DUBAI INTL 11-3 LOC 111.3 IDBW Final Apch Crs 299^ 2000'(1940') Apt Elev 62' Rwy 60' MISSED APCH: 10 OMDB/DXB ILS DA(H) JEPPESEN ILS Rwy 30L DUBAI Tower Ground 118.750 119.550 118.350 North South 1 1ILS: MISSED APCH ",d86b5b5e262a775f8e91d28a403f4b163992dbdd1733ca28e1ba6e46ce8a7ab6
1442,OMDB,OMDB,APP,APP,11-3A,CHART PAGE 742,MATCH,independently_consistent,True,False,True,AWAITING_INDIVIDUAL_VISUAL_VERIFICATION,,images/pages_1201_1600/1442.jpg,"SHARJAH Sharjah Intl OMSJ OM(P)-46 BRIEFING STRIP TM DUBAI, UAE DUBAI INTL 10 OMDB/DXB JEPPESEN CAT II/III ILS Rwy 30L 11-3A GRAD MIN 2.83% MISSED APCH CLIMB 1 1 Ground DUBAI Tower 118.350 North South 118.750 119.550 LOC 111.3 IDBW Final Apch Crs 299^ 2000'(1940') Apt Elev 62' Rw",d86b5b5e262a775f8e91d28a403f4b163992dbdd1733ca28e1ba6e46ce8a7ab6
1443,OMDB,OMDB,APP,APP,11-4,ILS RWY 30R,MATCH,independently_consistent,True,False,True,AWAITING_INDIVIDUAL_VISUAL_VERIFICATION,,images/pages_1201_1600/1443.jpg,"SHARJAH Sharjah Intl OMSJ OM(P)-46 10 BRIEFING STRIP TM DUBAI, UAE DUBAI INTL 11-4 OMDB/DXB JEPPESEN ILS Rwy 30R DUBAI Tower Ground 118.750 119.550 118.350 1 1 North South LOC 110.9 IDBR Final Apch Crs 299^ 3000'(2967') ILS DA(H) Apt Elev 62' Rwy 33' MISSED APCH: Climb direct to ",d86b5b5e262a775f8e91d28a403f4b163992dbdd1733ca28e1ba6e46ce8a7ab6
1444,OMDB,OMDB,APP,APP,11-4A,CAT II/III ILS RWY 30R,MATCH,independently_consistent,True,False,True,AWAITING_INDIVIDUAL_VISUAL_VERIFICATION,,images/pages_1201_1600/1444.jpg,"SHARJAH Sharjah Intl OMSJ OM(P)-46 BRIEFING STRIP TM DUBAI, UAE DUBAI INTL LOC 110.9 IDBR Final Apch Crs 299^ 3000'(2967') Apt Elev 62' Rwy 33' 11-4A 10 OMDB/DXB JEPPESEN CAT II/III ILS Rwy 30R Refer to Minimums DUBAI Tower Ground 118.750 119.550 118.350 1 1 MISSED APCH CLIMB GRA",d86b5b5e262a775f8e91d28a403f4b163992dbdd1733ca28e1ba6e46ce8a7ab6
1445,OMDB,OMDB,APP,APP,12-1,RNP RWY 12L,MATCH,independently_consistent,True,False,True,AWAITING_INDIVIDUAL_VISUAL_VERIFICATION,,images/pages_1201_1600/1445.jpg,"OM(R)-83 OM(P)-44 OM(P)-45 BRIEFING STRIP TM DUBAI, UAE DUBAI INTL 10 OMDB/DXB REREK 3 1 1 North 118.750 119.550 South DUBAI Tower Ground 118.350 RNAV Final Apch Crs 119^ 2000' Apt Elev 62' Rwy 12' DB6~1 Alt Set: hPa Trans alt: 13000' (1988') Rwy Elev: 0 hPa DA(H) LNAV/VNAV Refer",d86b5b5e262a775f8e91d28a403f4b163992dbdd1733ca28e1ba6e46ce8a7ab6
1446,OMDB,OMDB,APP,APP,12-2,RNP RWY 12R,MATCH,independently_consistent,True,False,True,AWAITING_INDIVIDUAL_VISUAL_VERIFICATION,,images/pages_1201_1600/1446.jpg,"OM(R)-83 OM(P)-45 OM(P)-44 BRIEFING STRIP TM DUBAI, UAE DUBAI INTL 10 OMDB/DXB 1 118.750 North DUBAI Tower South 119.550 118.350 Ground RNAV Final Apch Crs 119^ 3000' Apt Elev 62' Rwy 11' DB658 Alt Set: hPa Trans alt: 13000' (2989') Rwy Elev: 0 hPa DA(H) LNAV/VNAV Refer to Minimu",d86b5b5e262a775f8e91d28a403f4b163992dbdd1733ca28e1ba6e46ce8a7ab6
1447,OMDB,OMDB,APP,APP,,RNP RWY 30L,REVIEW,only_old_index_supports_category,True,False,True,AWAITING_INDIVIDUAL_VISUAL_VERIFICATION,,images/pages_1201_1600/1447.jpg,"SHARJAH Sharjah Intl OMSJ OM(P)-46 BRIEFING STRIP TM DUBAI, UAE DUBAI INTL 10 OMDB/DXB 1 Ground 118.350 119.550 South DUBAI Tower North 118.750 RNAV Final Apch Crs 299^ 2000' Apt Elev 62' Rwy 60' Alt Set: hPa Trans alt: 13000' DB713 DA(H) (1940') Rwy Elev: 2 hPa LNAV/VNAV Refer t",d86b5b5e262a775f8e91d28a403f4b163992dbdd1733ca28e1ba6e46ce8a7ab6
1448,OMDB,OMDB,APP,APP,12-4,RNP RWY 30R,MATCH,independently_consistent,True,False,True,AWAITING_INDIVIDUAL_VISUAL_VERIFICATION,,images/pages_1201_1600/1448.jpg,"SHARJAH Sharjah Intl OMSJ OM(P)-46 BRIEFING STRIP TM DUBAI, UAE DUBAI INTL RNAV Final Apch Crs 299^ 3000' Apt Elev 62' Rwy 33' 10 Alt Set: hPa Trans alt: 13000' DB78~ OMDB/DXB (2967') Rwy Elev: 1 hPa DA(H) Refer to Minimums 1 MISSED APCH: 1 MISSED APCH CLIMB GRAD for LVAV/VNAV MI",d86b5b5e262a775f8e91d28a403f4b163992dbdd1733ca28e1ba6e46ce8a7ab6
1449,OMDB,,AIRPORT,AIRPORT,19-10,AIRPORT QUALIFICATION,MATCH,independently_consistent,True,False,True,AWAITING_INDIVIDUAL_VISUAL_VERIFICATION,,images/pages_1201_1600/1449.jpg,OM(P)-45 1500 GND OM(P)-44 1500 GND OM(P)-46 1500 GND OM(D)-3 2000 GND 1500 GND OM(D)-26 GND 13000 GND OM(P)-101 2000 OM(R)-81 1500 GND OM(R)-82 1500 1000 OM(R)- 72 -21 OM(R)-55 1500 GND 1500 GND MBZ 3 North A MBZ 3 North B GND (whichever higher) 8 2500/700 AGL8 2000 GND AS06 400,d86b5b5e262a775f8e91d28a403f4b163992dbdd1733ca28e1ba6e46ce8a7ab6
1450,OMDB,OMDB,AIRPORT,AIRPORT,19-11,AIRPORT QUALIFICATION,MATCH,independently_consistent,True,False,True,AWAITING_INDIVIDUAL_VISUAL_VERIFICATION,,images/pages_1201_1600/1450.jpg,OM(R)-62 JEPPESEN OMDB/DXB DUBAI INTL .VFR. DUBAI INTL 62 25-14 25-14 25-15 25-15 25-16 25-16 55-14 55-15 55-16 55-17 55-18 55-19 55-20 55-21 55-22 55-23 VR8 VR1 VR1 VR1 VR1 VR1 VR5 1173' 685' VR1 638' 481' 557' 31 JUL 26 .Eff.6.Aug. 134.650 126.775 Trans alt: 13000' Alt Set: hPa,d86b5b5e262a775f8e91d28a403f4b163992dbdd1733ca28e1ba6e46ce8a7ab6
1451,OMDW,OMDW,AIRPORT,AIRPORT,,AIRPORT INFORMATION,REVIEW,only_old_index_supports_category,True,False,True,AWAITING_INDIVIDUAL_VISUAL_VERIFICATION,,images/pages_1201_1600/1451.jpg,"General Information Location: DUBAI ARE ICAO/IATA: OMDW / DWC Lat/Long: N24° 55.1', E055° 10.5' Elevation: 171 ft Airport Use: Public Daylight Savings: Not Observed UTC Conversion: -4:00 = UTC Magnetic Variation: 2.0° E Length x Width: 6030 ft x 98 ft Surface Type: asphalt TDZ-El",d86b5b5e262a775f8e91d28a403f4b163992dbdd1733ca28e1ba6e46ce8a7ab6
1452,OMDW,OMDW,AIRPORT,AIRPORT,,AIRPORT INFORMATION,REVIEW,only_old_index_supports_category,True,False,True,AWAITING_INDIVIDUAL_VISUAL_VERIFICATION,,images/pages_1201_1600/1452.jpg,"General Information Location: DUBAI ARE ICAO/IATA: OMDW / DWC Lat/Long: N24° 55.1', E055° 10.5' Elevation: 171 ft Airport Use: Public Daylight Savings: Not Observed UTC Conversion: -4:00 = UTC Magnetic Variation: 2.0° E Length x Width: 6030 ft x 98 ft Surface Type: asphalt TDZ-El",d86b5b5e262a775f8e91d28a403f4b163992dbdd1733ca28e1ba6e46ce8a7ab6
1453,OMDW,OMDW,AIRPORT,AIRPORT,20-1P,AIRPORT BRIEFING,MATCH,independently_consistent,True,False,True,AWAITING_INDIVIDUAL_VISUAL_VERIFICATION,,images/pages_1201_1600/1453.jpg,JEPPESEN 1. GENERAL 1.1. 1.2. ATIS LOW VISIBILITY PROCEDURES Low visibility operations shall commence when: - Touchdown IRVR readings indicate a visibility of 600m or less; - reported meteorological visibility indicates 800m or less (if IRVR is not available); - reported cloud ba,d86b5b5e262a775f8e91d28a403f4b163992dbdd1733ca28e1ba6e46ce8a7ab6
1454,OMDW,OMDW,AIRPORT,AIRPORT,20-1P1,AIRPORT BRIEFING,MATCH,independently_consistent,True,False,True,AWAITING_INDIVIDUAL_VISUAL_VERIFICATION,,images/pages_1201_1600/1454.jpg,"JEPPESEN 1. GENERAL 1.5. 1.5.1. TAXI PROCEDURES Pilots who are unfamiliar with OMDW should advise ATC on first taxi. GENERAL Change in gradient of 2.5% when crossing TWY V from TWY W1 and between TWY W16, W17 to TWY W21. Additional engine thrust may be required. Follow- ing ACFT ",d86b5b5e262a775f8e91d28a403f4b163992dbdd1733ca28e1ba6e46ce8a7ab6
1455,OMDW,,AIRPORT,AIRPORT,20-1P2,AIRPORT BRIEFING,MATCH,independently_consistent,True,False,True,AWAITING_INDIVIDUAL_VISUAL_VERIFICATION,,images/pages_1201_1600/1455.jpg,"JEPPESEN 1. GENERAL 24 JUL 26 .Eff.6.Aug. While generally all TWY centre line lights may remain on, at times not limited to low visibility, ATC may select a specific route for the cockpit crew to follow, illuminated by TWY centre line lights, referred to as ""route selectable ligh",d86b5b5e262a775f8e91d28a403f4b163992dbdd1733ca28e1ba6e46ce8a7ab6
1456,OMDW,OMDW,AIRPORT,AIRPORT,20-1P3,AIRPORT BRIEFING,MATCH,independently_consistent,True,False,True,AWAITING_INDIVIDUAL_VISUAL_VERIFICATION,,images/pages_1201_1600/1456.jpg,"JEPPESEN 1. GENERAL 24 JUL 26 .Eff.6.Aug. Wind shear reports that are relayed by ATC to other ACFT will contain as many of the following details as possible: Examples of the phraseology used by ATC to pass on wind shear reports: a. ""CAUTION WIND SHEAR. AT (TIME) (ACFT TYPE) REPOR",d86b5b5e262a775f8e91d28a403f4b163992dbdd1733ca28e1ba6e46ce8a7ab6
1457,OMDW,,AIRPORT,AIRPORT,20-1P4,AIRPORT BRIEFING,MATCH,independently_consistent,True,False,True,AWAITING_INDIVIDUAL_VISUAL_VERIFICATION,,images/pages_1201_1600/1457.jpg,"JEPPESEN 2. ARRIVAL 2.1. 2.2.1. CAT II/III OPERATIONS RWY 12/30 approved for CAT II/III operations, special aircrew and ACFT certifi- cation required. 2.2. FLIGHT PROCEDURES INITIAL CONTACT INSTRUCTIONS - AIRBORNE On initial call, arriving IFR ACFT shall pass the following inform",d86b5b5e262a775f8e91d28a403f4b163992dbdd1733ca28e1ba6e46ce8a7ab6
1458,OMDW,OMDW,AIRPORT,AIRPORT,20-1P5,AIRPORT BRIEFING,MATCH,independently_consistent,True,False,True,AWAITING_INDIVIDUAL_VISUAL_VERIFICATION,,images/pages_1201_1600/1458.jpg,JEPPESEN 2. ARRIVAL 2.4.4. CONDITIONS FOR APPLICATION OF RRSM RRSM may be applied by day only between: - Departing ACFT and succeeding landing ACFT; or - Two successive landing ACFTs; or - Two successive departing ACFTs provided that: - Tailwind does not exceed 5 KT and there are,d86b5b5e262a775f8e91d28a403f4b163992dbdd1733ca28e1ba6e46ce8a7ab6
1459,OMDW,OMDW,AIRPORT,AIRPORT,20-1P6,AIRPORT BRIEFING,MATCH,independently_consistent,True,False,True,AWAITING_INDIVIDUAL_VISUAL_VERIFICATION,,images/pages_1201_1600/1459.jpg,"JEPPESEN 3.2.2. 3. DEPARTURE INITIAL CONTACT INSTRUCTIONS - AIRBORNE 13 JUN 25 EFTA Operations: Prior to requesting a start or taxi clearance from EFTA ATC, flight crews are instructed to contact EFTA ATC on frequency 118.775 MHz. Departing ACFT shall establish contact no more th",d86b5b5e262a775f8e91d28a403f4b163992dbdd1733ca28e1ba6e46ce8a7ab6
1460,OMDB,OMDW,STAR,STAR,20-2,"DATOB 5Y, GONVI 5Y, PUVAL 6Y",REVIEW,header_icao_differs_from_index,True,False,True,AWAITING_INDIVIDUAL_VISUAL_VERIFICATION,,images/pages_1201_1600/1460.jpg,".RNAV.STAR. 20-2 JEPPESEN OMDW/DWC Apt Elev 171 Alt Set: hPa Trans level: FL150 GONVI 5Y [GONV5Y] DATOB 5Y [DATO5Y] PUVAL 6Y [PUVA6Y] rst contact with DUBAI Arrivals state ing level and ACFT type, including series. se DUBAI Arrivals when full RWY length quired. TION: Independent ",d86b5b5e262a775f8e91d28a403f4b163992dbdd1733ca28e1ba6e46ce8a7ab6
1461,OMDB,OMDW,STAR,STAR,20-2A,"DATOB 5Z, GONVI 5Z, PUVAL 6Z",REVIEW,header_icao_differs_from_index,True,False,True,AWAITING_INDIVIDUAL_VISUAL_VERIFICATION,,images/pages_1201_1600/1461.jpg,"FL160 FL160 .RNAV.STAR. 20-2A JEPPESEN OMDW/DWC Alt Set: hPa Trans level: FL150 PUVAL GONVI ALRAR 5.1 107^ 1 DATOB 5Z [DATO5Z], GONVI 5Z [GONV5Z], PUVAL 6Z [PUVA6Z] Apt Elev 171 1 RNAV ARRIVALS 1 (RWY 30, 31 ) .Eff.12.Jun. RNAV 1 (GNSS) required 6 JUN 25 1. On first contact with ",d86b5b5e262a775f8e91d28a403f4b163992dbdd1733ca28e1ba6e46ce8a7ab6
1462,OMDW,OMDW,STAR,STAR,20-2B,"GIDIS 5Y, UMAMI 4Y",MATCH,independently_consistent,True,False,True,AWAITING_INDIVIDUAL_VISUAL_VERIFICATION,,images/pages_1201_1600/1462.jpg,"O M A N U .A .E . 12000 12000 10000 .RNAV.STAR. 20-2B JEPPESEN OMDW/DWC 50 RERAG GIDIS UMAMI DW422 GIDIS 5Y 304^ 303^ 4.5 9 . 9 2 3 4 ^ 6.8 UMAMI 4Y 4374 Exclusive use for EFTA traffic. RNAV ARRIVALS (RWY 12, 13 ) 1 .Eff.12.Jun. 6 JUN 25 MAMI 4Y [UMAM4Y] GIDIS 5Y [GIDI5Y] 80 94 5",d86b5b5e262a775f8e91d28a403f4b163992dbdd1733ca28e1ba6e46ce8a7ab6
1463,OMDW,OMDW,STAR,STAR,20-2C,"GIDIS 5Z, UMAMI 4Z",MATCH,independently_consistent,True,False,True,AWAITING_INDIVIDUAL_VISUAL_VERIFICATION,,images/pages_1201_1600/1463.jpg,"O M A U .A 12000 11000 0000 .RNAV.STAR. 20-2C JEPPESEN OMDW/DWC UMAMI GIDIS ERAG DW422 2 3 4 ^ 303^ 304^ 6.8 4.5 9 . 9 UMAMI 4Z GIDIS 5Z 35 40 45 4180 RNAV ARRIVALS 1 (RWY 30, 31 ) .Eff.12.Jun. 6 JUN 25 GIDIS 5Z [GIDI5Z] MAMI 4Z [UMAM4Z] 80 56-00 AT 230 KT AT 230 KT T 230 KT DUBA",d86b5b5e262a775f8e91d28a403f4b163992dbdd1733ca28e1ba6e46ce8a7ab6
1464,OMDW,OMDW,STAR,STAR,20-2D,"ELOVU 3Y, GERUL 3Y, LORID 3Y",MATCH,independently_consistent,True,False,True,AWAITING_INDIVIDUAL_VISUAL_VERIFICATION,,images/pages_1201_1600/1464.jpg,"2400 270^ 2100 3 6 0 ^ 2800 3800 1 7 9 ^ 0 .RNAV.STAR. 20-2D JEPPESEN OMDW/DWC 594 35 40 45 for EFTA traffic. ORID 3Y [LORI3Y] 1 NAV ARRIVALS 1 RWY 12, 13 ) .Eff.12.Jun. 6 JUN 25 OV3Y], GERUL 3Y [GERU3Y] 54 38 55-00 DUBAI, UAE AL MAKTOUM INTL Printed from JeppView for Windows 5.3",d86b5b5e262a775f8e91d28a403f4b163992dbdd1733ca28e1ba6e46ce8a7ab6
1465,OMDW,OMDW,STAR,STAR,20-2E,"ELOVU 3Z, GERUL 3Z, LORID 3Z",MATCH,independently_consistent,True,False,True,AWAITING_INDIVIDUAL_VISUAL_VERIFICATION,,images/pages_1201_1600/1465.jpg,"DUBAI OMDM Minhad 2400 270^ 3800 3000 .RNAV.STAR. 20-2E JEPPESEN OMDW/DWC UKSUL GAK SOBOB GEXIK 50 0 2 9 ^ 299^ 6.0 5 . 0 3.8 594 RWY 31 Exclusive use for EFTA traffic. 5.3 NAV ARRIVALS OV3Z], GERUL 3Z [GERU3Z] RID 3Z [LORI3Z] 1 RWY 30, 31 ) .Eff.12.Jun. 6 JUN 25 54 38 55-30 AT 1",d86b5b5e262a775f8e91d28a403f4b163992dbdd1733ca28e1ba6e46ce8a7ab6
1466,OMDB,OMDW,SID,SID,20-3,DAVMO 5J,REVIEW,header_icao_differs_from_index,True,False,True,AWAITING_INDIVIDUAL_VISUAL_VERIFICATION,,images/pages_1201_1600/1466.jpg,DAVMO .RNAV.SID. JEPPESEN OMDW/DWC Apt Elev 171 5.6 Trans alt: 13000 20-3 DUBAI Departures (R) North South 121.025 RNAV 1 (GNSS) required (RWY 12) DAVMO 5J RNAV DEPARTURE [DAVM5J] 124.675 1. CAUTION: Independent high intensity circuit training traffic SOUTH of the airfield. 2. On,d86b5b5e262a775f8e91d28a403f4b163992dbdd1733ca28e1ba6e46ce8a7ab6
1467,OMDB,OMDW,SID,SID,20-3A,DAVMO 4L,REVIEW,header_icao_differs_from_index,True,False,True,AWAITING_INDIVIDUAL_VISUAL_VERIFICATION,,images/pages_1201_1600/1467.jpg,DAVMO .RNAV.SID. JEPPESEN OMDW/DWC 20-3A Apt Elev 171 Trans alt: 13000 DUBAI Departures (R) North South 121.025 RNAV 1 (GNSS) required (RWY 30) DAVMO 4L RNAV DEPARTURE [DAVM4L] 124.675 1. CAUTION: Independent high intensity circuit training traffic SOUTH of the airfield. 2. On al,d86b5b5e262a775f8e91d28a403f4b163992dbdd1733ca28e1ba6e46ce8a7ab6
1468,OMDW,OMDW,SID,SID,20-3B,"ANVIX 6J, EMERU 3J, NOLSU 3J",MATCH,independently_consistent,True,False,True,AWAITING_INDIVIDUAL_VISUAL_VERIFICATION,,images/pages_1201_1600/1468.jpg,"O M A U 000 FL150 10000 .RNAV.SID. OMDW/DWC OLSU 3J [NOLS3J] W475 NOLSU ANVIX N O LS U 3 J ANVIX 6J 6.0 1 8 . 5 124^ 20-3B 50 JEPPESEN NVI6J], EMERU 3J [EMER3J] (RWY 12) NAV DEPARTURES 4180 24 JUL 26 .Eff.6.Aug. t 1520 300 80 94 56-00 MAX 250 KT BELOW 10000 DUBAI, UAE AL MAKTOUM ",d86b5b5e262a775f8e91d28a403f4b163992dbdd1733ca28e1ba6e46ce8a7ab6
1469,OMDW,,SID,SID,20-3C,"ANVIX 4L, EMERU 1L, NOLSU 3L",MATCH,independently_consistent,True,False,True,AWAITING_INDIVIDUAL_VISUAL_VERIFICATION,,images/pages_1201_1600/1469.jpg,"O M A N U .A .E FL150 OLSU 3L [NOLS3L] NOLSU ANVIX N O LS U 3 L ANVIX 4L 6.0 1 8 . 5 NVI4L], EMERU 1L [EMER1L] .RNAV.SID. JEPPESEN OMDW/DWC 50 20-3C NAV DEPARTURES (RWY 30) 4180 24 JUL 26 .Eff.6.Aug. gradient 3 1266 1520 0 250 300 80 94 56-00 MAX 250 KT BELOW 10000 DUBAI, UAE AL ",d86b5b5e262a775f8e91d28a403f4b163992dbdd1733ca28e1ba6e46ce8a7ab6
1470,OMDB,OMSJ,SID,SID,20-3D,"KUTLI 4J, MIROT 4J, NABIX 4J, RIDAP 4J, SENPA 4J",REVIEW,header_icao_differs_from_index,True,False,True,AWAITING_INDIVIDUAL_VISUAL_VERIFICATION,,images/pages_1201_1600/1470.jpg,"^ .RNAV.SID. 20-3D 3000, Apt Elev 171 Trans alt: 13000 DUBAI Departures (R) North South 121.025 RNAV 1 (GNSS) required KUTLI 4J [KUTL4J] MIROT 4J [MIRO4J] NABIX 4J [NABI4J] RIDAP 4J [RIDA4J] SENPA 4J [SENP4J] RNAV DEPARTURES (RWY 12) JEPPESEN (570+) - DW452 (2000+) - DW456 (K220-",d86b5b5e262a775f8e91d28a403f4b163992dbdd1733ca28e1ba6e46ce8a7ab6
1471,OMDW,OMDW,SID,SID,20-3E,"KUTLI 3L, MIROT 3L, NABIX 3L, RIDAP 3L, SENPA 3L",MATCH,independently_consistent,True,False,True,AWAITING_INDIVIDUAL_VISUAL_VERIFICATION,,images/pages_1201_1600/1471.jpg,".RNAV.SID. JEPPESEN 20-3E OMDW/DWC RIDAP 35 40 45 Apt Elev 171 Trans alt: 13000 DUBAI Departures (R) North South 121.025 RNAV 1 (GNSS) required KUTLI 3L [KUTL3L], MIROT 3L [MIRO3L], NABIX 3L [NABI3L] RIDAP 3L [RIDA3L], SENPA 3L [SENP3L] RNAV DEPARTURES (RWY 30) 124.675 1. CAUTION",d86b5b5e262a775f8e91d28a403f4b163992dbdd1733ca28e1ba6e46ce8a7ab6
1472,OMDW,,AIRPORT,AIRPORT,20-9,Airport Diagram Chart (ADC),MATCH,independently_consistent,True,False,True,AWAITING_INDIVIDUAL_VISUAL_VERIFICATION,,images/pages_1201_1600/1472.jpg,"16 W17 W18W19 W20W21 Z V16V17V18 V20V21 Elev 171' APRON S8 WK ZP Z13 Z17A V16 V17 ZN 13A APRON G VIP erminal 0 2 ^ E OUM Ground 8.375 Tower 118.625 30 299^ | JEPPESEN, 2010, 2026. ALL RIGHTS RESERVED. 121.025 DUBAI Departures North South 24-52 24-53 24-54 55-11 55-11 VM Taxilane ",d86b5b5e262a775f8e91d28a403f4b163992dbdd1733ca28e1ba6e46ce8a7ab6
1473,OMDW,,AIRPORT,AIRPORT,20-9A,ADDITIONAL RUNWAY INFORMATION,MATCH,independently_consistent,True,False,True,AWAITING_INDIVIDUAL_VISUAL_VERIFICATION,,images/pages_1201_1600/1473.jpg,"13,792' 4204m 13,670' 4167m TAKE-OFF (Day only) Day: RL or RCLM Night: RL or CL 1 RL & CL Day: RL & RCLM Night: RL or CL Adequate vis ref Take-off 200m 300m 400m 500m RVR RVR ance system or HUD/HUDLS. smissiometers of departure rwy shall be serviceable. If 50m TDZ RVR not require",d86b5b5e262a775f8e91d28a403f4b163992dbdd1733ca28e1ba6e46ce8a7ab6
1474,OMDW,,AIRPORT,AIRPORT,20-9B,HOT SPOTS,MATCH,independently_consistent,True,False,True,AWAITING_INDIVIDUAL_VISUAL_VERIFICATION,,images/pages_1201_1600/1474.jpg,"JEPPESEN 0 W11 W12 W13 W14 V9 V12 V10 V11 WG ZG Tower Z APRON S4 ZH 20-9B W V RWY 12/30 W10 W11 24-54 24-53 24-53.9 24-53.8 24-53.7 24-53.6 24-53.5 24-53.4 24-53.3 24-53.2 24-53.1 24-52.9 55-09.5 55-09.6 55-09.7 55-09.8 55-09.9 55-09.5 55-09.6 55-09.7 55-09.8 55-09.9 | JEPPESEN, ",d86b5b5e262a775f8e91d28a403f4b163992dbdd1733ca28e1ba6e46ce8a7ab6
1475,OMDW,,AIRPORT,AIRPORT,20-9C,HOT SPOTS,MATCH,independently_consistent,True,False,True,AWAITING_INDIVIDUAL_VISUAL_VERIFICATION,,images/pages_1201_1600/1475.jpg,"05 S806 S807 S808 S809 S810 S811 S812 JEPPESEN 20-9C Z APRON S8 55-11 24-53 24-52.9 24-52.8 24-52.7 24-52.6 24-52.5 24-52.4 24-52.3 24-52.2 24-53.1 24-53.2 24-53.3 24-53.4 55-10.9 55-11.1 55-11.2 55-11.3 55-11 55-10.9 55-11.1 55-11.2 55-11.3 | JEPPESEN, 2010, 2026. ALL RIGHTS RES",d86b5b5e262a775f8e91d28a403f4b163992dbdd1733ca28e1ba6e46ce8a7ab6
1476,OMDW,OMDW,AIRPORT,AIRPORT,20-9D,INS COORDINATES,MATCH,independently_consistent,True,False,True,AWAITING_INDIVIDUAL_VISUAL_VERIFICATION,,images/pages_1201_1600/1476.jpg,"20-9D JEPPESEN OMDW/DWC DUBAI, UAE AL MAKTOUM INTL APRON S2 S289 S290 S291 S292 S293 S294 S295 S296 S297 S298 S299, S300 N24 53.8 E055 08.7 N24 53.7 E055 08.7 N24 53.7 E055 08.7 N24 53.7 E055 08.7 N24 53.6 E055 08.6 N24 53.6 E055 08.6 N24 53.5 E055 08.6 N24 53.5 E055 08.5 N24 53.",d86b5b5e262a775f8e91d28a403f4b163992dbdd1733ca28e1ba6e46ce8a7ab6
1477,OMDW,OMDW,AIRPORT,AIRPORT,20-9E,INS COORDINATES,MATCH,independently_consistent,True,False,True,AWAITING_INDIVIDUAL_VISUAL_VERIFICATION,,images/pages_1201_1600/1477.jpg,"A3 A 55-09.5 55-09.6 55-09.4 RWY 13/31 20-9E JEPPESEN For EFTA ACFT only 9 FEB 24 OMDW/DWC DUBAI, UAE AL MAKTOUM INTL Printed from JeppView for Windows 5.3.0.0 on 09 Oct 2026; Terminal chart data cycle 21-2026; Notice: After 21 Oct 2026, 0000Z, this chart may no longer be valid",d86b5b5e262a775f8e91d28a403f4b163992dbdd1733ca28e1ba6e46ce8a7ab6
1478,OMDW,,AIRPORT,AIRPORT,20-9F,HOT SPOTS,MATCH,independently_consistent,True,False,True,AWAITING_INDIVIDUAL_VISUAL_VERIFICATION,,images/pages_1201_1600/1478.jpg,W17 W18 W19 W20 W21 Z V16 V17 V18 V20 V21 APRON S8 ZP V16 V17 V18 V21 ZN APRON G 24-53 24-54 55-11 55-11 Intermediate Holding Position W21A W21B IP minal Intermediate Holding Position with Stop Bar A CAT I/non-precision Rwy Holding Position with Stop Bar CAT II/III Rwy Holding Po,d86b5b5e262a775f8e91d28a403f4b163992dbdd1733ca28e1ba6e46ce8a7ab6
1479,OMDW,,AIRPORT,AIRPORT,20-9G,HOT SPOTS,MATCH,independently_consistent,True,False,True,AWAITING_INDIVIDUAL_VISUAL_VERIFICATION,,images/pages_1201_1600/1479.jpg,JEPPESEN 20-9G APRON S8 APRON G 24-53 24-54 55-11 P minal W17 W18 W19 W20 W21 Z V16 V17 V18 V20 V21 ZP V16 V17 V18 V21 ZN W21A W21B Intermediate Holding Position Intermediate Holding Position with Stop Bar CAT I/non-precision Rwy Holding Position with Stop Bar CAT II/III Rwy Hold,d86b5b5e262a775f8e91d28a403f4b163992dbdd1733ca28e1ba6e46ce8a7ab6
1480,OMDW,OMDW,AIRPORT,AIRPORT,20-9H,5 DEC 25 20-9H AL MAKTOUM INTL,MATCH,independently_consistent,True,False,True,AWAITING_INDIVIDUAL_VISUAL_VERIFICATION,,images/pages_1201_1600/1480.jpg,"OMDW/DWC 20-9H JEPPESEN DUBAI, UAE Notes: AL MAKTOUM INTL VISUAL DOCKING GUIDANCE SYSTEMS (VDGS) - Pilots should not enter an ACFT stand unless the VDGS is illuminated or a marshaller has signalled clearance to proceed. In the event of there being no activated VDGS displayed upon",d86b5b5e262a775f8e91d28a403f4b163992dbdd1733ca28e1ba6e46ce8a7ab6
1481,OMDW,OMDW,AIRPORT,AIRPORT,20-9J,5 DEC 25 20-9J AL MAKTOUM INTL,MATCH,independently_consistent,True,False,True,AWAITING_INDIVIDUAL_VISUAL_VERIFICATION,,images/pages_1201_1600/1481.jpg,"OMDW/DWC 20-9J JEPPESEN DUBAI, UAE 2.1. NOT SCHEDULED AND NOT ACTIVATED 2.2. SCHEDULED BUT NOT ACTIVATED 2. LED Board Display - When VDGS is functioning optimally AL MAKTOUM INTL VISUAL DOCKING GUIDANCE SYSTEMS (VDGS) (contd) - If only stand number is shown, it means VDGS is not ",d86b5b5e262a775f8e91d28a403f4b163992dbdd1733ca28e1ba6e46ce8a7ab6
1482,OMDW,,AIRPORT,AIRPORT,20-9K,HOT SPOTS,MATCH,independently_consistent,True,False,True,AWAITING_INDIVIDUAL_VISUAL_VERIFICATION,,images/pages_1201_1600/1482.jpg,"Z APRON S8 Z13 Z17A 13A APRON G VIP erminal OUM Ground 8.375 Tower 118.625 30 299^ 121.025 DUBAI Departures North South 24-52 24-53 24-54 55-11 55-11 12/30 communications: Elev 171' Code F taxi routes - unrestricted | JEPPESEN, 2021, 2026. ALL RIGHTS RESERVED. Box Stand Parking C",d86b5b5e262a775f8e91d28a403f4b163992dbdd1733ca28e1ba6e46ce8a7ab6
1483,OMDW,,APP,APP,,ILS RWY 12,MATCH,independently_consistent,True,False,True,AWAITING_INDIVIDUAL_VISUAL_VERIFICATION,,images/pages_1201_1600/1483.jpg,"OM(R)-75 OM(R) -94 OM(R) -83 PUSVO ILS Rwy 12 LOC IJEA 111.75 Final Apch Crs 119^ 2000'(1885') ILS DA(H) Refer to Minimums Apt Elev Rwy 171' 115' MISSED APCH: BRIEFING STRIP TM Alt Set: hPa Rwy Elev: 4 hPa Trans level: FL150 Trans alt: 13000' 10 OMDW/DWC DUBAI, UAE AL MAKTOUM INT",d86b5b5e262a775f8e91d28a403f4b163992dbdd1733ca28e1ba6e46ce8a7ab6
1484,OMDW,OMDW,APP,APP,,CAT II/III ILS RWY 12,REVIEW,only_old_index_supports_category,True,False,True,AWAITING_INDIVIDUAL_VISUAL_VERIFICATION,,images/pages_1201_1600/1484.jpg,"OM(R) OM(R)-95 OM(R) -83 LOC IJEA 111.75 Final Apch Crs 119^ Refer to Minimums MISSED APCH: BRIEFING STRIP TM Alt Set: hPa Rwy Elev: 4 hPa Trans level: FL150 Trans alt: 13000' 10 OMDW/DWC DUBAI, UAE CAT II/III ILS Rwy 12 AL MAKTOUM INTL Climb direct to REVUL, hold at 3000'. MAX 2",d86b5b5e262a775f8e91d28a403f4b163992dbdd1733ca28e1ba6e46ce8a7ab6
1485,OMDW,OMDW,APP,APP,,ILS RWY 30,MATCH,independently_consistent,True,False,True,AWAITING_INDIVIDUAL_VISUAL_VERIFICATION,,images/pages_1201_1600/1485.jpg,"OMDM OM(R) -94 ILS Rwy 30 LOC IJWA 109.75 Final Apch Crs 299^ ILS DA(H) MISSED APCH: BRIEFING STRIP TM 10 371'(200') OMDW/DWC Alt Set: hPa Rwy Elev: 6 hPa Trans level: FL150 Trans alt: 13000' DUBAI, UAE AL MAKTOUM INTL 119^ 299^ Apt Elev 171' Rwy 171' AL MAKTOUM Tower Ground MINH",d86b5b5e262a775f8e91d28a403f4b163992dbdd1733ca28e1ba6e46ce8a7ab6
1486,OMDW,OMDW,APP,APP,,CAT II/III ILS RWY 30,REVIEW,only_old_index_supports_category,True,False,True,AWAITING_INDIVIDUAL_VISUAL_VERIFICATION,,images/pages_1201_1600/1486.jpg,"OMDM OM(R) -94 119 299^ LOC IJWA 109.75 Final Apch Crs 299^ MISSED APCH: BRIEFING STRIP TM OMDW/DWC Alt Set: hPa Rwy Elev: 6 hPa Trans level: FL150 Trans alt: 13000' Refer to Minimums DUBAI, UAE CAT II/III ILS Rwy 30 AL MAKTOUM INTL Apt Elev 171' Rwy 171' AL MAKTOUM Tower Ground ",d86b5b5e262a775f8e91d28a403f4b163992dbdd1733ca28e1ba6e46ce8a7ab6
1487,OMDW,,APP,APP,,RNP RWY 12,REVIEW,only_old_index_supports_category,True,False,True,AWAITING_INDIVIDUAL_VISUAL_VERIFICATION,,images/pages_1201_1600/1487.jpg,"OM(R)-75 OM(R)-95 OM(R) -94 OM(R)-83 BRIEFING STRIP TM DUBAI, UAE 22-1 RNAV Final Apch Crs 119^ 2000' Apt Elev 171' Rwy 115' MISSED APCH: DW66~ Alt Set: hPa Trans alt: 13000' 10 (1885') JEPPESEN Rwy Elev: 4 hPa OMDW/DWC PUSVO DA(H) LNAV/VNAV Minimum temperature for VNAV 5^C. AL M",d86b5b5e262a775f8e91d28a403f4b163992dbdd1733ca28e1ba6e46ce8a7ab6
1488,OMDW,OMDW,APP,APP,,RNP RWY 30,REVIEW,only_old_index_supports_category,True,False,True,AWAITING_INDIVIDUAL_VISUAL_VERIFICATION,,images/pages_1201_1600/1488.jpg,"OM(R)-75 OM(P)-111 BRIEFING STRIP TM DUBAI, UAE 22-2 RNAV Final Apch Crs 299^ 2000' Apt Elev 171' Rwy 171' MISSED APCH: DW76~ Alt Set: hPa Trans alt: 13000' 10 (1829') JEPPESEN Rwy Elev: 6 hPa OMDW/DWC LADMO 119^ 299^ DA(H) LNAV/VNAV Minimum temperature for VNAV 5^C. AL MAKTOUM I",d86b5b5e262a775f8e91d28a403f4b163992dbdd1733ca28e1ba6e46ce8a7ab6
1489,OTHH,OTHH,UNRESOLVED,,,,REVIEW,unindexed_page_needs_inspection,False,False,True,AWAITING_INDIVIDUAL_VISUAL_VERIFICATION,,images/pages_1201_1600/1489.jpg,"General Information Location: DOHA QAT ICAO/IATA: OTHH / DOH Lat/Long: N25° 16.5', E051° 36.5' Elevation: 13 ft Airport Use: Public Daylight Savings: Not Observed UTC Conversion: -3:00 = UTC Magnetic Variation: 3.0° E Length x Width: 15912 ft x 197 ft Surface Type: asphalt TDZ-El",d86b5b5e262a775f8e91d28a403f4b163992dbdd1733ca28e1ba6e46ce8a7ab6
1490,OTHH,OTHH,UNRESOLVED,,,,REVIEW,unindexed_page_needs_inspection,False,False,True,AWAITING_INDIVIDUAL_VISUAL_VERIFICATION,,images/pages_1201_1600/1490.jpg,"General Information Location: DOHA QAT ICAO/IATA: OTHH / DOH Lat/Long: N25° 16.5', E051° 36.5' Elevation: 13 ft Airport Use: Public Daylight Savings: Not Observed UTC Conversion: -3:00 = UTC Magnetic Variation: 3.0° E Length x Width: 15912 ft x 197 ft Surface Type: asphalt TDZ-El",d86b5b5e262a775f8e91d28a403f4b163992dbdd1733ca28e1ba6e46ce8a7ab6
1491,,,UNRESOLVED,,,,REVIEW,unindexed_page_needs_inspection,False,False,True,AWAITING_INDIVIDUAL_VISUAL_VERIFICATION,,images/pages_1201_1600/1491.jpg,JEPPESEN 1. GENERAL HAMAD INTL ATIS 1.1. D-ATIS Arrival D-ATIS Departure 126.825 126.850 LOW VISIBILITY PROCEDURES (LVP) 1.2. 25 SEP 26 .Eff.1.Oct. LVP are established at Hamad International Airport to ensure the safe conduct of aircraft operations during periods of reduced visib,d86b5b5e262a775f8e91d28a403f4b163992dbdd1733ca28e1ba6e46ce8a7ab6
1492,,,UNRESOLVED,,,,REVIEW,unindexed_page_needs_inspection,False,False,True,AWAITING_INDIVIDUAL_VISUAL_VERIFICATION,,images/pages_1201_1600/1492.jpg,JEPPESEN 1. GENERAL HAMAD INTL 1.4.1.4. NORMAL OPERATING ZONE (NOZ) Airspace of defined dimensions extending to either side of an ILS LOC course final approach track. Only the inner half of the normal operating zone is taken into account in IPA. NO TRANSGRESSION ZONE (NTZ) 1.4.1.,d86b5b5e262a775f8e91d28a403f4b163992dbdd1733ca28e1ba6e46ce8a7ab6
1493,,,AIRPORT,,,,REVIEW,unindexed_chart_candidate,False,False,True,AWAITING_INDIVIDUAL_VISUAL_VERIFICATION,,images/pages_1201_1600/1493.jpg,"JEPPESEN 1. GENERAL HAMAD INTL USE OF AUXILIARY POWER UNIT (APU) 1.6.1. For environmental purposes, for ACFT parked at stands supplied with Ground 25 SEP 26 .Eff.1.Oct. Pilots should exercise extra caution when parking on remote stands after crossing the apron, to ensure the corr",d86b5b5e262a775f8e91d28a403f4b163992dbdd1733ca28e1ba6e46ce8a7ab6
1494,,,UNRESOLVED,,,,REVIEW,unindexed_page_needs_inspection,False,False,True,AWAITING_INDIVIDUAL_VISUAL_VERIFICATION,,images/pages_1201_1600/1494.jpg,"JEPPESEN 1. GENERAL HAMAD INTL - Wake turbulence separation minima shall be applied; LANDING FOLLOWING LANDING 1.7.1. - In order to ensure that the preceding ACFT vacates the RWY in a timely man- ner, the pilot shall be advised of the exit at which to plan to vacate. - Minimum se",d86b5b5e262a775f8e91d28a403f4b163992dbdd1733ca28e1ba6e46ce8a7ab6
1495,,,UNRESOLVED,,,,REVIEW,unindexed_page_needs_inspection,False,False,True,AWAITING_INDIVIDUAL_VISUAL_VERIFICATION,,images/pages_1201_1600/1495.jpg,"JEPPESEN 1. GENERAL HAMAD INTL DEPARTURE FOLLOWING DEPARTURE 1.7.3. Take-off clearance may be issued to a departing ACFT, commencing its take-off roll from full length, before the preceding departure has passed the upwind end of the RWY, provided that ATC has reasonable assurance",d86b5b5e262a775f8e91d28a403f4b163992dbdd1733ca28e1ba6e46ce8a7ab6
1496,,,AIRPORT,,,,REVIEW,unindexed_chart_candidate,False,False,True,AWAITING_INDIVIDUAL_VISUAL_VERIFICATION,,images/pages_1201_1600/1496.jpg,JEPPESEN 1. GENERAL HAMAD INTL OTHER INFORMATION 1.8. Birds in vicinity of APT. 2. ARRIVAL 25 SEP 26 .Eff.1.Oct. Possible Maritime Vessels of variable beam heights up to 203' AMSL are expected in waters close to threshold RWY16L (approximate distance 2600m/1.40NM) and RWY 16R (ap,d86b5b5e262a775f8e91d28a403f4b163992dbdd1733ca28e1ba6e46ce8a7ab6
1497,,,UNRESOLVED,,,,REVIEW,unindexed_page_needs_inspection,False,False,True,AWAITING_INDIVIDUAL_VISUAL_VERIFICATION,,images/pages_1201_1600/1497.jpg,JEPPESEN 2. ARRIVAL HAMAD INTL Rapid Exit TWY Indicator Lights (RETILs) are provided on RWYs 16L/34R and 16R/34L to assist pilots in judging distances to rapid exit TWYs and enable them to apply braking action for a more efficient roll-out and RWY exit speed. RETILs are provided ,d86b5b5e262a775f8e91d28a403f4b163992dbdd1733ca28e1ba6e46ce8a7ab6
1498,OTHH,OTHH,AIRPORT,,,,REVIEW,unindexed_chart_candidate,False,False,True,AWAITING_INDIVIDUAL_VISUAL_VERIFICATION,,images/pages_1201_1600/1498.jpg,JEPPESEN HAMAD INTL 3. DEPARTURE CONTACT PROCEDURES 3.1. - ACFT call sign; - Type of ACFT; - Parking stand; - Requested flight level; - Destination. Flight crew should inform HAMAD Clearance Delivery (if requesting clearance via frequency) or Ground Control on first contact if th,d86b5b5e262a775f8e91d28a403f4b163992dbdd1733ca28e1ba6e46ce8a7ab6
1499,,,AIRPORT,,,,REVIEW,unindexed_chart_candidate,False,False,True,AWAITING_INDIVIDUAL_VISUAL_VERIFICATION,,images/pages_1201_1600/1499.jpg,JEPPESEN HAMAD INTL 3. DEPARTURE TOBT is available through: - A-CDM platform; - Turnaround coordinator; TSAT information is available through: - A-CDM platform at 30 minutes before TOBT; - Turnaround coordinator; - Parking stands equipped with VDGS shall display TSAT. A-CDM START,d86b5b5e262a775f8e91d28a403f4b163992dbdd1733ca28e1ba6e46ce8a7ab6
1500,,,UNRESOLVED,,,,REVIEW,unindexed_page_needs_inspection,False,False,True,AWAITING_INDIVIDUAL_VISUAL_VERIFICATION,,images/pages_1201_1600/1500.jpg,"JEPPESEN HAMAD INTL 3. DEPARTURE RWY OPERATIONS 3.4. On receipt of line-up clearance pilots should ensure that they are able to taxi and line up on the RWY as soon as the preceding ACFT has commenced either its take- off roll or landing run. On receipt of take-off clearance, pilo",d86b5b5e262a775f8e91d28a403f4b163992dbdd1733ca28e1ba6e46ce8a7ab6
1501,OTHH,OTHH,UNRESOLVED,,,,REVIEW,unindexed_page_needs_inspection,False,False,True,AWAITING_INDIVIDUAL_VISUAL_VERIFICATION,,images/pages_1201_1600/1501.jpg,"0 330^ D30 0^ OT(P)-43 .RADAR.MINIMUM.ALTITUDES. 20-1R JEPPESEN 50 DOHA, QATAR HAMAD INTL Apt Elev 121.1 OTHH/DOH 26 AUG 22 Alt Set: hPa Trans level: FL150 Trans alt: 13000 This chart may only be used for cross-checking of altitudes while under RADAR control. 13 North South 120.6",d86b5b5e262a775f8e91d28a403f4b163992dbdd1733ca28e1ba6e46ce8a7ab6
1502,,,UNRESOLVED,,,,REVIEW,unindexed_page_needs_inspection,False,False,True,AWAITING_INDIVIDUAL_VISUAL_VERIFICATION,,images/pages_1201_1600/1502.jpg,"COMMS LOST COMMS LOST COMMS LOST COMMS LOST COMMS LOST COMMS LOST LOST C O M M S C O M M S LO ST LO ST COMMS LOST COMMS LOST COMMS LOST COMMS LOST SILBI NORMU DATAL EX 117^ 2 0 7 ^ 296^ Apt Elev 13 126.825 Alt Set: hPa Trans level: FL150 RNP 1 Before KATED: Squawk 7600, cross KAT",d86b5b5e262a775f8e91d28a403f4b163992dbdd1733ca28e1ba6e46ce8a7ab6
1503,,,UNRESOLVED,,,,REVIEW,unindexed_page_needs_inspection,False,False,True,AWAITING_INDIVIDUAL_VISUAL_VERIFICATION,,images/pages_1201_1600/1503.jpg,COMMS LOST COMMS LOST COMMS LOST COMMS LOST COMMS LOST COMMS LOST C O M M S LO ST LO ST COMMS LOST COMMS LOST COMMS LOST COMMS LOST FL200 SILBI NORMU DATAL EX 117^ 2 0 7 ^ 296^ Apt Elev 13 126.825 Alt Set: hPa Trans level: FL150 RNP 1 JEPPESEN 9.0 9.0 1 1 . 9 TOSNA TOSNA 1T 285^ ,d86b5b5e262a775f8e91d28a403f4b163992dbdd1733ca28e1ba6e46ce8a7ab6
1504,,,UNRESOLVED,,,,REVIEW,unindexed_page_needs_inspection,False,False,True,AWAITING_INDIVIDUAL_VISUAL_VERIFICATION,,images/pages_1201_1600/1504.jpg,"COMMS LOST MS LOST COMMS LOST COMMS LOST COMMS LOST COMMS LOST FL210 HAYYA 178^ Apt Elev 13 126.825 Alt Set: hPa Trans level: FL150 RNP 1 Before KATED: Squawk 7600, cross KATED, turn RIGHT and proceed direct to GOLSI descending to MAINTAIN 3500 or last assigned altitude, whicheve",d86b5b5e262a775f8e91d28a403f4b163992dbdd1733ca28e1ba6e46ce8a7ab6
1505,,,UNRESOLVED,,,,REVIEW,unindexed_page_needs_inspection,False,False,True,AWAITING_INDIVIDUAL_VISUAL_VERIFICATION,,images/pages_1201_1600/1505.jpg,"COMMS LOST LOS COMMS T LOST COMMS LOST COMMS LOST COMMS LOST COMMS LOST FL210 178^ HAYYA 27.9 Apt Elev 13 126.825 Alt Set: hPa Trans level: FL150 RNP 1 D-ATIS Arrival 1. WARNING: Due to interaction with other routes, level restrictions, unless cleared by ATC, must be strictly adh",d86b5b5e262a775f8e91d28a403f4b163992dbdd1733ca28e1ba6e46ce8a7ab6
1506,,,UNRESOLVED,,,,REVIEW,unindexed_page_needs_inspection,False,False,True,AWAITING_INDIVIDUAL_VISUAL_VERIFICATION,,images/pages_1201_1600/1506.jpg,"COMMS LOST COMMS LOST COMMS LOST COMMS LOST COMMS LOST COMMS LOST C O M M S LO ST LO ST COMMS LOST COMMS LOST COMMS LOST COMMS LOST Apt Elev 13 126.825 Alt Set: hPa Trans level: FL150 RNP 1 JEPPESEN N Before IMGOG: Squawk 7600, cross IMGOG MAINTAINING 2500, turn LEFT and proceed ",d86b5b5e262a775f8e91d28a403f4b163992dbdd1733ca28e1ba6e46ce8a7ab6
1507,,,UNRESOLVED,,,,REVIEW,unindexed_page_needs_inspection,False,False,True,AWAITING_INDIVIDUAL_VISUAL_VERIFICATION,,images/pages_1201_1600/1507.jpg,COMMS LOST COMMS LOST COMMS LOST COMMS LOST COMMS LOST COMMS LOST LOST C O M M S C O M M S LO ST LO ST COMMS LOST COMMS LOST COMMS LOST COMMS LOST FL200 ILBI NORMU DATAL EX 2 0 7 ^ 296^ Apt Elev 13 126.825 RNP 1 JEPPESEN 9.0 9.0 1 1 . 9 TOSNA TOSNA 2J 285^ 7.3 Before DASIK: Squaw,d86b5b5e262a775f8e91d28a403f4b163992dbdd1733ca28e1ba6e46ce8a7ab6
1508,,,UNRESOLVED,,,,REVIEW,unindexed_page_needs_inspection,False,False,True,AWAITING_INDIVIDUAL_VISUAL_VERIFICATION,,images/pages_1201_1600/1508.jpg,"COMMS LOST COMMS LOST COMMS LOST COMMS LOST COMMS LOST COMMS LOST C O M M S LO ST LO ST COMMS LOST COMMS LOST COMMS LOST COMMS LOST FL200 LBI NORMU DATAL EX 2 0 7 ^ 296^ Apt Elev 13 126.825 RNP 1 JEPPESEN 9.0 9.0 1 1 . 9 TOSNA TOSNA 2V 285^ 7.3 Before MUXED: Squawk 7600, cross MU",d86b5b5e262a775f8e91d28a403f4b163992dbdd1733ca28e1ba6e46ce8a7ab6
1509,,,UNRESOLVED,,,,REVIEW,unindexed_page_needs_inspection,False,False,True,AWAITING_INDIVIDUAL_VISUAL_VERIFICATION,,images/pages_1201_1600/1509.jpg,"COMMS LOST OMMS LOST COMMS LOST COMMS LOST COMMS LOST COMMS LOST FL210 FL180 HAYYA VEDED 9^ Alt Set: hPa Trans level: FL150 RNP 1 Before MUXED: Squawk 7600, cross MUXED MAINTAINING 2500, turn RIGHT and proceed direct to LAGMA. Then continue IAP. After MUXED: 10 20 30 40 50 0 5 15",d86b5b5e262a775f8e91d28a403f4b163992dbdd1733ca28e1ba6e46ce8a7ab6
1510,,,UNRESOLVED,,,,REVIEW,unindexed_page_needs_inspection,False,False,True,AWAITING_INDIVIDUAL_VISUAL_VERIFICATION,,images/pages_1201_1600/1510.jpg,"FL200 FL180 TOSNA TOVOX KUVLA DINEX T O S N A 2 F TOVOX 2F 1 6 . 1 1 6 . 5 7.9 2 3 3 ^ 2 1 4 ^ 268^ t Elev 13 6.825 Alt Set: hPa Trans level: FL150 RNP 1 JEPPESEN HH/DOH MAD INTL DOHA, QATAR 20-2F IS Arrival | JEPPESEN, 2022, 2025. ALL RIGHTS RESERVED. 21 NOV 25 .Eff.27.Nov. 1. W",d86b5b5e262a775f8e91d28a403f4b163992dbdd1733ca28e1ba6e46ce8a7ab6
1511,,,UNRESOLVED,,,,REVIEW,unindexed_page_needs_inspection,False,False,True,AWAITING_INDIVIDUAL_VISUAL_VERIFICATION,,images/pages_1201_1600/1511.jpg,"FL200 FL180 TOSNA TOVOX KUVLA DINEX T O S N A 2 L TOVOX 2L 1 6 . 1 1 6 . 5 7.9 2 3 3 ^ 2 1 4 ^ 268^ t Elev 13 6.825 Alt Set: hPa Trans level: FL150 RNP 1 JEPPESEN DOHA, QATAR 20-2G S Arrival | JEPPESEN, 2022, 2024. ALL RIGHTS RESERVED. 21 NOV 25 .Eff.27.Nov. 1. WARNING: Due to in",d86b5b5e262a775f8e91d28a403f4b163992dbdd1733ca28e1ba6e46ce8a7ab6
1512,,,UNRESOLVED,,,,REVIEW,unindexed_page_needs_inspection,False,False,True,AWAITING_INDIVIDUAL_VISUAL_VERIFICATION,,images/pages_1201_1600/1512.jpg,COMMS LOST COMMS LOST COMMS LOST COMMS LOST COMMS LOST COMMS LOST C O M M S LO ST LO ST COMMS LOST COMMS LOST COMMS LOST COMMS LOST FL200 FL180 TOSNA TOVOX KUVLA DINEX T O S N A 1 P TOVOX 2P 1 6 . 1 1 6 . 5 7.9 1 0 2 3 3 ^ 2 1 4 ^ 268^ 2 6 3 ^ 8000 Alt Set: hPa Trans level: FL150,d86b5b5e262a775f8e91d28a403f4b163992dbdd1733ca28e1ba6e46ce8a7ab6
1513,OMDL,,STAR,STAR,20-2J,"LAEEB 1R, TOSNA 2R, TOVOX 2R",MATCH,independently_consistent,True,False,True,AWAITING_INDIVIDUAL_VISUAL_VERIFICATION,,images/pages_1201_1600/1513.jpg,"COMMS COMMS LOST COMMS LOST COMMS LOST COMMS LOST COMMS LOST C O M M S LO ST LO ST COMMS LOST COMMS LOST COMMS LOST COMMS LOST LOST Alt Set: hPa Trans level: FL150 RNP 1 126.825 D-ATIS Arrival Apt Elev 13 Before MUXED: Squawk 7600, cross MUXED MAINTAINING 2500, turn RIGHT and pro",d86b5b5e262a775f8e91d28a403f4b163992dbdd1733ca28e1ba6e46ce8a7ab6
1514,,,UNRESOLVED,,,,REVIEW,unindexed_page_needs_inspection,False,False,True,AWAITING_INDIVIDUAL_VISUAL_VERIFICATION,,images/pages_1201_1600/1514.jpg,"COMMS COMMS LOST COMMS LOST COMMS LOST COMMS LOST COMMS LOST C O M M S LO ST LO ST COMMS LOST COMMS LOST COMMS LOST COMMS LOST LOST 0 3500 2500 X MUXED 2 3 Apt Elev 13 126.825 Alt Set: hPa Trans level: FL150 RNP 1 D-ATIS Arrival 1. WARNING: Due to interaction with other routes, l",d86b5b5e262a775f8e91d28a403f4b163992dbdd1733ca28e1ba6e46ce8a7ab6
1515,,,UNRESOLVED,,,,REVIEW,unindexed_page_needs_inspection,False,False,True,AWAITING_INDIVIDUAL_VISUAL_VERIFICATION,,images/pages_1201_1600/1515.jpg,"COMMS LOST COMMS LOST COMMS LOST COMMS LOST COMMS LOST COMMS LOST C O M M S LO ST LO ST COMMS LOST COMMS LOST COMMS LOST COMMS LOST Apt Elev 13 124.775X RNP 1 Trans alt: 13000 -Squawk 7600. -Climb to 3000 or last assigned ALT/FL, whichever is higher. -Leave last assigned ALT/FL 3",d86b5b5e262a775f8e91d28a403f4b163992dbdd1733ca28e1ba6e46ce8a7ab6
1516,,,UNRESOLVED,,,,REVIEW,unindexed_page_needs_inspection,False,False,True,AWAITING_INDIVIDUAL_VISUAL_VERIFICATION,,images/pages_1201_1600/1516.jpg,"COMMS LOST COMMS LOST COMMS LOST COMMS LOST COMMS LOST COMMS LOST C O M M S LO ST LO ST COMMS LOST COMMS LOST COMMS LOST COMMS LOST Apt Elev 13 119.725 RNP 1 DOHA Approach West Trans alt: 13000 -Squawk 7600. -Climb to 3000 or last assigned ALT/FL, whichever is higher. -Leave last",d86b5b5e262a775f8e91d28a403f4b163992dbdd1733ca28e1ba6e46ce8a7ab6
1517,,,UNRESOLVED,,,,REVIEW,unindexed_page_needs_inspection,False,False,True,AWAITING_INDIVIDUAL_VISUAL_VERIFICATION,,images/pages_1201_1600/1517.jpg,"COMMS LOST MS LOST COMMS LOST COMMS LOST COMMS LOST COMMS LOST COMMS LOST By ATC only FL180 Apt Elev 13 119.725 RNP 1 LUBET DOHA Approach West Trans alt: 13000 JEPPESEN .RNAV.SID. -Squawk 7600. -Climb to 3000 or last assigned ALT/FL, whichever is higher. -Leave last assigned ALT/",d86b5b5e262a775f8e91d28a403f4b163992dbdd1733ca28e1ba6e46ce8a7ab6
1518,,,UNRESOLVED,,,,REVIEW,unindexed_page_needs_inspection,False,False,True,AWAITING_INDIVIDUAL_VISUAL_VERIFICATION,,images/pages_1201_1600/1518.jpg,"COMMS LOST COMMS LOST COMMS LOST COMMS LOST COMMS LOST COMMS LOST COMMS LOST FL180 By ATC only Apt Elev 13 119.725 RNP 1 DOHA Approach West Trans alt: 13000 JEPPESEN .RNAV.SID. TULUB -Squawk 7600. -Climb to 3000 or last assigned ALT/FL, whichever is higher. -Leave last assigned A",d86b5b5e262a775f8e91d28a403f4b163992dbdd1733ca28e1ba6e46ce8a7ab6
1519,,,UNRESOLVED,,,,REVIEW,unindexed_page_needs_inspection,False,False,True,AWAITING_INDIVIDUAL_VISUAL_VERIFICATION,,images/pages_1201_1600/1519.jpg,"COMMS LOST COMMS LOST COMMS LOST COMMS LOST COMMS LOST COMMS LOST C O M M S LO ST LO ST COMMS LOST COMMS LOST COMMS LOST COMMS LOST -Squawk 7600. -Climb to 3000 or last assigned ALT/FL, whichever is higher. -Leave last assigned ALT/FL 3 minutes after reaching it or after selectin",d86b5b5e262a775f8e91d28a403f4b163992dbdd1733ca28e1ba6e46ce8a7ab6
1520,,,UNRESOLVED,,,,REVIEW,unindexed_page_needs_inspection,False,False,True,AWAITING_INDIVIDUAL_VISUAL_VERIFICATION,,images/pages_1201_1600/1520.jpg,"COMMS LOST COMMS LOST COMMS LOST COMMS LOST COMMS LOST COMMS LOST C O M M S LO ST LO ST COMMS LOST COMMS LOST COMMS LOST COMMS LOST By ATC only FL210 FL250 By ATC only -Squawk 7600. -Climb to 3000 or last assigned ALT/FL, whichever is higher. -Leave last assigned ALT/FL 3 minutes",d86b5b5e262a775f8e91d28a403f4b163992dbdd1733ca28e1ba6e46ce8a7ab6
1521,,,UNRESOLVED,,,,REVIEW,unindexed_page_needs_inspection,False,False,True,AWAITING_INDIVIDUAL_VISUAL_VERIFICATION,,images/pages_1201_1600/1521.jpg,"COMMS LOST COMMS LOST COMMS LOST COMMS LOST COMMS LOST COMMS LOST C O M M S LO ST LO ST COMMS LOST COMMS LOST COMMS LOST COMMS LOST By ATC only FL250 11.7 Apt Elev 13 119.725 RNP 1 DOHA Approach West Trans alt: 13000 -Squawk 7600. -Climb to 3000 or last assigned ALT/FL, whichever",d86b5b5e262a775f8e91d28a403f4b163992dbdd1733ca28e1ba6e46ce8a7ab6
1522,,,UNRESOLVED,,,,REVIEW,unindexed_page_needs_inspection,False,False,True,AWAITING_INDIVIDUAL_VISUAL_VERIFICATION,,images/pages_1201_1600/1522.jpg,"COMMS LOST COMMS LOST COMMS LOST COMMS LOST COMMS LOST COMMS LOST C O M M S LO ST LO ST COMMS LOST COMMS LOST COMMS LOST COMMS LOST By ATC only FL210 250 ATC y -Squawk 7600. -Climb to 3000 or last assigned ALT/FL, whichever is higher. -Leave last assigned ALT/FL 3 minutes after r",d86b5b5e262a775f8e91d28a403f4b163992dbdd1733ca28e1ba6e46ce8a7ab6
1523,,,UNRESOLVED,,,,REVIEW,unindexed_page_needs_inspection,False,False,True,AWAITING_INDIVIDUAL_VISUAL_VERIFICATION,,images/pages_1201_1600/1523.jpg,"COMMS LOST COMMS LOST COMMS LOST COMMS LOST COMMS LOST COMMS LOST C O M M S LO ST LO ST COMMS LOST COMMS LOST COMMS LOST COMMS LOST Apt Elev 13 119.725 RNP 1 DOHA Approach West Trans alt: 13000 -Squawk 7600. -Climb to 3000 or last assigned ALT/FL, whichever is higher. -Leave last",d86b5b5e262a775f8e91d28a403f4b163992dbdd1733ca28e1ba6e46ce8a7ab6
1524,,,UNRESOLVED,,,,REVIEW,unindexed_page_needs_inspection,False,False,True,AWAITING_INDIVIDUAL_VISUAL_VERIFICATION,,images/pages_1201_1600/1524.jpg,COMMS LOST LOST COMMS LOST COMMS LOST COMMS LOST COMMS LOST COMMS LOST COMMS LOST COMMS LOST COMMS LOST COMMS LOST COMMS LOST COMMS LOST COMMS LOST COMMS LOST By ATC only. 1 Apt Elev 13 119.725 RNP 1 DOHA Approach West Trans alt: 13000 10 20 30 40 50 0 5 15 25 35 45 5 -Squawk 760,d86b5b5e262a775f8e91d28a403f4b163992dbdd1733ca28e1ba6e46ce8a7ab6
1525,OMDL,,SID,SID,20-3K,SID 20-3K,MATCH,independently_consistent,True,False,True,AWAITING_INDIVIDUAL_VISUAL_VERIFICATION,,images/pages_1201_1600/1525.jpg,"COMMS LOST COMMS LOST COMMS LOST COMMS LOST COMMS LOST COMMS LOST C O M M S LO ST LO ST COMMS LOST COMMS LOST COMMS LOST COMMS LOST By ATC only FL250 BUNDU -Squawk 7600. -Climb to 3000 or last assigned ALT/FL, whichever is higher. -Leave last assigned ALT/FL 3 minutes after reach",d86b5b5e262a775f8e91d28a403f4b163992dbdd1733ca28e1ba6e46ce8a7ab6
1526,OMDL,,SID,SID,20-3L,SID 20-3L,MATCH,independently_consistent,True,False,True,AWAITING_INDIVIDUAL_VISUAL_VERIFICATION,,images/pages_1201_1600/1526.jpg,COMMS LOST COMMS LOST COMMS LOST COMMS LOST COMMS LOST COMMS LOST C O M M S LO ST LO ST COMMS LOST COMMS LOST COMMS LOST COMMS LOST nly By ATC only By ATC only FL210 FL250 Apt Elev 13 119.725 RNP 1 DOHA Approach West Trans alt: 13000 -Squawk 7600. -Climb to 3000 or last assigned ,d86b5b5e262a775f8e91d28a403f4b163992dbdd1733ca28e1ba6e46ce8a7ab6
1527,,,UNRESOLVED,,,,REVIEW,unindexed_page_needs_inspection,False,False,True,AWAITING_INDIVIDUAL_VISUAL_VERIFICATION,,images/pages_1201_1600/1527.jpg,"COMMS LOST COMMS LOST COMMS LOST COMMS LOST COMMS LOST COMMS LOST C O M M S LO ST LO ST COMMS LOST COMMS LOST COMMS LOST COMMS LOST FL210 By ATC only ATC only 250 Apt Elev 13 119.725 RNP 1 DOHA Approach West Trans alt: 13000 -Squawk 7600. -Climb to 3000 or last assigned ALT/FL, w",d86b5b5e262a775f8e91d28a403f4b163992dbdd1733ca28e1ba6e46ce8a7ab6
1528,,,UNRESOLVED,,,,REVIEW,unindexed_page_needs_inspection,False,False,True,AWAITING_INDIVIDUAL_VISUAL_VERIFICATION,,images/pages_1201_1600/1528.jpg,"COMMS LOST COMMS LOST COMMS LOST COMMS LOST COMMS LOST COMMS LOST COMMS LOST LOST COMMS LOST COMMS LOST COMMS LOST COMMS LOST 7000 4000 2500 10 20 30 40 50 0 5 15 25 35 45 5 PUVIT DASIB DEMBO REVIN ATBIB -Squawk 7600. -Climb to 3000 or last assigned ALT/FL, whichever is higher. -",d86b5b5e262a775f8e91d28a403f4b163992dbdd1733ca28e1ba6e46ce8a7ab6
1529,,,UNRESOLVED,,,,REVIEW,unindexed_page_needs_inspection,False,False,True,AWAITING_INDIVIDUAL_VISUAL_VERIFICATION,,images/pages_1201_1600/1529.jpg,"FL180 FL180 MISEL LUBET TULUB 7.2 5 10 15 20 25 30 35 40 45 0 5 Apt Elev 13 119.725 RNP 1 DOHA Approach West Trans alt: 13000 AVAILABLE DAILY 07:00 - 04:00 UTC 1. WARNING: Due to interaction with other routes, level restrictions, unless cleared by ATC, must be strictly adhered to",d86b5b5e262a775f8e91d28a403f4b163992dbdd1733ca28e1ba6e46ce8a7ab6
1530,OTBD,OTBD,UNRESOLVED,,,,REVIEW,unindexed_page_needs_inspection,False,False,True,AWAITING_INDIVIDUAL_VISUAL_VERIFICATION,,images/pages_1201_1600/1530.jpg,"DOHA OTBD - Intl 2300 R A P 2500 4000 OVASA PARES 335^ 8.0 4.5 50 JEPPESEN OTHH/DOH HAMAD INTL DOHA, QATAR .RNAV.SID. 20-3Q 25 SEP 26 .Eff.1.Oct. 1-30 Printed from JeppView for Windows 5.3.0.0 on 09 Oct 2026; Terminal chart data cycle 21-2026; Notice: After 21 Oct 2026, 0000Z, th",d86b5b5e262a775f8e91d28a403f4b163992dbdd1733ca28e1ba6e46ce8a7ab6
1531,OMQF,,SID,SID,20-3S,REVAT 1C,MATCH,independently_consistent,True,False,True,AWAITING_INDIVIDUAL_VISUAL_VERIFICATION,,images/pages_1201_1600/1531.jpg,COMMS LOST COMMS LOST COMMS LOST COMMS LOST COMMS LOST COMMS LOST C O M M S LO ST LO ST COMMS LOST COMMS LOST COMMS LOST COMMS LOST TC only 50 By ATC only FL210 ALSEM PRO Apt Elev 13 119.725 RNP 1 DOHA Approach West Trans alt: 13000 -Squawk 7600. -Climb to 3000 or last assigned A,d86b5b5e262a775f8e91d28a403f4b163992dbdd1733ca28e1ba6e46ce8a7ab6
1532,OMQF,,SID,SID,20-3T,DATMO 1W,MATCH,independently_consistent,True,False,True,AWAITING_INDIVIDUAL_VISUAL_VERIFICATION,,images/pages_1201_1600/1532.jpg,COMMS LOST COMMS LOST COMMS LOST COMMS LOST COMMS LOST COMMS LOST C O M M S LO ST LO ST COMMS LOST COMMS LOST COMMS LOST COMMS LOST TC only 50 By ATC only FL210 ALSEM PRO Apt Elev 13 119.725 RNP 1 DOHA Approach West Trans alt: 13000 -Squawk 7600. -Climb to 3000 or last assigned A,d86b5b5e262a775f8e91d28a403f4b163992dbdd1733ca28e1ba6e46ce8a7ab6
1533,OTHH,OTHH,UNRESOLVED,,,,REVIEW,unindexed_page_needs_inspection,False,False,True,AWAITING_INDIVIDUAL_VISUAL_VERIFICATION,,images/pages_1201_1600/1533.jpg,"20-8 JEPPESEN OTHH/DOH DOHA, QATAR HAMAD INTL INTRODUCTION OF ALL WEATHER OPERATIONS AT HAMAD INTL AIRPORT (OTHH) (SUP 016/26) GENERAL 1. The All Weather Operations (AWO) concept applies progressive operational restrictions as meteorological conditions deteriorate. When the appli",d86b5b5e262a775f8e91d28a403f4b163992dbdd1733ca28e1ba6e46ce8a7ab6
1534,OTHH,OTHH,UNRESOLVED,,,,REVIEW,unindexed_page_needs_inspection,False,False,True,AWAITING_INDIVIDUAL_VISUAL_VERIFICATION,,images/pages_1201_1600/1534.jpg,"JEPPESEN OTHH/DOH DOHA, QATAR HAMAD INTL 4. 4.1. AERODROME SAFEGUARDING 20-8A INTRODUCTION OF ALL WEATHER OPERATIONS AT HAMAD INTL AIRPORT (OTHH) (CONTD 1) (SUP 016/26) 25 SEP 26 .Eff.1.Oct. Safeguarding may commence when visibility is 1500m or less and/or the ceiling is 500' or ",d86b5b5e262a775f8e91d28a403f4b163992dbdd1733ca28e1ba6e46ce8a7ab6
1535,OTHH,OTHH,UNRESOLVED,,,,REVIEW,unindexed_page_needs_inspection,False,False,True,AWAITING_INDIVIDUAL_VISUAL_VERIFICATION,,images/pages_1201_1600/1535.jpg,"JEPPESEN OTHH/DOH DOHA, QATAR HAMAD INTL 25 SEP 26 .Eff.1.Oct. Planned exit Runway 34R 34L A9 L9/M10 16L 16R A3 L3/M5 7.2. A specific exit will not normally be issued on final approach unless required by ground traffic or the availability of an exit. ATC may offer an earlier suit",d86b5b5e262a775f8e91d28a403f4b163992dbdd1733ca28e1ba6e46ce8a7ab6
1536,,,UNRESOLVED,,,,REVIEW,unindexed_page_needs_inspection,False,False,True,AWAITING_INDIVIDUAL_VISUAL_VERIFICATION,,images/pages_1201_1600/1536.jpg,A11 A12 B C Q1 Q2 T L11 L12 13' N25 16.5 E051 36.5 16R 156^ 16L 156^ Elev 13' Elev 13' A10 A11 A12 L11 L12 OTHH/DOH Apt Elev A10 25-18 25-18 51-36 51-37 J Q1 Isolation stand A12 A11 L12 L11 03^E West 120.875 119.075X 118.075X 118.650 126.850 118.575 Data Comm CPDLC: DCL East 120.,d86b5b5e262a775f8e91d28a403f4b163992dbdd1733ca28e1ba6e46ce8a7ab6
1537,,,UNRESOLVED,,,,REVIEW,unindexed_page_needs_inspection,False,False,True,AWAITING_INDIVIDUAL_VISUAL_VERIFICATION,,images/pages_1201_1600/1537.jpg,"20-9A JEPPESEN 1 12,753' 12,926' 2 2 TAKE-OFF RUN AVAILABLE RWY 16L: RWY 34R: 3 DOHA, QATAR HAMAD INTL 4540m 3940m 3887m From rwy head twy A11 int twy A10 int twy A6 int 15,912' (4850m) 15,518' (4730m) 13,392' (4082m) 8192' (2497m) From rwy head twy A1 int twy A2 int twy A3 int t",d86b5b5e262a775f8e91d28a403f4b163992dbdd1733ca28e1ba6e46ce8a7ab6
1538,,,UNRESOLVED,,,,REVIEW,unindexed_page_needs_inspection,False,False,True,AWAITING_INDIVIDUAL_VISUAL_VERIFICATION,,images/pages_1201_1600/1538.jpg,"R A9 F1 F2 F3 F4 5 F A8 B B A9 A8 A7 D1 C A10 A10 A6 A5 A5 A6 JEPPESEN 20-9B 51-37.1 51-36.9 51-36.8 51-37 51-36.7 51-36.8 51-37 25-17.4 25-17.3 25-17.2 25-17.1 25-16.8 25-16.9 25-17 25-16.6 25-16.7 A7 | JEPPESEN, 2015, 2026. ALL RIGHTS RESERVED. S C B 51-37.1 25-16.3 R Q argo rm",d86b5b5e262a775f8e91d28a403f4b163992dbdd1733ca28e1ba6e46ce8a7ab6
1539,,,UNRESOLVED,,,,REVIEW,unindexed_page_needs_inspection,False,False,True,AWAITING_INDIVIDUAL_VISUAL_VERIFICATION,,images/pages_1201_1600/1539.jpg,E4 S T1 T2 T3 T4 E3 E4 R H1 S A4 C B R R S A4 R A6 A6 A5 D1 C R S J Control Tower 25-16.3 25-16.5 25-16.6 25-16.5 25-16.6 51-36.2 51-36.4 51-36.9 51-37.1 51-36.8 51-37.2 51-37.3 51-37.4 25-16.2 25-16.3 25-16.4 25-16.4 25-16.2 51-37 R S R Cargo Terminal N 301 302 303 307 306 305 3,d86b5b5e262a775f8e91d28a403f4b163992dbdd1733ca28e1ba6e46ce8a7ab6
1540,,,UNRESOLVED,,,,REVIEW,unindexed_page_needs_inspection,False,False,True,AWAITING_INDIVIDUAL_VISUAL_VERIFICATION,,images/pages_1201_1600/1540.jpg,"20-9D JEPPESEN DOHA, QATAR HAMAD INTL | JEPPESEN, 2012, 2026. ALL RIGHTS RESERVED. 2 OCT 26 Printed from JeppView for Windows 5.3.0.0 on 09 Oct 2026; Terminal chart data cycle 21-2026; Notice: After 21 Oct 2026, 0000Z, this chart may no longer be valid",d86b5b5e262a775f8e91d28a403f4b163992dbdd1733ca28e1ba6e46ce8a7ab6
1541,,,UNRESOLVED,,,,REVIEW,unindexed_page_needs_inspection,False,False,True,AWAITING_INDIVIDUAL_VISUAL_VERIFICATION,,images/pages_1201_1600/1541.jpg,"20-9E JEPPESEN DOHA, QATAR HAMAD INTL | JEPPESEN, 2017, 2025. ALL RIGHTS RESERVED. 51 36.1 51 36.0 51 36.0 51 36.0 51 36.0 51 35.9 51 36.0 51 35.9 51 35.9 51 35.9 51 35.8 51 35.9 51 35.9 51 35.8 51 35.8 51 35.8 51 35.7 51 35.9 51 35.9 51 36.0 51 35.9 51 36.0 51 36.1 51 36.0 51 35",d86b5b5e262a775f8e91d28a403f4b163992dbdd1733ca28e1ba6e46ce8a7ab6
1542,OTHH,OTHH,AIRPORT,,,,REVIEW,unindexed_chart_candidate,False,False,True,AWAITING_INDIVIDUAL_VISUAL_VERIFICATION,,images/pages_1201_1600/1542.jpg,"20-9F JEPPESEN .Eff.19.Mar. START-OF-DOCKING The system is activated by pressing one of the ACFT type buttons on the operator panel. When the system has been activated, ""WAIT"" will be displayed. 6 MAR 26 VDGS is installed and operational on all parking stands except for MARS stan",d86b5b5e262a775f8e91d28a403f4b163992dbdd1733ca28e1ba6e46ce8a7ab6
1543,OTHH,OTHH,AIRPORT,,,,REVIEW,unindexed_chart_candidate,False,False,True,AWAITING_INDIVIDUAL_VISUAL_VERIFICATION,,images/pages_1201_1600/1543.jpg,"20-9G JEPPESEN .Eff.19.Mar. OVERSHOOT If the ACFT overshot the stop-position, ""TOO FAR"" will be displayed. STOP SHORT DOCKING COMPLETED When the ACFT has parked, ""OK"" will be displayed. 6 MAR 26 DOHA, QATAR OTHH/DOH HAMAD INTL Printed from JeppView for Windows 5.3.0.0 on 09 Oct 2",d86b5b5e262a775f8e91d28a403f4b163992dbdd1733ca28e1ba6e46ce8a7ab6
1544,OTHH,OTHH,AIRPORT,,,,REVIEW,unindexed_chart_candidate,False,False,True,AWAITING_INDIVIDUAL_VISUAL_VERIFICATION,,images/pages_1201_1600/1544.jpg,"20-9H JEPPESEN 6 MAR 26 .Eff.19.Mar. Any unrecoverable error during the docking procedure will generate an SBU (safety back-up) condition. The display will show the text ""STOP SBU"". A manual backup procedure will be used for docking guidance. SBU - STOP VIEW BLOCKED If the view t",d86b5b5e262a775f8e91d28a403f4b163992dbdd1733ca28e1ba6e46ce8a7ab6
1545,OTHH,OTHH,AIRPORT,,,,REVIEW,unindexed_chart_candidate,False,False,True,AWAITING_INDIVIDUAL_VISUAL_VERIFICATION,,images/pages_1201_1600/1545.jpg,"20-9J JEPPESEN 6 MAR 26 .Eff.19.Mar. ACFT DOCKING ACTIVATION ACFT docking activation is performed by the operator. When the Docking system has been activated, the pilot display indicates ""WAIT"" with red border. (At the operator panel: When the Docking system is ready to operate, ",d86b5b5e262a775f8e91d28a403f4b163992dbdd1733ca28e1ba6e46ce8a7ab6
1546,OTHH,OTHH,AIRPORT,,,,REVIEW,unindexed_chart_candidate,False,False,True,AWAITING_INDIVIDUAL_VISUAL_VERIFICATION,,images/pages_1201_1600/1546.jpg,"20-9K JEPPESEN 4 JUL 25 .Eff.10.Jul. SLOW (DECREASE SPEED) The Docking system is configured with a slowdown active zone. The limit speed for ""SLOW"" down indication is configurable per ACFT type in the 0-10 range from the stop-position, with a default setting of 2 m/s. The limits ",d86b5b5e262a775f8e91d28a403f4b163992dbdd1733ca28e1ba6e46ce8a7ab6
1547,OTHH,OTHH,UNRESOLVED,,,,REVIEW,unindexed_page_needs_inspection,False,False,True,AWAITING_INDIVIDUAL_VISUAL_VERIFICATION,,images/pages_1201_1600/1547.jpg,"20-9L JEPPESEN 4 JUL 25 .Eff.10.Jul. STOP SHORT FAILED ACFT IDENTIFICATION - ID FAIL If the ACFT is found standing still, within a configurable distance up to 16'/5m short of the stop-position, the pilot display indicates ""STOP"" with red border followed by ""OK"" after a configurab",d86b5b5e262a775f8e91d28a403f4b163992dbdd1733ca28e1ba6e46ce8a7ab6
1548,,,AIRPORT,,,,REVIEW,unindexed_chart_candidate,False,False,True,AWAITING_INDIVIDUAL_VISUAL_VERIFICATION,,images/pages_1201_1600/1548.jpg,"20-9M JEPPESEN 4 JUL 25 .Eff.10.Jul. CONFIGURATION ERROR Any error related to the system configuration that occurs during the docking operation generates an error message ""ERR"" with red border will be indicated in both pilot display and operator panel. Or EmSource Missing When at",d86b5b5e262a775f8e91d28a403f4b163992dbdd1733ca28e1ba6e46ce8a7ab6
1549,OTHH,OTHH,UNRESOLVED,,,,REVIEW,unindexed_page_needs_inspection,False,False,True,AWAITING_INDIVIDUAL_VISUAL_VERIFICATION,,images/pages_1201_1600/1549.jpg,A11 A12 B C Q1 T L11 L12 A10 A11 A12 L12 OTHH/DOH A10 25-18 51-37 Available for code F ACFT J L12 L11 A11 A12 Q2 Q1 51-36 25-18 FOR CODE F ONLY Elev 13' Elev 13' 156^ 16L 156^ 16R West 120.875 119.075X 118.075X 118.650 126.850 118.575 Data Comm CPDLC: DCL East 120.225 Departure H,d86b5b5e262a775f8e91d28a403f4b163992dbdd1733ca28e1ba6e46ce8a7ab6
1550,OTHH,OTHH,APP,,,,REVIEW,unindexed_chart_candidate,False,False,True,AWAITING_INDIVIDUAL_VISUAL_VERIFICATION,,images/pages_1201_1600/1550.jpg,"MISSED APCH: BRIEFING STRIP TM JEPPESEN 21-1 DOHA, QATAR HAMAD INTL LOC IDE 108.7 Final Apch Crs 156^ 2500'(2487') ILS DA(H) Alt Set: hPa Rwy Elev: 0 hPa Trans alt: 13000' Refer to Minimums ILS Rwy 16L OTHH/DOH Apt Elev 13' Rwy 13' 2300 Trans level: FL150 HH611 MAX 230 KT. DOHA A",d86b5b5e262a775f8e91d28a403f4b163992dbdd1733ca28e1ba6e46ce8a7ab6
1551,OTHH,OTHH,APP,,,,REVIEW,unindexed_chart_candidate,False,False,True,AWAITING_INDIVIDUAL_VISUAL_VERIFICATION,,images/pages_1201_1600/1551.jpg,"MISSED APCH: BRIEFING STRIP TM JEPPESEN DOHA, QATAR HAMAD INTL LOC IDE 108.7 Final Apch Crs 156^ 2500'(2487') 21-1A Refer to Minimums CAT II/III ILS Rwy 16L OTHH/DOH Apt Elev 13' Rwy 13' 2300 DOHA Approach HAMAD Tower East West Ground DOHA RADAR (APP) DOHA Director (APP) 118.525 ",d86b5b5e262a775f8e91d28a403f4b163992dbdd1733ca28e1ba6e46ce8a7ab6
1552,OTHH,OTHH,APP,,,,REVIEW,unindexed_chart_candidate,False,False,True,AWAITING_INDIVIDUAL_VISUAL_VERIFICATION,,images/pages_1201_1600/1552.jpg,"MISSED APCH: BRIEFING STRIP TM JEPPESEN 21-2 DOHA, QATAR HAMAD INTL LOC QAT 108.1 Final Apch Crs 156^ 2500'(2487') ILS DA(H) Alt Set: hPa Rwy Elev: 0 hPa Trans alt: 13000' Refer to Minimums ILS Rwy 16R OTHH/DOH Apt Elev 13' Rwy 13' (IF) GOLSI 2300 5 Trans level: FL150 DOHA Approa",d86b5b5e262a775f8e91d28a403f4b163992dbdd1733ca28e1ba6e46ce8a7ab6
1553,OTHH,OTHH,APP,,,,REVIEW,unindexed_chart_candidate,False,False,True,AWAITING_INDIVIDUAL_VISUAL_VERIFICATION,,images/pages_1201_1600/1553.jpg,"BRIEFING STRIP TM JEPPESEN DOHA, QATAR HAMAD INTL OTHH/DOH 21-2A CAT II/III ILS Rwy 16R MISSED APCH: LOC QAT 108.1 Final Apch Crs 156^ 2500' (2487') Alt Set: hPa Rwy Elev: 0 hPa Trans alt: 13000' Refer to Minimums Apt Elev 13' Rwy 13' 2300 Trans level: FL150 DOHA Approach HAMAD T",d86b5b5e262a775f8e91d28a403f4b163992dbdd1733ca28e1ba6e46ce8a7ab6
1554,OTHH,OTHH,APP,,,,REVIEW,unindexed_chart_candidate,False,False,True,AWAITING_INDIVIDUAL_VISUAL_VERIFICATION,,images/pages_1201_1600/1554.jpg,"MISSED APCH: JEPPESEN 21-3 DOHA, QATAR HAMAD INTL LOC HJJ 111.9 Final Apch Crs 336^ 2500' (2487') ILS DA(H) Alt Set: hPa Rwy Elev: 0 hPa Trans alt: 13000' Refer to Minimums ILS Rwy 34L OTHH/DOH Apt Elev 13' Rwy 13' 2300 BRIEFING STRIP TM DOHA Approach HAMAD Tower West West Ground",d86b5b5e262a775f8e91d28a403f4b163992dbdd1733ca28e1ba6e46ce8a7ab6
1555,OTHH,OTHH,APP,,,,REVIEW,unindexed_chart_candidate,False,False,True,AWAITING_INDIVIDUAL_VISUAL_VERIFICATION,,images/pages_1201_1600/1555.jpg,"BRIEFING STRIP TM JEPPESEN DOHA, QATAR HAMAD INTL OTHH/DOH 21-3A CAT II/III ILS Rwy 34L MISSED APCH: LOC HJJ 111.9 Final Apch Crs 336^ 2500' (2487') Alt Set: hPa Rwy Elev: 0 hPa Trans alt: 13000' Apt Elev 13' Rwy 13' 2300 DOHA Approach HAMAD Tower West West Ground DOHA RADAR (APP",d86b5b5e262a775f8e91d28a403f4b163992dbdd1733ca28e1ba6e46ce8a7ab6
1556,,,APP,,,,REVIEW,unindexed_chart_candidate,False,False,True,AWAITING_INDIVIDUAL_VISUAL_VERIFICATION,,images/pages_1201_1600/1556.jpg,"MISSED APCH: BRIEFING STRIP TM JEPPESEN 21-4 DOHA, QATAR HAMAD INTL LOC AZM 110.1 Final Apch Crs 336^ 2500'(2487') ILS DA(H) Alt Set: hPa Rwy Elev: 0 hPa Trans alt: 13000' Refer to Minimums ILS Rwy 34R OTHH/DOH MAX 230 KT. Apt Elev 13' Rwy 13' 2300 DOHA Approach HAMAD Tower East ",d86b5b5e262a775f8e91d28a403f4b163992dbdd1733ca28e1ba6e46ce8a7ab6
1557,OTHH,OTHH,APP,,,,REVIEW,unindexed_chart_candidate,False,False,True,AWAITING_INDIVIDUAL_VISUAL_VERIFICATION,,images/pages_1201_1600/1557.jpg,"BRIEFING STRIP TM JEPPESEN DOHA, QATAR HAMAD INTL OTHH/DOH CAT II/III ILS Rwy 34R 21-4A MISSED APCH: LOC AZM 110.1 Final Apch Crs 336^ 2500'(2487') Alt Set: hPa Rwy Elev: 0 hPa Trans alt: 13000' Refer to Minimums MAX 230 KT. Apt Elev 13' Rwy 13' 2300 DOHA Approach HAMAD Tower Eas",d86b5b5e262a775f8e91d28a403f4b163992dbdd1733ca28e1ba6e46ce8a7ab6
1558,OTHH,OTHH,APP,,,,REVIEW,unindexed_chart_candidate,False,False,True,AWAITING_INDIVIDUAL_VISUAL_VERIFICATION,,images/pages_1201_1600/1558.jpg,"TOVAN (IF) OTHH/DOH HAMAD INTL 22-1 DOHA, QATAR RNAV 156^ 2500' DA(H) HH611 MSA ARP Trans alt: 13000' Rwy Elev: 0 hPa Alt Set: hPa Final Apch Crs (2487') BRIEFING STRIP TM JEPPESEN LNAV/VNAV RNP Rwy 16L 2300 RNP Apch Trans level: FL150 DOHA Approach HAMAD Tower East West Ground D",d86b5b5e262a775f8e91d28a403f4b163992dbdd1733ca28e1ba6e46ce8a7ab6
1559,OTHH,OTHH,APP,,,,REVIEW,unindexed_chart_candidate,False,False,True,AWAITING_INDIVIDUAL_VISUAL_VERIFICATION,,images/pages_1201_1600/1559.jpg,"OTHH/DOH HAMAD INTL 22-2 DOHA, QATAR RNAV 156^ 2500' HH511 Trans alt: 13000' Rwy Elev: 0 hPa Alt Set: hPa Final Apch Crs (2487') BRIEFING STRIP TM JEPPESEN MSA ARP Apt Elev 13' RNP Rwy 16R 2300 RNP Apch 15 Trans level: FL150 DOHA Approach HAMAD Tower West West Ground DOHA RADAR (",d86b5b5e262a775f8e91d28a403f4b163992dbdd1733ca28e1ba6e46ce8a7ab6
1560,,,APP,,,,REVIEW,unindexed_chart_candidate,False,False,True,AWAITING_INDIVIDUAL_VISUAL_VERIFICATION,,images/pages_1201_1600/1560.jpg,"OT(P)-47 OTHH/DOH HAMAD INTL 22-3 DOHA, QATAR RNAV 2500' HH811 Trans alt: 13000' Rwy Elev: 0 hPa Alt Set: hPa Final Apch Crs (2487') BRIEFING STRIP TM JEPPESEN MSA ARP RNP Rwy 34L 2300 RNP Apch 25-20 336^ Trans level: FL150 DOHA Approach HAMAD Tower West West Ground DOHA RADAR (A",d86b5b5e262a775f8e91d28a403f4b163992dbdd1733ca28e1ba6e46ce8a7ab6
1561,OTHH,OTHH,APP,,,,REVIEW,unindexed_chart_candidate,False,False,True,AWAITING_INDIVIDUAL_VISUAL_VERIFICATION,,images/pages_1201_1600/1561.jpg,"OTHH/DOH HAMAD INTL 22-4 DOHA, QATAR RNAV 336^ 2500' HH911 Trans alt: 13000' Rwy Elev: 0 hPa Alt Set: hPa Final Apch Crs (2487') BRIEFING STRIP TM JEPPESEN MSA ARP RNP Rwy 34R 2300 RNP Apch Trans level: FL150 DOHA Approach HAMAD Tower East West Ground DOHA RADAR (APP) DOHA Direct",d86b5b5e262a775f8e91d28a403f4b163992dbdd1733ca28e1ba6e46ce8a7ab6
1562,OPKC,OPKC,UNRESOLVED,,,,REVIEW,unindexed_page_needs_inspection,False,False,True,AWAITING_INDIVIDUAL_VISUAL_VERIFICATION,,images/pages_1201_1600/1562.jpg,"General Information Location: KARACHI PAK ICAO/IATA: OPKC / KHI Lat/Long: N24° 54.5', E067° 09.8' Elevation: 102 ft Airport Use: Public Daylight Savings: Not Observed UTC Conversion: -5:00 = UTC Magnetic Variation: 1.0° E Runway: 25R Length x Width: 11483 ft x 148 ft Surface Type",d86b5b5e262a775f8e91d28a403f4b163992dbdd1733ca28e1ba6e46ce8a7ab6
1563,OPKC,OPKC,UNRESOLVED,,,,REVIEW,unindexed_page_needs_inspection,False,False,True,AWAITING_INDIVIDUAL_VISUAL_VERIFICATION,,images/pages_1201_1600/1563.jpg,"General Information Location: KARACHI PAK ICAO/IATA: OPKC / KHI Lat/Long: N24° 54.5', E067° 09.8' Elevation: 102 ft Airport Use: Public Daylight Savings: Not Observed UTC Conversion: -5:00 = UTC Magnetic Variation: 1.0° E Runway: 25R Length x Width: 11483 ft x 148 ft Surface Type",d86b5b5e262a775f8e91d28a403f4b163992dbdd1733ca28e1ba6e46ce8a7ab6
1564,OPKC,OPKC,UNRESOLVED,,,,REVIEW,unindexed_page_needs_inspection,False,False,True,AWAITING_INDIVIDUAL_VISUAL_VERIFICATION,,images/pages_1201_1600/1564.jpg,"D60 OP(P)-101 Apt Elev 100 OPKC/KHI .RADAR.MINIMUM.ALTITUDES. 10-1R JEPPESEN JINNAH INTL KARACHI, PAKISTAN Alt Set: hPa (IN on request) D50 0 .Eff.8.Aug. 4253 26 JUL 24 Trans level: FL050 Trans alt: 3000 26-00 Printed from JeppView for Windows 5.3.0.0 on 09 Oct 2026; Terminal cha",d86b5b5e262a775f8e91d28a403f4b163992dbdd1733ca28e1ba6e46ce8a7ab6
1565,,,STAR,,,,REVIEW,unindexed_chart_candidate,False,False,True,AWAITING_INDIVIDUAL_VISUAL_VERIFICATION,,images/pages_1201_1600/1565.jpg,"KARACHI, PAKISTAN 100 126.7 .RNAV.STAR. JEPPESEN RNP 1 required. Alt Set: hPa (IN on request) Trans level: FL50 .Eff.17.Jun. Apt Elev ATIS CHORE 1B [CHOR1B] 10-2 From SAPNA proceed to MINAR, then to NIROL, then to AMJID, then to SABEN, descending to ATC assigned level. From NH pr",d86b5b5e262a775f8e91d28a403f4b163992dbdd1733ca28e1ba6e46ce8a7ab6
1566,,,STAR,,,,REVIEW,unindexed_chart_candidate,False,False,True,AWAITING_INDIVIDUAL_VISUAL_VERIFICATION,,images/pages_1201_1600/1566.jpg,"2600 2 1 5 ^ 2000 290^ 3700 V O R C K 105^ FL140 3000 KARACHI, PAKISTAN 100 126.7 .RNAV.STAR. JEPPESEN RNP 1 required. Alt Set: hPa (IN on request) Trans level: FL50 .Eff.17.Jun. 10-2A KC5~3 112.1 KC KARACHI KC D 0 5 8 ^ 2 1 7 . 4 KC5~5 KC5~2 AMJID SABEN 5 . 0 5.0 344^ R298 120^ ",d86b5b5e262a775f8e91d28a403f4b163992dbdd1733ca28e1ba6e46ce8a7ab6
1567,OPKC,OPKC,STAR,,,,REVIEW,unindexed_chart_candidate,False,False,True,AWAITING_INDIVIDUAL_VISUAL_VERIFICATION,,images/pages_1201_1600/1567.jpg,"KARACHI, PAKISTAN OPKC/KHI JINNAH INTL Apt Elev 100 ATIS 126.7 .RNAV.STAR. JEPPESEN RNP 1 required. Alt Set: hPa (IN on request) Trans level: FL50 .Eff.17.Jun. 10-2B 6136 4 JUN 21 80 92 93 80 26-30 DOSTI 2C [DOST2C] LAKIV 2A [LAKI2A] RNP ARRIVALS (RWYS 07R/L) Printed from JeppVie",d86b5b5e262a775f8e91d28a403f4b163992dbdd1733ca28e1ba6e46ce8a7ab6
1568,,,STAR,,,,REVIEW,unindexed_chart_candidate,False,False,True,AWAITING_INDIVIDUAL_VISUAL_VERIFICATION,,images/pages_1201_1600/1568.jpg,"142^ BSHAH NH POTUP 2 5 5 ^ 410 KE KE 3 7 . 5 3 0 .STAR. JEPPESEN KARACHI, PAKISTAN OPKC/KHI JINNAH INTL CHOR or above FL60 overhead airport during .Eff.17.Jun. 10-2C C H O R 1 A 4 JUN 21 22 20 2 20 69-00 ROUTING R075 inbound to MAKLI, MAINTAIN ATC l. R299 inbound to KC VORDME, K",d86b5b5e262a775f8e91d28a403f4b163992dbdd1733ca28e1ba6e46ce8a7ab6
1569,,,UNRESOLVED,,,,REVIEW,unindexed_page_needs_inspection,False,False,True,AWAITING_INDIVIDUAL_VISUAL_VERIFICATION,,images/pages_1201_1600/1569.jpg,"R145 090^ OT OVERFLY IN HOLDING D 1 5 2600 2 1 5 ^ 290^ D18.0 KC 2 5 5 ^ MAKLI MINAR NIROL 54 MINAR 2 .STAR. JEPPESEN 0 KC KARACHI, PAKISTAN OPKC/KHI JINNAH INTL 10-2D 2 325^ 1457 1 D 20 .0 A rc .Eff.17.Jun. D20.0 4 JUN 21 26 67-30 NOT TO SCALE Printed from JeppView for Windows 5",d86b5b5e262a775f8e91d28a403f4b163992dbdd1733ca28e1ba6e46ce8a7ab6
1570,,,STAR,,,,REVIEW,unindexed_chart_candidate,False,False,True,AWAITING_INDIVIDUAL_VISUAL_VERIFICATION,,images/pages_1201_1600/1570.jpg,"NAWABSHAH OPNH 205^ 220^ 112.9 NH NAWABSHAH NH D Apt Elev 100 ATIS 126.7 Alt Set: hPa (IN on request) Trans level: FL50 KARACHI, PAKISTAN OPKC/KHI JINNAH INTL .STAR. 10-2E JEPPESEN .Eff.17.Jun. 4 JUN 21 80 22 RWYS 25L/R ARRIVALS NAWABSHAH 2A (NH 2A) NAWABSHAH 2B (NH 2B) Printed f",d86b5b5e262a775f8e91d28a403f4b163992dbdd1733ca28e1ba6e46ce8a7ab6
1571,,,SID,,,,REVIEW,unindexed_chart_candidate,False,False,True,AWAITING_INDIVIDUAL_VISUAL_VERIFICATION,,images/pages_1201_1600/1571.jpg,"V C K OR FL100 BADUL Apt Elev 100 Trans alt: 3000 OPKC/KHI 10-3 JEPPESEN JINNAH INTL KARACHI, PAKISTAN .RNAV.SID. 25 Towards OPNH: 4 JUN 21 .Eff.17.Jun. RNP 1 required. [BADU1D] (RWYS 25L/R) BADUL 1D RNP DEPARTURE Printed from JeppView for Windows 5.3.0.0 on 09 Oct 2026; Terminal",d86b5b5e262a775f8e91d28a403f4b163992dbdd1733ca28e1ba6e46ce8a7ab6
1572,OPKC,OPKC,SID,,,,REVIEW,unindexed_chart_candidate,False,False,True,AWAITING_INDIVIDUAL_VISUAL_VERIFICATION,,images/pages_1201_1600/1572.jpg,"90^ VO R C K FL70 DANGI OPKC/KHI JEPPESEN 10-3A JINNAH INTL KARACHI, PAKISTAN .RNAV.SID. 25 4 JUN 21 .Eff.17.Jun. NG1E] NGI 1D [DANG1D] URES S) Printed from JeppView for Windows 5.3.0.0 on 09 Oct 2026; Terminal chart data cycle 21-2026; Notice: After 21 Oct 2026, 0000Z, this char",d86b5b5e262a775f8e91d28a403f4b163992dbdd1733ca28e1ba6e46ce8a7ab6
1573,OPKC,OPKC,SID,,,,REVIEW,unindexed_chart_candidate,False,False,True,AWAITING_INDIVIDUAL_VISUAL_VERIFICATION,,images/pages_1201_1600/1573.jpg,"112.1 KC KARACHI KC D 2600 215^ 3700 105^ KC5~8 73^ OPKC/KHI JEPPESEN Apt Elev 100 Trans alt: 3000 JINNAH INTL KARACHI, PAKISTAN 10-3B .RNAV.SID. 25 4 JUN 21 .Eff.17.Jun. RNP 1 required. 1150 NIROL 1E [NIRO1E] NIROL 1C [NIRO1C], NIROL 1D [NIRO1D] RNP DEPARTURES (ALL RWYS) Printed",d86b5b5e262a775f8e91d28a403f4b163992dbdd1733ca28e1ba6e46ce8a7ab6
1574,OPKC,OPKC,SID,,,,REVIEW,unindexed_chart_candidate,False,False,True,AWAITING_INDIVIDUAL_VISUAL_VERIFICATION,,images/pages_1201_1600/1574.jpg,"V C K O R Trans alt: 3000 KARACHI, PAKISTAN OPKC/KHI JINNAH INTL JEPPESEN 10-3C .RNAV.SID. 50 4 JUN 21 .Eff.17.Jun. Apt Elev 100 RNP 1 required. 66 60 MELOM 1F [MELO1F], MELOM 1G [MELO1G] RNP DEPARTURES (RWYS 25L/R) Printed from JeppView for Windows 5.3.0.0 on 09 Oct 2026; Termin",d86b5b5e262a775f8e91d28a403f4b163992dbdd1733ca28e1ba6e46ce8a7ab6
1575,,,UNRESOLVED,,,,REVIEW,unindexed_page_needs_inspection,False,False,True,AWAITING_INDIVIDUAL_VISUAL_VERIFICATION,,images/pages_1201_1600/1575.jpg,"KC HI C 2600 2 1 5 ^ 290^ FL050 KC5~8 KC5~7 0 7 3 0 7 3 KC5~6 MELOM 1H, MELOM 1J MELOM 1L, MELOM 1M 2 5 4 ^ OPKC/KHI JEPPESEN 10-3D JINNAH INTL KARACHI, PAKISTAN .RNAV.SID. 25 6 FEB 26 .Eff.19.Feb. 26 Printed from JeppView for Windows 5.3.0.0 on 09 Oct 2026; Terminal chart data c",d86b5b5e262a775f8e91d28a403f4b163992dbdd1733ca28e1ba6e46ce8a7ab6
1576,,,SID,,,,REVIEW,unindexed_chart_candidate,False,False,True,AWAITING_INDIVIDUAL_VISUAL_VERIFICATION,,images/pages_1201_1600/1576.jpg,"FL100 or by ATC 35 40 45 .SID. KARACHI, PAKISTAN OPKC/KHI JINNAH INTL JEPPESEN Apt Elev 102 Trans alt: 3000 10-3E BADUL Towards OPNH: 6 FEB 26 .Eff.19.Feb. BADUL 3C [BADU3C] (ALL RWYS) BADUL 3A [BADU3A], BADUL 3B [BADU3B] DEPARTURES Printed from JeppView for Windows 5.3.0.0 on 09",d86b5b5e262a775f8e91d28a403f4b163992dbdd1733ca28e1ba6e46ce8a7ab6
1577,OPKC,OPKC,SID,,,,REVIEW,unindexed_chart_candidate,False,False,True,AWAITING_INDIVIDUAL_VISUAL_VERIFICATION,,images/pages_1201_1600/1577.jpg,"215^ 3700 Apt Elev 102 Trans alt: 3000 .SID. KARACHI, PAKISTAN OPKC/KHI JINNAH INTL JEPPESEN 10-3F 35 40 45 6 FEB 26 .Eff.19.Feb. 60 (ALL RWYS) DEPARTURES DANGI 3A [DANG3A], DANGI 3B [DANG3B] Printed from JeppView for Windows 5.3.0.0 on 09 Oct 2026; Terminal chart data cycle 21-2",d86b5b5e262a775f8e91d28a403f4b163992dbdd1733ca28e1ba6e46ce8a7ab6
1578,OPKC,OPKC,SID,,,,REVIEW,unindexed_chart_candidate,False,False,True,AWAITING_INDIVIDUAL_VISUAL_VERIFICATION,,images/pages_1201_1600/1578.jpg,"2600 2 1 5 ^ 290^ 700 .SID. KARACHI, PAKISTAN OPKC/KHI JINNAH INTL JEPPESEN 10-3G .1 KC ACHI C 35 40 45 1 6 FEB 26 .Eff.19.Feb. 2 5 0 ^ 1150 26 60 PARTURES O4A], MELOM 4B [MELO4B] O4D], MELOM 4E [MELO4E] LL RWYS) Printed from JeppView for Windows 5.3.0.0 on 09 Oct 2026; Terminal ",d86b5b5e262a775f8e91d28a403f4b163992dbdd1733ca28e1ba6e46ce8a7ab6
1579,OPKC,OPKC,SID,,,,REVIEW,unindexed_chart_candidate,False,False,True,AWAITING_INDIVIDUAL_VISUAL_VERIFICATION,,images/pages_1201_1600/1579.jpg,"215^ 3700 PUNAM Apt Elev 102 .SID. KARACHI, PAKISTAN OPKC/KHI JINNAH INTL JEPPESEN 10-3H Trans alt: 3000 35 40 45 1457 6 FEB 26 .Eff.19.Feb. 60 DEPARTURES NIROL 3A [NIRO3A], NIROL 3B [NIRO3B] PUNAM 3A [PUNA3A], PUNAM 3B [PUNA3B] (ALL RWYS) Printed from JeppView for Windows 5.3.0.",d86b5b5e262a775f8e91d28a403f4b163992dbdd1733ca28e1ba6e46ce8a7ab6
1580,OPKC,OPKC,AIRPORT,,,,REVIEW,unindexed_chart_candidate,False,False,True,AWAITING_INDIVIDUAL_VISUAL_VERIFICATION,,images/pages_1201_1600/1580.jpg,"102' 10-9 KARACHI, PAKISTAN N24 54.5 E067 09.8 126.7 ATIS KARACHI Ground 121.6 Tower 118.3 Apt Elev 24-55 24-55 67-08 67-09 67-10 67-11 JINNAH INTL OPKC/KHI JEPPESEN NDB LEGEND HOT SPOT ATC-Service boundary 01^E 20 MAR 26 Birds in vicinity of airport. 4 Engine jet acft avoid exce",d86b5b5e262a775f8e91d28a403f4b163992dbdd1733ca28e1ba6e46ce8a7ab6
1581,OPKC,OPKC,AIRPORT,,,,REVIEW,unindexed_chart_candidate,False,False,True,AWAITING_INDIVIDUAL_VISUAL_VERIFICATION,,images/pages_1201_1600/1581.jpg,10-9A JINNAH INTL OPKC/KHI JEPPESEN LEGEND Advanced Visual Docking Guidance System available at stands 11 thru 18 and 21 thru 28. 20 MAR 26 SEE INSET BELOW Jinnah Terminal (DOMESTIC) Terminal 1 Cargo F D D C A B WESTERN APRON 67 68 70 66 65 64 61 62 63 W-2 W-1 515253545556 R-1 R-,d86b5b5e262a775f8e91d28a403f4b163992dbdd1733ca28e1ba6e46ce8a7ab6
1582,OPKC,OPKC,AIRPORT,,,,REVIEW,unindexed_chart_candidate,False,False,True,AWAITING_INDIVIDUAL_VISUAL_VERIFICATION,,images/pages_1201_1600/1582.jpg,"10-9B OPKC/KHI JEPPESEN 23 DEC 22 .Eff.29.Dec. KARACHI, PAKISTAN START-UP/PUSH-BACK & TAXI PROCEDURES FOR TURBO-JET & TURBO-PROP AIRCRAFT TAXIING TO AND FROM STANDS 1. General Aviation acft while taxiing from and to the GA parking area may be provided assistance from the ""FOLLOW ",d86b5b5e262a775f8e91d28a403f4b163992dbdd1733ca28e1ba6e46ce8a7ab6
1583,OPKC,OPKC,UNRESOLVED,,,,REVIEW,unindexed_page_needs_inspection,False,False,True,AWAITING_INDIVIDUAL_VISUAL_VERIFICATION,,images/pages_1201_1600/1583.jpg,"10-9S JEPPESEN 1 1 2 2 2 2 .EASA.AIR.OPS. 13 FEB 26 .Eff.19.Feb. STRAIGHT-IN RWY D C B A OPKC/KHI KARACHI, PAKISTAN JINNAH INTL 07L 430'(352') 430'(352') (352') (352') 430' 430' SRA 25L 300'(211') R550m R550m 300'(211') R550m R550m 318'(229') R550m R550m 318'(229') R550m R550m 63",d86b5b5e262a775f8e91d28a403f4b163992dbdd1733ca28e1ba6e46ce8a7ab6
1584,OPKC,OPKC,UNRESOLVED,,,,REVIEW,unindexed_page_needs_inspection,False,False,True,AWAITING_INDIVIDUAL_VISUAL_VERIFICATION,,images/pages_1201_1600/1584.jpg,"10-9S1 JEPPESEN 2 2 .EASA.AIR.OPS. 13 FEB 26 .Eff.19.Feb. 1 1 1 1 1 1 1 1 OPKC/KHI KARACHI, PAKISTAN JINNAH INTL STRAIGHT-IN RWY D C B A 25R 302'(200') R1200m 500'(398') R1100m 302'(200') R1200m 320'(218') R1200m 320'(218') R1200m R1100m R1100m R1100m 415'(313') 415'(313') 415'(3",d86b5b5e262a775f8e91d28a403f4b163992dbdd1733ca28e1ba6e46ce8a7ab6
1585,,,APP,,,,REVIEW,unindexed_chart_candidate,False,False,True,AWAITING_INDIVIDUAL_VISUAL_VERIFICATION,,images/pages_1201_1600/1585.jpg,"OP(R)-100 OP(R)-102 OP(R)-112 MISSED APCH: BRIEFING STRIP TM LOC IQA 109.7 Final Apch Crs 254^ D5.8 IQA 2000'(1911') 11-1 ATIS 126.7 KARACHI Approach 125.5 KARACHI Tower 118.3 Ground 121.6 KARACHI, PAKISTAN DA(H) ILS Alt Set: hPa (IN on req) Rwy Elev: 3 hPa Trans level: FL050 Tra",d86b5b5e262a775f8e91d28a403f4b163992dbdd1733ca28e1ba6e46ce8a7ab6
1586,,,APP,,,,REVIEW,unindexed_chart_candidate,False,False,True,AWAITING_INDIVIDUAL_VISUAL_VERIFICATION,,images/pages_1201_1600/1586.jpg,"OP(R)-100 OP(R)-102 OP(R)-112 MISSED APCH: BRIEFING STRIP TM LOC IQA 109.7 Final Apch Crs 254^ D5.8 IQA 2000'(1911') 11-2 ATIS 126.7 KARACHI Approach 125.5 KARACHI Tower 118.3 Ground 121.6 KARACHI, PAKISTAN DA(H) ILS Alt Set: hPa (IN on req) Rwy Elev: 3 hPa Trans level: FL050 Tra",d86b5b5e262a775f8e91d28a403f4b163992dbdd1733ca28e1ba6e46ce8a7ab6
1587,,,APP,,,,REVIEW,unindexed_chart_candidate,False,False,True,AWAITING_INDIVIDUAL_VISUAL_VERIFICATION,,images/pages_1201_1600/1587.jpg,"OP(R)-100 OP(R)-102 OP(R)-112 MISSED APCH: BRIEFING STRIP TM LOC IKC 110.1 Final Apch Crs 254^ 2000'(1898') 11-3 ATIS 126.7 KARACHI Approach 125.5 KARACHI Tower 118.3 Ground 121.6 KARACHI, PAKISTAN DA(H) ILS Alt Set: hPa (IN on req) Rwy Elev: 4 hPa Trans level: FL050 Trans alt: 3",d86b5b5e262a775f8e91d28a403f4b163992dbdd1733ca28e1ba6e46ce8a7ab6
1588,,,APP,,,,REVIEW,unindexed_chart_candidate,False,False,True,AWAITING_INDIVIDUAL_VISUAL_VERIFICATION,,images/pages_1201_1600/1588.jpg,"OP(R)-100 OP(R)-102 OP(R)-112 254^ 110.1 IKC MISSED APCH: BRIEFING STRIP TM LOC IKC 110.1 Final Apch Crs 254^ 2000'(1898') 11-4 ATIS 126.7 KARACHI Approach 125.5 KARACHI Tower 118.3 Ground 121.6 KARACHI, PAKISTAN ILS Alt Set: hPa (IN on req) Trans level: FL050 Trans alt: 3000' 20",d86b5b5e262a775f8e91d28a403f4b163992dbdd1733ca28e1ba6e46ce8a7ab6
1589,,,APP,,,,REVIEW,unindexed_chart_candidate,False,False,True,AWAITING_INDIVIDUAL_VISUAL_VERIFICATION,,images/pages_1201_1600/1589.jpg,"OP(R)-100 OP(R)-103 MAKLI FL80 MAX 230 KT (IAF) 20 ATIS 126.7 125.5 KARACHI Approach 118.3 KARACHI Tower 121.6 Ground RNAV Final Apch Crs 074^ 1600'(1522') KC6~~ 630'(552') Apt Elev 102' 78' Rwy OPKC/KHI JINNAH INTL 12-1 KARACHI, PAKISTAN Climb STRAIGHT AHEAD to MAKLI climbing to",d86b5b5e262a775f8e91d28a403f4b163992dbdd1733ca28e1ba6e46ce8a7ab6
1590,,,APP,,,,REVIEW,unindexed_chart_candidate,False,False,True,AWAITING_INDIVIDUAL_VISUAL_VERIFICATION,,images/pages_1201_1600/1590.jpg,OP(R)-100 OP(R)-103 MAKLI 233^ FL80 MAX 230 KT (IAF) 25-00 ATIS 126.7 RNAV 074^ Final Apch Crs 125.5 KARACHI Approach 118.3 KARACHI Tower Ground 121.6 Apt Elev 102' 71' Rwy 620'(549') KC6~1 1600'(1529') Climb STRAIGHT AHEAD to MAKLI climbing to 3000' and contact ATC. Alt Set: hPa,d86b5b5e262a775f8e91d28a403f4b163992dbdd1733ca28e1ba6e46ce8a7ab6
1591,,,APP,,,,REVIEW,unindexed_chart_candidate,False,False,True,AWAITING_INDIVIDUAL_VISUAL_VERIFICATION,,images/pages_1201_1600/1591.jpg,"MISSED APCH: BRIEFING STRIP TM Final Apch Crs 253^ 2000'(1911') 12-3 ATIS 126.7 KARACHI Approach 125.5 KARACHI Tower 118.3 Ground 121.6 KARACHI, PAKISTAN DA(H) Apt Elev Rwy 102' 89' Alt Set: hPa (IN on req) Rwy Elev: 3 hPa Trans level: FL 50 Trans alt: 3000' JINNAH INTL OPKC/KHI ",d86b5b5e262a775f8e91d28a403f4b163992dbdd1733ca28e1ba6e46ce8a7ab6
1592,,,APP,,,,REVIEW,unindexed_chart_candidate,False,False,True,AWAITING_INDIVIDUAL_VISUAL_VERIFICATION,,images/pages_1201_1600/1592.jpg,"MISSED APCH: BRIEFING STRIP TM Final Apch Crs 253^ 2000'(1898') 12-4 ATIS 126.7 KARACHI Approach 125.5 KARACHI Tower 118.3 Ground 121.6 KARACHI, PAKISTAN DA(H) Apt Elev Rwy 102' 102' Alt Set: hPa (IN on req) Rwy Elev: 4 hPa Trans level: FL 50 Trans alt: 3000' JINNAH INTL OPKC/KHI",d86b5b5e262a775f8e91d28a403f4b163992dbdd1733ca28e1ba6e46ce8a7ab6
1593,,,APP,,,,REVIEW,unindexed_chart_candidate,False,False,True,AWAITING_INDIVIDUAL_VISUAL_VERIFICATION,,images/pages_1201_1600/1593.jpg,"OP(R)-100 OP(R)-102 OP(R)-112 MISSED APCH: BRIEFING STRIP TM Final Apch Crs ATIS 126.7 KARACHI Approach 125.5 KARACHI Tower 118.3 Ground 121.6 VOR KC 112.1 254^ D5.4 2000'(1911') 13-1 KARACHI, PAKISTAN 530'(441') JINNAH INTL OPKC/KHI Alt Set: hPa (IN on req) Rwy Elev: 3 hPa Trans",d86b5b5e262a775f8e91d28a403f4b163992dbdd1733ca28e1ba6e46ce8a7ab6
1594,,,APP,,,,REVIEW,unindexed_chart_candidate,False,False,True,AWAITING_INDIVIDUAL_VISUAL_VERIFICATION,,images/pages_1201_1600/1594.jpg,"BRIEFING STRIP TM Final Apch Crs ATIS 126.7 KARACHI Approach 125.5 KARACHI Tower 118.3 Ground 121.6 Alt Set: hPa (IN on req) Rwy Elev: 3 hPa Trans level: FL050 Trans alt: 3000' VOR KC 112.1 254^ D5.4 2000'(1911') KARACHI, PAKISTAN 13-2 10 JINNAH INTL 25-00 OPKC/KHI (CONDITIONAL) ",d86b5b5e262a775f8e91d28a403f4b163992dbdd1733ca28e1ba6e46ce8a7ab6
1595,,,APP,,,,REVIEW,unindexed_chart_candidate,False,False,True,AWAITING_INDIVIDUAL_VISUAL_VERIFICATION,,images/pages_1201_1600/1595.jpg,"OP(R)-100 OP(R)-102 MISSED APCH: BRIEFING STRIP TM Final Apch Crs ATIS 126.7 KARACHI Approach 125.5 KARACHI Tower 118.3 Ground 121.6 VOR KC 112.1 254^ D5.6 2000'(1898') 13-3 KARACHI, PAKISTAN 530'(428') JINNAH INTL OPKC/KHI Alt Set: hPa (IN on req) Trans level: FL050 Trans alt: 3",d86b5b5e262a775f8e91d28a403f4b163992dbdd1733ca28e1ba6e46ce8a7ab6
1596,,,APP,,,,REVIEW,unindexed_chart_candidate,False,False,True,AWAITING_INDIVIDUAL_VISUAL_VERIFICATION,,images/pages_1201_1600/1596.jpg,"OP(R)-100 BRIEFING STRIP TM Final Apch Crs ATIS 126.7 KARACHI Approach 125.5 KARACHI Tower 118.3 Ground 121.6 Alt Set: hPa (IN on req) Trans level: FL050 Trans alt: 3000' VOR KC 112.1 254^ D5.6 2000'(1898') KARACHI, PAKISTAN 13-4 10 JINNAH INTL 25-00 OPKC/KHI (CONDITIONAL) 530'(4",d86b5b5e262a775f8e91d28a403f4b163992dbdd1733ca28e1ba6e46ce8a7ab6
1597,,,APP,,,,REVIEW,unindexed_chart_candidate,False,False,True,AWAITING_INDIVIDUAL_VISUAL_VERIFICATION,,images/pages_1201_1600/1597.jpg,"OP(R)-100 KARACHI 271 KC K C KARACHI, PAKISTAN MISSED APCH: BRIEFING STRIP TM 16-1 ATIS 126.7 KARACHI Approach 125.5 KARACHI Tower Ground NDB KC 271 Final Apch Crs 280^ No FAF MDA(H) Refer to Minimums Alt Set: hPa (IN on req) Apt Elev: 4 hPa Trans level: FL050 Trans alt: 3000' 10",d86b5b5e262a775f8e91d28a403f4b163992dbdd1733ca28e1ba6e46ce8a7ab6
1598,OPKC,OPKC,UNRESOLVED,,,,REVIEW,unindexed_page_needs_inspection,False,False,True,AWAITING_INDIVIDUAL_VISUAL_VERIFICATION,,images/pages_1201_1600/1598.jpg,"OP(R)-100 18-1 Final Apch Crs RADAR By ATC Refer to Minimums MDA(H) BRIEFING STRIP TM KARACHI, PAKISTAN JINNAH INTL OPKC/KHI SRA Rwy 07L/25R ATIS 126.7 KARACHI Approach 125.5 KARACHI Tower 118.3 Ground 121.6 Alt Set: hPa (IN on req) Apt Elev: 4 hPa Trans level: FL050 Trans alt: 3",d86b5b5e262a775f8e91d28a403f4b163992dbdd1733ca28e1ba6e46ce8a7ab6
1599,OPIS,OPIS,UNRESOLVED,,,,REVIEW,unindexed_page_needs_inspection,False,False,True,AWAITING_INDIVIDUAL_VISUAL_VERIFICATION,,images/pages_1201_1600/1599.jpg,"General Information Location: ISLAMABAD PAK ICAO/IATA: OPIS / ISB Lat/Long: N33° 32.9', E072° 49.5' Elevation: 1761 ft Airport Use: Public Daylight Savings: Not Observed UTC Conversion: -5:00 = UTC Magnetic Variation: 3.0° E Surface Type: asphalt TDZ-Elev: 1750 ft Lighting: Edge,",d86b5b5e262a775f8e91d28a403f4b163992dbdd1733ca28e1ba6e46ce8a7ab6
1600,OPIS,OPIS,UNRESOLVED,,,,REVIEW,unindexed_page_needs_inspection,False,False,True,AWAITING_INDIVIDUAL_VISUAL_VERIFICATION,,images/pages_1201_1600/1600.jpg,"General Information Location: ISLAMABAD PAK ICAO/IATA: OPIS / ISB Lat/Long: N33° 32.9', E072° 49.5' Elevation: 1761 ft Airport Use: Public Daylight Savings: Not Observed UTC Conversion: -5:00 = UTC Magnetic Variation: 3.0° E Surface Type: asphalt TDZ-Elev: 1750 ft Lighting: Edge,",d86b5b5e262a775f8e91d28a403f4b163992dbdd1733ca28e1ba6e46ce8a7ab6
1601,OPIS,OPIS,AIRPORT,,,,REVIEW,unindexed_chart_candidate,False,False,True,AWAITING_INDIVIDUAL_VISUAL_VERIFICATION,,images/pages_1601_1654/1601.jpg,"ISLAMABAD, PAKISTAN OPIS/ISB ISLAMABAD INTL .AIRPORT.BRIEFING. + JEPPESEN 1.1. ATIS ATIS 126.2 1.2. LOW VISIBILITY PROCEDURES (LVP) 1.2.1. GENERAL For RWY 28L during LVP (authorized up to ILS CAT III operations RVR 100m). LVPs are enforced when RWY 28L RVR is less than 800m or ce",d86b5b5e262a775f8e91d28a403f4b163992dbdd1733ca28e1ba6e46ce8a7ab6
1602,OPIS,OPIS,AIRPORT,,,,REVIEW,unindexed_chart_candidate,False,False,True,AWAITING_INDIVIDUAL_VISUAL_VERIFICATION,,images/pages_1601_1654/1602.jpg,"ISLAMABAD, PAKISTAN OPIS/ISB ISLAMABAD INTL .AIRPORT.BRIEFING. + JEPPESEN 2.2.2. VISUAL APPROACH Due to close proximity of Qasim Airfield, ACFT carrying out visual approach should remain within 4NM of BTR VOR. 2.2.3. CAUTION Small airfield with RWY 14/32 exists 9.5NM Eastnortheas",d86b5b5e262a775f8e91d28a403f4b163992dbdd1733ca28e1ba6e46ce8a7ab6
1603,OPIS,OPIS,AIRPORT,,,,REVIEW,unindexed_chart_candidate,False,False,True,AWAITING_INDIVIDUAL_VISUAL_VERIFICATION,,images/pages_1601_1654/1603.jpg,"ISLAMABAD, PAKISTAN OPIS/ISB ISLAMABAD INTL .AIRPORT.BRIEFING. + JEPPESEN 3.1. START-UP, PUSH-BACK AND TAXI PROCEDURES - Contact GND for push-back/start-up 5 minutes before ready. - Start-up approval will remain valid for 5 minutes. In case of delay, fresh approval shall be obtai",d86b5b5e262a775f8e91d28a403f4b163992dbdd1733ca28e1ba6e46ce8a7ab6
1604,,,UNRESOLVED,,,,REVIEW,unindexed_page_needs_inspection,False,False,True,AWAITING_INDIVIDUAL_VISUAL_VERIFICATION,,images/pages_1601_1654/1604.jpg,"0 9 0 ^ 1 2 0 ^ 0^ D20 D30 D 4 0 OP(P)-249A D ISLAMABAD 112.1 RN rn JEPPESEN Apt Elev 20-1R 1761 ISLAMABAD INTL ISLAMABAD, PAKISTAN 35 40 45 .RADAR.MINIMUM.ALTITUDES. 3700 21 FEB 25 OPIS/ISB Trans level: FL140 Trans Alt: 12000 Alt Set: hPa (IN on request) OP CONTOUR INTERVALS 600",d86b5b5e262a775f8e91d28a403f4b163992dbdd1733ca28e1ba6e46ce8a7ab6
1605,OPIS,OPIS,STAR,,,,REVIEW,unindexed_chart_candidate,False,False,True,AWAITING_INDIVIDUAL_VISUAL_VERIFICATION,,images/pages_1601_1654/1605.jpg,"JEPPESEN Apt Elev 1761 ISLAMABAD INTL ISLAMABAD, PAKISTAN 126.2 20-2 176^ BOBAM OPIS/ISB 19 SEP 25 .RNAV.STAR. RNP 1 required Provision of RAIM prediction, if considered, is the responsibility of the operator. Alt Set: hPa (IN on request) Trans level: FL140 .Eff.2.Oct. ATIS 34-30",d86b5b5e262a775f8e91d28a403f4b163992dbdd1733ca28e1ba6e46ce8a7ab6
1606,OPIS,OPIS,STAR,,,,REVIEW,unindexed_chart_candidate,False,False,True,AWAITING_INDIVIDUAL_VISUAL_VERIFICATION,,images/pages_1601_1654/1606.jpg,"JEPPESEN 20-2A ISLAMABAD INTL ISLAMABAD, PAKISTAN OPIS/ISB om KALMI and KIMUL are not permitted t finals of RWYS 10L/R directly. 19 SEP 25 .RNAV.STAR. d f RAIM prediction, if considered, onsibility of the operator. IN on request) Trans level: FL140 .Eff.2.Oct. 63 135 73-30 K1C], ",d86b5b5e262a775f8e91d28a403f4b163992dbdd1733ca28e1ba6e46ce8a7ab6
1607,OPIS,OPIS,STAR,,,,REVIEW,unindexed_chart_candidate,False,False,True,AWAITING_INDIVIDUAL_VISUAL_VERIFICATION,,images/pages_1601_1654/1607.jpg,".STAR. JEPPESEN Apt Elev 1761 ISLAMABAD INTL ISLAMABAD, PAKISTAN Trans level: FL140 126.2 176^ 20-2B BOBAM OPIS/ISB 19 SEP 25 Alt Set: hPa (IN on request) .Eff.2.Oct. ATIS 131 34-30 ARRIVAL BOBAM 1K [BOBA1K] 12000 Printed from JeppView for Windows 5.3.0.0 on 09 Oct 2026; Terminal",d86b5b5e262a775f8e91d28a403f4b163992dbdd1733ca28e1ba6e46ce8a7ab6
1608,OPIS,OPIS,STAR,,,,REVIEW,unindexed_chart_candidate,False,False,True,AWAITING_INDIVIDUAL_VISUAL_VERIFICATION,,images/pages_1601_1654/1608.jpg,"R170 RN D12.0 JEPPESEN 20-2C ISLAMABAD INTL ISLAMABAD, PAKISTAN OPIS/ISB 19 SEP 25 ev 1 2 .STAR. Arrivals from KALMI and KIMUL are not permitted to intercept finals of RWYS 10L/R directly. 350^ MAX 14000 MHA 6000 MAX 220 KT D17.0 ISDUR Alt Set: hPa (IN on request) Trans level: FL",d86b5b5e262a775f8e91d28a403f4b163992dbdd1733ca28e1ba6e46ce8a7ab6
1609,OPIS,OPIS,SID,,,,REVIEW,unindexed_chart_candidate,False,False,True,AWAITING_INDIVIDUAL_VISUAL_VERIFICATION,,images/pages_1601_1654/1609.jpg,"JEPPESEN ISLAMABAD INTL ISLAMABAD, PAKISTAN 20-3 .RNAV.SID. ISLAMABAD Departure 119.65 BOBAM 10 FEB 23 .Eff.23.Feb. OPIS/ISB Trans alt: 12000 Apt Elev 1761 RNP 1 required Provision of RAIM prediction, if considered, is the responsibility of the operator. 34-30 FL200 BOBAM 2L [BOB",d86b5b5e262a775f8e91d28a403f4b163992dbdd1733ca28e1ba6e46ce8a7ab6
1610,OPIS,OPIS,SID,,,,REVIEW,unindexed_chart_candidate,False,False,True,AWAITING_INDIVIDUAL_VISUAL_VERIFICATION,,images/pages_1601_1654/1610.jpg,"JEPPESEN ISLAMABAD INTL ISLAMABAD, PAKISTAN .RNAV.SID. ISLAMABAD Departure 119.65 BOBAM 10 FEB 23 .Eff.23.Feb. OPIS/ISB Trans alt: 12000 Apt Elev 1761 RNP 1 required Provision of RAIM prediction, if considered, is the responsibility of the operator. 20-3A 34-30 FL200 BOBAM 2M [BO",d86b5b5e262a775f8e91d28a403f4b163992dbdd1733ca28e1ba6e46ce8a7ab6
1611,OPIS,OPIS,SID,,,,REVIEW,unindexed_chart_candidate,False,False,True,AWAITING_INDIVIDUAL_VISUAL_VERIFICATION,,images/pages_1601_1654/1611.jpg,"JEPPESEN ISLAMABAD INTL ISLAMABAD, PAKISTAN .RNAV.SID. ISLAMABAD Departure 119.65 BOBAM 10 FEB 23 .Eff.23.Feb. OPIS/ISB Trans alt: 12000 Apt Elev 1761 RNP 1 required Provision of RAIM prediction, if considered, is the responsibility of the operator. 20-3B 34-30 FL200 BOBAM 1Q [BO",d86b5b5e262a775f8e91d28a403f4b163992dbdd1733ca28e1ba6e46ce8a7ab6
1612,OPIS,OPIS,SID,,,,REVIEW,unindexed_chart_candidate,False,False,True,AWAITING_INDIVIDUAL_VISUAL_VERIFICATION,,images/pages_1601_1654/1612.jpg,"JEPPESEN ISLAMABAD INTL ISLAMABAD, PAKISTAN .RNAV.SID. ISLAMABAD Departure 119.65 BOBAM 10 FEB 23 .Eff.23.Feb. OPIS/ISB Trans alt: 12000 Apt Elev 1761 RNP 1 required Provision of RAIM prediction, if considered, is the responsibility of the operator. 20-3C 34-30 FL200 BOBAM 1R [BO",d86b5b5e262a775f8e91d28a403f4b163992dbdd1733ca28e1ba6e46ce8a7ab6
1613,OPIS,OPIS,SID,,,,REVIEW,unindexed_chart_candidate,False,False,True,AWAITING_INDIVIDUAL_VISUAL_VERIFICATION,,images/pages_1601_1654/1613.jpg,"V/V (fpm) 304 405 608 810 1013 1215 peed-KT 75 100 150 200 250 300 JEPPESEN 20-3D ISLAMABAD INTL ISLAMABAD, PAKISTAN OPIS/ISB 16 JUN 23 .RNAV.SID. 19.65 Trans alt: 12000 pt Elev 1761 RNP 1 required AMABAD eparture Provision of RAIM prediction, if considered, is the responsibility",d86b5b5e262a775f8e91d28a403f4b163992dbdd1733ca28e1ba6e46ce8a7ab6
1614,OPIS,OPIS,SID,,,,REVIEW,unindexed_chart_candidate,False,False,True,AWAITING_INDIVIDUAL_VISUAL_VERIFICATION,,images/pages_1601_1654/1614.jpg,"V/V (fpm) 304 405 608 810 1013 1215 eed-KT 75 100 150 200 250 300 JEPPESEN 20-3E ISLAMABAD INTL ISLAMABAD, PAKISTAN OPIS/ISB 16 JUN 23 .RNAV.SID. AMABAD eparture 19.65 pt Elev 1761 Trans alt: 12000 RNP 1 required Provision of RAIM prediction, if considered, is the responsibility ",d86b5b5e262a775f8e91d28a403f4b163992dbdd1733ca28e1ba6e46ce8a7ab6
1615,OPIS,OPIS,UNRESOLVED,,,,REVIEW,unindexed_page_needs_inspection,False,False,True,AWAITING_INDIVIDUAL_VISUAL_VERIFICATION,,images/pages_1601_1654/1615.jpg,"V/V (fpm) 304 405 608 810 1013 1215 eed-KT 75 100 150 200 250 300 19.65 Trans alt: 12000 JEPPESEN 20-3F ISLAMABAD INTL ISLAMABAD, PAKISTAN OPIS/ISB 16 JUN 23 pt Elev 1761 .RNAV.SID. RNP 1 required AMABAD eparture Provision of RAIM prediction, if considered, is the responsibility ",d86b5b5e262a775f8e91d28a403f4b163992dbdd1733ca28e1ba6e46ce8a7ab6
1616,OPIS,OPIS,UNRESOLVED,,,,REVIEW,unindexed_page_needs_inspection,False,False,True,AWAITING_INDIVIDUAL_VISUAL_VERIFICATION,,images/pages_1601_1654/1616.jpg,"V/V (fpm) 304 405 608 810 1013 1215 eed-KT 75 100 150 200 250 300 19.65 Trans alt: 12000 JEPPESEN 20-3G ISLAMABAD INTL ISLAMABAD, PAKISTAN OPIS/ISB 16 JUN 23 pt Elev 1761 .RNAV.SID. RNP 1 required AMABAD eparture Provision of RAIM prediction, if considered, is the responsibility ",d86b5b5e262a775f8e91d28a403f4b163992dbdd1733ca28e1ba6e46ce8a7ab6
1617,OPIS,OPIS,SID,,,,REVIEW,unindexed_chart_candidate,False,False,True,AWAITING_INDIVIDUAL_VISUAL_VERIFICATION,,images/pages_1601_1654/1617.jpg,"JEPPESEN Apt Elev 1761 ISLAMABAD INTL ISLAMABAD, PAKISTAN ISLAMABAD Departure 119.65 BOBAM 10 FEB 23 .Eff.23.Feb. OPIS/ISB Trans alt: 12000 .SID. 20-3H 196 34-30 FL200 BOBAM 2N [BOBA2N] DEPARTURE (RWYS 10L/R) Printed from JeppView for Windows 5.3.0.0 on 09 Oct 2026; Terminal char",d86b5b5e262a775f8e91d28a403f4b163992dbdd1733ca28e1ba6e46ce8a7ab6
1618,OPIS,OPIS,SID,,,,REVIEW,unindexed_chart_candidate,False,False,True,AWAITING_INDIVIDUAL_VISUAL_VERIFICATION,,images/pages_1601_1654/1618.jpg,"JEPPESEN ISLAMABAD INTL ISLAMABAD, PAKISTAN 20-3J .SID. Apt Elev 1761 ISLAMABAD Departure 119.65 BOBAM 10 FEB 23 .Eff.23.Feb. OPIS/ISB Trans alt: 12000 131 34-30 FL200 BOBAM 2P [BOBA2P] (RWYS 28L/R) DEPARTURE Printed from JeppView for Windows 5.3.0.0 on 09 Oct 2026; Terminal char",d86b5b5e262a775f8e91d28a403f4b163992dbdd1733ca28e1ba6e46ce8a7ab6
1619,OPIS,OPIS,SID,,,,REVIEW,unindexed_chart_candidate,False,False,True,AWAITING_INDIVIDUAL_VISUAL_VERIFICATION,,images/pages_1601_1654/1619.jpg,"7500 140^ 20-3K ISLAMABAD INTL ISLAMABAD, PAKISTAN Apt Elev 1761 ISLAMABAD Departure 10 FEB 23 .Eff.23.Feb. 119.65 Trans alt: 12000 OPIS/ISB .SID. JEPPESEN 7242 DEPARTURES (RWYS 10L/R) BELKO 2G [BELK2G], INDEK 2E [INDE2E] Printed from JeppView for Windows 5.3.0.0 on 09 Oct 2026; ",d86b5b5e262a775f8e91d28a403f4b163992dbdd1733ca28e1ba6e46ce8a7ab6
1620,OPIS,OPIS,SID,,,,REVIEW,unindexed_chart_candidate,False,False,True,AWAITING_INDIVIDUAL_VISUAL_VERIFICATION,,images/pages_1601_1654/1620.jpg,"7500 140^ 20-3L ISLAMABAD INTL ISLAMABAD, PAKISTAN Apt Elev 1761 ISLAMABAD Departure 10 FEB 23 .Eff.23.Feb. 119.65 Trans alt: 12000 OPIS/ISB .SID. JEPPESEN 7242 DEPARTURES (RWYS 28L/R) BELKO 2H [BELK2H], INDEK 2F [INDE2F] Printed from JeppView for Windows 5.3.0.0 on 09 Oct 2026; ",d86b5b5e262a775f8e91d28a403f4b163992dbdd1733ca28e1ba6e46ce8a7ab6
1621,OPIS,OPIS,SID,,,,REVIEW,unindexed_chart_candidate,False,False,True,AWAITING_INDIVIDUAL_VISUAL_VERIFICATION,,images/pages_1601_1654/1621.jpg,"JEPPESEN 20-3M ISLAMABAD INTL ISLAMABAD, PAKISTAN .SID. 16 JUN 23 OPIS/ISB .1 RN MABAD RN V/V (fpm) 304 405 608 810 1013 1215 peed-KT 75 100 150 200 250 300 19.65 Trans alt: 12000 Apt Elev 1761 AMABAD eparture 6080 135 73-30 2F O 2H ROUTING DAMTO 2H [DAMT2H] KALMI 2F [KALM2F] SID",d86b5b5e262a775f8e91d28a403f4b163992dbdd1733ca28e1ba6e46ce8a7ab6
1622,OPIS,OPIS,SID,,,,REVIEW,unindexed_chart_candidate,False,False,True,AWAITING_INDIVIDUAL_VISUAL_VERIFICATION,,images/pages_1601_1654/1622.jpg,"JEPPESEN 20-3N ISLAMABAD INTL ISLAMABAD, PAKISTAN .SID. 16 JUN 23 OPIS/ISB .1 RN MABAD RN V/V (fpm) 304 405 608 810 1013 1215 peed-KT 75 100 150 200 250 300 19.65 Trans alt: 12000 Apt Elev 1761 AMABAD parture 6080 135 73-30 2G O 2J ROUTING DAMTO 2J [DAMT2J] KALMI 2G [KALM2G] SIDs",d86b5b5e262a775f8e91d28a403f4b163992dbdd1733ca28e1ba6e46ce8a7ab6
1623,,,UNRESOLVED,,,,REVIEW,unindexed_page_needs_inspection,False,False,True,AWAITING_INDIVIDUAL_VISUAL_VERIFICATION,,images/pages_1601_1654/1623.jpg,"Apt Elev JEPPESEN Clearance Ground Tower Departure 126.2 130.6 10L Elev 1736' K T Q M P CARGO TERMINAL Cargo TERMINAL Southeast Apron Northwest Apron 12, 33-34 33-34 72-48 72-49 72-50 72-51 GA FOR DETAILS SEE 20-9A GA Apron LEGEND HOT SPOT 118.550 122.150 119.650 3^E State Apron ",d86b5b5e262a775f8e91d28a403f4b163992dbdd1733ca28e1ba6e46ce8a7ab6
1624,,,UNRESOLVED,,,,REVIEW,unindexed_page_needs_inspection,False,False,True,AWAITING_INDIVIDUAL_VISUAL_VERIFICATION,,images/pages_1601_1654/1624.jpg,"20-9A JEPPESEN ISLAMABAD, PAKISTAN ISLAMABAD INTL T P M M 19 20 21 22 23 24 25 26 27 28 NOT TO SCALE OPIS/ISB GA LEGEND HOT SPOT 26 SEP 25 .Eff.2.Oct. Folding Wingtip (FWT) Extension Area on TWY K leading to respective holding points RWY 10L/28R & RWY 10R/28L. TERMINAL HS2 Printe",d86b5b5e262a775f8e91d28a403f4b163992dbdd1733ca28e1ba6e46ce8a7ab6
1625,,,UNRESOLVED,,,,REVIEW,unindexed_page_needs_inspection,False,False,True,AWAITING_INDIVIDUAL_VISUAL_VERIFICATION,,images/pages_1601_1654/1625.jpg,"20-9S JEPPESEN 1 1 2 2 2 2 .EASA.AIR.OPS. 28 OCT 22 STRAIGHT-IN RWY D C B A ALS out (200') R1200m (200') R1200m (209') R1200m (219') R1200m 1933' 1933' 1942' 1952' ISLAMABAD, PAKISTAN ISLAMABAD INTL 10L ALS out (319') (319') (319') (319') 2055' 2055' 2055' 2055' R1400m R1000m R14",d86b5b5e262a775f8e91d28a403f4b163992dbdd1733ca28e1ba6e46ce8a7ab6
1626,,,UNRESOLVED,,,,REVIEW,unindexed_page_needs_inspection,False,False,True,AWAITING_INDIVIDUAL_VISUAL_VERIFICATION,,images/pages_1601_1654/1626.jpg,"20-9S1 JEPPESEN 1 1 2 2 2 2 28 OCT 22 .EASA.AIR.OPS. STRAIGHT-IN RWY D C B A ISLAMABAD, PAKISTAN ISLAMABAD INTL ALS out (200') R1200m (200') R1200m (200') R1200m (200') R1200m 1950' 1950' 1950' 1950' ALS out R1500m R1300m R1500m R2000m R2000m R1300m R1300m R1300m ALS out (315') (",d86b5b5e262a775f8e91d28a403f4b163992dbdd1733ca28e1ba6e46ce8a7ab6
1627,,,APP,,,,REVIEW,unindexed_chart_candidate,False,False,True,AWAITING_INDIVIDUAL_VISUAL_VERIFICATION,,images/pages_1601_1654/1627.jpg,"OP(P)-226 OP(R)-213 3000 4000 61.6 ISLAMABAD INTL 21-1 ISLAMABAD, PAKISTAN ILS or LOC Z Rwy 10R ISLAMABAD Approach ISLAMABAD Tower Ground 126.2 130.6 LOC IBAP 111.3 Final Apch Crs 098^ 3700' (1967') Apt Elev 1761' 1733' Rwy MSA BTR VOR 140^ 270^ 7500 4200 MISSED APCH: BRIEFING ST",d86b5b5e262a775f8e91d28a403f4b163992dbdd1733ca28e1ba6e46ce8a7ab6
1628,,,APP,,,,REVIEW,unindexed_chart_candidate,False,False,True,AWAITING_INDIVIDUAL_VISUAL_VERIFICATION,,images/pages_1601_1654/1628.jpg,"OP(R)-229 ISLAMABAD INTL 21-2 ISLAMABAD, PAKISTAN ILS or LOC Y Rwy 10R ISLAMABAD Approach ISLAMABAD Tower Ground 126.2 LOC IBAP 111.3 Final Apch Crs 098^ D6.0 IBAP 3700' (1967') Apt Elev 1761' 1733' Rwy MSA BTR VOR 140^ 270^ 7500 4200 MISSED APCH: BRIEFING STRIP TM JEPPESEN ILS D",d86b5b5e262a775f8e91d28a403f4b163992dbdd1733ca28e1ba6e46ce8a7ab6
1629,,,APP,,,,REVIEW,unindexed_chart_candidate,False,False,True,AWAITING_INDIVIDUAL_VISUAL_VERIFICATION,,images/pages_1601_1654/1629.jpg,"OP(P)-226 OP(R)-213 OP(R)-227 OP(R)-228 3000 ISLAMABAD INTL 21-3 ISLAMABAD, PAKISTAN ILS or LOC Z Rwy 28L ISLAMABAD Approach ISLAMABAD Tower Ground 126.2 Final Apch Crs 278^ 3700' (1953') DA(H) 1947'(200') Apt Elev 1761' 1747' Rwy MSA BTR VOR 140^ 270^ 7500 4200 MISSED APCH: BRIE",d86b5b5e262a775f8e91d28a403f4b163992dbdd1733ca28e1ba6e46ce8a7ab6
1630,,,APP,,,,REVIEW,unindexed_chart_candidate,False,False,True,AWAITING_INDIVIDUAL_VISUAL_VERIFICATION,,images/pages_1601_1654/1630.jpg,"OP(P)-226 OP(R)-213 OP(R)-227 OP(R)-228 3000 ISLAMABAD INTL ISLAMABAD, PAKISTAN ISLAMABAD Approach ISLAMABAD Tower Ground 126.2 Final Apch Crs 278^ 3700' (1953') Apt Elev 1761' 1747' Rwy MSA BTR VOR 140^ 270^ 7500 4200 MISSED APCH: BRIEFING STRIP TM JEPPESEN 2. Provision of RAIM ",d86b5b5e262a775f8e91d28a403f4b163992dbdd1733ca28e1ba6e46ce8a7ab6
1631,,,APP,,,,REVIEW,unindexed_chart_candidate,False,False,True,AWAITING_INDIVIDUAL_VISUAL_VERIFICATION,,images/pages_1601_1654/1631.jpg,"170^ ISLAMABAD INTL 21-4 ISLAMABAD, PAKISTAN ILS or LOC Y Rwy 28L ISLAMABAD Approach ISLAMABAD Tower Ground 126.2 LOC IBBA 108.1 Final Apch Crs 278^ D6.0 IBBA 3700' (1953') ILS DA(H) 1947'(200') MSA BTR VOR 140^ 270^ 7500 4200 MISSED APCH: BRIEFING STRIP TM JEPPESEN ILS DME IBBA ",d86b5b5e262a775f8e91d28a403f4b163992dbdd1733ca28e1ba6e46ce8a7ab6
1632,,,APP,,,,REVIEW,unindexed_chart_candidate,False,False,True,AWAITING_INDIVIDUAL_VISUAL_VERIFICATION,,images/pages_1601_1654/1632.jpg,"170^ ISLAMABAD INTL ISLAMABAD, PAKISTAN ISLAMABAD Approach ISLAMABAD Tower Ground 126.2 LOC IBBA 108.1 Final Apch Crs 278^ D6.0 IBBA 3700' (1953') Apt Elev 1761' 1747' Rwy MSA BTR VOR 140^ 270^ 7500 4200 MISSED APCH: BRIEFING STRIP TM JEPPESEN ILS DME IBBA 278^ 108.1 IBBA 10 112.",d86b5b5e262a775f8e91d28a403f4b163992dbdd1733ca28e1ba6e46ce8a7ab6
1633,,,APP,,,,REVIEW,unindexed_chart_candidate,False,False,True,AWAITING_INDIVIDUAL_VISUAL_VERIFICATION,,images/pages_1601_1654/1633.jpg,"OP(P)-226 OP(R)-213 OP(R)-227 OP(R)-228 3000 ISLAMABAD INTL 21-5 ISLAMABAD, PAKISTAN ILS or LOC Z Rwy 28R ISLAMABAD Approach ISLAMABAD Tower Ground 126.2 Final Apch Crs 278^ 3700' (1950') DA(H) 1950'(200') MSA BTR VOR 140^ 270^ 7500 4200 MISSED APCH: BRIEFING STRIP TM JEPPESEN 20",d86b5b5e262a775f8e91d28a403f4b163992dbdd1733ca28e1ba6e46ce8a7ab6
1634,,,APP,,,,REVIEW,unindexed_chart_candidate,False,False,True,AWAITING_INDIVIDUAL_VISUAL_VERIFICATION,,images/pages_1601_1654/1634.jpg,"170^ ISLAMABAD INTL 21-6 ISLAMABAD, PAKISTAN ILS or LOC Y Rwy 28R ISLAMABAD Approach ISLAMABAD Tower Ground 126.2 LOC IBIP 110.7 Final Apch Crs 278^ D6.0 IBIP 3700' (1950') ILS DA(H) 1950'(200') MSA BTR VOR 140^ 270^ 7500 4200 MISSED APCH: BRIEFING STRIP TM JEPPESEN ILS DME IBIP ",d86b5b5e262a775f8e91d28a403f4b163992dbdd1733ca28e1ba6e46ce8a7ab6
1635,,,APP,,,,REVIEW,unindexed_chart_candidate,False,False,True,AWAITING_INDIVIDUAL_VISUAL_VERIFICATION,,images/pages_1601_1654/1635.jpg,"OP(P)-226 OP(R)-213 OP(R)-228 3000 4000 ISLAMABAD INTL 22-1 ISLAMABAD, PAKISTAN ISLAMABAD Approach ISLAMABAD Tower Ground 126.2 Final Apch Crs 098^ 3700' (1964') DA(H) 2055'(319') 140^ 270^ 7500 4200 MISSED APCH: BRIEFING STRIP TM JEPPESEN 2. Provision of RAIM prediction, if cons",d86b5b5e262a775f8e91d28a403f4b163992dbdd1733ca28e1ba6e46ce8a7ab6
1636,,,APP,,,,REVIEW,unindexed_chart_candidate,False,False,True,AWAITING_INDIVIDUAL_VISUAL_VERIFICATION,,images/pages_1601_1654/1636.jpg,"OP(P)-226 OP(R)-213 OP(R)-228 3000 4000 ISLAMABAD INTL 22-2 ISLAMABAD, PAKISTAN ISLAMABAD Approach ISLAMABAD Tower Ground 126.2 Final Apch Crs 098^ 3700' (1967') DA(H) 2055'(322') 140^ 270^ 7500 4200 MISSED APCH: BRIEFING STRIP TM JEPPESEN 61.6 BOBAM 20 RNAV IS417 LNAV/VNAV Trans",d86b5b5e262a775f8e91d28a403f4b163992dbdd1733ca28e1ba6e46ce8a7ab6
1637,,,APP,,,,REVIEW,unindexed_chart_candidate,False,False,True,AWAITING_INDIVIDUAL_VISUAL_VERIFICATION,,images/pages_1601_1654/1637.jpg,"OP(P)-226 OP(R)-213 OP(R)-227 OP(R)-228 3000 ISLAMABAD INTL 22-3 ISLAMABAD, PAKISTAN ISLAMABAD Approach ISLAMABAD Tower Ground 126.2 Final Apch Crs 278^ 3700' (1953') DA(H) 2065'(318') 140^ 270^ 7500 4200 MISSED APCH: BRIEFING STRIP TM JEPPESEN 3. Provision of RAIM prediction, if",d86b5b5e262a775f8e91d28a403f4b163992dbdd1733ca28e1ba6e46ce8a7ab6
1638,,,APP,,,,REVIEW,unindexed_chart_candidate,False,False,True,AWAITING_INDIVIDUAL_VISUAL_VERIFICATION,,images/pages_1601_1654/1638.jpg,"OP(P)-226 OP(R)-213 OP(R)-227 OP(R)-228 3000 ISLAMABAD INTL 22-4 ISLAMABAD, PAKISTAN ISLAMABAD Approach ISLAMABAD Tower Ground 126.2 Final Apch Crs 278^ 3700' (1950') DA(H) 2065'(315') 140^ 270^ 7500 4200 MISSED APCH: BRIEFING STRIP TM JEPPESEN 3. Provision of RAIM prediction, if",d86b5b5e262a775f8e91d28a403f4b163992dbdd1733ca28e1ba6e46ce8a7ab6
1639,,,APP,,,,REVIEW,unindexed_chart_candidate,False,False,True,AWAITING_INDIVIDUAL_VISUAL_VERIFICATION,,images/pages_1601_1654/1639.jpg,"OP(R)-229 ISLAMABAD INTL 23-1 ISLAMABAD, PAKISTAN ISLAMABAD Approach ISLAMABAD Tower Ground 126.2 VOR BTR 114.6 Final Apch Crs 098^ 3700' (1964') 2170'(434') Apt Elev 1761' 1736' Rwy MSA BTR VOR 140^ 270^ 7500 4200 MISSED APCH: BRIEFING STRIP TM JEPPESEN DME required. 10 112.1 RN",d86b5b5e262a775f8e91d28a403f4b163992dbdd1733ca28e1ba6e46ce8a7ab6
1640,,,APP,,,,REVIEW,unindexed_chart_candidate,False,False,True,AWAITING_INDIVIDUAL_VISUAL_VERIFICATION,,images/pages_1601_1654/1640.jpg,"OP(R)-229 ISLAMABAD INTL 23-2 ISLAMABAD, PAKISTAN ISLAMABAD Approach ISLAMABAD Tower Ground 126.2 VOR BTR 114.6 Final Apch Crs 097^ 3700' 2170'(437') Apt Elev 1761' 1733' Rwy MSA BTR VOR 140^ 270^ 7500 4200 MISSED APCH: BRIEFING STRIP TM JEPPESEN DME required. 10 112.1 RN RN D VO",d86b5b5e262a775f8e91d28a403f4b163992dbdd1733ca28e1ba6e46ce8a7ab6
1641,,,APP,,,,REVIEW,unindexed_chart_candidate,False,False,True,AWAITING_INDIVIDUAL_VISUAL_VERIFICATION,,images/pages_1601_1654/1641.jpg,"170^ ISLAMABAD INTL 23-3 ISLAMABAD, PAKISTAN ISLAMABAD Approach ISLAMABAD Tower Ground 126.2 VOR BTR 114.6 Final Apch Crs 278^ 3700' (1953') 2180' (433') MSA BTR VOR 140^ 270^ 7500 4200 MISSED APCH: BRIEFING STRIP TM JEPPESEN DME required. 10 112.1 RN RN D Climb STRAIGHT AHEAD to",d86b5b5e262a775f8e91d28a403f4b163992dbdd1733ca28e1ba6e46ce8a7ab6
1642,,,APP,,,,REVIEW,unindexed_chart_candidate,False,False,True,AWAITING_INDIVIDUAL_VISUAL_VERIFICATION,,images/pages_1601_1654/1642.jpg,"170^ ISLAMABAD INTL 23-4 ISLAMABAD, PAKISTAN ISLAMABAD Approach ISLAMABAD Tower Ground 126.2 VOR BTR 114.6 Final Apch Crs 278^ 3700' (1950') 2180'(430') Apt Elev 1761' 1750' Rwy MSA BTR VOR 140^ 270^ 7500 4200 MISSED APCH: BRIEFING STRIP TM JEPPESEN DME required. 10 112.1 RN RN D",d86b5b5e262a775f8e91d28a403f4b163992dbdd1733ca28e1ba6e46ce8a7ab6
1643,OITR,OITR,AIRPORT,AIRPORT,20-1P6,AIRPORT BRIEFING,MATCH,independently_consistent,True,False,True,AWAITING_INDIVIDUAL_VISUAL_VERIFICATION,,images/pages_1601_1654/1643.jpg,"Chart changes since cycle 20-2026 ADD = added chart, REV = revised chart, DEL = deleted chart. ACT PROCEDURE IDENT INDEX REV DATE EFF DATE ABADAN, (ABADAN - OIAA) BANDAR MAHSHAHR, (MAHSHAHR - OIAM) AHWAZ, (AHWAZ - OIAW) ABUMUSA ISLAND, (ABUMUSA - OIBA) BANDAR ABBAS, (BANDAR ABBAS",d86b5b5e262a775f8e91d28a403f4b163992dbdd1733ca28e1ba6e46ce8a7ab6
1644,OITR,OITR,AIRPORT,AIRPORT,20-1P6,AIRPORT BRIEFING,MATCH,independently_consistent,True,False,True,AWAITING_INDIVIDUAL_VISUAL_VERIFICATION,,images/pages_1601_1654/1644.jpg,"Chart changes since cycle 20-2026 ADD = added chart, REV = revised chart, DEL = deleted chart. ACT PROCEDURE IDENT INDEX REV DATE EFF DATE ABADAN, (ABADAN - OIAA) BANDAR MAHSHAHR, (MAHSHAHR - OIAM) AHWAZ, (AHWAZ - OIAW) ABUMUSA ISLAND, (ABUMUSA - OIBA) BANDAR ABBAS, (BANDAR ABBAS",d86b5b5e262a775f8e91d28a403f4b163992dbdd1733ca28e1ba6e46ce8a7ab6
1645,OITR,OITR,AIRPORT,AIRPORT,20-1P6,AIRPORT BRIEFING,MATCH,independently_consistent,True,False,True,AWAITING_INDIVIDUAL_VISUAL_VERIFICATION,,images/pages_1601_1654/1645.jpg,"Chart changes since cycle 20-2026 ADD = added chart, REV = revised chart, DEL = deleted chart. ACT PROCEDURE IDENT INDEX REV DATE EFF DATE ABADAN, (ABADAN - OIAA) BANDAR MAHSHAHR, (MAHSHAHR - OIAM) AHWAZ, (AHWAZ - OIAW) ABUMUSA ISLAND, (ABUMUSA - OIBA) BANDAR ABBAS, (BANDAR ABBAS",d86b5b5e262a775f8e91d28a403f4b163992dbdd1733ca28e1ba6e46ce8a7ab6
